#pragma once
#include <Arduino.h>

// Generated from Noto Sans KR (SIL Open Font License 1.1).
static constexpr uint16_t KO_GLYPH_COUNT = 540;
static const uint32_t KO_CODEPOINTS[KO_GLYPH_COUNT] PROGMEM = {
  0x00B7, 0x25B2, 0x25B6, 0x25BC, 0x25C0, 0x2640, 0x2642, 0xAC00, 0xAC04, 0xAC10, 0xAC14, 0xAC15, 0xAC19, 0xAC1C, 0xAC38, 0xAC70,
  0xAC74, 0xAC78, 0xAC80, 0xAC83, 0xAC8C, 0xAC94, 0xACA0, 0xACA8, 0xACA9, 0xACAC, 0xACB0, 0xACBD, 0xACC4, 0xACE0, 0xACE4, 0xACE7,
  0xACE8, 0xACF5, 0xACFC, 0xAD00, 0xAD11, 0xAD34, 0xAD49, 0xAD6C, 0xAD6D, 0xAD74, 0xAD8C, 0xADC0, 0xADE0, 0xADF8, 0xADFC, 0xAE08,
  0xAE0B, 0xAE30, 0xAE38, 0xAE4C, 0xAE50, 0xAE5D, 0xAE68, 0xAEBC, 0xAED8, 0xAF2C, 0xAF43, 0xAFB8, 0xAFC0, 0xB044, 0xB04A, 0xB054,
  0xB057, 0xB098, 0xB09C, 0xB0A0, 0xB0A8, 0xB0AC, 0xB0AE, 0xB0B4, 0xB0C4, 0xB0C9, 0xB0E0, 0xB108, 0xB110, 0xB123, 0xB124, 0xB141,
  0xB150, 0xB178, 0xB180, 0xB192, 0xB1FD, 0xB204, 0xB208, 0xB274, 0xB290, 0xB294, 0xB298, 0xB2A5, 0xB2C8, 0xB2E4, 0xB2E5, 0xB2E8,
  0xB2EB, 0xB2EC, 0xB2F5, 0xB2F9, 0xB300, 0xB304, 0xB354, 0xB355, 0xB369, 0xB370, 0xB3C4, 0xB3C5, 0xB3C8, 0xB3CC, 0xB3D9, 0xB3FC,
  0xB410, 0xB418, 0xB41C, 0xB429, 0xB450, 0xB451, 0xB465, 0xB4A4, 0xB4DC, 0xB4DD, 0xB4E0, 0xB4E4, 0xB4EC, 0xB4EF, 0xB4F1, 0xB514,
  0xB518, 0xB530, 0xB531, 0xB545, 0xB54C, 0xB5A0, 0xB5A8, 0xB610, 0xB69C, 0xB6F0, 0xB728, 0xB77C, 0xB780, 0xB78C, 0xB790, 0xB791,
  0xB798, 0xB7A9, 0xB7EC, 0xB7ED, 0xB7F0, 0xB7FC, 0xB808, 0xB809, 0xB81B, 0xB824, 0xB825, 0xB828, 0xB838, 0xB840, 0xB85C, 0xB85D,
  0xB860, 0xB871, 0xB8CC, 0xB8E8, 0xB8F9, 0xB958, 0xB959, 0xB974, 0xB978, 0xB97C, 0xB984, 0xB98E, 0xB9AC, 0xB9AD, 0xB9B0, 0xB9B4,
  0xB9BD, 0xB9BF, 0xB9C1, 0xB9C8, 0xB9CC, 0xB9CE, 0xB9D0, 0xB9DB, 0xB9DD, 0xB9DE, 0xB9E4, 0xB9E8, 0xB9F9, 0xBA38, 0xBA39, 0xBA3C,
  0xBA4B, 0xBA4D, 0xBA54, 0xBA74, 0xBA85, 0xBAA8, 0xBAA9, 0xBAAC, 0xBAB8, 0xBABB, 0xBABD, 0xBB34, 0xBB38, 0xBB3C, 0xBB49, 0xBBA4,
  0xBBF8, 0xBC00, 0xBC0D, 0xBC14, 0xBC15, 0xBC18, 0xBC1B, 0xBC1C, 0xBC1F, 0xBC24, 0xBC29, 0xBC30, 0xBC43, 0xBC84, 0xBC85, 0xBC88,
  0xBC8C, 0xBC95, 0xBCA0, 0xBCA4, 0xBCA8, 0xBCC0, 0xBCC4, 0xBCF4, 0xBCF5, 0xBCF8, 0xBCFC, 0xBD04, 0xBD09, 0xBD10, 0xBD80, 0xBD81,
  0xBD84, 0xBD88, 0xBD90, 0xBD95, 0xBD99, 0xBE0C, 0xBE14, 0xBE44, 0xBE54, 0xBE57, 0xBE60, 0xBE68, 0xBED0, 0xBF08, 0xBFC5, 0xBFCC,
  0xBFD4, 0xC058, 0xC090, 0xC0AC, 0xC0AD, 0xC0B0, 0xC0B4, 0xC0C1, 0xC0C8, 0xC0C9, 0xC0DD, 0xC0E4, 0xC100, 0xC11C, 0xC11D, 0xC120,
  0xC124, 0xC131, 0xC138, 0xC139, 0xC13C, 0xC140, 0xC18C, 0xC18D, 0xC194, 0xC1FC, 0xC218, 0xC21C, 0xC220, 0xC228, 0xC22D, 0xC26C,
  0xC274, 0xC288, 0xC2A4, 0xC2AC, 0xC2B5, 0xC2B9, 0xC2DC, 0xC2DD, 0xC2E0, 0xC2E4, 0xC2F8, 0xC329, 0xC36C, 0xC3D8, 0xC4F0, 0xC528,
  0xC53B, 0xC544, 0xC545, 0xC548, 0xC54A, 0xC54C, 0xC554, 0xC558, 0xC55E, 0xC561, 0xC57C, 0xC591, 0xC5B4, 0xC5B5, 0xC5B8, 0xC5BB,
  0xC5BC, 0xC5C4, 0xC5C6, 0xC5C7, 0xC5D0, 0xC5EC, 0xC5ED, 0xC5F0, 0xC5F4, 0xC5FC, 0xC600, 0xC606, 0xC608, 0xC624, 0xC625, 0xC628,
  0xC62C, 0xC639, 0xC640, 0xC644, 0xC654, 0xC655, 0xC678, 0xC694, 0xC695, 0xC6A9, 0xC6B0, 0xC6B4, 0xC6B8, 0xC6C0, 0xC6CC, 0xC6D0,
  0xC6E0, 0xC6E8, 0xC6F9, 0xC704, 0xC708, 0xC720, 0xC721, 0xC724, 0xC73C, 0xC740, 0xC744, 0xC74C, 0xC758, 0xC774, 0xC778, 0xC77C,
  0xC77D, 0xC784, 0xC785, 0xC788, 0xC789, 0xC78E, 0xC790, 0xC791, 0xC798, 0xC7A0, 0xC7A1, 0xC7A5, 0xC7AC, 0xC800, 0xC804, 0xC808,
  0xC810, 0xC815, 0xC81C, 0xC838, 0xC84C, 0xC870, 0xC885, 0xC88B, 0xC8E4, 0xC8FC, 0xC900, 0xC904, 0xC911, 0xC918, 0xC96C, 0xC990,
  0xC9C0, 0xC9C1, 0xC9C4, 0xC9C8, 0xC9D1, 0xC9D3, 0xC9DD, 0xC9E7, 0xCABC, 0xCC0C, 0xCC0D, 0xCC14, 0xCC1D, 0xCC28, 0xCC29, 0xCC38,
  0xCC3C, 0xCC3E, 0xCC44, 0xCC45, 0xCC59, 0xCC98, 0xCC9C, 0xCCA0, 0xCCAB, 0xCCAD, 0xCCB4, 0xCCE4, 0xCD08, 0xCD19, 0xCD1D, 0xCD5C,
  0xCD78, 0xCD94, 0xCD9C, 0xCDA9, 0xCDE8, 0xCE04, 0xCE20, 0xCE58, 0xCE5C, 0xCE68, 0xCE74, 0xCE90, 0xCE94, 0xCEA5, 0xCEE4, 0xCEEC,
  0xCF00, 0xCF04, 0xCF13, 0xCF2C, 0xCF54, 0xCF58, 0xCFE0, 0xD034, 0xD038, 0xD06C, 0xD070, 0xD074, 0xD07C, 0xD0A4, 0xD0B9, 0xD0C0,
  0xD0C4, 0xD0C8, 0xD0D0, 0xD0D5, 0xD0DC, 0xD0DD, 0xD130, 0xD140, 0xD145, 0xD14C, 0xD15C, 0xD1A0, 0xD1A4, 0xD1B5, 0xD22C, 0xD2B8,
  0xD2B9, 0xD2BC, 0xD2C0, 0xD30C, 0xD310, 0xD321, 0xD328, 0xD32C, 0xD37C, 0xD37D, 0xD380, 0xD38C, 0xD398, 0xD3B8, 0xD3C9, 0xD3EC,
  0xD3ED, 0xD3F0, 0xD3F4, 0xD45C, 0xD478, 0xD480, 0xD488, 0xD48D, 0xD504, 0xD508, 0xD50C, 0xD53C, 0xD53D, 0xD544, 0xD558, 0xD55C,
  0xD560, 0xD565, 0xD568, 0xD574, 0xD588, 0xD589, 0xD5D8, 0xD5E4, 0xD608, 0xD615, 0xD638, 0xD63C, 0xD64D, 0xD654, 0xD655, 0xD658,
  0xD669, 0xD68C, 0xD68D, 0xD6A8, 0xD6C4, 0xD6C8, 0xD729, 0xD761, 0xD76C, 0xD788, 0xD78C, 0xD798,
};

static constexpr uint8_t KO_FONT_12_SIZE = 12;
static constexpr uint16_t KO_FONT_12_BYTES = 18;
static const uint8_t KO_FONT_12_BITMAPS[9720] PROGMEM = {
  0x00, 0x00, 0x00, 0x00, 0x00, 0x00, 0x06, 0x00, 0x60, 0x00, 0x00, 0x00, 0x00, 0x00, 0x00, 0x00,
  0x00, 0x00, 0x00, 0x00, 0x00, 0x06, 0x00, 0xF0, 0x0F, 0x01, 0xF8, 0x1F, 0x83, 0xFC, 0x3F, 0xC7,
  0xFE, 0xFF, 0xF0, 0x00, 0x60, 0x07, 0x80, 0x7C, 0x07, 0xF0, 0x7F, 0xC7, 0xFE, 0x7F, 0xC7, 0xF0,
  0x7C, 0x07, 0x80, 0x60, 0x00, 0x00, 0x00, 0x0F, 0xFF, 0x7F, 0xE3, 0xFC, 0x3F, 0xC1, 0xF8, 0x1F,
  0x80, 0xF0, 0x0F, 0x00, 0x60, 0x00, 0x00, 0x00, 0x00, 0x60, 0x1E, 0x03, 0xE0, 0xFE, 0x3F, 0xE7,
  0xFE, 0x3F, 0xE0, 0xFE, 0x03, 0xE0, 0x1E, 0x00, 0x60, 0x00, 0x0F, 0x01, 0xB0, 0x19, 0x81, 0x98,
  0x1F, 0x00, 0xE0, 0x06, 0x03, 0xFC, 0x06, 0x00, 0x60, 0x06, 0x00, 0x00, 0x00, 0x00, 0x7C, 0x01,
  0xC0, 0x3C, 0x07, 0x43, 0xE4, 0x6C, 0x04, 0x40, 0x6C, 0x03, 0x80, 0x00, 0x00, 0x00, 0x00, 0xC7,
  0xEC, 0x06, 0xC0, 0xCC, 0x0C, 0xF1, 0xCC, 0x38, 0xC7, 0x0C, 0x60, 0xC0, 0x0C, 0x00, 0xC0, 0x00,
  0x00, 0xC7, 0xEC, 0x06, 0xC0, 0xCF, 0x18, 0xC7, 0x0C, 0x10, 0xC1, 0x8C, 0x18, 0x01, 0xFE, 0x1F,
  0xE0, 0x00, 0x00, 0xC7, 0xEC, 0x06, 0xC0, 0xCF, 0x1C, 0xC7, 0x8C, 0x60, 0xC1, 0xFC, 0x18, 0xC1,
  0x8C, 0x1F, 0xC0, 0x00, 0x00, 0x87, 0xC8, 0x0C, 0xC0, 0xCE, 0x18, 0x87, 0x08, 0x41, 0x81, 0x98,
  0x3B, 0x83, 0xFC, 0x6E, 0xC0, 0x00, 0x04, 0x87, 0xE8, 0x06, 0xC0, 0xCE, 0x18, 0x87, 0x88, 0x60,
  0x81, 0xF8, 0x31, 0x83, 0x18, 0x1F, 0x80, 0x00, 0x7C, 0xC7, 0xCC, 0x0C, 0xE1, 0x8C, 0x70, 0xC6,
  0x0C, 0x3F, 0xC3, 0x00, 0x3F, 0xC3, 0x00, 0x3F, 0xC0, 0x00, 0x03, 0x47, 0xF4, 0x0F, 0x41, 0xF4,
  0x1B, 0xC1, 0xBC, 0x33, 0x46, 0x34, 0x43, 0x40, 0x34, 0x01, 0x40, 0x00, 0x00, 0xC7, 0xEC, 0x3E,
  0xC0, 0xCF, 0x0C, 0xC1, 0xCC, 0x38, 0xF7, 0x0C, 0x60, 0xC0, 0x0C, 0x00, 0xC0, 0x00, 0x00, 0xC7,
  0xEC, 0x0E, 0xC0, 0xCC, 0x0F, 0xC1, 0xCC, 0x38, 0xC7, 0x0C, 0x60, 0xC0, 0x0C, 0x00, 0xC0, 0x00,
  0x00, 0xC7, 0xCC, 0x0C, 0xC0, 0xFC, 0x38, 0xC7, 0x0C, 0x40, 0xC3, 0x0C, 0x30, 0x03, 0xFC, 0x3F,
  0xC0, 0x00, 0x7C, 0xC0, 0xCC, 0x0F, 0xC3, 0x8C, 0x70, 0xC1, 0xFC, 0x3F, 0xC0, 0x0C, 0x3F, 0xC3,
  0x00, 0x3F, 0xC0, 0x00, 0x00, 0xC7, 0xCC, 0x0C, 0xC0, 0xFC, 0x18, 0xC7, 0x0C, 0x40, 0xC3, 0xFC,
  0x30, 0xC3, 0x0C, 0x3F, 0xC0, 0x00, 0x04, 0xC7, 0xEC, 0x04, 0xC0, 0xFC, 0x18, 0xC7, 0x0C, 0x66,
  0xC0, 0x64, 0x0F, 0x01, 0xDC, 0x30, 0xE0, 0x00, 0x03, 0x47, 0xF4, 0x0F, 0x41, 0xF4, 0x1F, 0x43,
  0xB4, 0x73, 0x46, 0x34, 0x03, 0x40, 0x34, 0x00, 0x40, 0x00, 0x03, 0xC7, 0xBC, 0x0B, 0xC1, 0xFC,
  0x73, 0xC6, 0x34, 0x3F, 0xC0, 0x0C, 0x3F, 0xC3, 0x00, 0x3F, 0xE0, 0x00, 0x03, 0xC7, 0xFC, 0x1B,
  0xC1, 0xFC, 0x33, 0xC6, 0x3C, 0x51, 0x81, 0x98, 0x39, 0x87, 0xFC, 0x6E, 0x40, 0x00, 0x00, 0xE7,
  0xEE, 0x3E, 0xE0, 0xFE, 0x0C, 0xE0, 0xCE, 0x1F, 0xE7, 0x0E, 0x60, 0xE0, 0x0E, 0x00, 0xE0, 0x00,
  0x3C, 0xC7, 0xEC, 0x07, 0xC0, 0xCC, 0x3F, 0xC7, 0x0C, 0x00, 0x43, 0xFC, 0x00, 0xC0, 0x0C, 0x00,
  0xC0, 0x00, 0x04, 0xC7, 0xEC, 0x07, 0xC0, 0xEC, 0x1C, 0xC3, 0xBC, 0x60, 0xC1, 0x0C, 0x30, 0xC3,
  0x00, 0x3F, 0xC0, 0x00, 0x7E, 0xC0, 0xFC, 0x0E, 0xC1, 0xCC, 0x3B, 0xC7, 0x0C, 0x3F, 0xC1, 0xFC,
  0x3F, 0xC3, 0x00, 0x3F, 0xC0, 0x00, 0x04, 0xC7, 0xEC, 0x0F, 0xC0, 0xCC, 0x1F, 0xC7, 0x8C, 0x60,
  0x41, 0xFC, 0x38, 0xC1, 0x8C, 0x1F, 0x80, 0x00, 0x03, 0x47, 0xF4, 0x7F, 0x40, 0xF4, 0x1B, 0x41,
  0xB4, 0x3F, 0x46, 0x34, 0x43, 0x40, 0x34, 0x03, 0x40, 0x00, 0x00, 0x00, 0x00, 0x7F, 0xC0, 0x0C,
  0x00, 0xC0, 0x8C, 0x0C, 0xC0, 0xDC, 0x0C, 0x0F, 0xFC, 0xFF, 0xC0, 0x00, 0x7F, 0xC0, 0x0C, 0x00,
  0xC0, 0xCC, 0x0C, 0x87, 0xFE, 0x7F, 0xE2, 0x00, 0x20, 0x02, 0x00, 0x7F, 0xC0, 0x00, 0x7F, 0xC0,
  0x0C, 0x04, 0xC0, 0xC8, 0x7F, 0xE7, 0xFE, 0x00, 0x07, 0xFC, 0x60, 0x06, 0x00, 0x7F, 0xC0, 0x00,
  0x7F, 0xC0, 0x0C, 0x04, 0x80, 0xC8, 0x7F, 0xE7, 0xFE, 0x7F, 0xC0, 0x0C, 0x7F, 0xC6, 0x00, 0x7F,
  0xC0, 0x00, 0x3F, 0xC0, 0x0C, 0x00, 0xC0, 0xC8, 0x0C, 0x87, 0xFE, 0x7F, 0xE3, 0xF8, 0x71, 0xC3,
  0x1C, 0x3F, 0x80, 0x00, 0x00, 0xC7, 0xEC, 0x06, 0xC0, 0x6C, 0x36, 0xC3, 0x6F, 0x34, 0xCF, 0xEC,
  0xFE, 0xC0, 0x0C, 0x00, 0xC0, 0x00, 0x01, 0x87, 0xF8, 0x07, 0x83, 0x7C, 0x35, 0xCF, 0xF8, 0xFD,
  0x83, 0x18, 0x30, 0x03, 0xFC, 0x3F, 0xC0, 0x00, 0x00, 0xC7, 0xEC, 0x06, 0xC3, 0x6E, 0x30, 0xCF,
  0xFC, 0x00, 0x83, 0xF8, 0x31, 0x83, 0x18, 0x1F, 0x80, 0x00, 0x00, 0xC7, 0xEC, 0x06, 0xC0, 0x6C,
  0x16, 0xC1, 0x6C, 0x10, 0xCF, 0xFC, 0xFF, 0xC0, 0x0C, 0x00, 0xC0, 0x00, 0x00, 0xC7, 0xEC, 0x06,
  0xC1, 0x6C, 0x32, 0xC7, 0xFC, 0x60, 0xC1, 0xF8, 0x31, 0xC3, 0x1C, 0x1F, 0x80, 0x00, 0x00, 0x03,
  0xFC, 0x00, 0xC0, 0x0C, 0x00, 0xCF, 0xFE, 0xFF, 0xE0, 0x40, 0x04, 0x00, 0x40, 0x04, 0x00, 0x00,
  0x3F, 0xC0, 0x0C, 0x00, 0xC0, 0x08, 0xFF, 0xEF, 0xFE, 0x04, 0x07, 0xFC, 0x3F, 0xC0, 0x0C, 0x00,
  0xC0, 0x00, 0x3F, 0xC0, 0x08, 0x00, 0x87, 0xFC, 0xFF, 0xE0, 0x40, 0x3F, 0xC3, 0xFC, 0x3F, 0x82,
  0x00, 0x7F, 0xC0, 0x00, 0x7E, 0xC0, 0x6C, 0x06, 0xC0, 0x6C, 0xFF, 0xC7, 0xEC, 0x1B, 0xC7, 0x8C,
  0x70, 0x47, 0xFE, 0x7F, 0xE0, 0x00, 0x00, 0xC7, 0xEC, 0x06, 0xC0, 0x6C, 0x06, 0xCF, 0xFC, 0xFE,
  0xC1, 0x8C, 0x18, 0xC1, 0x8C, 0x18, 0xC0, 0x00, 0x3F, 0xC0, 0x0C, 0x00, 0xC0, 0x08, 0x7F, 0xEF,
  0xFE, 0x0B, 0x06, 0xB0, 0x69, 0x07, 0xFC, 0x7F, 0xC0, 0x00, 0x00, 0x07, 0xF8, 0x01, 0x80, 0x08,
  0x00, 0x80, 0x18, 0x01, 0x80, 0x00, 0x7F, 0xE0, 0x00, 0x00, 0x00, 0x00, 0x3F, 0xC0, 0x0C, 0x00,
  0xC0, 0x08, 0x01, 0x87, 0xFE, 0x20, 0x03, 0x00, 0x30, 0x03, 0xFC, 0x3F, 0xC0, 0x00, 0x3F, 0xC0,
  0x0C, 0x00, 0xC0, 0x0C, 0x7F, 0xE7, 0xFE, 0x00, 0x03, 0xFC, 0x30, 0xC3, 0x0C, 0x3F, 0xC0, 0x00,
  0x3F, 0x80, 0x18, 0x00, 0x80, 0x18, 0x7F, 0xE7, 0xFE, 0x04, 0x00, 0xC0, 0x0E, 0x03, 0xB8, 0x71,
  0xC0, 0x00, 0x00, 0xC7, 0xEC, 0x06, 0xC0, 0xCC, 0x0C, 0xC1, 0xCC, 0x38, 0xC7, 0x0C, 0x60, 0xC0,
  0x0C, 0x00, 0xC0, 0x00, 0x7E, 0xC0, 0xCC, 0x0C, 0xC1, 0xCC, 0x78, 0xC6, 0x04, 0x3F, 0xC0, 0x0C,
  0x3F, 0xC3, 0x00, 0x3F, 0xC0, 0x00, 0x01, 0x8F, 0xF8, 0x37, 0x83, 0x78, 0x37, 0xE6, 0x58, 0x6D,
  0x8C, 0xD8, 0x19, 0x80, 0x18, 0x01, 0x80, 0x00, 0x25, 0x87, 0xF8, 0x37, 0x82, 0x7E, 0x6D, 0x85,
  0x98, 0x01, 0x83, 0x18, 0x30, 0x03, 0x00, 0x3F, 0xC0, 0x00, 0x7F, 0x87, 0xF8, 0x37, 0xE6, 0xDC,
  0xED, 0x80, 0x88, 0x20, 0x83, 0x18, 0x3F, 0x83, 0x18, 0x3F, 0x80, 0x00, 0x03, 0x4F, 0xF4, 0x3F,
  0x42, 0xF4, 0x6B, 0xC6, 0xB4, 0x7B, 0x4D, 0xB4, 0x13, 0x40, 0x34, 0x00, 0x40, 0x00, 0x00, 0xCF,
  0xEC, 0x36, 0xC3, 0x6C, 0x37, 0xC6, 0x6C, 0x6C, 0xCC, 0xCC, 0x58, 0xC0, 0x0C, 0x00, 0xC0, 0x00,
  0x03, 0xC7, 0xFC, 0x3F, 0xC2, 0xFC, 0x2F, 0xC6, 0xBC, 0x7B, 0xCD, 0xBC, 0x13, 0xC0, 0x3C, 0x01,
  0xC0, 0x00, 0x00, 0x07, 0xFC, 0x18, 0xC1, 0x8C, 0x18, 0xC1, 0xEC, 0x16, 0x80, 0x60, 0xFF, 0xEF,
  0xFE, 0x00, 0x00, 0x00, 0x7F, 0xC1, 0x8C, 0x1C, 0xC1, 0x68, 0xFF, 0xE7, 0xFC, 0x0E, 0x07, 0xFC,
  0x0E, 0x03, 0xF8, 0x71, 0xC0, 0x00, 0x00, 0x07, 0xBC, 0x18, 0xC1, 0x8C, 0x18, 0xCF, 0xFE, 0xFF,
  0xE0, 0x40, 0x04, 0x00, 0x40, 0x04, 0x00, 0x00, 0x7F, 0xC1, 0x8C, 0x18, 0x87, 0xFC, 0xFF, 0xE0,
  0x40, 0x7F, 0x80, 0x18, 0x7F, 0x86, 0x00, 0x7F, 0xC0, 0x00, 0x00, 0x07, 0xFC, 0x18, 0xC1, 0x8C,
  0x18, 0xC1, 0x88, 0x11, 0x80, 0x00, 0x7F, 0xE0, 0x00, 0x00, 0x00, 0x00, 0x7F, 0xC1, 0x8C, 0x18,
  0x81, 0x98, 0x7F, 0xE0, 0x00, 0x01, 0x06, 0x7C, 0x63, 0x87, 0xEC, 0x7B, 0x80, 0x00, 0x7B, 0xC1,
  0x8C, 0x18, 0xC1, 0x8C, 0x7F, 0xE0, 0x00, 0x00, 0x07, 0xFC, 0x60, 0xC6, 0x0C, 0x7F, 0xC0, 0x00,
  0x7F, 0xC1, 0x8C, 0x18, 0xC1, 0x88, 0x19, 0x87, 0xFE, 0x00, 0x00, 0x40, 0x0E, 0x01, 0xF8, 0x71,
  0xC0, 0x00, 0x01, 0x86, 0x18, 0x61, 0x86, 0x18, 0x61, 0xE6, 0x18, 0x61, 0x87, 0xF8, 0x61, 0x80,
  0x18, 0x01, 0x80, 0x00, 0x01, 0x86, 0x18, 0x61, 0x86, 0x1E, 0x65, 0xC7, 0xF8, 0x79, 0x83, 0x18,
  0x30, 0x03, 0xFC, 0x3F, 0xC0, 0x00, 0x60, 0x86, 0x0C, 0x60, 0xE6, 0x6C, 0x7E, 0x80, 0x08, 0x3F,
  0x80, 0x18, 0x3F, 0x83, 0x00, 0x3F, 0xC0, 0x00, 0x60, 0x86, 0x08, 0x60, 0xE6, 0x0C, 0x7E, 0x87,
  0xC8, 0x00, 0x83, 0xF8, 0x30, 0x83, 0x18, 0x3F, 0x80, 0x00, 0x40, 0x86, 0x08, 0x60, 0xE6, 0x0C,
  0x7E, 0x87, 0x08, 0x11, 0x01, 0x98, 0x3B, 0x87, 0xFC, 0x6E, 0x40, 0x00, 0x61, 0x86, 0x18, 0x61,
  0xE6, 0x1C, 0x7F, 0x87, 0x98, 0x3F, 0x83, 0xF8, 0x0E, 0x01, 0xF8, 0x71, 0xC0, 0x00, 0x03, 0x46,
  0x34, 0x63, 0x46, 0x34, 0x63, 0xC6, 0x3C, 0x63, 0x47, 0xF4, 0x73, 0x40, 0x34, 0x00, 0x40, 0x00,
  0x43, 0x46, 0x34, 0x63, 0xC6, 0x3C, 0x7F, 0x47, 0xB4, 0x00, 0x43, 0xFC, 0x30, 0x43, 0x0C, 0x3F,
  0xC0, 0x00, 0x43, 0x46, 0x34, 0x63, 0xC6, 0x3C, 0x7F, 0x47, 0xB4, 0x02, 0x41, 0xFC, 0x38, 0xC3,
  0x8C, 0x1F, 0x80, 0x00, 0x60, 0x86, 0x0E, 0x60, 0xC6, 0x0E, 0x7E, 0xE7, 0xC8, 0x00, 0x83, 0xF8,
  0x30, 0x83, 0x18, 0x3F, 0x80, 0x00, 0x00, 0xC6, 0x0C, 0x60, 0xC6, 0x0C, 0x67, 0xC6, 0x0C, 0x60,
  0xC7, 0xEC, 0x78, 0xC0, 0x0C, 0x00, 0xC0, 0x00, 0x60, 0xC6, 0x0C, 0x67, 0xC6, 0x0C, 0x7E, 0xC4,
  0x0C, 0x3F, 0xC1, 0xFC, 0x3F, 0xC3, 0x00, 0x3F, 0xC0, 0x00, 0x60, 0xC6, 0x0C, 0x67, 0xC6, 0x0C,
  0x7E, 0xC6, 0x6C, 0x3F, 0xC3, 0xFC, 0x1F, 0x81, 0x98, 0x1F, 0x80, 0x00, 0x03, 0xC6, 0x3C, 0x63,
  0xC6, 0x3C, 0x6F, 0xC6, 0x3C, 0x63, 0xC7, 0xFC, 0x7B, 0xC0, 0x3C, 0x03, 0xC0, 0x00, 0x60, 0xC6,
  0x7C, 0x60, 0xC6, 0x7C, 0x60, 0xC7, 0xEC, 0x7C, 0x83, 0xFC, 0x00, 0xC0, 0x0C, 0x00, 0xC0, 0x00,
  0x60, 0xC6, 0x7C, 0x60, 0xC6, 0x7C, 0x60, 0xC7, 0xEC, 0x7C, 0xC3, 0xFC, 0x30, 0xC3, 0x0C, 0x3F,
  0xC0, 0x00, 0x00, 0x02, 0x00, 0x60, 0x06, 0x00, 0x60, 0x07, 0xF8, 0x7F, 0xC0, 0x40, 0x04, 0x0F,
  0xFE, 0xFF, 0xE0, 0x00, 0x20, 0x02, 0x00, 0x7F, 0x83, 0xF8, 0x7F, 0xC7, 0xFC, 0x7F, 0xC3, 0xFC,
  0x7F, 0x87, 0xFC, 0x7F, 0xC0, 0x00, 0x20, 0x02, 0x00, 0x7F, 0x83, 0xFC, 0x04, 0x0F, 0xFE, 0x3F,
  0x87, 0xFC, 0x1B, 0x01, 0xB0, 0x7F, 0xC0, 0x00, 0x20, 0x02, 0x00, 0x3F, 0x83, 0xFC, 0x1B, 0x0F,
  0xFE, 0x7F, 0xC3, 0xF8, 0x31, 0x83, 0x18, 0x3F, 0x80, 0x00, 0x20, 0x02, 0x00, 0x20, 0x07, 0xFC,
  0x3F, 0x87, 0xFC, 0xFF, 0xE0, 0x40, 0x04, 0x00, 0x40, 0x04, 0x00, 0x00, 0x20, 0x02, 0x00, 0x20,
  0x07, 0xFC, 0x3F, 0x8F, 0xFE, 0xFF, 0xE2, 0x60, 0x24, 0x07, 0xFC, 0x3F, 0xC0, 0x00, 0x20, 0x02,
  0x00, 0x20, 0x07, 0xFC, 0x3F, 0x80, 0x00, 0xFF, 0xE1, 0xB0, 0x1B, 0x01, 0xB0, 0x1B, 0x00, 0x00,
  0x00, 0x03, 0x00, 0x30, 0x03, 0x00, 0x30, 0x03, 0xFC, 0x3F, 0x80, 0x00, 0x00, 0x07, 0xFE, 0x00,
  0x00, 0x00, 0x30, 0x03, 0x00, 0x30, 0x03, 0xFC, 0x1F, 0x87, 0xFE, 0x00, 0x03, 0x00, 0x30, 0x03,
  0xFC, 0x3F, 0xC0, 0x00, 0x20, 0x02, 0x00, 0x7F, 0x83, 0xF8, 0x7F, 0xE7, 0xFE, 0x7F, 0xC3, 0xFC,
  0x7F, 0x87, 0xFC, 0x7F, 0xC0, 0x00, 0x30, 0x03, 0x00, 0x30, 0x03, 0xFC, 0x1F, 0xC7, 0xFE, 0x04,
  0x01, 0xF8, 0x30, 0xC3, 0x1C, 0x1F, 0x80, 0x00, 0x00, 0xC6, 0x0C, 0x60, 0xC6, 0x0C, 0x60, 0xC6,
  0x0C, 0x62, 0xC7, 0xEC, 0x00, 0xC0, 0x0C, 0x00, 0xC0, 0x00, 0x01, 0x87, 0xD8, 0x61, 0x86, 0x18,
  0x61, 0xE6, 0x18, 0x61, 0x87, 0xF8, 0x79, 0x80, 0x18, 0x01, 0x80, 0x00, 0x00, 0x87, 0xC8, 0x60,
  0xE6, 0x0E, 0x7E, 0x87, 0xC8, 0x00, 0x83, 0xF8, 0x01, 0x80, 0x08, 0x00, 0x80, 0x00, 0x01, 0x87,
  0xD8, 0x61, 0x86, 0x1E, 0x61, 0xC7, 0xF8, 0x71, 0x83, 0x18, 0x30, 0x03, 0xFC, 0x3F, 0xC0, 0x00,
  0x01, 0x87, 0xD8, 0x61, 0xC6, 0x1C, 0x7F, 0x87, 0x98, 0x00, 0x83, 0xF8, 0x30, 0x03, 0x00, 0x3F,
  0xC0, 0x00, 0x7C, 0x86, 0x0C, 0x60, 0xE6, 0x08, 0x7E, 0x80, 0x08, 0x3F, 0x80, 0x18, 0x3F, 0x83,
  0x00, 0x3F, 0xC0, 0x00, 0x00, 0x87, 0xC8, 0x60, 0xE6, 0x0E, 0x7E, 0x87, 0x88, 0x20, 0x83, 0x18,
  0x3F, 0x83, 0x18, 0x3F, 0x80, 0x00, 0x00, 0x87, 0xC8, 0x60, 0xC6, 0x0E, 0x7E, 0x87, 0x88, 0x00,
  0x83, 0xF8, 0x31, 0x83, 0x18, 0x1F, 0x80, 0x00, 0x03, 0x47, 0xB4, 0x63, 0x44, 0x34, 0x43, 0xC4,
  0x3C, 0x43, 0x47, 0xF4, 0x7B, 0x40, 0x34, 0x00, 0x40, 0x00, 0x03, 0xC7, 0xBC, 0x63, 0xC6, 0x3C,
  0x63, 0xC7, 0xFC, 0x7B, 0xC3, 0x3C, 0x30, 0x03, 0xFC, 0x3F, 0xC0, 0x00, 0x00, 0xC7, 0xCC, 0x60,
  0xC6, 0x0C, 0x67, 0xC6, 0x0C, 0x60, 0xC7, 0xEC, 0x7C, 0xC0, 0x0C, 0x00, 0xC0, 0x00, 0x00, 0xC7,
  0xCC, 0x60, 0xC6, 0x7C, 0x60, 0xC7, 0xEC, 0x7C, 0xC3, 0xFC, 0x00, 0xC0, 0x0C, 0x00, 0xC0, 0x00,
  0x00, 0xC7, 0xCC, 0x60, 0xC6, 0x7C, 0x60, 0xC7, 0xEC, 0x7C, 0xC1, 0xF8, 0x31, 0xC3, 0x1C, 0x1F,
  0x80, 0x00, 0x03, 0xC7, 0xBC, 0x63, 0xC4, 0x3C, 0x4F, 0xC4, 0x3C, 0x43, 0xC7, 0xFC, 0x7B, 0xC0,
  0x3C, 0x03, 0xC0, 0x00, 0x00, 0x00, 0x00, 0x7F, 0xC6, 0x00, 0x60, 0x07, 0x00, 0x7F, 0xC0, 0x40,
  0x04, 0x0F, 0xFE, 0xFF, 0xE0, 0x00, 0x3F, 0xC2, 0x00, 0x20, 0x07, 0xFC, 0x3F, 0x8F, 0xFE, 0xFF,
  0xE7, 0xFC, 0x00, 0xC0, 0x0C, 0x00, 0xC0, 0x00, 0x3F, 0xC3, 0x00, 0x20, 0x07, 0xFC, 0x3F, 0x8F,
  0xFE, 0x7F, 0xE2, 0x00, 0x20, 0x07, 0xFC, 0x3F, 0xC0, 0x00, 0x3F, 0x83, 0x00, 0x7F, 0x83, 0xF8,
  0x7F, 0xCF, 0xFE, 0x7F, 0x83, 0xF8, 0x7F, 0x87, 0xFC, 0x7F, 0xC0, 0x00, 0x3F, 0xC2, 0x00, 0x20,
  0x07, 0xFC, 0x0E, 0x0F, 0xFE, 0x7F, 0xC3, 0xF8, 0x31, 0xC3, 0x1C, 0x3F, 0x80, 0x00, 0x03, 0x47,
  0xF4, 0x63, 0x46, 0x34, 0x7F, 0xC7, 0xFC, 0x33, 0x4F, 0xF4, 0xFF, 0x40, 0x34, 0x03, 0x40, 0x00,
  0x03, 0xC7, 0xFC, 0x63, 0xC7, 0xFC, 0x7B, 0xCF, 0xFC, 0x43, 0x41, 0x98, 0x39, 0x87, 0xFC, 0x6E,
  0x40, 0x00, 0x00, 0xC7, 0xEC, 0x60, 0xC6, 0x0C, 0x7E, 0xC7, 0xEC, 0x18, 0xC7, 0xFC, 0x7F, 0xC0,
  0x0C, 0x00, 0xC0, 0x00, 0x00, 0xC7, 0xEC, 0x60, 0xC7, 0xEC, 0x7E, 0xC1, 0x8C, 0x7F, 0xC7, 0xCC,
  0x30, 0x43, 0xFC, 0x3F, 0xC0, 0x00, 0x7E, 0xC6, 0x0C, 0x60, 0xC7, 0xEC, 0x3E, 0xCF, 0xFC, 0x7C,
  0x43, 0x0C, 0x3F, 0xC3, 0x0C, 0x3F, 0xC0, 0x00, 0x3F, 0x83, 0x00, 0x20, 0x02, 0x00, 0x7F, 0xC3,
  0xF8, 0xFF, 0xEF, 0xFE, 0x04, 0x00, 0x40, 0x04, 0x00, 0x00, 0x3F, 0xC2, 0x00, 0x20, 0x07, 0xFC,
  0x00, 0x0F, 0xFE, 0x0E, 0x07, 0xF8, 0x3F, 0xC0, 0x0C, 0x00, 0xC0, 0x00, 0x3F, 0xC2, 0x00, 0x20,
  0x07, 0xFC, 0x00, 0x0F, 0xFE, 0x0E, 0x03, 0xF8, 0x31, 0x83, 0x18, 0x3F, 0x80, 0x00, 0x7E, 0xC6,
  0x0C, 0x60, 0xC7, 0xEC, 0x3E, 0xC0, 0x3C, 0xFF, 0xC1, 0x8C, 0x18, 0xC1, 0x8C, 0x18, 0xC0, 0x00,
  0x00, 0x00, 0x00, 0x3F, 0xC3, 0x00, 0x30, 0x03, 0x00, 0x3F, 0xC3, 0xF8, 0x00, 0x00, 0x00, 0x7F,
  0xE0, 0x00, 0x3F, 0xC3, 0x00, 0x20, 0x07, 0xFC, 0x3F, 0xC7, 0xFE, 0x00, 0x07, 0xFC, 0x00, 0xC0,
  0x0C, 0x00, 0xC0, 0x00, 0x3F, 0xC3, 0x00, 0x30, 0x03, 0xFC, 0x3F, 0x80, 0x00, 0x7F, 0xE3, 0x00,
  0x30, 0x03, 0xFC, 0x3F, 0xC0, 0x00, 0x3F, 0x83, 0x00, 0x30, 0x03, 0xFC, 0x7F, 0xE7, 0xFE, 0x3F,
  0x83, 0xF8, 0x3F, 0x83, 0xFC, 0x3F, 0xC0, 0x00, 0x3F, 0xC3, 0x00, 0x30, 0x03, 0xFC, 0x00, 0x07,
  0xFE, 0x00, 0x03, 0xFC, 0x30, 0xC3, 0x0C, 0x3F, 0xC0, 0x00, 0x3F, 0xC3, 0x00, 0x30, 0x03, 0xFC,
  0x3F, 0x87, 0xFE, 0x04, 0x00, 0xE0, 0x0E, 0x03, 0xBC, 0x31, 0xC0, 0x00, 0x3F, 0xC3, 0x00, 0x30,
  0x03, 0xFC, 0x1F, 0xC7, 0xFE, 0x7F, 0xC1, 0xF8, 0x30, 0xC3, 0x0C, 0x1F, 0x80, 0x00, 0x00, 0xC7,
  0xEC, 0x60, 0xC6, 0x0C, 0x60, 0xC6, 0x0C, 0x60, 0xC7, 0xEC, 0x7E, 0xC0, 0x0C, 0x00, 0xC0, 0x00,
  0x00, 0xC7, 0xCC, 0x60, 0xC6, 0x0C, 0x60, 0xC7, 0xEC, 0x7C, 0xC3, 0x0C, 0x30, 0x03, 0x00, 0x3F,
  0xC0, 0x00, 0x00, 0xC7, 0xEC, 0x6C, 0xC4, 0xCC, 0x4C, 0xE4, 0xCC, 0x4C, 0xCF, 0xFC, 0x6E, 0xC0,
  0x0C, 0x00, 0xC0, 0x00, 0x00, 0xC7, 0xEC, 0x4C, 0xC4, 0xCE, 0x4C, 0xCF, 0xFC, 0x6E, 0x83, 0xFC,
  0x00, 0xC0, 0x0C, 0x00, 0xC0, 0x00, 0x00, 0xC7, 0xEC, 0x4C, 0xC4, 0xCE, 0xFF, 0xC7, 0xEC, 0x00,
  0x81, 0xF8, 0x31, 0xC3, 0x1C, 0x1F, 0x80, 0x00, 0x03, 0x46, 0xF4, 0x4B, 0x44, 0xB4, 0x4B, 0xC4,
  0xBC, 0x4B, 0x47, 0xF4, 0x6B, 0x40, 0x34, 0x00, 0x40, 0x00, 0x00, 0xC7, 0xEC, 0x6C, 0xC4, 0xCC,
  0x4F, 0xC4, 0xCC, 0x4C, 0xCF, 0xFC, 0x6E, 0xC0, 0x0C, 0x00, 0xC0, 0x00, 0xFE, 0xCC, 0xCC, 0xCF,
  0xCC, 0xCC, 0xFF, 0xC6, 0xC4, 0x3F, 0xC0, 0x0C, 0x3F, 0xC3, 0x00, 0x3F, 0xC0, 0x00, 0x00, 0x00,
  0x00, 0x7F, 0xC6, 0x30, 0x63, 0x06, 0x30, 0x7F, 0xC2, 0x78, 0x06, 0x07, 0xFE, 0x7F, 0xE0, 0x00,
  0x00, 0x07, 0xFC, 0x63, 0x06, 0x30, 0x7F, 0xC0, 0x00, 0x7F, 0xE7, 0xFE, 0x06, 0x00, 0x60, 0x06,
  0x00, 0x00, 0x00, 0xC7, 0xFC, 0x6C, 0xC7, 0xFC, 0x7F, 0xC0, 0x3C, 0xFF, 0xC1, 0x8C, 0x18, 0xC1,
  0x8C, 0x18, 0xC0, 0x00, 0x00, 0x03, 0xFC, 0x23, 0x02, 0x20, 0x26, 0x07, 0xFC, 0x3B, 0xC0, 0x00,
  0x00, 0x07, 0xFE, 0x00, 0x00, 0x00, 0x01, 0x87, 0xD8, 0x0D, 0x80, 0xD8, 0x7D, 0xE6, 0x18, 0x61,
  0x87, 0xF8, 0x7D, 0x80, 0x18, 0x01, 0x80, 0x00, 0x01, 0x87, 0xD8, 0x0D, 0x87, 0xDE, 0x61, 0xC7,
  0xF8, 0x7D, 0x83, 0x18, 0x30, 0x03, 0xFC, 0x3F, 0xC0, 0x00, 0x7C, 0x80, 0xC8, 0x0C, 0xC7, 0xCE,
  0x60, 0x87, 0xF8, 0x00, 0x83, 0xF8, 0x31, 0x83, 0x18, 0x3F, 0x80, 0x00, 0x7C, 0x80, 0xC8, 0x0C,
  0xC7, 0xCE, 0x60, 0x87, 0xE8, 0x11, 0x81, 0x98, 0x3B, 0x87, 0xFC, 0x66, 0x40, 0x00, 0x00, 0x87,
  0xC8, 0x0C, 0xC7, 0xCE, 0x60, 0x87, 0xE8, 0x00, 0x81, 0xF8, 0x31, 0x83, 0x18, 0x1F, 0x00, 0x00,
  0x03, 0x47, 0xB4, 0x1B, 0x41, 0xB4, 0x7B, 0xC6, 0x3C, 0x43, 0x47, 0xF4, 0x7B, 0x40, 0x34, 0x02,
  0x40, 0x00, 0x7B, 0x41, 0xB4, 0x0B, 0xC7, 0xBC, 0x63, 0x47, 0xF4, 0x33, 0x43, 0x0C, 0x3F, 0xC3,
  0x0C, 0x3F, 0xC0, 0x00, 0x00, 0xC7, 0xCC, 0x0C, 0xC0, 0xCC, 0x7F, 0xC6, 0x0C, 0x60, 0xC7, 0xEC,
  0x7C, 0xC0, 0x0C, 0x00, 0xC0, 0x00, 0x00, 0xC7, 0xCC, 0x0D, 0xC7, 0xFC, 0x60, 0xC7, 0xEC, 0x78,
  0xC3, 0xFC, 0x00, 0xC0, 0x0C, 0x00, 0xC0, 0x00, 0x00, 0xC7, 0xCC, 0x0D, 0xC7, 0xFC, 0x60, 0xC7,
  0xEC, 0x78, 0xC3, 0x0C, 0x30, 0x03, 0xFC, 0x3F, 0xC0, 0x00, 0x7C, 0xC0, 0xCC, 0x0F, 0xC7, 0xFC,
  0x60, 0xC7, 0xEC, 0x00, 0xC3, 0xFC, 0x30, 0xC3, 0x0C, 0x3F, 0xC0, 0x00, 0x03, 0xC7, 0xBC, 0x1B,
  0xC1, 0xBC, 0x7F, 0xC6, 0x3C, 0x43, 0xC7, 0xFC, 0x7B, 0xC0, 0x3C, 0x03, 0xC0, 0x00, 0x03, 0xC7,
  0xBC, 0x1F, 0xC7, 0xFC, 0x63, 0xC7, 0xFC, 0x7B, 0xC3, 0xFC, 0x00, 0xC0, 0x0C, 0x00, 0xC0, 0x00,
  0x03, 0xC7, 0xBC, 0x1F, 0xC7, 0xFC, 0x63, 0xC7, 0xFC, 0x72, 0xC0, 0x64, 0x07, 0x01, 0xFC, 0x30,
  0xC0, 0x00, 0x00, 0xC7, 0xCC, 0x0F, 0xC0, 0xFC, 0x7C, 0xC6, 0x3C, 0x63, 0xC7, 0xCC, 0x7C, 0xC0,
  0x0C, 0x00, 0xC0, 0x00, 0x00, 0xC7, 0xCC, 0x0F, 0xC7, 0xCC, 0x63, 0xC7, 0xCC, 0x78, 0xC3, 0xFC,
  0x00, 0xC0, 0x0C, 0x00, 0xC0, 0x00, 0x00, 0xC7, 0xCC, 0x0F, 0xC7, 0xCC, 0x63, 0xC7, 0xCC, 0x78,
  0xC3, 0x0C, 0x30, 0x03, 0xFC, 0x3F, 0xC0, 0x00, 0x7C, 0xC0, 0xFC, 0x0F, 0xC7, 0xCC, 0x63, 0xC7,
  0xCC, 0x11, 0xC1, 0x98, 0x3B, 0x87, 0xFC, 0x6E, 0x60, 0x00, 0x03, 0xC7, 0xBC, 0x1F, 0xC1, 0xFC,
  0x7B, 0xC6, 0x7C, 0x47, 0xC7, 0xBC, 0x7B, 0xC0, 0x3C, 0x03, 0xC0, 0x00, 0x00, 0x00, 0x00, 0x7F,
  0xC0, 0x0C, 0x7F, 0xC6, 0x00, 0x7F, 0xC7, 0xFC, 0x04, 0x0F, 0xFE, 0xFF, 0xE0, 0x00, 0x3F, 0xC0,
  0x0C, 0x3F, 0xC2, 0x00, 0x7F, 0xC3, 0xF8, 0xFF, 0xE7, 0xFC, 0x7F, 0xC0, 0x0C, 0x00, 0xC0, 0x00,
  0x3F, 0xC0, 0x0C, 0x3F, 0xC2, 0x00, 0x7F, 0xC3, 0xF8, 0xFF, 0xE7, 0xFC, 0x20, 0x02, 0x00, 0x7F,
  0xC0, 0x00, 0x3F, 0xC0, 0x0C, 0x3F, 0xC7, 0xF8, 0x7F, 0xC0, 0xE0, 0xFF, 0xE3, 0xF8, 0x31, 0x83,
  0x18, 0x3F, 0x80, 0x00, 0x00, 0x00, 0x00, 0x7F, 0xC0, 0x0C, 0x7F, 0xC6, 0x00, 0x7F, 0xC7, 0xFC,
  0x1B, 0x0F, 0xFE, 0xFF, 0xE0, 0x00, 0x7F, 0xC0, 0x0C, 0x3F, 0xC7, 0x00, 0x7F, 0xC3, 0xF8, 0x7F,
  0xCF, 0xFE, 0x04, 0x00, 0x40, 0x04, 0x00, 0x00, 0x3F, 0xC3, 0xFC, 0x3F, 0x87, 0xFC, 0x3F, 0x87,
  0xFC, 0xFF, 0xE2, 0x48, 0x3F, 0xC3, 0x0C, 0x3F, 0xC0, 0x00, 0x7F, 0xC0, 0x0C, 0x3F, 0xC7, 0x00,
  0x7F, 0xC3, 0xF8, 0xFF, 0xEF, 0xFE, 0x1B, 0x01, 0xB0, 0x1B, 0x00, 0x00, 0x3F, 0xC0, 0x0C, 0x3F,
  0xC2, 0x00, 0x7F, 0xC7, 0xFC, 0xFF, 0xE1, 0xB0, 0x7F, 0xC3, 0xFC, 0x00, 0xC0, 0x00, 0x00, 0x00,
  0x00, 0x3F, 0xC0, 0x0C, 0x3F, 0xC3, 0x00, 0x30, 0x03, 0xFC, 0x3F, 0x80, 0x00, 0x7F, 0xE0, 0x00,
  0x3F, 0xC0, 0x0C, 0x3F, 0xC3, 0x00, 0x3F, 0xC3, 0xF8, 0x7F, 0xE3, 0x00, 0x30, 0x03, 0xFC, 0x3F,
  0xC0, 0x00, 0x3F, 0xC3, 0xFC, 0x3F, 0x83, 0xFC, 0x3F, 0xC7, 0xFE, 0x7F, 0xE3, 0xFC, 0x3F, 0xC3,
  0xF8, 0x3F, 0xC0, 0x00, 0x3F, 0xC0, 0x0C, 0x3F, 0xC3, 0x00, 0x3F, 0xC3, 0xFC, 0x7F, 0xE0, 0x00,
  0x3F, 0xC3, 0x0C, 0x3F, 0xC0, 0x00, 0x3F, 0xC0, 0x1C, 0x3F, 0xC2, 0x00, 0x7F, 0xC7, 0xFE, 0x7F,
  0xE7, 0xFC, 0x1B, 0x01, 0xB0, 0x7F, 0xC0, 0x00, 0x00, 0xC7, 0xCC, 0x0C, 0xC0, 0xCC, 0x7C, 0xC6,
  0x0C, 0x60, 0xC7, 0xEC, 0x7E, 0xC0, 0x0C, 0x00, 0xC0, 0x00, 0x7C, 0xC0, 0xCC, 0x0C, 0xC7, 0xCC,
  0x60, 0xC7, 0xEC, 0x78, 0xC3, 0xFC, 0x00, 0xC0, 0x0C, 0x00, 0xC0, 0x00, 0x00, 0xC7, 0xCC, 0x0C,
  0xC7, 0xCC, 0x60, 0xC7, 0xEC, 0x7E, 0xC3, 0x0C, 0x30, 0x03, 0xFC, 0x3F, 0xC0, 0x00, 0x7C, 0xC0,
  0xCC, 0x7C, 0xC6, 0x0C, 0x7E, 0xC7, 0xEC, 0x3F, 0xC0, 0x0C, 0x3F, 0xC3, 0x00, 0x3F, 0xC0, 0x00,
  0x7C, 0xC0, 0xCC, 0x0C, 0xC7, 0xCC, 0x60, 0xC7, 0xEC, 0x30, 0x83, 0x0C, 0x3F, 0xC3, 0x0C, 0x3F,
  0xC0, 0x00, 0x00, 0xC7, 0xCC, 0x0C, 0xC7, 0xCC, 0x60, 0xC7, 0xEC, 0x7C, 0xC0, 0x68, 0x0E, 0x03,
  0xF8, 0x31, 0xC0, 0x00, 0x00, 0xC7, 0xCC, 0x0C, 0xC7, 0xCC, 0x60, 0xC7, 0xEC, 0x00, 0xC1, 0xF8,
  0x31, 0xC3, 0x1C, 0x1F, 0x80, 0x00, 0x01, 0x87, 0xD8, 0x6D, 0x86, 0xD8, 0x6D, 0xE6, 0xD8, 0x6D,
  0x87, 0xD8, 0x01, 0x80, 0x18, 0x01, 0x80, 0x00, 0x01, 0x87, 0xD8, 0x6D, 0x86, 0xDE, 0x6D, 0xC7,
  0xD8, 0x01, 0x83, 0x18, 0x30, 0x03, 0xFC, 0x3F, 0xC0, 0x00, 0x7D, 0x87, 0xD8, 0x6D, 0xE6, 0xD8,
  0x7D, 0x80, 0x10, 0x6F, 0xC6, 0x38, 0x67, 0x87, 0xE8, 0x7B, 0x80, 0x00, 0x7C, 0x86, 0xCC, 0x6C,
  0xE6, 0xCC, 0x7C, 0x80, 0x08, 0x3F, 0x80, 0x18, 0x3F, 0x83, 0x00, 0x3F, 0xC0, 0x00, 0x01, 0x87,
  0xD8, 0x6D, 0x86, 0xDE, 0x6D, 0x87, 0xD8, 0x01, 0x80, 0x68, 0x0E, 0x03, 0xB8, 0x31, 0xC0, 0x00,
  0x00, 0x87, 0xC8, 0x6C, 0xC6, 0xCE, 0x6C, 0x87, 0xC8, 0x00, 0x81, 0xF8, 0x31, 0x83, 0x18, 0x1F,
  0x80, 0x00, 0x01, 0x87, 0xD8, 0x6D, 0xC6, 0xDC, 0x7D, 0x80, 0x18, 0x3F, 0x83, 0xF8, 0x0E, 0x01,
  0xF8, 0x31, 0xC0, 0x00, 0x03, 0x47, 0xB4, 0x4B, 0x44, 0xB4, 0x4B, 0xC4, 0xBC, 0x4B, 0x47, 0xB4,
  0x03, 0x40, 0x34, 0x00, 0x40, 0x00, 0x03, 0xC7, 0xBC, 0x4B, 0xC4, 0xBC, 0x4B, 0xC7, 0xBC, 0x13,
  0xC3, 0x3C, 0x30, 0x03, 0xFC, 0x3F, 0xC0, 0x00, 0x03, 0x47, 0xB4, 0x4B, 0xC4, 0xBC, 0x4B, 0x47,
  0xB4, 0x03, 0x41, 0xF8, 0x38, 0xC3, 0x8C, 0x1F, 0x80, 0x00, 0x00, 0xC7, 0xEC, 0x66, 0xC6, 0x6C,
  0x67, 0xC6, 0x6C, 0x66, 0xC7, 0xEC, 0x00, 0xC0, 0x0C, 0x00, 0xC0, 0x00, 0x00, 0xC7, 0xEC, 0x66,
  0xC6, 0x7C, 0x66, 0xC7, 0xEC, 0x00, 0xC3, 0xFC, 0x00, 0xC0, 0x0C, 0x00, 0xC0, 0x00, 0x00, 0xC7,
  0xCC, 0x6C, 0xC6, 0xFC, 0x6C, 0xC7, 0xCC, 0x00, 0xC3, 0x0C, 0x30, 0x03, 0xFC, 0x3F, 0xC0, 0x00,
  0x00, 0xC7, 0xEC, 0x66, 0xC6, 0x7C, 0x66, 0xC7, 0xEC, 0x00, 0xC0, 0x7C, 0x07, 0x01, 0xD8, 0x38,
  0xE0, 0x00, 0x00, 0xC7, 0xCC, 0x6C, 0xC6, 0xFC, 0x6C, 0xC7, 0xCC, 0x00, 0xC1, 0xF8, 0x30, 0xC3,
  0x1C, 0x1F, 0x80, 0x00, 0x03, 0xC7, 0xBC, 0x5B, 0xC5, 0xBC, 0x5F, 0xC5, 0xBC, 0x5B, 0xC7, 0xBC,
  0x03, 0xC0, 0x3C, 0x03, 0xC0, 0x00, 0x00, 0xC7, 0xEC, 0x67, 0xC6, 0x6C, 0x67, 0xC7, 0xEC, 0x00,
  0xC3, 0x0C, 0x30, 0x03, 0xFC, 0x3F, 0xC0, 0x00, 0x00, 0xC7, 0xCC, 0x6F, 0xC6, 0xCC, 0x6F, 0xC7,
  0xCC, 0x00, 0xC1, 0xF8, 0x30, 0xC3, 0x1C, 0x1F, 0x80, 0x00, 0x00, 0x00, 0x00, 0x7F, 0xC6, 0x0C,
  0x60, 0xC6, 0x0C, 0x7F, 0xC7, 0xFC, 0x04, 0x0F, 0xFE, 0xFF, 0xE0, 0x00, 0x3F, 0x82, 0x08, 0x20,
  0x83, 0xF8, 0x0E, 0x0F, 0xFE, 0xFF, 0xE0, 0x00, 0x7F, 0xC0, 0x0C, 0x00, 0xC0, 0x00, 0x3F, 0x82,
  0x08, 0x20, 0x83, 0xF8, 0x3F, 0x8F, 0xFE, 0xFF, 0xE2, 0x00, 0x20, 0x07, 0xFC, 0x3F, 0xC0, 0x00,
  0x3F, 0x82, 0x08, 0x20, 0x83, 0xF8, 0x0E, 0x0F, 0xFE, 0x7F, 0xC7, 0xFC, 0x60, 0xC6, 0x0C, 0x7F,
  0xC0, 0x00, 0x3F, 0x82, 0x08, 0x20, 0x83, 0xF8, 0x0E, 0x0F, 0xFE, 0xFF, 0xE0, 0x40, 0x0E, 0x01,
  0xF0, 0x71, 0xC0, 0x00, 0x3F, 0x82, 0x08, 0x20, 0x83, 0xF8, 0x0E, 0x0F, 0xFE, 0x7F, 0xE3, 0xF8,
  0x31, 0x83, 0x18, 0x3F, 0x80, 0x00, 0x7F, 0xC6, 0x0C, 0x60, 0xC6, 0x0C, 0x7F, 0xC0, 0x00, 0xFF,
  0xEF, 0xFE, 0x04, 0x00, 0x40, 0x04, 0x00, 0x00, 0x3F, 0x82, 0x18, 0x20, 0x83, 0xF8, 0x00, 0x0F,
  0xFE, 0xFF, 0xE2, 0x60, 0x64, 0x07, 0xFC, 0x7F, 0xC0, 0x00, 0x3F, 0x82, 0x08, 0x20, 0x83, 0xF8,
  0x7F, 0xE7, 0xFC, 0x3F, 0x83, 0xF8, 0x3F, 0x87, 0x00, 0x7F, 0xC0, 0x00, 0x3F, 0x82, 0x08, 0x20,
  0x83, 0xF8, 0x00, 0x0F, 0xFE, 0x0E, 0x03, 0xF8, 0x3F, 0x83, 0x18, 0x3F, 0x80, 0x00, 0x7F, 0xC6,
  0x0C, 0x60, 0xC6, 0x0C, 0x7F, 0xC0, 0x00, 0xFF, 0xE1, 0x90, 0x19, 0x01, 0x90, 0x19, 0x00, 0x00,
  0x00, 0xC7, 0xCC, 0x64, 0xC6, 0x4C, 0x64, 0xC6, 0x4C, 0x64, 0xC7, 0xCC, 0x00, 0xC0, 0x0C, 0x00,
  0xC0, 0x00, 0x7E, 0xC6, 0x6C, 0x66, 0xC6, 0x6C, 0x7E, 0xC0, 0x08, 0x3F, 0xC0, 0x0C, 0x3F, 0xC3,
  0x00, 0x3F, 0xC0, 0x00, 0x00, 0xC7, 0xEC, 0x66, 0xC6, 0x6C, 0x66, 0xC7, 0xEC, 0x00, 0x81, 0xF8,
  0x31, 0xC3, 0x1C, 0x1F, 0x80, 0x00, 0x45, 0x86, 0x58, 0x65, 0x87, 0xD8, 0x7D, 0xE6, 0x58, 0x65,
  0x87, 0xD8, 0x01, 0x80, 0x18, 0x01, 0x80, 0x00, 0x44, 0x86, 0xC8, 0x7C, 0xC7, 0xCE, 0x6C, 0x87,
  0xC8, 0x00, 0x83, 0xF8, 0x01, 0x80, 0x08, 0x00, 0x80, 0x00, 0x45, 0x86, 0xD8, 0x7D, 0x86, 0xDE,
  0x6D, 0x87, 0xD8, 0x01, 0x83, 0x18, 0x30, 0x03, 0xFC, 0x3F, 0xC0, 0x00, 0x01, 0x86, 0xD8, 0x7D,
  0x87, 0xDE, 0x6D, 0x87, 0xD8, 0x01, 0x83, 0xF8, 0x30, 0x03, 0x00, 0x3F, 0xC0, 0x00, 0x6C, 0x86,
  0xC8, 0x7C, 0xE6, 0xCC, 0x7C, 0x80, 0x08, 0x3F, 0x80, 0x18, 0x3F, 0x83, 0x00, 0x3F, 0xC0, 0x00,
  0x64, 0x86, 0x48, 0x7C, 0xE6, 0x4C, 0x7C, 0x80, 0x08, 0x7E, 0x83, 0xF8, 0x7F, 0x86, 0x68, 0x7F,
  0x80, 0x00, 0x6C, 0x86, 0xC8, 0x7C, 0xC7, 0xCE, 0x6C, 0x87, 0xC8, 0x01, 0x83, 0xF8, 0x30, 0x83,
  0x18, 0x3F, 0x80, 0x00, 0x00, 0x86, 0xC8, 0x7C, 0xC7, 0xCE, 0x6C, 0x87, 0xC8, 0x00, 0x83, 0xF8,
  0x31, 0x83, 0x18, 0x1F, 0x80, 0x00, 0x03, 0x44, 0xB4, 0x4B, 0x47, 0xB4, 0x7B, 0xC4, 0xBC, 0x4B,
  0x47, 0xB4, 0x03, 0x40, 0x34, 0x00, 0x40, 0x00, 0x03, 0xC6, 0xBC, 0x7B, 0xC7, 0xBC, 0x6B, 0xC7,
  0xBC, 0x03, 0xC0, 0x64, 0x06, 0x01, 0xF8, 0x39, 0xC0, 0x00, 0x00, 0xC6, 0xCC, 0x6C, 0xC7, 0xCC,
  0x7F, 0xC6, 0xCC, 0x6C, 0xC7, 0xCC, 0x00, 0xC0, 0x0C, 0x00, 0xC0, 0x00, 0x00, 0xC6, 0xCC, 0x7C,
  0xC7, 0xFC, 0x6C, 0xC7, 0xCC, 0x00, 0xC3, 0xFC, 0x00, 0xC0, 0x0C, 0x00, 0xC0, 0x00, 0x44, 0xC6,
  0xCC, 0x6C, 0xC7, 0xFC, 0x6F, 0xC7, 0xCC, 0x00, 0xC3, 0x0C, 0x30, 0x03, 0xFC, 0x3F, 0xC0, 0x00,
  0x6C, 0xC6, 0xCC, 0x7F, 0xC6, 0xFC, 0x7C, 0xC0, 0x0C, 0x3F, 0xC0, 0x0C, 0x3F, 0xC3, 0x00, 0x3F,
  0xC0, 0x00, 0x6C, 0xC6, 0xCC, 0x7C, 0xC7, 0xFC, 0x6C, 0xC7, 0xCC, 0x00, 0xC3, 0x0C, 0x3F, 0xC3,
  0x0C, 0x3F, 0xC0, 0x00, 0x03, 0xC4, 0xFC, 0x4F, 0xC7, 0xFC, 0x7F, 0xC4, 0xFC, 0x4F, 0xC7, 0xFC,
  0x03, 0xC0, 0x3C, 0x01, 0xC0, 0x00, 0x03, 0xC6, 0xFC, 0x6F, 0xC7, 0xFC, 0x6F, 0xC7, 0xFC, 0x13,
  0xC3, 0x3C, 0x30, 0x43, 0xFC, 0x3F, 0xC0, 0x00, 0x6F, 0xC7, 0xFC, 0x7F, 0xC6, 0xFC, 0x7F, 0xC0,
  0x14, 0x3F, 0xC0, 0x0C, 0x3F, 0xC3, 0x00, 0x3F, 0xC0, 0x00, 0x44, 0xC6, 0x6C, 0x67, 0xC7, 0xFC,
  0x67, 0xC7, 0xEC, 0x00, 0xC3, 0x0C, 0x30, 0x03, 0xFC, 0x3F, 0xC0, 0x00, 0x6C, 0xC6, 0xFC, 0x7F,
  0xC6, 0xFC, 0x7F, 0xC0, 0x0C, 0x3F, 0xC1, 0xFC, 0x3F, 0xC3, 0x00, 0x3F, 0xC0, 0x00, 0x00, 0x02,
  0x08, 0x60, 0xC6, 0x0C, 0x7F, 0xC6, 0x0C, 0x7F, 0xC7, 0xFC, 0x04, 0x0F, 0xFE, 0xFF, 0xE0, 0x00,
  0x20, 0x83, 0xF8, 0x20, 0x83, 0xF8, 0x3F, 0x8F, 0xFE, 0xFF, 0xE0, 0x00, 0x7F, 0xC0, 0x0C, 0x00,
  0xC0, 0x00, 0x20, 0x83, 0x18, 0x3F, 0x83, 0xF8, 0x3F, 0x80, 0x40, 0xFF, 0xE7, 0xFC, 0x20, 0x07,
  0xFC, 0x3F, 0xC0, 0x00, 0x20, 0x83, 0xF8, 0x31, 0x83, 0xF8, 0xFF, 0xEF, 0xFE, 0x7F, 0x80, 0x18,
  0x7F, 0x86, 0x00, 0x7F, 0xC0, 0x00, 0x20, 0x83, 0xF8, 0x20, 0x83, 0xF8, 0x3F, 0x8F, 0xFE, 0xFF,
  0xE7, 0xFC, 0x60, 0xC6, 0x0C, 0x7F, 0xC0, 0x00, 0x20, 0x83, 0xF8, 0x20, 0x83, 0xF8, 0x3F, 0x8F,
  0xFE, 0xFF, 0xE3, 0xF8, 0x31, 0x83, 0x18, 0x3F, 0x80, 0x00, 0x45, 0x86, 0x78, 0x7F, 0x86, 0x78,
  0x7F, 0xE7, 0xFC, 0x19, 0x8F, 0xF8, 0xFF, 0x80, 0x18, 0x01, 0x80, 0x00, 0x60, 0xC6, 0x0C, 0x7F,
  0xC6, 0x0C, 0x7F, 0xC0, 0x00, 0x7F, 0xEF, 0xFE, 0x04, 0x00, 0x40, 0x04, 0x00, 0x00, 0x20, 0x83,
  0xF8, 0x20, 0x83, 0xF8, 0x00, 0x0F, 0xFE, 0x7F, 0xC7, 0xF8, 0x3F, 0xC0, 0x0C, 0x00, 0xC0, 0x00,
  0x20, 0x82, 0x08, 0x3F, 0x83, 0x18, 0x3F, 0x87, 0xFC, 0xFF, 0xE2, 0x60, 0x64, 0x07, 0xFC, 0x7F,
  0xC0, 0x00, 0x20, 0x83, 0xF8, 0x31, 0x83, 0xF8, 0x7F, 0xC7, 0xFC, 0x3F, 0x83, 0xF8, 0x3F, 0x87,
  0x00, 0x7F, 0xC0, 0x00, 0x20, 0x83, 0xF8, 0x20, 0x83, 0xF8, 0x00, 0x0F, 0xFE, 0x0E, 0x07, 0xFC,
  0x7F, 0xC6, 0x0C, 0x7F, 0xC0, 0x00, 0x20, 0x83, 0xF8, 0x20, 0x83, 0xF8, 0x00, 0x0F, 0xFE, 0x0E,
  0x03, 0xF8, 0x3F, 0x83, 0x18, 0x3F, 0x80, 0x00, 0x20, 0x83, 0xF8, 0x31, 0x83, 0xF8, 0x7F, 0xC7,
  0xFC, 0x3F, 0x83, 0xF8, 0x3F, 0x83, 0xF8, 0x7F, 0xC0, 0x00, 0x00, 0x03, 0x0C, 0x30, 0xC3, 0xFC,
  0x30, 0xC3, 0x0C, 0x3F, 0xC0, 0x00, 0x00, 0x07, 0xFE, 0x00, 0x00, 0x00, 0x30, 0x83, 0xF8, 0x30,
  0x83, 0xF8, 0x7F, 0xE7, 0xFE, 0x3F, 0xC0, 0x0C, 0x3F, 0xC3, 0x00, 0x3F, 0xC0, 0x00, 0x44, 0xC6,
  0x6C, 0x66, 0xC6, 0x6C, 0x7E, 0xC6, 0x6C, 0x66, 0xC7, 0xEC, 0x00, 0xC0, 0x0C, 0x00, 0xC0, 0x00,
  0x66, 0xC6, 0x6C, 0x7E, 0xC6, 0x6C, 0x66, 0xC7, 0xEC, 0x00, 0x83, 0xFC, 0x30, 0xC3, 0x0C, 0x3F,
  0xC0, 0x00, 0x44, 0xC6, 0x6C, 0x7E, 0xC6, 0x6C, 0x66, 0xC7, 0xEC, 0x00, 0xC0, 0x68, 0x0F, 0x03,
  0xF8, 0x31, 0xC0, 0x00, 0x54, 0xC5, 0xDC, 0x5D, 0xC7, 0xFC, 0x7F, 0xE5, 0xDC, 0x5D, 0xC7, 0xFC,
  0x00, 0xC0, 0x0C, 0x00, 0xC0, 0x00, 0x5D, 0xC5, 0xDC, 0x7F, 0xE5, 0xDC, 0x7F, 0xC0, 0x0C, 0x3F,
  0xC0, 0x0C, 0x3F, 0xC3, 0x00, 0x3F, 0xC0, 0x00, 0x00, 0x45, 0xF4, 0x5F, 0x47, 0xF4, 0x7F, 0xC5,
  0xFC, 0x5F, 0x47, 0xF4, 0x00, 0x40, 0x04, 0x00, 0x40, 0x00, 0x00, 0x45, 0xF4, 0x5F, 0xC5, 0xFC,
  0x7F, 0xC5, 0xFC, 0x5F, 0xC7, 0xF4, 0x00, 0x40, 0x04, 0x00, 0x40, 0x00, 0x6E, 0xC7, 0xFC, 0x6E,
  0xC7, 0xFC, 0x7B, 0x8F, 0xFC, 0xFF, 0xC3, 0xF0, 0x71, 0x87, 0x18, 0x3F, 0x00, 0x00, 0x7E, 0xC7,
  0xEC, 0x7F, 0xC7, 0xEC, 0x7F, 0xC0, 0x00, 0xFF, 0xEF, 0xFE, 0x0C, 0x00, 0xC0, 0x0C, 0x00, 0x00,
  0x6F, 0xC7, 0xFC, 0x6F, 0xC7, 0xFC, 0x7F, 0xE7, 0xFE, 0x3F, 0xC3, 0xFC, 0x3F, 0xC3, 0xF8, 0x3F,
  0xC0, 0x00, 0x00, 0x02, 0xF4, 0x6F, 0x66, 0xF6, 0x7F, 0xE6, 0xF6, 0x7F, 0xE0, 0x00, 0x00, 0x00,
  0x00, 0x7F, 0xE0, 0x00, 0x00, 0xC5, 0xDC, 0x5D, 0xC5, 0xFC, 0x7F, 0xC5, 0xDC, 0x5D, 0xC7, 0xFC,
  0x00, 0xC0, 0x0C, 0x00, 0xC0, 0x00, 0x11, 0x81, 0x18, 0x11, 0x81, 0x98, 0x39, 0xE3, 0x98, 0x6D,
  0x8E, 0x78, 0x01, 0x80, 0x18, 0x01, 0x80, 0x00, 0x19, 0x81, 0x98, 0x39, 0x83, 0x9E, 0x6D, 0x8E,
  0x78, 0x01, 0x87, 0xF8, 0x01, 0x80, 0x18, 0x01, 0x80, 0x00, 0x19, 0x81, 0x98, 0x19, 0x83, 0x9E,
  0x7D, 0x8E, 0x78, 0x01, 0x83, 0x18, 0x30, 0x03, 0xFC, 0x3F, 0xC0, 0x00, 0x18, 0x81, 0x88, 0x38,
  0xE3, 0xCC, 0xE6, 0x80, 0x08, 0x3F, 0x80, 0x18, 0x3F, 0x83, 0x00, 0x3F, 0xC0, 0x00, 0x18, 0x81,
  0x88, 0x18, 0xC3, 0x8E, 0x7C, 0x8E, 0x68, 0x40, 0x83, 0xF8, 0x31, 0x83, 0x18, 0x1F, 0x80, 0x00,
  0x13, 0x43, 0x34, 0x33, 0x43, 0x34, 0x3B, 0xC3, 0xBC, 0x6F, 0x4E, 0xF4, 0x03, 0x40, 0x34, 0x00,
  0x40, 0x00, 0x13, 0x41, 0x34, 0x33, 0xC3, 0xBC, 0x7F, 0x4E, 0xF4, 0x03, 0x43, 0xFC, 0x00, 0xC0,
  0x04, 0x00, 0x40, 0x00, 0x13, 0x41, 0x34, 0x33, 0xC3, 0xBC, 0x7F, 0x46, 0xF4, 0x03, 0x41, 0xFC,
  0x38, 0xC1, 0x8C, 0x1F, 0x80, 0x00, 0x01, 0x81, 0x18, 0x11, 0x81, 0x9E, 0x39, 0x83, 0x98, 0x6D,
  0xEE, 0xF8, 0x41, 0x80, 0x18, 0x01, 0x80, 0x00, 0x03, 0x43, 0x34, 0x33, 0xC3, 0x3C, 0x3B, 0x43,
  0xBC, 0x7B, 0xC6, 0xF4, 0x43, 0x40, 0x34, 0x03, 0x40, 0x00, 0x00, 0xC1, 0x8C, 0x18, 0xC1, 0x8C,
  0x3B, 0xC3, 0x8C, 0x6C, 0xCE, 0xEC, 0xC0, 0xC0, 0x0C, 0x00, 0xC0, 0x00, 0x18, 0xC1, 0x8C, 0x3B,
  0xC3, 0x8C, 0x6E, 0xCC, 0x6C, 0x00, 0x83, 0xFC, 0x00, 0xC0, 0x0C, 0x00, 0xC0, 0x00, 0x18, 0xC1,
  0x8C, 0x1B, 0xC3, 0x8C, 0x7E, 0xC6, 0x6C, 0x00, 0xC3, 0x0C, 0x30, 0x03, 0xFC, 0x3F, 0xC0, 0x00,
  0x18, 0xC1, 0x8C, 0x1B, 0xC3, 0xCC, 0x6E, 0xC4, 0x2C, 0x3F, 0xC1, 0xFC, 0x3F, 0xC3, 0x00, 0x3F,
  0xC0, 0x00, 0x18, 0xC1, 0x8C, 0x1B, 0xC3, 0xCC, 0x6E, 0xCE, 0x6C, 0x00, 0xC1, 0xF8, 0x31, 0xC3,
  0x1C, 0x1F, 0x80, 0x00, 0x13, 0xC3, 0x3C, 0x33, 0xC3, 0x3C, 0x3F, 0xC3, 0xBC, 0x7B, 0xC6, 0xFC,
  0x43, 0xC0, 0x3C, 0x03, 0xC0, 0x00, 0x13, 0xC1, 0x3C, 0x3F, 0xC3, 0xBC, 0x7F, 0xC6, 0xFC, 0x03,
  0x43, 0xFC, 0x00, 0xC0, 0x0C, 0x00, 0xC0, 0x00, 0x13, 0xC3, 0x3C, 0x33, 0xC3, 0xFC, 0x3B, 0xC7,
  0xFC, 0x4B, 0xC1, 0x3C, 0x30, 0x03, 0x00, 0x3F, 0xC0, 0x00, 0x33, 0xC3, 0x3C, 0x3F, 0xC3, 0xBC,
  0x6F, 0xC4, 0x3C, 0x3F, 0xC0, 0x0C, 0x3F, 0xC3, 0x00, 0x3F, 0xE0, 0x00, 0x00, 0x00, 0x40, 0x0E,
  0x00, 0xE0, 0x1F, 0x07, 0xBC, 0x60, 0xC0, 0x40, 0x04, 0x0F, 0xFE, 0xFF, 0xE0, 0x00, 0x04, 0x00,
  0xE0, 0x1F, 0x07, 0x1C, 0x04, 0x0F, 0xFE, 0xFF, 0xE7, 0xFC, 0x00, 0xC0, 0x0C, 0x00, 0xC0, 0x00,
  0x0E, 0x00, 0xE0, 0x7B, 0xC6, 0x4C, 0xFF, 0xEF, 0xFE, 0x7F, 0x80, 0x08, 0x7F, 0x86, 0x00, 0x7F,
  0xC0, 0x00, 0x00, 0x00, 0x40, 0x0E, 0x00, 0xE0, 0x1F, 0x07, 0xBC, 0x60, 0xC1, 0xB0, 0x1B, 0x0F,
  0xFE, 0xFF, 0xE0, 0x00, 0x06, 0x00, 0x60, 0x0F, 0x03, 0xBC, 0x70, 0xC0, 0x00, 0x7F, 0xE7, 0xFE,
  0x06, 0x00, 0x60, 0x06, 0x00, 0x00, 0x04, 0x00, 0xE0, 0x1F, 0x07, 0xBC, 0x60, 0xCF, 0xFE, 0xFF,
  0xE2, 0x60, 0x64, 0x07, 0xFC, 0x7F, 0xC0, 0x00, 0x0E, 0x00, 0xE0, 0x7B, 0xC7, 0x1C, 0xFF, 0xE7,
  0xFC, 0x3F, 0x83, 0xF8, 0x7F, 0x87, 0xFC, 0x7F, 0xC0, 0x00, 0x04, 0x00, 0xE0, 0x1F, 0x07, 0x1C,
  0x00, 0x0F, 0xFE, 0x04, 0x07, 0xFC, 0x7F, 0xC6, 0x0C, 0x7F, 0xC0, 0x00, 0x04, 0x00, 0xE0, 0x1F,
  0x07, 0x1C, 0x00, 0x0F, 0xFE, 0x0E, 0x03, 0xF8, 0x3F, 0x83, 0x18, 0x3F, 0x80, 0x00, 0x18, 0xC1,
  0x8C, 0x1C, 0xC7, 0x7C, 0x62, 0xC0, 0xFC, 0x7F, 0xC1, 0x8C, 0x18, 0xC1, 0x8C, 0x18, 0xC0, 0x00,
  0x18, 0xC1, 0xCC, 0x7E, 0xC6, 0x2C, 0xFF, 0xC7, 0x8C, 0x3F, 0xC3, 0xFC, 0x3F, 0xC3, 0xFC, 0x3F,
  0xC0, 0x00, 0x06, 0x00, 0xE0, 0x1F, 0x07, 0xBC, 0x60, 0xC0, 0x00, 0xFF, 0xE1, 0x90, 0x19, 0x01,
  0x90, 0x19, 0x00, 0x00, 0x00, 0x00, 0xC0, 0x0E, 0x00, 0xE0, 0x1F, 0x07, 0x9C, 0x60, 0xC0, 0x00,
  0x00, 0x07, 0xFE, 0x00, 0x00, 0x00, 0x0E, 0x00, 0xE0, 0x3B, 0xC3, 0x0C, 0x7F, 0xE7, 0xFC, 0x3F,
  0x83, 0xF8, 0x3F, 0x83, 0xFC, 0x3F, 0xC0, 0x00, 0x04, 0x00, 0xE0, 0x1F, 0x87, 0x1C, 0x00, 0x47,
  0xFE, 0x00, 0x83, 0x0C, 0x3F, 0xC3, 0x0C, 0x3F, 0xC0, 0x00, 0x04, 0x00, 0xE0, 0x1F, 0x07, 0x1C,
  0x00, 0x07, 0xFE, 0x00, 0x01, 0xF8, 0x31, 0xC3, 0x1C, 0x1F, 0x80, 0x00, 0x00, 0x40, 0x84, 0x08,
  0x41, 0xC4, 0x1C, 0x41, 0xC4, 0x36, 0x47, 0x34, 0x60, 0x40, 0x04, 0x00, 0x40, 0x00, 0x10, 0xC1,
  0x8C, 0x38, 0xC3, 0x8C, 0x6E, 0xCC, 0x6C, 0x00, 0x83, 0xFC, 0x00, 0xC0, 0x0C, 0x00, 0xC0, 0x00,
  0x18, 0xC1, 0x8C, 0x18, 0xC3, 0xCC, 0x7E, 0xC6, 0x2C, 0x00, 0xC3, 0x0C, 0x30, 0x03, 0xFC, 0x3F,
  0xC0, 0x00, 0x18, 0xC1, 0x8C, 0x18, 0xC3, 0xCC, 0x66, 0xC4, 0x04, 0x3F, 0xC0, 0x0C, 0x3F, 0xC3,
  0x00, 0x3F, 0xC0, 0x00, 0x00, 0xC2, 0x6C, 0x26, 0xC3, 0x6C, 0x36, 0xE7, 0xEC, 0x7E, 0xCD, 0xBC,
  0x08, 0xC0, 0x0C, 0x00, 0xC0, 0x00, 0x2B, 0x46, 0xF4, 0x6F, 0xC7, 0xFC, 0x7F, 0x4F, 0xF4, 0x03,
  0x41, 0xFC, 0x30, 0xC1, 0x8C, 0x1F, 0xC0, 0x00, 0x00, 0xC3, 0x6C, 0x36, 0xC7, 0xFC, 0x7E, 0xCD,
  0xBC, 0x00, 0xC3, 0x0C, 0x30, 0x83, 0xFC, 0x3F, 0xC0, 0x00, 0x00, 0x01, 0x10, 0x31, 0x83, 0xB8,
  0x3B, 0x86, 0xEC, 0x44, 0x40, 0x40, 0x04, 0x0F, 0xFE, 0x7F, 0xC0, 0x00, 0x00, 0x03, 0x18, 0x31,
  0x83, 0x18, 0x3B, 0x86, 0xEE, 0x4E, 0x60, 0x00, 0x00, 0x07, 0xFE, 0x00, 0x00, 0x00, 0x00, 0xC3,
  0x6C, 0x36, 0xC3, 0x6C, 0x36, 0xC7, 0xEC, 0x7E, 0xCD, 0xBC, 0x08, 0xC0, 0x0C, 0x00, 0xC0, 0x00,
  0x24, 0xC3, 0x6C, 0x36, 0xC7, 0xEC, 0x7F, 0xCD, 0xBC, 0x00, 0xC0, 0x64, 0x07, 0x01, 0xFC, 0x30,
  0xE0, 0x00, 0x01, 0x83, 0x98, 0x6D, 0x84, 0x58, 0xC7, 0xE4, 0x58, 0x6D, 0x83, 0x98, 0x01, 0x80,
  0x18, 0x01, 0x80, 0x00, 0x38, 0x86, 0xC8, 0xC6, 0xCC, 0x6E, 0x6C, 0x83, 0x88, 0x00, 0x83, 0xF8,
  0x01, 0x80, 0x08, 0x00, 0x80, 0x00, 0x01, 0x87, 0xD8, 0x6D, 0x8C, 0x7E, 0x6D, 0xC7, 0xD8, 0x01,
  0x83, 0x18, 0x30, 0x03, 0xFC, 0x3F, 0xC0, 0x00, 0x39, 0x86, 0xD8, 0xC7, 0xE6, 0xD8, 0x7D, 0x81,
  0x10, 0x6F, 0xC6, 0x38, 0x67, 0x87, 0xE8, 0x7F, 0x80, 0x00, 0x7C, 0x86, 0xCC, 0xC6, 0xE6, 0xCC,
  0x7C, 0x80, 0x08, 0x3F, 0x80, 0x18, 0x3F, 0x83, 0x00, 0x3F, 0xC0, 0x00, 0x38, 0x86, 0xC8, 0xC6,
  0xCC, 0x6E, 0x6C, 0x87, 0xC8, 0x11, 0x83, 0xF8, 0x30, 0x83, 0x18, 0x3F, 0x80, 0x00, 0x39, 0x86,
  0xD8, 0xC7, 0x8C, 0x7E, 0x6D, 0x83, 0x98, 0x01, 0x81, 0x98, 0x39, 0x83, 0xB8, 0x6E, 0xC0, 0x40,
  0x3C, 0x86, 0xC8, 0xC6, 0xCC, 0x6E, 0x6C, 0x83, 0xC8, 0x1F, 0x83, 0xFC, 0x1B, 0x03, 0xFC, 0x3F,
  0xC0, 0x00, 0x03, 0x47, 0xB4, 0x6F, 0xC4, 0x7C, 0x6F, 0x43, 0xB4, 0x03, 0x43, 0xFC, 0x00, 0xC0,
  0x04, 0x00, 0x40, 0x00, 0x01, 0x83, 0x98, 0x7D, 0x84, 0x5E, 0xC7, 0x84, 0x58, 0x6D, 0xE3, 0x98,
  0x01, 0x80, 0x18, 0x01, 0x80, 0x00, 0x38, 0x86, 0xCC, 0xC6, 0xEC, 0x6C, 0x7C, 0xE3, 0x88, 0x00,
  0x83, 0xF8, 0x31, 0x83, 0x18, 0x1F, 0x80, 0x00, 0x00, 0xC3, 0xCC, 0x6E, 0xC4, 0x6C, 0x47, 0xC4,
  0x6C, 0x6E, 0xC3, 0xCC, 0x00, 0xC0, 0x0C, 0x00, 0xC0, 0x00, 0x3C, 0xC6, 0xEC, 0x47, 0xC4, 0x7C,
  0x6E, 0xC3, 0xCC, 0x00, 0x83, 0xFC, 0x00, 0xC0, 0x0C, 0x00, 0xC0, 0x00, 0x00, 0xC7, 0xCC, 0x6E,
  0xCC, 0x7C, 0x6E, 0xC7, 0xCC, 0x00, 0xC3, 0x0C, 0x30, 0x03, 0xFC, 0x3F, 0xC0, 0x00, 0x3C, 0xC6,
  0xEC, 0x46, 0xCC, 0x7C, 0x6E, 0xC3, 0xCC, 0x00, 0xC3, 0xFC, 0x30, 0x03, 0x00, 0x3F, 0xC0, 0x00,
  0x3C, 0xC6, 0xEC, 0xC7, 0xC6, 0xEC, 0x7C, 0xC0, 0x0C, 0x3F, 0xC0, 0x0C, 0x3F, 0xC3, 0x00, 0x3F,
  0xC0, 0x00, 0x3C, 0xC6, 0xEC, 0x46, 0xCC, 0x7C, 0x6E, 0xC3, 0xCC, 0x00, 0xC3, 0xFC, 0x30, 0xC3,
  0x0C, 0x3F, 0xC0, 0x00, 0x3C, 0xC6, 0xCC, 0xC7, 0xC4, 0x6C, 0x6C, 0xC3, 0xC4, 0x24, 0x83, 0x58,
  0x3D, 0xC3, 0x7C, 0x3F, 0x60, 0x00, 0x00, 0xC7, 0xCC, 0x66, 0xCC, 0x7C, 0x66, 0xC3, 0xCC, 0x02,
  0xC0, 0x7C, 0x07, 0x03, 0xDC, 0x38, 0xC0, 0x00, 0x03, 0x43, 0xB4, 0x7F, 0x44, 0xF4, 0x4F, 0x44,
  0xF4, 0x4F, 0x47, 0xB4, 0x3B, 0x40, 0x34, 0x01, 0x40, 0x00, 0x00, 0xC7, 0x8C, 0x6F, 0xC4, 0xCC,
  0x4C, 0xC4, 0xFC, 0x6F, 0xC3, 0x8C, 0x00, 0xC0, 0x0C, 0x00, 0xC0, 0x00, 0x38, 0xC6, 0xCC, 0xCF,
  0xCC, 0xCC, 0x6F, 0xC3, 0x8C, 0x00, 0x83, 0xFC, 0x00, 0xC0, 0x0C, 0x00, 0xC0, 0x00, 0x00, 0xC7,
  0xCC, 0x6F, 0xCC, 0xCC, 0x6F, 0xC7, 0xFC, 0x00, 0xC3, 0x0C, 0x30, 0x03, 0xFC, 0x3F, 0xC0, 0x00,
  0x3C, 0xC6, 0xFC, 0xC6, 0xC6, 0x7C, 0x7F, 0xC0, 0x0C, 0x3F, 0xC0, 0x0C, 0x3F, 0xC3, 0x00, 0x3F,
  0xC0, 0x00, 0x38, 0xC6, 0xCC, 0xCF, 0xCC, 0xCC, 0x7F, 0xC3, 0x8C, 0x00, 0xC3, 0xFC, 0x30, 0xC3,
  0x0C, 0x3F, 0xC0, 0x00, 0x38, 0xC6, 0xFC, 0x4C, 0xC4, 0xCC, 0x6F, 0xC3, 0x8C, 0x11, 0x81, 0x98,
  0x3B, 0x87, 0xFC, 0x6E, 0x60, 0x00, 0x38, 0xC6, 0xFC, 0xC6, 0xCC, 0x6C, 0x6F, 0xC3, 0xCC, 0x3F,
  0xC3, 0xFC, 0x19, 0x81, 0x98, 0x3F, 0xC0, 0x00, 0x03, 0x43, 0xB4, 0x7F, 0x44, 0xF4, 0x4F, 0x44,
  0xF4, 0x4F, 0x47, 0xF4, 0x3B, 0x40, 0x34, 0x01, 0x40, 0x00, 0x00, 0x01, 0xF0, 0x39, 0xC2, 0x0C,
  0x60, 0xC3, 0x0C, 0x3F, 0x80, 0xF0, 0x06, 0x07, 0xFE, 0x7F, 0xE0, 0x00, 0x3F, 0x83, 0x18, 0x60,
  0xC3, 0xF8, 0x0E, 0x0F, 0xFE, 0xFF, 0xE0, 0x00, 0x7F, 0xC0, 0x0C, 0x00, 0xC0, 0x00, 0x3F, 0x83,
  0x18, 0x60, 0xC3, 0xF8, 0x0E, 0x0F, 0xFE, 0xFF, 0xE2, 0x00, 0x20, 0x07, 0xFC, 0x3F, 0xC0, 0x00,
  0x3F, 0x87, 0x1C, 0x31, 0x81, 0xF0, 0xFF, 0xEF, 0xFE, 0x7F, 0x80, 0x18, 0x7F, 0x86, 0x00, 0x7F,
  0xC0, 0x00, 0x3F, 0x83, 0x18, 0x60, 0xC3, 0xF8, 0x0E, 0x0F, 0xFE, 0x7F, 0xC3, 0xF8, 0x31, 0x83,
  0x18, 0x3F, 0x80, 0x00, 0x01, 0x83, 0xD8, 0x67, 0x86, 0x78, 0x7F, 0xE3, 0xD8, 0x19, 0x8F, 0xF8,
  0x7D, 0x80, 0x18, 0x01, 0x80, 0x00, 0x39, 0x86, 0xD8, 0x45, 0x86, 0xDC, 0x39, 0xCF, 0xF8, 0xFF,
  0x82, 0x18, 0x21, 0x87, 0xFC, 0x3F, 0xC0, 0x00, 0x3C, 0x86, 0xC8, 0x44, 0xC7, 0xCE, 0x38, 0x8F,
  0xE8, 0x78, 0x83, 0x10, 0x3B, 0x87, 0xFC, 0x6E, 0xC0, 0x00, 0x3D, 0x86, 0xD8, 0x45, 0x87, 0xDE,
  0x39, 0x8F, 0xF8, 0x7D, 0x83, 0xF0, 0x31, 0x83, 0x18, 0x3F, 0x00, 0x00, 0x00, 0xC3, 0xCC, 0x66,
  0xC6, 0x6C, 0x7E, 0xC3, 0xCC, 0x18, 0xCF, 0xFC, 0xFE, 0xC0, 0x0C, 0x00, 0xC0, 0x00, 0x00, 0x01,
  0xF0, 0x39, 0x86, 0x0C, 0x60, 0xC3, 0x1C, 0x1F, 0x81, 0x98, 0x19, 0x8F, 0xFE, 0xFF, 0xE0, 0x00,
  0x3F, 0x83, 0x1C, 0x60, 0xC3, 0xF8, 0x1B, 0x0F, 0xFE, 0xFF, 0xE0, 0x00, 0x7F, 0xC0, 0x0C, 0x00,
  0xC0, 0x00, 0x3F, 0x83, 0x1C, 0x60, 0xC3, 0xF8, 0x1B, 0x0F, 0xFE, 0x7F, 0xE3, 0xF8, 0x31, 0x83,
  0x18, 0x3F, 0x80, 0x00, 0x1F, 0x03, 0x18, 0x60, 0xC3, 0x18, 0x3F, 0x80, 0x00, 0xFF, 0xEF, 0xFE,
  0x04, 0x00, 0x40, 0x04, 0x00, 0x00, 0x1F, 0x03, 0x18, 0x60, 0xC3, 0x18, 0x1F, 0x0F, 0xFE, 0xFF,
  0xE6, 0x40, 0x64, 0x07, 0xFC, 0x7F, 0xC0, 0x00, 0x3F, 0x87, 0x1C, 0x71, 0xC3, 0xF8, 0x7F, 0xE7,
  0xFC, 0x3F, 0x83, 0xF8, 0x3F, 0x87, 0x00, 0x7F, 0xC0, 0x00, 0x3F, 0x87, 0x1C, 0x71, 0xC3, 0xF8,
  0x00, 0x0F, 0xFE, 0x06, 0x07, 0xFC, 0x7F, 0xC6, 0x0C, 0x7F, 0xC0, 0x00, 0x3C, 0xC6, 0xCC, 0x46,
  0xC6, 0xCC, 0x3C, 0xC7, 0xEC, 0xFC, 0xC1, 0xFC, 0x18, 0xC1, 0x8C, 0x18, 0xC0, 0x00, 0x3C, 0xC6,
  0xEC, 0x6E, 0xC3, 0xCC, 0x02, 0xCF, 0xEC, 0x1B, 0xC7, 0x8C, 0x60, 0x07, 0xFC, 0x7F, 0xC0, 0x00,
  0x3C, 0xC6, 0x4C, 0x64, 0xC3, 0xCC, 0xFE, 0xC1, 0xBC, 0x10, 0xC3, 0x30, 0x3B, 0x86, 0xEE, 0x04,
  0x40, 0x00, 0x01, 0x47, 0x94, 0x6D, 0x46, 0xD4, 0x39, 0x4F, 0xF4, 0x7B, 0x43, 0xF4, 0x33, 0x43,
  0x14, 0x01, 0x40, 0x00, 0x3B, 0xC6, 0xFC, 0x6F, 0xC3, 0xBC, 0xFF, 0xC1, 0xFC, 0x11, 0xC3, 0x0C,
  0x3F, 0xC3, 0x0C, 0x3F, 0xC0, 0x00, 0x3C, 0xC6, 0x6C, 0x66, 0xC6, 0x6C, 0x3C, 0xC1, 0xEC, 0xFF,
  0xC1, 0x8C, 0x18, 0xC1, 0x8C, 0x18, 0xC0, 0x00, 0x3C, 0xC6, 0xCC, 0x66, 0xC6, 0xCC, 0x3C, 0xCF,
  0xEC, 0xFC, 0xC7, 0x8C, 0x70, 0x87, 0xFC, 0x7F, 0xC0, 0x00, 0x1F, 0x03, 0x18, 0x60, 0xC3, 0x18,
  0x3F, 0x80, 0x00, 0xFF, 0xEF, 0xFE, 0x1B, 0x01, 0xB0, 0x1B, 0x00, 0x00, 0x3F, 0x83, 0x1C, 0x71,
  0xC3, 0xF8, 0x00, 0x0F, 0xFE, 0x3B, 0x07, 0xF8, 0x3F, 0xC0, 0x0C, 0x00, 0xC0, 0x00, 0x1F, 0x03,
  0x38, 0x60, 0xC3, 0x18, 0x1F, 0x07, 0xFC, 0xFF, 0xE6, 0xF0, 0x6B, 0x07, 0xFC, 0x7F, 0xC0, 0x00,
  0x00, 0x01, 0xF8, 0x39, 0xC3, 0x0C, 0x30, 0xC3, 0x0C, 0x39, 0xC1, 0xF8, 0x00, 0x00, 0x00, 0x7F,
  0xE0, 0x00, 0x1F, 0x83, 0x9C, 0x30, 0xC3, 0x9C, 0x1F, 0x80, 0x00, 0x7F, 0xE3, 0x00, 0x30, 0x03,
  0xFC, 0x3F, 0xC0, 0x00, 0x1F, 0x83, 0x0C, 0x30, 0xC1, 0xF8, 0x7F, 0xE7, 0xFE, 0x3F, 0xC0, 0x0C,
  0x3F, 0xC3, 0x00, 0x3F, 0xC0, 0x00, 0x1F, 0x83, 0x0C, 0x30, 0xC1, 0xF8, 0x00, 0x07, 0xFE, 0x00,
  0x03, 0xFC, 0x30, 0xC3, 0x0C, 0x3F, 0xC0, 0x00, 0x00, 0xC3, 0xCC, 0x66, 0xC6, 0x6C, 0x66, 0xC3,
  0xCC, 0x00, 0xC0, 0x2C, 0xFF, 0xC0, 0x0C, 0x00, 0xC0, 0x00, 0x00, 0xC3, 0x8C, 0x6C, 0xC6, 0x4C,
  0x46, 0xC6, 0x4C, 0x6C, 0xC3, 0x8C, 0x00, 0xC0, 0x0C, 0x00, 0xC0, 0x00, 0x00, 0xC7, 0xCC, 0x6C,
  0xC4, 0x6C, 0x6C, 0xC7, 0xCC, 0x10, 0xC3, 0x0C, 0x30, 0x03, 0xFC, 0x3F, 0xC0, 0x00, 0x3C, 0xC6,
  0xCC, 0x46, 0xC6, 0xCC, 0x7C, 0xC0, 0x08, 0x3F, 0xC0, 0x0C, 0x3F, 0xC3, 0x00, 0x3F, 0xC0, 0x00,
  0x3C, 0xC6, 0xCC, 0x46, 0xC6, 0xCC, 0x7C, 0xC0, 0x0C, 0x3F, 0xC3, 0xFC, 0x3C, 0xC2, 0x0C, 0x7C,
  0xC0, 0x00, 0x38, 0xC6, 0xCC, 0x46, 0xC4, 0x6C, 0x6C, 0xC3, 0x8C, 0x00, 0x83, 0xFC, 0x30, 0xC3,
  0x0C, 0x3F, 0xC0, 0x00, 0x38, 0xC6, 0xCC, 0x46, 0xC4, 0x6C, 0x6C, 0xC3, 0x8C, 0x30, 0x83, 0x0C,
  0x3F, 0xC3, 0x0C, 0x3F, 0xC0, 0x00, 0x38, 0xC6, 0xCC, 0x46, 0xC4, 0x6C, 0x6C, 0xC3, 0x8C, 0x11,
  0x81, 0x98, 0x3B, 0x87, 0xFC, 0x6E, 0x40, 0x00, 0x00, 0xC7, 0xCC, 0x6C, 0xC4, 0x6C, 0x6C, 0xC3,
  0xCC, 0x00, 0x81, 0xF8, 0x31, 0xC3, 0x1C, 0x1F, 0x80, 0x00, 0x3C, 0xC6, 0xCC, 0x46, 0xC4, 0x6C,
  0x6C, 0xC3, 0xCC, 0x1F, 0x83, 0xFC, 0x19, 0x83, 0xFC, 0x3F, 0xC0, 0x00, 0x7D, 0x8F, 0xF8, 0x19,
  0x81, 0x98, 0x39, 0xE3, 0x98, 0x6D, 0x8E, 0x78, 0xC1, 0x80, 0x18, 0x01, 0x80, 0x00, 0x7D, 0x8F,
  0xF8, 0x19, 0x83, 0x9E, 0x7D, 0x8E, 0xF8, 0x01, 0x87, 0xF8, 0x01, 0x80, 0x18, 0x01, 0x80, 0x00,
  0x7E, 0x87, 0xC8, 0x38, 0xE3, 0xCC, 0xE6, 0x84, 0x08, 0x3F, 0x80, 0x18, 0x3F, 0x83, 0x00, 0x3F,
  0xC0, 0x00, 0x7D, 0x87, 0xF8, 0x19, 0x83, 0x9E, 0x3D, 0x8E, 0x78, 0x43, 0x83, 0xF8, 0x31, 0x83,
  0x18, 0x3F, 0x80, 0x00, 0x7D, 0x87, 0xF8, 0x19, 0xE3, 0xDC, 0x6F, 0x84, 0x08, 0x20, 0x83, 0x18,
  0x3F, 0x83, 0x18, 0x3F, 0x80, 0x00, 0x00, 0x87, 0xE8, 0x18, 0xC1, 0x8E, 0x3C, 0x86, 0x68, 0x40,
  0x83, 0xF8, 0x31, 0x83, 0x18, 0x1F, 0x80, 0x00, 0x03, 0x47, 0xF4, 0x7F, 0x43, 0x34, 0x3B, 0xC3,
  0xBC, 0x7F, 0x46, 0xF4, 0x43, 0x40, 0x34, 0x00, 0x40, 0x00, 0x7C, 0xCF, 0xEC, 0x18, 0xC1, 0x8C,
  0x3B, 0xC3, 0x8C, 0x6C, 0xCE, 0x6C, 0xC2, 0xC0, 0x0C, 0x00, 0xC0, 0x00, 0x00, 0xC7, 0xEC, 0x18,
  0xC1, 0xBC, 0x3C, 0xC6, 0x6C, 0x00, 0xC3, 0x0C, 0x30, 0x03, 0xFC, 0x3F, 0xC0, 0x00, 0x7E, 0xC1,
  0x8C, 0x1B, 0xC3, 0xCC, 0xE6, 0xC4, 0x0C, 0x3F, 0xC0, 0x0C, 0x3F, 0xC3, 0x00, 0x3F, 0xC0, 0x00,
  0x7E, 0xC7, 0xEC, 0x18, 0xC3, 0xBC, 0x3C, 0xC6, 0x6C, 0x42, 0xC3, 0xFC, 0x30, 0xC3, 0x0C, 0x3F,
  0xC0, 0x00, 0x7C, 0xC7, 0xEC, 0x18, 0xC3, 0xBC, 0x3C, 0xC6, 0x6C, 0x40, 0xC1, 0xF8, 0x31, 0xC3,
  0x1C, 0x1F, 0x80, 0x00, 0x03, 0x47, 0xF4, 0x7F, 0x43, 0x34, 0x3F, 0x43, 0xB4, 0x3B, 0x46, 0xF4,
  0x47, 0x40, 0x34, 0x03, 0x40, 0x00, 0x7C, 0xCF, 0xEC, 0x18, 0xC3, 0xBC, 0x38, 0xC3, 0xBC, 0x6E,
  0xCE, 0x6C, 0x40, 0xC0, 0x0C, 0x00, 0xC0, 0x00, 0x7E, 0xCF, 0xEC, 0x1B, 0xC3, 0x8C, 0x7F, 0xCE,
  0x6C, 0x51, 0x81, 0x98, 0x3B, 0x87, 0xFC, 0x66, 0x40, 0x00, 0x00, 0x03, 0xF8, 0x7F, 0xC0, 0xE0,
  0x0E, 0x03, 0xB8, 0x71, 0xC0, 0x40, 0x04, 0x0F, 0xFE, 0xFF, 0xE0, 0x00, 0x7F, 0xC7, 0xFC, 0x1F,
  0x07, 0xBC, 0x04, 0x0F, 0xFE, 0x7F, 0xC3, 0xF8, 0x31, 0x83, 0x18, 0x3F, 0x80, 0x00, 0x7F, 0xC7,
  0xF8, 0x7F, 0x87, 0xDC, 0xFF, 0xEF, 0xFC, 0x3F, 0x87, 0xF8, 0x3F, 0x03, 0x18, 0x3F, 0x00, 0x00,
  0x7F, 0xC7, 0xFC, 0x0E, 0x03, 0xB8, 0x71, 0xC1, 0xB0, 0xFF, 0xE7, 0x00, 0x20, 0x07, 0xFC, 0x3F,
  0xC0, 0x00, 0x7F, 0xC7, 0xFC, 0x0E, 0x01, 0xF0, 0x73, 0xC4, 0x00, 0xFF, 0xCF, 0xFC, 0x0C, 0x00,
  0xC0, 0x0C, 0x00, 0x00, 0x7F, 0xC7, 0xFC, 0x0E, 0x07, 0xBC, 0x60, 0xCF, 0xFE, 0xFF, 0xE2, 0x60,
  0x64, 0x07, 0xFC, 0x7F, 0xC0, 0x00, 0x7F, 0xC7, 0xFC, 0x1F, 0x07, 0x1C, 0x7F, 0xE7, 0xFC, 0x3F,
  0x83, 0xF8, 0x3F, 0x87, 0x00, 0x7F, 0xC0, 0x00, 0x7F, 0xC7, 0xFC, 0x0E, 0x07, 0xBC, 0x60, 0xCF,
  0xFE, 0x0E, 0x03, 0xF8, 0x3F, 0x83, 0x18, 0x3F, 0x80, 0x00, 0x3E, 0xC7, 0xEC, 0x18, 0xC3, 0xEC,
  0x66, 0xC7, 0xFC, 0x7F, 0xC1, 0x8C, 0x1B, 0xC1, 0x8C, 0x18, 0xC0, 0x00, 0x7F, 0xC7, 0xFC, 0x0E,
  0x01, 0xF0, 0x71, 0xC0, 0x00, 0xFF, 0xEF, 0xFE, 0x1B, 0x01, 0xB0, 0x1B, 0x00, 0x00, 0x7F, 0xC7,
  0xFC, 0x1F, 0x07, 0x1C, 0x7F, 0xE7, 0xFE, 0x7F, 0x80, 0x18, 0x7F, 0x86, 0x00, 0x7F, 0xC0, 0x00,
  0x7C, 0x8F, 0xE8, 0x18, 0x81, 0x88, 0x38, 0x83, 0x88, 0x6C, 0x8E, 0x68, 0xC0, 0x80, 0x08, 0x00,
  0x80, 0x00, 0x3E, 0xC7, 0xFC, 0x18, 0xC1, 0xCC, 0x3E, 0xC7, 0x7C, 0x00, 0x43, 0xFC, 0x00, 0xC0,
  0x0C, 0x00, 0xC0, 0x00, 0x00, 0xC7, 0xEC, 0x18, 0xC1, 0x8C, 0x3C, 0xC6, 0x7C, 0x00, 0xC3, 0x0C,
  0x30, 0x03, 0xFC, 0x3F, 0xC0, 0x00, 0x7E, 0xC7, 0xEC, 0x18, 0xC3, 0xCC, 0x77, 0xC4, 0x2C, 0x3F,
  0xC0, 0x0C, 0x3F, 0xC3, 0x00, 0x3F, 0xC0, 0x00, 0x7E, 0xC7, 0xEC, 0x18, 0xC3, 0xCC, 0x7E, 0xC6,
  0x2C, 0x10, 0x43, 0x0C, 0x3F, 0xC3, 0x0C, 0x3F, 0xC0, 0x00, 0x00, 0xC7, 0xEC, 0x18, 0xC1, 0xCC,
  0x3E, 0xC7, 0x6C, 0x00, 0xC0, 0x64, 0x0F, 0x01, 0xFC, 0x38, 0xE0, 0x00, 0x00, 0xCF, 0xFC, 0x36,
  0xC7, 0xEE, 0x7E, 0xCD, 0xBC, 0x00, 0xC3, 0xFC, 0x00, 0xC0, 0x0C, 0x00, 0xC0, 0x00, 0x7F, 0x87,
  0xE8, 0x36, 0xE7, 0xEC, 0xDB, 0x80, 0x88, 0x3A, 0x83, 0xF8, 0x3F, 0x86, 0x28, 0x7F, 0x80, 0x00,
  0x00, 0x07, 0xBC, 0x7F, 0xC3, 0x18, 0x3B, 0x87, 0xFC, 0x4E, 0x40, 0x40, 0x06, 0x0F, 0xFE, 0x7F,
  0xC0, 0x00, 0x7E, 0xCF, 0xFC, 0x36, 0xC3, 0x6C, 0x36, 0xC7, 0xEC, 0x7E, 0xCD, 0xBC, 0x08, 0xC0,
  0x0C, 0x00, 0xC0, 0x00, 0x76, 0xCF, 0xFC, 0x36, 0xC7, 0xEC, 0x7E, 0xCD, 0xBC, 0x00, 0x43, 0xFC,
  0x00, 0xC0, 0x0C, 0x00, 0xC0, 0x00, 0x7F, 0xC7, 0xFC, 0x36, 0x43, 0x74, 0x7D, 0xC4, 0x8C, 0x3F,
  0xC0, 0x0C, 0x3F, 0xC3, 0x00, 0x3F, 0xE0, 0x00, 0x7F, 0xC7, 0xFC, 0x36, 0xC3, 0xEC, 0x7F, 0xC5,
  0x9C, 0x10, 0x43, 0x0C, 0x3F, 0xC3, 0x0C, 0x3F, 0xC0, 0x00, 0x19, 0x87, 0xF8, 0xFF, 0x81, 0x98,
  0x19, 0xE3, 0x98, 0x6D, 0x8E, 0x78, 0x41, 0x80, 0x18, 0x01, 0x80, 0x00, 0x19, 0x87, 0xF8, 0x7F,
  0x81, 0x9E, 0x3D, 0x8E, 0xF8, 0x40, 0x83, 0xF8, 0x01, 0x80, 0x18, 0x01, 0x80, 0x00, 0x19, 0x87,
  0xF8, 0x7F, 0x81, 0x9E, 0x3D, 0x86, 0xF8, 0x40, 0x83, 0xF8, 0x31, 0x83, 0x18, 0x3F, 0x80, 0x00,
  0x18, 0x87, 0xE8, 0x7E, 0xC1, 0x8E, 0x3C, 0x8E, 0xE8, 0x40, 0x81, 0x18, 0x3B, 0x87, 0xFC, 0x6E,
  0xC0, 0x00, 0x19, 0x87, 0xF8, 0x7F, 0x81, 0x9E, 0x3D, 0x8E, 0xF8, 0x47, 0x83, 0xFC, 0x0E, 0x03,
  0xF8, 0x31, 0xC0, 0x00, 0x33, 0x43, 0x34, 0x7F, 0x43, 0x34, 0x33, 0xC3, 0xBC, 0x7B, 0x4E, 0xF4,
  0x43, 0x40, 0x34, 0x00, 0x40, 0x00, 0x00, 0x03, 0x34, 0x7F, 0x47, 0xFC, 0x33, 0xC3, 0xB4, 0x6F,
  0x44, 0x34, 0x3F, 0xC0, 0x0C, 0x00, 0xC0, 0x0C, 0x13, 0x47, 0xF4, 0x7F, 0xC3, 0xBC, 0x3B, 0x46,
  0xF4, 0x43, 0x41, 0xFC, 0x38, 0xC1, 0x8C, 0x1F, 0x80, 0x00, 0x18, 0xC7, 0xEC, 0xFE, 0xC1, 0x8C,
  0x1B, 0xC3, 0x8C, 0x2C, 0xCE, 0x6C, 0x42, 0xC0, 0x0C, 0x00, 0xC0, 0x00, 0x00, 0x01, 0x8C, 0x7E,
  0xC7, 0xEC, 0x1B, 0xC3, 0xCC, 0x7E, 0xC6, 0x6C, 0x00, 0xC3, 0x00, 0x30, 0x03, 0xFC, 0x18, 0xC7,
  0xEC, 0x7E, 0xC1, 0xBC, 0x7E, 0xC6, 0x6C, 0x3F, 0xC0, 0x0C, 0x3F, 0xC3, 0x00, 0x3F, 0xC0, 0x00,
  0x18, 0xC7, 0xCC, 0x7C, 0xC1, 0xBC, 0x3C, 0xCE, 0xEC, 0x44, 0xC0, 0xEC, 0x0E, 0x03, 0xBC, 0x30,
  0xC0, 0x00, 0x10, 0xC7, 0xEC, 0x7E, 0xC3, 0xBC, 0x3C, 0xC6, 0xEC, 0x40, 0xC1, 0xF8, 0x31, 0xC3,
  0x1C, 0x1F, 0x80, 0x00, 0x33, 0xC3, 0x3C, 0x7F, 0xC3, 0x3C, 0x37, 0xC3, 0xBC, 0x7B, 0xC6, 0xFC,
  0x43, 0xC0, 0x3C, 0x00, 0xC0, 0x00, 0x00, 0x01, 0x8C, 0x7E, 0xC7, 0xFC, 0x3B, 0xC7, 0xFC, 0xE6,
  0xC1, 0x1C, 0x19, 0x83, 0xB8, 0x7F, 0xC6, 0x64, 0x00, 0x00, 0x40, 0x7F, 0xC7, 0xFC, 0x0E, 0x01,
  0xF0, 0x71, 0xC0, 0x40, 0x04, 0x0F, 0xFE, 0x7F, 0xE0, 0x00, 0x3F, 0x87, 0xFC, 0x0E, 0x07, 0xBC,
  0x64, 0xCF, 0xFE, 0x7F, 0xE2, 0x08, 0x7F, 0x86, 0x08, 0x7F, 0x80, 0x00, 0x0E, 0x07, 0xFC, 0x0E,
  0x03, 0xF8, 0x75, 0xC7, 0xFC, 0xFF, 0xE3, 0xF8, 0x31, 0x83, 0x18, 0x3F, 0x80, 0x00, 0x00, 0x01,
  0x8C, 0x7E, 0xC7, 0xEC, 0x1C, 0xC3, 0xEC, 0x6A, 0xC1, 0x8C, 0x7F, 0xC7, 0xEC, 0x00, 0xC0, 0x0C,
  0x00, 0x00, 0x60, 0x7F, 0xC7, 0xFC, 0x0E, 0x01, 0xF0, 0x71, 0xC1, 0x10, 0x1B, 0x0F, 0xFE, 0xFF,
  0xE0, 0x00, 0x04, 0x07, 0xFC, 0x7F, 0xC0, 0xE0, 0x3B, 0x87, 0x1C, 0x7F, 0xCF, 0xFE, 0x04, 0x00,
  0x40, 0x04, 0x00, 0x00, 0x0E, 0x07, 0xFC, 0x1F, 0x07, 0xBC, 0x40, 0x4F, 0xFE, 0x3F, 0x83, 0xF8,
  0x3F, 0x86, 0x00, 0x7F, 0xC0, 0x00, 0x0E, 0x07, 0xFC, 0x0E, 0x03, 0xF8, 0x71, 0xCF, 0xFE, 0x7F,
  0xC1, 0xF0, 0x3F, 0x83, 0x18, 0x3F, 0x80, 0x00, 0x00, 0x01, 0x8C, 0x7E, 0xC7, 0xEC, 0x1C, 0xC7,
  0x6C, 0x63, 0xC7, 0xFC, 0x18, 0xC1, 0x8C, 0x18, 0xC1, 0x8C, 0x04, 0x07, 0xFC, 0x7F, 0xC0, 0xE0,
  0x3B, 0x87, 0x1C, 0x7F, 0xCF, 0xFE, 0x1B, 0x01, 0xB0, 0x1B, 0x00, 0x00, 0x00, 0x00, 0x40, 0x7F,
  0xC7, 0xFC, 0x0E, 0x00, 0xE0, 0x3B, 0x87, 0x1C, 0x00, 0x00, 0x00, 0x7F, 0xE0, 0x00, 0x18, 0xC7,
  0xEC, 0x7F, 0xC1, 0x8C, 0x18, 0xC1, 0xCC, 0x36, 0xC6, 0x7C, 0x62, 0xC0, 0x0C, 0x00, 0xC0, 0x00,
  0x18, 0xC7, 0xEC, 0x7E, 0xC1, 0x8C, 0x3C, 0xC7, 0x6C, 0x40, 0xC3, 0x0C, 0x30, 0x03, 0xFC, 0x3F,
  0xC0, 0x00, 0x18, 0xC7, 0xEC, 0x7E, 0xC1, 0x8C, 0x3C, 0xC6, 0x6C, 0x40, 0x43, 0xFC, 0x30, 0xC3,
  0x0C, 0x3F, 0xC0, 0x00, 0x00, 0xC7, 0xEC, 0x04, 0xC3, 0xCC, 0x7C, 0xF0, 0xCC, 0x18, 0xC7, 0x0C,
  0x60, 0xC0, 0x0C, 0x00, 0xC0, 0x00, 0x03, 0x47, 0xF4, 0x0F, 0x47, 0xF4, 0xFB, 0xC1, 0xBC, 0x33,
  0x46, 0x34, 0x43, 0x40, 0x34, 0x00, 0x40, 0x00, 0x3B, 0xC7, 0xFC, 0x1B, 0xCF, 0xBC, 0x3B, 0xC7,
  0x3C, 0x43, 0xC3, 0x3C, 0x30, 0x03, 0x00, 0x3F, 0xE0, 0x00, 0x7B, 0x67, 0xF6, 0x0B, 0x6F, 0xBE,
  0x3B, 0x67, 0x36, 0x43, 0x41, 0xFC, 0x38, 0xC1, 0x8C, 0x1F, 0xC0, 0x00, 0x00, 0xC7, 0xEC, 0x0C,
  0xC3, 0xCC, 0x7F, 0xC0, 0xCC, 0x18, 0xC7, 0x0C, 0x60, 0xC0, 0x0C, 0x00, 0xC0, 0x00, 0x7C, 0xC0,
  0xCC, 0x7F, 0xC1, 0x8C, 0x70, 0xC7, 0xFC, 0x3F, 0xC0, 0x0C, 0x3F, 0xC3, 0x00, 0x3F, 0xC0, 0x00,
  0x03, 0x47, 0xF4, 0x0F, 0x47, 0xF4, 0xFF, 0x41, 0xB4, 0x33, 0x46, 0x34, 0x43, 0x40, 0x34, 0x00,
  0x40, 0x00, 0x7B, 0xC7, 0xFC, 0x1B, 0xCF, 0xFC, 0x3B, 0xC7, 0x3C, 0x43, 0xC3, 0x3C, 0x30, 0x03,
  0xFC, 0x3F, 0xE0, 0x00, 0x03, 0x47, 0xF4, 0x0F, 0x4F, 0xF4, 0x1B, 0x47, 0x34, 0x63, 0x40, 0x64,
  0x07, 0x01, 0xFC, 0x38, 0xE0, 0x00, 0x7E, 0xC0, 0xEC, 0x3F, 0xC7, 0xCC, 0x1F, 0xC7, 0x0C, 0x40,
  0xC3, 0xFC, 0x30, 0xC3, 0x0C, 0x3F, 0xC0, 0x00, 0x00, 0x00, 0x00, 0x7F, 0xC0, 0x0C, 0x00, 0xC7,
  0xFC, 0x08, 0xC0, 0xDC, 0x0C, 0x0F, 0xFC, 0xFF, 0xC0, 0x00, 0x7F, 0xC0, 0x0C, 0x00, 0xC7, 0xFC,
  0x04, 0xC0, 0xC8, 0x7F, 0xE7, 0x00, 0x20, 0x07, 0xFC, 0x3F, 0xC0, 0x00, 0x00, 0x07, 0xFC, 0x00,
  0xC7, 0xFC, 0x00, 0xCF, 0xFE, 0xFF, 0xE0, 0x40, 0x04, 0x00, 0x40, 0x04, 0x00, 0x00, 0x00, 0xC7,
  0xEC, 0x06, 0xC7, 0xEC, 0x06, 0xC7, 0xFC, 0x7F, 0xC1, 0x8C, 0x18, 0xC1, 0x8C, 0x08, 0xC0, 0x00,
  0x00, 0xC7, 0xEC, 0x7E, 0xC7, 0xEC, 0x06, 0xCF, 0xFC, 0x18, 0xC3, 0x8C, 0x30, 0x83, 0xFC, 0x3F,
  0xC0, 0x00, 0x00, 0x00, 0x00, 0x3F, 0xC0, 0x0C, 0x00, 0xC3, 0xFC, 0x00, 0xC0, 0x08, 0x01, 0x80,
  0x00, 0x7F, 0xE0, 0x00, 0x3F, 0xC0, 0x0C, 0x00, 0x83, 0xF8, 0x00, 0x87, 0xFE, 0x00, 0x03, 0x00,
  0x30, 0x03, 0xFC, 0x3F, 0xC0, 0x00, 0x3F, 0xC0, 0x0C, 0x3F, 0x80, 0x08, 0x7F, 0xE0, 0x00, 0x3F,
  0xC0, 0x0C, 0x3F, 0xC3, 0x00, 0x3F, 0xC0, 0x00, 0x3F, 0xC0, 0x0C, 0x00, 0xC3, 0xFC, 0x00, 0x87,
  0xFE, 0x00, 0x03, 0xFC, 0x30, 0xC3, 0x0C, 0x3F, 0xC0, 0x00, 0x00, 0xC7, 0xEC, 0x06, 0xC0, 0xCC,
  0x7C, 0xC0, 0xCC, 0x18, 0xC7, 0x0C, 0x60, 0xC0, 0x0C, 0x00, 0xC0, 0x00, 0x00, 0xC7, 0xEC, 0x0C,
  0xC7, 0xCC, 0x1C, 0xC7, 0x8C, 0x60, 0x81, 0xF8, 0x31, 0xC3, 0x1C, 0x1F, 0x80, 0x00, 0x00, 0xC7,
  0xEC, 0x60, 0xC6, 0x0C, 0x7C, 0xF6, 0x0C, 0x60, 0xC7, 0xFC, 0x7E, 0xC0, 0x0C, 0x00, 0xC0, 0x00,
  0x00, 0xC7, 0xEC, 0x60, 0xC7, 0xCE, 0x60, 0xE7, 0xEC, 0x7E, 0xC0, 0x0C, 0x30, 0x03, 0x00, 0x3F,
  0xC0, 0x00, 0x7E, 0xC6, 0x0C, 0x7C, 0xE6, 0x0C, 0x7E, 0xC7, 0xC8, 0x3F, 0xC0, 0x0C, 0x3F, 0xC3,
  0x00, 0x3F, 0xC0, 0x00, 0x00, 0xC7, 0xEC, 0x60, 0xC7, 0xCE, 0x60, 0xC7, 0xEC, 0x7C, 0x83, 0xFC,
  0x30, 0xC3, 0x0C, 0x3F, 0xC0, 0x00, 0x00, 0x87, 0xC8, 0x60, 0xC7, 0xCE, 0x60, 0x87, 0xE8, 0x7C,
  0x81, 0xF8, 0x31, 0x83, 0x18, 0x1F, 0x80, 0x00, 0x03, 0x47, 0xF4, 0x63, 0x46, 0x34, 0x7F, 0xC6,
  0x3C, 0x63, 0x47, 0xF4, 0x7F, 0x40, 0x34, 0x00, 0x40, 0x00, 0x03, 0x67, 0xF6, 0x63, 0x67, 0xFE,
  0x63, 0x67, 0xF6, 0x63, 0x43, 0xFE, 0x00, 0x60, 0x06, 0x00, 0x60, 0x00, 0x00, 0xC7, 0xEC, 0x60,
  0xC6, 0x0C, 0x7F, 0xC6, 0x0C, 0x60, 0xC7, 0xEC, 0x7C, 0xC0, 0x0C, 0x00, 0xC0, 0x00, 0x00, 0xC7,
  0xEC, 0x60, 0xC7, 0xFC, 0x60, 0xC7, 0xEC, 0x7C, 0xC3, 0xFC, 0x30, 0xC3, 0x0C, 0x3F, 0xC0, 0x00,
  0x00, 0xC7, 0xEC, 0x60, 0xC7, 0xFC, 0x60, 0xC7, 0xEC, 0x7C, 0xC1, 0xFC, 0x38, 0xC3, 0x8C, 0x1F,
  0x80, 0x00, 0x01, 0xE7, 0xDE, 0x61, 0xE6, 0x1E, 0x7F, 0xE6, 0x1E, 0x61, 0xE7, 0xDE, 0x7D, 0xE0,
  0x1E, 0x01, 0x60, 0x00, 0x03, 0x47, 0xF4, 0x63, 0x47, 0xF4, 0x63, 0x47, 0xF4, 0x03, 0x41, 0xFC,
  0x18, 0xC1, 0x8C, 0x1F, 0xC0, 0x00, 0x00, 0x00, 0x00, 0x7F, 0x86, 0x00, 0x7F, 0x86, 0x00, 0x7F,
  0x87, 0xF8, 0x0C, 0x0F, 0xFC, 0xFF, 0xC0, 0x00, 0x3F, 0xC3, 0x00, 0x3F, 0x83, 0x00, 0x7F, 0xC0,
  0xE0, 0xFF, 0xE7, 0xFC, 0x20, 0x07, 0xFC, 0x3F, 0xC0, 0x00, 0x3F, 0xC2, 0x00, 0x3F, 0x87, 0xF8,
  0x3F, 0xC0, 0xE0, 0xFF, 0xE3, 0xF8, 0x31, 0x83, 0x18, 0x3F, 0x80, 0x00, 0x7F, 0x86, 0x00, 0x7F,
  0x86, 0x00, 0x7F, 0x87, 0xF8, 0xFF, 0xCF, 0xFC, 0x0C, 0x00, 0xC0, 0x0C, 0x00, 0x00, 0x00, 0x00,
  0x00, 0x3F, 0xC2, 0x00, 0x3F, 0x82, 0x00, 0x7F, 0xC3, 0xFC, 0x00, 0x00, 0x00, 0x7F, 0xE0, 0x00,
  0x3F, 0xC3, 0x00, 0x3F, 0x83, 0x00, 0x7F, 0xC3, 0xF8, 0xFF, 0xC0, 0x00, 0x7F, 0x80, 0x08, 0x00,
  0x80, 0x00, 0x7F, 0xC6, 0x00, 0x7F, 0x86, 0x00, 0x7F, 0xC3, 0xF8, 0xFF, 0xC6, 0x00, 0x60, 0x07,
  0xFC, 0x7F, 0xC0, 0x00, 0x3F, 0xC3, 0xF8, 0x3F, 0x83, 0xFC, 0x3F, 0x87, 0xFE, 0x7F, 0xE3, 0xF8,
  0x3F, 0x83, 0xF8, 0x3F, 0xC0, 0x00, 0x01, 0x8F, 0xF8, 0x7F, 0x86, 0xD8, 0x6D, 0xE6, 0xD8, 0x6D,
  0x8F, 0xF8, 0xFD, 0x80, 0x18, 0x01, 0x80, 0x00, 0x7F, 0x87, 0xF8, 0x6D, 0x86, 0xDE, 0x6D, 0x8F,
  0xF8, 0xFF, 0x83, 0x18, 0x30, 0x03, 0xFC, 0x3F, 0xC0, 0x00, 0x00, 0x87, 0xE8, 0x6C, 0xC6, 0xCE,
  0x6D, 0x8F, 0xF8, 0x7C, 0x83, 0xF8, 0x31, 0x83, 0x18, 0x1F, 0x00, 0x00, 0x03, 0x47, 0xF4, 0x7F,
  0x42, 0xB4, 0x2B, 0xC2, 0xBC, 0x2B, 0x47, 0xF4, 0x7F, 0x40, 0x34, 0x00, 0x40, 0x00, 0x03, 0x47,
  0xF4, 0x7F, 0x42, 0xBC, 0x2B, 0xC7, 0xF4, 0x7F, 0x41, 0x34, 0x10, 0x41, 0x00, 0x1F, 0xC0, 0x00,
  0x00, 0xC7, 0xEC, 0x7E, 0xC2, 0xCC, 0x2D, 0xC2, 0xCC, 0x2C, 0xCF, 0xFC, 0xFE, 0xC0, 0x0C, 0x00,
  0xC0, 0x00, 0x00, 0xC7, 0xEC, 0x2C, 0xC2, 0xDC, 0x2C, 0xCF, 0xEC, 0x7E, 0xC3, 0xFC, 0x00, 0xC0,
  0x0C, 0x00, 0xC0, 0x00, 0x7E, 0xC7, 0xEC, 0x2C, 0xC2, 0xFC, 0x2C, 0xCF, 0xFC, 0xFE, 0xC1, 0x0C,
  0x30, 0x03, 0x00, 0x3F, 0xC0, 0x00, 0x7E, 0xC7, 0xEC, 0x2C, 0xC2, 0xFC, 0x2C, 0xCF, 0xFC, 0x7C,
  0xC3, 0xFC, 0x30, 0xC3, 0x0C, 0x3F, 0xC0, 0x00, 0x03, 0xCF, 0xBC, 0xFB, 0xC5, 0x3C, 0x5F, 0xC5,
  0x3C, 0x53, 0xCF, 0xBC, 0xFB, 0xC0, 0x3C, 0x02, 0xC0, 0x00, 0x00, 0xC7, 0xEC, 0x2F, 0xC2, 0xCC,
  0x2F, 0xCF, 0xEC, 0xFE, 0xC0, 0x0C, 0x30, 0x03, 0x00, 0x3F, 0xC0, 0x00, 0x00, 0xC7, 0xEC, 0x2D,
  0xC2, 0xCC, 0x2F, 0xCF, 0xEC, 0x7C, 0xC1, 0xF8, 0x30, 0xC3, 0x1C, 0x1F, 0x80, 0x00, 0x00, 0x07,
  0xFC, 0x7F, 0xC1, 0xB0, 0x1B, 0x01, 0xB0, 0x7F, 0xC7, 0xFC, 0x04, 0x0F, 0xFE, 0xFF, 0xE0, 0x00,
  0x7F, 0xC7, 0xFC, 0x1B, 0x07, 0xFC, 0x3F, 0x8F, 0xFE, 0xFF, 0xE0, 0x00, 0x7F, 0xC0, 0x0C, 0x00,
  0xC0, 0x00, 0x7F, 0xC7, 0xFC, 0x1B, 0x03, 0xF8, 0x7F, 0xC0, 0x40, 0xFF, 0xE7, 0x00, 0x20, 0x07,
  0xFC, 0x3F, 0xC0, 0x00, 0x7F, 0xC1, 0xB0, 0x3F, 0x87, 0xFC, 0x04, 0x0F, 0xFE, 0x7F, 0xC7, 0xF8,
  0x3F, 0x87, 0xF8, 0x7F, 0xC0, 0x00, 0x00, 0x07, 0xFC, 0x7F, 0xC1, 0x90, 0x19, 0x01, 0x90, 0x7F,
  0xC7, 0xFC, 0x1B, 0x0F, 0xFE, 0xFF, 0xE0, 0x00, 0x7F, 0xC7, 0xFC, 0x1B, 0x01, 0xB0, 0x7F, 0xC3,
  0xF8, 0x7F, 0xCF, 0xFE, 0x04, 0x00, 0x40, 0x04, 0x00, 0x00, 0x7F, 0xC1, 0xB0, 0x1B, 0x07, 0xFC,
  0x7F, 0xC7, 0xFE, 0x3F, 0x83, 0xF8, 0x3F, 0x87, 0xF8, 0x7F, 0xC0, 0x00, 0x7F, 0xC7, 0xFC, 0x1B,
  0x07, 0xFC, 0x3F, 0x8F, 0xFE, 0x0E, 0x03, 0xF8, 0x7F, 0xC6, 0x0C, 0x7F, 0xC0, 0x00, 0x7F, 0xC7,
  0xFC, 0x1B, 0x07, 0xFC, 0x3F, 0x8F, 0xFE, 0x7F, 0xC3, 0xF8, 0x3F, 0x83, 0x18, 0x3F, 0x80, 0x00,
  0x00, 0x00, 0x00, 0x7F, 0xC7, 0xFC, 0x1B, 0x01, 0xB0, 0x7F, 0xC7, 0xFC, 0x00, 0x00, 0x00, 0x7F,
  0xE0, 0x00, 0x7F, 0xC7, 0xFC, 0x1B, 0x07, 0xFC, 0x7F, 0xC0, 0x00, 0x7F, 0xE2, 0x00, 0x20, 0x07,
  0xFC, 0x3F, 0xC0, 0x00, 0x7F, 0xC7, 0xFC, 0x1B, 0x07, 0xFC, 0x00, 0x07, 0xFE, 0x00, 0x07, 0xF8,
  0x3F, 0x87, 0xF8, 0x7F, 0xC0, 0x00, 0x00, 0xC7, 0xEC, 0x7E, 0xC2, 0xCC, 0x2C, 0xC2, 0xCC, 0x2C,
  0xCF, 0xFC, 0x7E, 0xC0, 0x0C, 0x00, 0xC0, 0x00, 0x7E, 0xC7, 0xEC, 0x3C, 0xC3, 0xCC, 0x3C, 0xC7,
  0xFC, 0x7C, 0xC3, 0xFC, 0x00, 0xC0, 0x0C, 0x00, 0xC0, 0x00, 0x7E, 0xC7, 0xEC, 0x3C, 0xC3, 0xCC,
  0x7F, 0xC7, 0x8C, 0x3F, 0xC0, 0x0C, 0x3F, 0xC3, 0x00, 0x3F, 0xC0, 0x00, 0x19, 0x8F, 0xF8, 0xFF,
  0x83, 0x98, 0x7D, 0xE6, 0x58, 0x67, 0x86, 0xD8, 0x39, 0x80, 0x18, 0x01, 0x80, 0x00, 0x19, 0x8F,
  0xF8, 0x7F, 0x83, 0xD8, 0x7D, 0xE6, 0xD8, 0x3D, 0x83, 0x18, 0x31, 0x83, 0xFC, 0x3F, 0xC0, 0x00,
  0x00, 0x01, 0x98, 0xFF, 0x87, 0xDE, 0x67, 0x87, 0xD8, 0x18, 0x83, 0xF8, 0x01, 0x83, 0xF8, 0x30,
  0x03, 0xFC, 0x00, 0x01, 0x98, 0xFF, 0x83, 0x98, 0x7D, 0xE6, 0x58, 0x7D, 0x81, 0x98, 0x7F, 0xC7,
  0xF8, 0x7F, 0xC7, 0xFC, 0x00, 0x01, 0x98, 0xFF, 0x83, 0xD8, 0x7D, 0xE6, 0x78, 0x7D, 0x83, 0x88,
  0x3F, 0x83, 0x18, 0x31, 0x83, 0xF8, 0x33, 0xC3, 0x3C, 0xFF, 0xC3, 0x3C, 0x7B, 0xC4, 0xBC, 0x4B,
  0xC7, 0xBC, 0x73, 0xC0, 0x3C, 0x03, 0xC0, 0x00, 0x33, 0xCF, 0xFC, 0x03, 0xC7, 0xBC, 0x4F, 0xC7,
  0xBC, 0x03, 0xC1, 0x98, 0x39, 0x87, 0xFC, 0x66, 0x60, 0x00, 0x33, 0x4F, 0xF4, 0x33, 0xC7, 0xBC,
  0x4B, 0x47, 0xB4, 0x33, 0x41, 0xF8, 0x30, 0xC3, 0x0C, 0x1F, 0x80, 0x00, 0x00, 0x01, 0x8C, 0xFE,
  0xC3, 0x8C, 0x7F, 0xC6, 0x4C, 0x7C, 0xC0, 0x08, 0x3F, 0xC3, 0x0C, 0x30, 0xC3, 0xFC, 0x33, 0xC3,
  0x3C, 0xFF, 0xC3, 0x3C, 0x7F, 0xC4, 0xBC, 0x4B, 0xC7, 0xBC, 0x7B, 0xC0, 0x3C, 0x02, 0xC0, 0x00,
  0x18, 0xCF, 0xEC, 0x3B, 0xC6, 0xCC, 0x6F, 0xC3, 0xDC, 0x00, 0x03, 0xFC, 0x1F, 0xC3, 0xF8, 0x3F,
  0xC0, 0x00, 0x18, 0xCF, 0xEC, 0x00, 0xC3, 0x9C, 0x6C, 0xC6, 0xFC, 0x38, 0xC1, 0xF8, 0x31, 0xC3,
  0x1C, 0x1F, 0x80, 0x00, 0x00, 0x00, 0x40, 0x7F, 0xC7, 0xFC, 0x1F, 0x03, 0x18, 0x31, 0x83, 0xF8,
  0x0E, 0x0F, 0xFE, 0xFF, 0xE0, 0x00, 0x04, 0x07, 0xFC, 0x3F, 0x83, 0x18, 0x3F, 0x81, 0xF0, 0xFF,
  0xEF, 0xFE, 0x20, 0x02, 0x00, 0x7F, 0xC0, 0x00, 0x0E, 0x07, 0xFC, 0x3F, 0x03, 0x18, 0x3F, 0x80,
  0xE0, 0xFF, 0xE7, 0xFC, 0x3F, 0x83, 0x18, 0x3F, 0x80, 0x00, 0x19, 0x8F, 0xF8, 0x7F, 0x83, 0xD8,
  0x65, 0xC7, 0xDC, 0x3D, 0x81, 0x98, 0xFF, 0x87, 0xD8, 0x01, 0x80, 0x00, 0x00, 0x01, 0x98, 0xFF,
  0x87, 0xF8, 0x65, 0xE7, 0xD8, 0x39, 0x8F, 0xF8, 0x78, 0x87, 0xF8, 0x01, 0x80, 0x18, 0x00, 0x01,
  0x98, 0xFF, 0x87, 0xF8, 0x7D, 0x87, 0xDE, 0x3D, 0x8F, 0xF8, 0x79, 0x82, 0x18, 0x7F, 0xC3, 0xFC,
  0x00, 0x01, 0x98, 0xFF, 0x87, 0xF8, 0x65, 0xE7, 0xD8, 0x19, 0x8F, 0xF8, 0x70, 0x03, 0xF8, 0x31,
  0x83, 0xF8, 0x18, 0xC7, 0xFC, 0x7E, 0xC3, 0xEC, 0x26, 0xC3, 0xEC, 0x3C, 0xC1, 0x8C, 0xFF, 0xC7,
  0x8C, 0x00, 0xC0, 0x00, 0x18, 0xC7, 0xFC, 0x3E, 0xC6, 0x6C, 0x3E, 0xC1, 0xCC, 0xFF, 0xC7, 0xCC,
  0x3F, 0xC0, 0x0C, 0x00, 0xC0, 0x00, 0x04, 0x07, 0xFC, 0x7F, 0xC1, 0xF0, 0x31, 0x83, 0x18, 0x3F,
  0x81, 0xF0, 0x1B, 0x0F, 0xFE, 0x00, 0x00, 0x00, 0x04, 0x07, 0xFC, 0x7F, 0xC3, 0xF8, 0x31, 0x83,
  0x18, 0x1F, 0x0F, 0xFE, 0xFF, 0xE0, 0x40, 0x04, 0x00, 0x00, 0x04, 0x07, 0xFC, 0x1F, 0x03, 0x18,
  0x31, 0x81, 0xF0, 0xFF, 0xEF, 0xFE, 0x26, 0x06, 0x00, 0x7F, 0xC0, 0x00, 0x00, 0x01, 0x8C, 0x7E,
  0xC3, 0xEC, 0x26, 0xC3, 0xEC, 0x7F, 0xCF, 0xFC, 0x38, 0x43, 0xFC, 0x30, 0xC3, 0xFC, 0x0E, 0x07,
  0xFC, 0x3F, 0x83, 0x18, 0x3F, 0x80, 0xE0, 0x7F, 0xE2, 0x08, 0x7F, 0x86, 0x08, 0x7F, 0x80, 0x00,
  0x18, 0xC7, 0xFC, 0x7E, 0xC3, 0xCC, 0x36, 0xC2, 0x6C, 0x3E, 0xC0, 0x0C, 0xFF, 0xC0, 0x0C, 0x00,
  0xC0, 0x00, 0x18, 0xC1, 0x8C, 0x7F, 0xC1, 0x0C, 0x3C, 0xC6, 0xCC, 0x66, 0xC6, 0xCC, 0x3C, 0xC0,
  0x0C, 0x00, 0xC0, 0x00, 0x00, 0x01, 0x8C, 0xFF, 0xC7, 0xEC, 0x3C, 0xC6, 0x4C, 0x6C, 0xC3, 0xCC,
  0x30, 0xC3, 0x08, 0x3F, 0xC3, 0xFC, 0x00, 0x01, 0x8C, 0xFF, 0xC0, 0x0C, 0x7C, 0xC6, 0x6C, 0x7C,
  0xC3, 0x88, 0x3F, 0xC3, 0x0C, 0x30, 0xC3, 0xFC,
};

static constexpr uint8_t KO_FONT_16_SIZE = 16;
static constexpr uint16_t KO_FONT_16_BYTES = 32;
static const uint8_t KO_FONT_16_BITMAPS[17280] PROGMEM = {
  0x00, 0x00, 0x00, 0x00, 0x00, 0x00, 0x00, 0x00, 0x01, 0x80, 0x01, 0x80, 0x01, 0x80, 0x00, 0x00,
  0x00, 0x00, 0x00, 0x00, 0x00, 0x00, 0x00, 0x00, 0x00, 0x00, 0x00, 0x00, 0x00, 0x00, 0x00, 0x00,
  0x00, 0x00, 0x00, 0x00, 0x01, 0x80, 0x01, 0x80, 0x03, 0xC0, 0x03, 0xC0, 0x07, 0xE0, 0x0F, 0xF0,
  0x0F, 0xF0, 0x1F, 0xF8, 0x1F, 0xF8, 0x3F, 0xFC, 0x3F, 0xFC, 0x7F, 0xFE, 0x7F, 0xFE, 0x00, 0x00,
  0x00, 0x00, 0x30, 0x00, 0x3C, 0x00, 0x3F, 0x00, 0x3F, 0x80, 0x3F, 0xE0, 0x3F, 0xF8, 0x3F, 0xFE,
  0x3F, 0xFC, 0x3F, 0xF8, 0x3F, 0xE0, 0x3F, 0x80, 0x3E, 0x00, 0x3C, 0x00, 0x30, 0x00, 0x00, 0x00,
  0x00, 0x00, 0x7F, 0xFE, 0x7F, 0xFE, 0x3F, 0xFC, 0x3F, 0xFC, 0x1F, 0xF8, 0x1F, 0xF8, 0x0F, 0xF0,
  0x07, 0xE0, 0x07, 0xE0, 0x03, 0xC0, 0x03, 0xC0, 0x01, 0x80, 0x01, 0x80, 0x00, 0x00, 0x00, 0x00,
  0x00, 0x00, 0x00, 0x0C, 0x00, 0x3C, 0x00, 0xFC, 0x01, 0xFC, 0x07, 0xFC, 0x1F, 0xFC, 0x7F, 0xFC,
  0x3F, 0xFC, 0x1F, 0xFC, 0x07, 0xFC, 0x01, 0xFC, 0x00, 0xFC, 0x00, 0x3C, 0x00, 0x0C, 0x00, 0x00,
  0x00, 0x00, 0x03, 0xC0, 0x07, 0xE0, 0x0C, 0x30, 0x0C, 0x30, 0x0C, 0x30, 0x07, 0xE0, 0x03, 0xC0,
  0x01, 0x80, 0x1F, 0xF8, 0x1F, 0xF8, 0x01, 0x80, 0x01, 0x80, 0x01, 0x80, 0x01, 0x80, 0x00, 0x00,
  0x00, 0x00, 0x00, 0x00, 0x00, 0xFC, 0x00, 0xFC, 0x00, 0x3C, 0x00, 0x7C, 0x00, 0xEC, 0x1F, 0xCC,
  0x3F, 0x80, 0x31, 0x80, 0x31, 0x80, 0x31, 0x80, 0x3F, 0x80, 0x1F, 0x00, 0x00, 0x00, 0x00, 0x00,
  0x00, 0x30, 0x00, 0x30, 0x7F, 0x30, 0x7F, 0x30, 0x03, 0x30, 0x07, 0x30, 0x06, 0x3C, 0x0E, 0x3C,
  0x0C, 0x30, 0x3C, 0x30, 0x78, 0x30, 0xE0, 0x30, 0x40, 0x30, 0x00, 0x30, 0x00, 0x30, 0x00, 0x00,
  0x00, 0x38, 0x00, 0x38, 0x7F, 0x38, 0x7F, 0x38, 0x07, 0x38, 0x06, 0x3E, 0x0E, 0x3E, 0x3C, 0x38,
  0xF0, 0x38, 0x40, 0x38, 0x18, 0x38, 0x18, 0x18, 0x18, 0x00, 0x1F, 0xF8, 0x1F, 0xF8, 0x00, 0x00,
  0x00, 0x18, 0x7F, 0x18, 0x7F, 0x18, 0x03, 0x18, 0x07, 0x1E, 0x0E, 0x1E, 0x1C, 0x18, 0x78, 0x18,
  0x70, 0x18, 0x1F, 0xF8, 0x1F, 0xF8, 0x18, 0x18, 0x18, 0x18, 0x1F, 0xF8, 0x1F, 0xF8, 0x00, 0x00,
  0x00, 0x30, 0x7F, 0x30, 0x7F, 0x30, 0x07, 0x30, 0x06, 0x3C, 0x0E, 0x3C, 0x1C, 0x30, 0xF8, 0x30,
  0xE0, 0x30, 0x08, 0x60, 0x1C, 0xE0, 0x1C, 0xE0, 0x1C, 0xF0, 0x77, 0xB8, 0x63, 0x98, 0x00, 0x00,
  0x00, 0x18, 0x3F, 0x98, 0x3F, 0x98, 0x03, 0x98, 0x03, 0x1E, 0x07, 0x1E, 0x0E, 0x18, 0x3C, 0x18,
  0x78, 0x18, 0x23, 0xC0, 0x0F, 0xF0, 0x1C, 0x38, 0x18, 0x18, 0x1F, 0xF8, 0x0F, 0xE0, 0x00, 0x00,
  0x00, 0x38, 0x7F, 0x38, 0x7F, 0x38, 0x07, 0x38, 0x07, 0x3E, 0x0E, 0x3E, 0x1C, 0x38, 0x78, 0x38,
  0x60, 0x18, 0x3F, 0xF8, 0x3F, 0xF8, 0x3F, 0xF0, 0x3F, 0xF8, 0x38, 0x00, 0x3F, 0xF8, 0x00, 0x00,
  0x00, 0x18, 0x00, 0xD8, 0x7E, 0xD8, 0x7E, 0xD8, 0x06, 0xD8, 0x06, 0xD8, 0x0E, 0xF8, 0x0C, 0xF8,
  0x1C, 0xD8, 0x38, 0xD8, 0x70, 0xD8, 0x60, 0xD8, 0x00, 0xD8, 0x00, 0xD8, 0x00, 0xD8, 0x00, 0x00,
  0x00, 0x30, 0x02, 0x30, 0x7F, 0x30, 0x7F, 0x30, 0x03, 0x3C, 0x07, 0x3C, 0x06, 0x30, 0x0E, 0x30,
  0x0C, 0x30, 0x1C, 0x3C, 0x78, 0x3C, 0xF0, 0x30, 0x40, 0x30, 0x00, 0x30, 0x00, 0x30, 0x00, 0x00,
  0x00, 0x18, 0x00, 0x18, 0x7F, 0x18, 0x7F, 0x18, 0x03, 0x18, 0x07, 0x18, 0x06, 0xF8, 0x0E, 0xF8,
  0x0C, 0x18, 0x1C, 0x18, 0x78, 0x18, 0xE0, 0x18, 0x40, 0x18, 0x00, 0x18, 0x00, 0x18, 0x00, 0x00,
  0x00, 0x38, 0x00, 0x38, 0x7F, 0x38, 0x7F, 0x38, 0x07, 0x38, 0x07, 0xF8, 0x0E, 0xF8, 0x3C, 0x38,
  0x70, 0x38, 0x40, 0x38, 0x18, 0x38, 0x18, 0x38, 0x18, 0x00, 0x1F, 0xF8, 0x1F, 0xF8, 0x00, 0x00,
  0x00, 0x38, 0x7F, 0x38, 0x3F, 0x38, 0x07, 0x38, 0x07, 0xF8, 0x0E, 0xF8, 0x3C, 0x38, 0x70, 0x38,
  0x4F, 0xF8, 0x1F, 0xF8, 0x00, 0x38, 0x1F, 0xF8, 0x1F, 0xF8, 0x18, 0x00, 0x1F, 0xF8, 0x00, 0x00,
  0x00, 0x1C, 0x7F, 0x1C, 0x7F, 0x1C, 0x07, 0x1C, 0x06, 0xFC, 0x0E, 0xFC, 0x1C, 0x1C, 0x78, 0x1C,
  0x60, 0x18, 0x1F, 0xF8, 0x1F, 0xFC, 0x18, 0x1C, 0x18, 0x1C, 0x1F, 0xFC, 0x1F, 0xFC, 0x00, 0x00,
  0x00, 0x38, 0x00, 0x38, 0x7F, 0x38, 0x7F, 0x38, 0x07, 0xF8, 0x07, 0xF8, 0x0E, 0x38, 0x3C, 0x38,
  0x70, 0x38, 0x41, 0xB8, 0x01, 0x90, 0x03, 0xC0, 0x07, 0xE0, 0x3E, 0x78, 0x38, 0x38, 0x00, 0x00,
  0x00, 0x18, 0x00, 0xF8, 0x7E, 0xF8, 0x7E, 0xF8, 0x06, 0xF8, 0x06, 0xF8, 0x0F, 0xF8, 0x0F, 0xF8,
  0x1C, 0xF8, 0x38, 0xF8, 0x70, 0xF8, 0x60, 0xF8, 0x00, 0xF8, 0x00, 0xF8, 0x00, 0xD8, 0x00, 0x00,
  0x00, 0x18, 0x3E, 0xD8, 0x7E, 0xD8, 0x06, 0xD8, 0x0F, 0xD8, 0x1F, 0xD8, 0x78, 0xD8, 0x60, 0xD8,
  0x1F, 0xF8, 0x1F, 0xF8, 0x00, 0x18, 0x1F, 0xF8, 0x1F, 0xF8, 0x18, 0x00, 0x1F, 0xFC, 0x00, 0x00,
  0x00, 0x18, 0x7E, 0xF8, 0x7E, 0xF8, 0x06, 0xF8, 0x0F, 0xF8, 0x0F, 0xF8, 0x18, 0xF8, 0x70, 0xF8,
  0x60, 0xF8, 0x0E, 0x70, 0x0E, 0x70, 0x0E, 0x70, 0x1F, 0xF8, 0x7B, 0xDC, 0x21, 0x84, 0x00, 0x00,
  0x00, 0x38, 0x02, 0x38, 0x7F, 0x38, 0x7F, 0x38, 0x03, 0xF8, 0x07, 0xF8, 0x06, 0x38, 0x0E, 0x38,
  0x0F, 0xF8, 0x3F, 0xF8, 0x78, 0x38, 0xE0, 0x38, 0x40, 0x38, 0x00, 0x38, 0x00, 0x38, 0x00, 0x00,
  0x00, 0x18, 0x7F, 0x98, 0x7F, 0x98, 0x03, 0xF8, 0x03, 0xF8, 0x07, 0x18, 0x1F, 0xF8, 0x7C, 0xF8,
  0x70, 0x18, 0x00, 0x00, 0x1F, 0xF8, 0x1F, 0xF8, 0x00, 0x18, 0x00, 0x18, 0x00, 0x18, 0x00, 0x00,
  0x00, 0x38, 0x3F, 0x38, 0x7F, 0x38, 0x07, 0xF8, 0x07, 0xF8, 0x06, 0x38, 0x0E, 0x38, 0x1D, 0xF8,
  0x79, 0xF8, 0x60, 0x38, 0x18, 0x38, 0x18, 0x38, 0x18, 0x00, 0x18, 0x00, 0x1F, 0xF8, 0x00, 0x00,
  0x00, 0x38, 0x7F, 0x38, 0x3F, 0xF8, 0x03, 0xF8, 0x06, 0x38, 0x0F, 0xF8, 0x3D, 0xF8, 0x70, 0x38,
  0x40, 0x38, 0x1F, 0xF8, 0x00, 0x38, 0x1F, 0xF8, 0x1F, 0xF8, 0x18, 0x00, 0x1F, 0xF8, 0x00, 0x00,
  0x00, 0x1C, 0x7F, 0x1C, 0x7F, 0x1C, 0x07, 0xFC, 0x07, 0xFC, 0x06, 0x1C, 0x1F, 0xFC, 0x7D, 0xFC,
  0x70, 0x1C, 0x43, 0xC0, 0x0F, 0xF8, 0x1C, 0x38, 0x18, 0x1C, 0x1F, 0xF8, 0x07, 0xF0, 0x00, 0x00,
  0x00, 0x18, 0x00, 0xD8, 0x7E, 0xD8, 0x7E, 0xD8, 0x07, 0xD8, 0x07, 0xD8, 0x0E, 0xD8, 0x0C, 0xD8,
  0x1F, 0xD8, 0x3B, 0xD8, 0x70, 0xD8, 0x60, 0xD8, 0x00, 0xD8, 0x00, 0xD8, 0x00, 0xD8, 0x00, 0x00,
  0x00, 0x00, 0x00, 0x00, 0x7F, 0xF0, 0x3F, 0xF0, 0x00, 0x30, 0x00, 0x30, 0x00, 0x30, 0x06, 0x30,
  0x06, 0x30, 0x06, 0x30, 0x06, 0x20, 0x06, 0x00, 0xFF, 0xFC, 0xFF, 0xFC, 0x00, 0x00, 0x00, 0x00,
  0x00, 0x00, 0x3F, 0xF0, 0x3F, 0xF0, 0x00, 0x30, 0x03, 0x30, 0x03, 0x30, 0x03, 0x20, 0x7F, 0xFC,
  0x7F, 0xFC, 0x00, 0x00, 0x30, 0x00, 0x30, 0x00, 0x30, 0x00, 0x30, 0x00, 0x3F, 0xF8, 0x00, 0x00,
  0x00, 0x00, 0x3F, 0xF0, 0x3F, 0xF0, 0x00, 0x30, 0x03, 0x30, 0x03, 0x30, 0x03, 0x00, 0x7F, 0xFC,
  0x7F, 0xFC, 0x00, 0x00, 0x3F, 0xF0, 0x3F, 0xF0, 0x30, 0x00, 0x30, 0x00, 0x3F, 0xF8, 0x00, 0x00,
  0x00, 0x00, 0x3F, 0xF0, 0x3F, 0xF0, 0x00, 0x30, 0x03, 0x30, 0x03, 0x30, 0x7F, 0xFC, 0x7F, 0xFC,
  0x1F, 0xF0, 0x3F, 0xF0, 0x00, 0x30, 0x3F, 0xF0, 0x30, 0x00, 0x30, 0x00, 0x3F, 0xF8, 0x00, 0x00,
  0x00, 0x00, 0x3F, 0xF8, 0x1F, 0xF8, 0x00, 0x18, 0x03, 0x18, 0x03, 0x38, 0x03, 0x00, 0x7F, 0xFC,
  0x7F, 0xFC, 0x00, 0x00, 0x1F, 0xF0, 0x3F, 0xF8, 0x30, 0x18, 0x3F, 0xF8, 0x0F, 0xE0, 0x00, 0x00,
  0x00, 0x30, 0x00, 0x30, 0x7F, 0xB0, 0x7F, 0xB0, 0x01, 0xB0, 0x01, 0xB0, 0x09, 0xBC, 0x19, 0xBC,
  0x19, 0xB0, 0x18, 0x30, 0x18, 0x30, 0x7F, 0xF0, 0x7F, 0xB0, 0x00, 0x30, 0x00, 0x30, 0x00, 0x00,
  0x00, 0x18, 0x00, 0x18, 0x7F, 0x98, 0x3F, 0x98, 0x01, 0x98, 0x1D, 0x9E, 0x1D, 0x9E, 0x1C, 0x58,
  0x7F, 0xD8, 0x7F, 0x18, 0x18, 0x18, 0x18, 0x18, 0x18, 0x00, 0x1F, 0xF8, 0x1F, 0xF8, 0x00, 0x00,
  0x00, 0x18, 0x3F, 0x98, 0x7F, 0x98, 0x01, 0x98, 0x0D, 0x9E, 0x0D, 0x9E, 0x0C, 0x98, 0x7F, 0xD8,
  0x7F, 0x18, 0x00, 0x18, 0x0F, 0xF0, 0x1F, 0xF8, 0x18, 0x18, 0x1F, 0xF8, 0x0F, 0xF0, 0x00, 0x00,
  0x00, 0x18, 0x00, 0x18, 0x3F, 0xD8, 0x3F, 0xD8, 0x00, 0xD8, 0x00, 0xD8, 0x00, 0xD8, 0x0C, 0xD8,
  0x0D, 0xD8, 0x0C, 0x18, 0x0C, 0x18, 0x7F, 0xF8, 0x7F, 0xD8, 0x00, 0x18, 0x00, 0x18, 0x00, 0x00,
  0x00, 0x18, 0x3F, 0x98, 0x7F, 0x98, 0x01, 0x98, 0x09, 0x98, 0x0D, 0x98, 0x0C, 0x18, 0x7F, 0xD8,
  0x7F, 0x18, 0x00, 0x00, 0x0F, 0xF0, 0x1F, 0xF8, 0x18, 0x18, 0x1F, 0xF8, 0x0F, 0xF0, 0x00, 0x00,
  0x00, 0x00, 0x3F, 0xF0, 0x3F, 0xF0, 0x00, 0x30, 0x00, 0x30, 0x00, 0x30, 0x00, 0x30, 0x00, 0x70,
  0xFF, 0xFC, 0xFF, 0xFC, 0x03, 0x00, 0x03, 0x00, 0x03, 0x00, 0x03, 0x00, 0x03, 0x00, 0x00, 0x00,
  0x00, 0x00, 0x3F, 0xF0, 0x3F, 0xF0, 0x00, 0x30, 0x00, 0x30, 0x00, 0x30, 0xFF, 0xFC, 0xFF, 0xFC,
  0x03, 0x00, 0x03, 0x00, 0x3F, 0xF0, 0x3F, 0xF0, 0x00, 0x30, 0x00, 0x30, 0x00, 0x30, 0x00, 0x00,
  0x00, 0x00, 0x3F, 0xF0, 0x3F, 0xF0, 0x00, 0x30, 0x00, 0x30, 0xFF, 0xFC, 0xFF, 0xFC, 0x03, 0x00,
  0x03, 0x00, 0x3F, 0xF0, 0x3F, 0xF0, 0x3F, 0xF0, 0x30, 0x00, 0x30, 0x00, 0x3F, 0xF8, 0x00, 0x00,
  0x00, 0x18, 0x3F, 0x98, 0x3F, 0x98, 0x01, 0x98, 0x01, 0x98, 0x01, 0xD8, 0x7F, 0xD8, 0x7F, 0xD8,
  0x0E, 0xF8, 0x0E, 0xF8, 0x3E, 0x18, 0x38, 0x18, 0x38, 0x00, 0x3F, 0xFC, 0x3F, 0xFC, 0x00, 0x00,
  0x00, 0x18, 0x3F, 0x98, 0x3F, 0x98, 0x01, 0x98, 0x03, 0x98, 0x03, 0x98, 0x03, 0x98, 0x7F, 0xD8,
  0x7F, 0xD8, 0x0C, 0x18, 0x0C, 0x18, 0x0C, 0x18, 0x0C, 0x18, 0x0C, 0x18, 0x0C, 0x18, 0x00, 0x00,
  0x00, 0x00, 0x3F, 0xF8, 0x3F, 0xF8, 0x00, 0x18, 0x00, 0x18, 0x00, 0x38, 0x00, 0x30, 0x7F, 0xFC,
  0x7F, 0xFC, 0x06, 0x60, 0x36, 0x60, 0x36, 0x60, 0x30, 0x00, 0x3F, 0xF8, 0x3F, 0xF8, 0x00, 0x00,
  0x00, 0x00, 0x00, 0x00, 0x3F, 0xF8, 0x3F, 0xF8, 0x00, 0x38, 0x00, 0x38, 0x00, 0x30, 0x00, 0x30,
  0x00, 0x30, 0x00, 0x30, 0x00, 0x30, 0x00, 0x00, 0xFF, 0xFC, 0x7F, 0xFC, 0x00, 0x00, 0x00, 0x00,
  0x00, 0x00, 0x3F, 0xF8, 0x3F, 0xF8, 0x00, 0x38, 0x00, 0x38, 0x00, 0x38, 0x00, 0x30, 0xFF, 0xFC,
  0x7F, 0xFC, 0x00, 0x00, 0x38, 0x00, 0x38, 0x00, 0x38, 0x00, 0x3F, 0xF8, 0x3F, 0xF8, 0x00, 0x00,
  0x00, 0x00, 0x3F, 0xF8, 0x3F, 0xF8, 0x00, 0x38, 0x00, 0x38, 0x00, 0x30, 0x7F, 0xFC, 0xFF, 0xFC,
  0x00, 0x00, 0x00, 0x00, 0x3F, 0xF8, 0x3F, 0xF8, 0x30, 0x38, 0x3F, 0xF8, 0x3F, 0xF8, 0x00, 0x00,
  0x3F, 0xF8, 0x3F, 0xF8, 0x00, 0x38, 0x00, 0x30, 0x00, 0x30, 0x00, 0x30, 0x7F, 0xFC, 0x7F, 0xFC,
  0x00, 0x00, 0x03, 0x00, 0x03, 0x80, 0x07, 0x80, 0x0F, 0xE0, 0x3C, 0x78, 0x30, 0x18, 0x00, 0x00,
  0x00, 0x18, 0x00, 0x18, 0x3F, 0x98, 0x3F, 0x98, 0x01, 0x98, 0x03, 0x98, 0x03, 0x18, 0x07, 0x18,
  0x0E, 0x18, 0x1E, 0x18, 0x3C, 0x18, 0x70, 0x18, 0x00, 0x18, 0x00, 0x18, 0x00, 0x18, 0x00, 0x00,
  0x00, 0x18, 0x7F, 0x18, 0x3F, 0x18, 0x07, 0x18, 0x06, 0x18, 0x1C, 0x18, 0x78, 0x18, 0x60, 0x18,
  0x1F, 0xF8, 0x1F, 0xF8, 0x00, 0x18, 0x1F, 0xF8, 0x1F, 0xF8, 0x18, 0x00, 0x1F, 0xF8, 0x00, 0x00,
  0x00, 0x38, 0x00, 0x38, 0x7F, 0xB8, 0x7F, 0xB8, 0x19, 0xB8, 0x19, 0xB8, 0x19, 0xBE, 0x3B, 0xBE,
  0x33, 0x38, 0x73, 0x38, 0x67, 0x38, 0x66, 0x38, 0x04, 0x38, 0x00, 0x38, 0x00, 0x38, 0x00, 0x00,
  0x00, 0x38, 0x00, 0x38, 0x7F, 0xF8, 0x7F, 0xF8, 0x18, 0xF8, 0x19, 0xFE, 0x39, 0xBE, 0x73, 0xB8,
  0x67, 0x38, 0x02, 0x38, 0x18, 0x38, 0x18, 0x00, 0x18, 0x00, 0x18, 0x00, 0x1F, 0xF8, 0x00, 0x00,
  0x00, 0x18, 0x7F, 0xD8, 0x7F, 0xD8, 0x18, 0xD8, 0x19, 0xDE, 0x39, 0x9E, 0x33, 0x98, 0x67, 0x18,
  0x06, 0x18, 0x18, 0x18, 0x18, 0x18, 0x1F, 0xF8, 0x18, 0x18, 0x1F, 0xF8, 0x1F, 0xF8, 0x00, 0x00,
  0x00, 0x0C, 0x00, 0x6C, 0x7F, 0x6C, 0x7F, 0x6C, 0x1B, 0x6C, 0x1B, 0x6C, 0x3B, 0x7C, 0x33, 0x7C,
  0x36, 0x6C, 0x36, 0x6C, 0x66, 0x6C, 0x6C, 0x6C, 0x0C, 0x6C, 0x00, 0x6C, 0x00, 0x6C, 0x00, 0x00,
  0x00, 0x18, 0x00, 0x18, 0x7F, 0x98, 0x7F, 0x98, 0x19, 0x98, 0x19, 0x98, 0x19, 0xF8, 0x3B, 0xF8,
  0x33, 0x18, 0x73, 0x18, 0x67, 0x18, 0x46, 0x18, 0x04, 0x18, 0x00, 0x18, 0x00, 0x18, 0x00, 0x00,
  0x00, 0x0C, 0x00, 0x6C, 0x7F, 0x6C, 0x7F, 0x6C, 0x1B, 0x6C, 0x1B, 0x6C, 0x3B, 0xEC, 0x33, 0xEC,
  0x36, 0x6C, 0x36, 0x6C, 0x76, 0x6C, 0x6C, 0x6C, 0x0C, 0x6C, 0x00, 0x6C, 0x00, 0x6C, 0x00, 0x00,
  0x00, 0x00, 0x00, 0x00, 0x7D, 0xF0, 0x7D, 0xF0, 0x0C, 0x30, 0x0C, 0x30, 0x0C, 0x30, 0x0F, 0x30,
  0x1F, 0x30, 0x1B, 0x30, 0x03, 0x00, 0x03, 0x00, 0xFF, 0xFC, 0xFF, 0xF8, 0x00, 0x00, 0x00, 0x00,
  0x7D, 0xF0, 0x7D, 0xF0, 0x0C, 0x30, 0x0C, 0x30, 0x1F, 0x30, 0x03, 0x00, 0xFF, 0xFC, 0x7F, 0xFC,
  0x03, 0x00, 0x3F, 0xF0, 0x3F, 0xF0, 0x07, 0x80, 0x0F, 0xC0, 0x7C, 0xF0, 0x30, 0x30, 0x00, 0x00,
  0x00, 0x00, 0x7D, 0xF0, 0x7D, 0xF0, 0x0C, 0x30, 0x0C, 0x30, 0x0C, 0x30, 0x1C, 0x30, 0xFF, 0xFC,
  0xFF, 0xFC, 0x03, 0x00, 0x03, 0x00, 0x03, 0x00, 0x03, 0x00, 0x03, 0x00, 0x03, 0x00, 0x00, 0x00,
  0x00, 0x00, 0x3F, 0xF0, 0x3E, 0xF0, 0x0E, 0x30, 0x0E, 0x30, 0x0C, 0x30, 0xFF, 0xFC, 0xFF, 0xFC,
  0x03, 0x00, 0x3F, 0xF0, 0x3F, 0xF0, 0x3F, 0xF0, 0x3F, 0xF0, 0x30, 0x00, 0x3F, 0xF8, 0x00, 0x00,
  0x00, 0x00, 0x00, 0x00, 0x7F, 0xF8, 0x3E, 0xF8, 0x0E, 0x38, 0x0E, 0x38, 0x0E, 0x38, 0x0C, 0x38,
  0x0C, 0x38, 0x0C, 0x30, 0x0C, 0x30, 0x00, 0x00, 0xFF, 0xFC, 0x7F, 0xFC, 0x00, 0x00, 0x00, 0x00,
  0x00, 0x00, 0x3F, 0xF8, 0x3E, 0xF8, 0x06, 0x38, 0x06, 0x38, 0x0E, 0x30, 0x7F, 0xFC, 0xFF, 0xFC,
  0x00, 0x00, 0x00, 0x60, 0x33, 0xFC, 0x31, 0xF8, 0x31, 0xF0, 0x3F, 0xB8, 0x3E, 0xF0, 0x00, 0x00,
  0x00, 0x00, 0x3F, 0xF8, 0x3E, 0xF8, 0x06, 0x38, 0x06, 0x38, 0x0E, 0x30, 0x7F, 0xFC, 0xFF, 0xFC,
  0x00, 0x00, 0x00, 0x00, 0x3F, 0xF8, 0x38, 0x38, 0x30, 0x38, 0x3F, 0xF8, 0x3F, 0xF8, 0x00, 0x00,
  0x3F, 0xF8, 0x3E, 0xF8, 0x06, 0x38, 0x06, 0x38, 0x0E, 0x30, 0x0C, 0x30, 0xFF, 0xFC, 0x7F, 0xFC,
  0x01, 0x00, 0x03, 0x80, 0x03, 0x80, 0x07, 0xC0, 0x1E, 0xF0, 0x3C, 0x78, 0x20, 0x00, 0x00, 0x00,
  0x00, 0x30, 0x00, 0x30, 0x60, 0x30, 0x60, 0x30, 0x60, 0x30, 0x60, 0x30, 0x60, 0x3C, 0x60, 0x3C,
  0x60, 0x30, 0x61, 0xB0, 0x7F, 0xB0, 0x7E, 0x30, 0x00, 0x30, 0x00, 0x30, 0x00, 0x30, 0x00, 0x00,
  0x00, 0x30, 0x60, 0x30, 0x60, 0x30, 0x60, 0x30, 0x60, 0x30, 0x60, 0x3C, 0x60, 0xBC, 0x7F, 0xB0,
  0x7F, 0x30, 0x00, 0x30, 0x38, 0x30, 0x38, 0x00, 0x38, 0x00, 0x3F, 0xF8, 0x3F, 0xF8, 0x00, 0x00,
  0x00, 0x30, 0x60, 0x30, 0x60, 0x30, 0x60, 0x3C, 0x60, 0x3C, 0x63, 0xB0, 0x7F, 0xB0, 0x7C, 0x30,
  0x1F, 0xF0, 0x3F, 0xF0, 0x00, 0x30, 0x3F, 0xF0, 0x3F, 0xF0, 0x38, 0x00, 0x3F, 0xF8, 0x00, 0x00,
  0x00, 0x30, 0x60, 0x30, 0x60, 0x30, 0x60, 0x3C, 0x60, 0x3C, 0x60, 0xB0, 0x7F, 0xB0, 0x7F, 0x30,
  0x00, 0x30, 0x1F, 0xF0, 0x3F, 0xF0, 0x38, 0x30, 0x38, 0x30, 0x3F, 0xF0, 0x3F, 0xF0, 0x00, 0x00,
  0x00, 0x30, 0x00, 0x30, 0x60, 0x30, 0x60, 0x30, 0x60, 0x3C, 0x60, 0x3C, 0x67, 0xB0, 0x7F, 0xB0,
  0x7C, 0x30, 0x08, 0x40, 0x1C, 0xE0, 0x1C, 0xE0, 0x1C, 0xF0, 0x7F, 0xB8, 0x77, 0x9C, 0x01, 0x00,
  0x00, 0x30, 0x60, 0x30, 0x60, 0x30, 0x60, 0x3C, 0x60, 0x3C, 0x61, 0xB0, 0x7F, 0xB0, 0x7E, 0x30,
  0x00, 0x30, 0x1F, 0xF0, 0x3F, 0xF0, 0x03, 0x80, 0x07, 0xC0, 0x1E, 0xF0, 0x3C, 0x78, 0x00, 0x00,
  0x00, 0x18, 0x00, 0xD8, 0x60, 0xD8, 0x60, 0xD8, 0x60, 0xD8, 0x60, 0xD8, 0x60, 0xF8, 0x60, 0xF8,
  0x60, 0xD8, 0x60, 0xD8, 0x7E, 0xD8, 0x7E, 0xD8, 0x00, 0xD8, 0x00, 0xD8, 0x00, 0xD8, 0x00, 0x00,
  0x00, 0x18, 0x60, 0xD8, 0x60, 0xD8, 0x60, 0xD8, 0x60, 0xF8, 0x60, 0xF8, 0x7E, 0xD8, 0x7E, 0xD8,
  0x00, 0xD8, 0x1F, 0xF8, 0x1F, 0xF8, 0x18, 0x18, 0x18, 0x18, 0x1F, 0xF8, 0x1F, 0xF8, 0x00, 0x00,
  0x00, 0x18, 0x00, 0xD8, 0x60, 0xD8, 0x60, 0xD8, 0x60, 0xF8, 0x60, 0xF8, 0x62, 0xD8, 0x7E, 0xD8,
  0x7E, 0xD8, 0x03, 0xD8, 0x0F, 0xF0, 0x1C, 0x38, 0x18, 0x18, 0x1F, 0xF8, 0x0F, 0xF0, 0x00, 0x00,
  0x00, 0x30, 0x60, 0x30, 0x60, 0x3C, 0x60, 0x3C, 0x60, 0x30, 0x60, 0x3C, 0x7F, 0xBC, 0x7F, 0x30,
  0x00, 0x30, 0x1F, 0xF0, 0x3F, 0xF0, 0x38, 0x30, 0x38, 0x30, 0x3F, 0xF0, 0x3F, 0xF0, 0x00, 0x00,
  0x00, 0x18, 0x00, 0x18, 0x60, 0x18, 0x60, 0x18, 0x60, 0x18, 0x61, 0xF8, 0x61, 0xF8, 0x60, 0x18,
  0x60, 0x18, 0x60, 0x98, 0x7F, 0x98, 0x7F, 0x18, 0x00, 0x18, 0x00, 0x18, 0x00, 0x18, 0x00, 0x00,
  0x00, 0x38, 0x60, 0x38, 0x60, 0x38, 0x63, 0xF8, 0x61, 0xF8, 0x61, 0x38, 0x7F, 0xB8, 0x7E, 0x38,
  0x00, 0x38, 0x1F, 0xF8, 0x00, 0x38, 0x1F, 0xF8, 0x1F, 0xF8, 0x18, 0x00, 0x1F, 0xFC, 0x00, 0x00,
  0x00, 0x18, 0x60, 0x18, 0x61, 0xF8, 0x61, 0xF8, 0x60, 0x18, 0x61, 0x98, 0x7F, 0x98, 0x7F, 0x98,
  0x01, 0x80, 0x1F, 0xF8, 0x1F, 0xF8, 0x0F, 0xE0, 0x1F, 0xF0, 0x1F, 0xF0, 0x0F, 0xE0, 0x00, 0x00,
  0x00, 0x18, 0x00, 0xD8, 0x60, 0xD8, 0x60, 0xD8, 0x60, 0xD8, 0x67, 0xD8, 0x67, 0xD8, 0x60, 0xD8,
  0x60, 0xD8, 0x60, 0xD8, 0x7E, 0xD8, 0x7E, 0xD8, 0x00, 0xD8, 0x00, 0xD8, 0x00, 0xD8, 0x00, 0x00,
  0x00, 0x18, 0x60, 0x18, 0x61, 0xF8, 0x60, 0xF8, 0x60, 0xF8, 0x61, 0xF8, 0x60, 0x18, 0x7F, 0x98,
  0x7F, 0x98, 0x00, 0x18, 0x1F, 0xF8, 0x1F, 0xF8, 0x00, 0x18, 0x00, 0x18, 0x00, 0x18, 0x00, 0x00,
  0x00, 0x38, 0x60, 0x38, 0x63, 0xF8, 0x61, 0xF8, 0x61, 0xF8, 0x63, 0xF8, 0x60, 0x38, 0x7F, 0x38,
  0x7F, 0x38, 0x00, 0x00, 0x1F, 0xF8, 0x1F, 0xF8, 0x18, 0x38, 0x1F, 0xF8, 0x1F, 0xF8, 0x00, 0x00,
  0x00, 0x00, 0x00, 0x00, 0x30, 0x00, 0x30, 0x00, 0x30, 0x00, 0x30, 0x00, 0x30, 0x00, 0x3F, 0xF0,
  0x3F, 0xF0, 0x03, 0x00, 0x03, 0x00, 0x03, 0x00, 0xFF, 0xFC, 0xFF, 0xFC, 0x00, 0x00, 0x00, 0x00,
  0x00, 0x00, 0x30, 0x00, 0x30, 0x00, 0x30, 0x00, 0x3F, 0xF0, 0x1F, 0xF0, 0xFF, 0xFC, 0xFF, 0xFC,
  0x00, 0x00, 0x3F, 0xF0, 0x3F, 0xF0, 0x3F, 0xF0, 0x3F, 0xF0, 0x3F, 0xF8, 0x3F, 0xF8, 0x00, 0x00,
  0x00, 0x00, 0x30, 0x00, 0x30, 0x00, 0x30, 0x00, 0x3F, 0xF8, 0x3F, 0xF8, 0x03, 0x00, 0xFF, 0xFC,
  0xFF, 0xFC, 0x3F, 0xF0, 0x3F, 0xF8, 0x0C, 0xE0, 0x0C, 0xE0, 0x0C, 0xE0, 0x3F, 0xF8, 0x00, 0x00,
  0x00, 0x00, 0x30, 0x00, 0x30, 0x00, 0x30, 0x00, 0x3F, 0xF8, 0x3F, 0xF8, 0x0C, 0x60, 0x7F, 0xFC,
  0x7F, 0xFC, 0x00, 0x00, 0x1F, 0xE0, 0x3F, 0xF8, 0x30, 0x38, 0x3F, 0xF8, 0x1F, 0xE0, 0x00, 0x00,
  0x00, 0x00, 0x30, 0x00, 0x30, 0x00, 0x30, 0x00, 0x30, 0x00, 0x3F, 0xF0, 0x3F, 0xF0, 0x00, 0x00,
  0xFF, 0xFC, 0xFF, 0xFC, 0x03, 0x00, 0x03, 0x00, 0x03, 0x00, 0x03, 0x00, 0x03, 0x00, 0x00, 0x00,
  0x00, 0x00, 0x30, 0x00, 0x30, 0x00, 0x30, 0x00, 0x30, 0x00, 0x3F, 0xF0, 0x3F, 0xF0, 0xFF, 0xFC,
  0xFF, 0xFC, 0x03, 0x00, 0x33, 0x00, 0x33, 0x00, 0x30, 0x00, 0x3F, 0xF0, 0x3F, 0xF8, 0x00, 0x00,
  0x00, 0x00, 0x30, 0x00, 0x30, 0x00, 0x30, 0x00, 0x30, 0x00, 0x3F, 0xF0, 0x3F, 0xF0, 0x00, 0x00,
  0x7F, 0xFC, 0xFF, 0xFC, 0x1C, 0x60, 0x1C, 0x60, 0x1C, 0x60, 0x1C, 0x60, 0x1C, 0x60, 0x00, 0x00,
  0x00, 0x00, 0x00, 0x00, 0x30, 0x00, 0x30, 0x00, 0x30, 0x00, 0x30, 0x00, 0x30, 0x00, 0x3F, 0xF8,
  0x3F, 0xF8, 0x00, 0x00, 0x00, 0x00, 0x00, 0x00, 0xFF, 0xFC, 0x7F, 0xFC, 0x00, 0x00, 0x00, 0x00,
  0x00, 0x00, 0x30, 0x00, 0x30, 0x00, 0x30, 0x00, 0x30, 0x00, 0x3F, 0xF8, 0x3F, 0xF8, 0x00, 0x00,
  0xFF, 0xFC, 0x7F, 0xFC, 0x30, 0x00, 0x30, 0x00, 0x30, 0x00, 0x3F, 0xF8, 0x3F, 0xF8, 0x00, 0x00,
  0x00, 0x00, 0x30, 0x00, 0x30, 0x00, 0x30, 0x00, 0x3F, 0xF8, 0x3F, 0xF0, 0x7F, 0xFC, 0xFF, 0xFC,
  0x00, 0x00, 0x3F, 0xF8, 0x1F, 0xF8, 0x3F, 0xF8, 0x3F, 0xF0, 0x3F, 0xF8, 0x3F, 0xF8, 0x00, 0x00,
  0x00, 0x00, 0x38, 0x00, 0x38, 0x00, 0x38, 0x00, 0x3F, 0xF8, 0x3F, 0xF8, 0x00, 0x00, 0x7F, 0xFC,
  0xFF, 0xFC, 0x00, 0x00, 0x1F, 0xE0, 0x3F, 0xF0, 0x30, 0x38, 0x3F, 0xF0, 0x0F, 0xE0, 0x00, 0x00,
  0x00, 0x18, 0x00, 0x18, 0x60, 0x18, 0x60, 0x18, 0x60, 0x18, 0x60, 0x18, 0x60, 0x18, 0x60, 0x18,
  0x60, 0x18, 0x61, 0xD8, 0x7F, 0xD8, 0x7F, 0x18, 0x00, 0x18, 0x00, 0x18, 0x00, 0x18, 0x00, 0x00,
  0x00, 0x30, 0x00, 0x30, 0x7F, 0x30, 0x7F, 0x30, 0x60, 0x30, 0x60, 0x30, 0x60, 0x3C, 0x60, 0x3C,
  0x60, 0x30, 0x60, 0x30, 0x7F, 0xB0, 0x7F, 0xB0, 0x00, 0x30, 0x00, 0x30, 0x00, 0x30, 0x00, 0x00,
  0x00, 0x30, 0x7F, 0x30, 0x7F, 0x30, 0x60, 0x30, 0x60, 0x3C, 0x60, 0x3C, 0x60, 0xB0, 0x7F, 0xB0,
  0x7F, 0x30, 0x00, 0x00, 0x3F, 0xF0, 0x3F, 0xF0, 0x00, 0x30, 0x00, 0x30, 0x00, 0x30, 0x00, 0x00,
  0x00, 0x30, 0x00, 0x30, 0x7F, 0x30, 0x7F, 0x30, 0x60, 0x30, 0x60, 0x3C, 0x60, 0x3C, 0x7F, 0xB0,
  0x7F, 0x30, 0x00, 0x30, 0x38, 0x30, 0x38, 0x30, 0x38, 0x00, 0x3F, 0xF8, 0x3F, 0xF8, 0x00, 0x00,
  0x00, 0x30, 0x7F, 0x30, 0x7F, 0x30, 0x60, 0x30, 0x60, 0x3C, 0x60, 0x3C, 0x60, 0xB0, 0x7F, 0xB0,
  0x7F, 0x30, 0x1F, 0xF0, 0x3F, 0xF0, 0x38, 0x00, 0x38, 0x00, 0x38, 0x00, 0x3F, 0xF8, 0x00, 0x00,
  0x00, 0x30, 0x7F, 0x30, 0x7F, 0x30, 0x60, 0x3C, 0x60, 0x3C, 0x60, 0xB0, 0x7F, 0xB0, 0x7F, 0x30,
  0x1F, 0xF0, 0x3F, 0xF0, 0x00, 0x30, 0x3F, 0xF0, 0x3F, 0xF0, 0x38, 0x00, 0x3F, 0xF8, 0x00, 0x00,
  0x00, 0x30, 0x7F, 0x30, 0x7F, 0x30, 0x60, 0x30, 0x60, 0x3C, 0x60, 0x3C, 0x61, 0xB0, 0x7F, 0xB0,
  0x7F, 0x30, 0x38, 0x30, 0x3F, 0xF0, 0x3F, 0xF0, 0x38, 0x30, 0x3F, 0xF0, 0x3F, 0xF0, 0x00, 0x00,
  0x00, 0x30, 0x7F, 0x30, 0x7F, 0x30, 0x60, 0x30, 0x60, 0x3C, 0x60, 0x3C, 0x60, 0xB0, 0x7F, 0xB0,
  0x7E, 0x30, 0x07, 0xB0, 0x1F, 0xE0, 0x38, 0x70, 0x38, 0x30, 0x1F, 0xF0, 0x0F, 0xE0, 0x00, 0x00,
  0x00, 0x1C, 0x00, 0xDC, 0x7E, 0xDC, 0x7E, 0xDC, 0x60, 0xDC, 0x60, 0xDC, 0x60, 0xFC, 0x60, 0xFC,
  0x60, 0xDC, 0x60, 0xDC, 0x7E, 0xDC, 0x7E, 0xDC, 0x00, 0xDC, 0x00, 0xDC, 0x00, 0xDC, 0x00, 0x00,
  0x00, 0x18, 0x00, 0xD8, 0x7E, 0xD8, 0x7E, 0xD8, 0x60, 0xF8, 0x60, 0xF8, 0x60, 0xD8, 0x7F, 0xD8,
  0x7E, 0xD8, 0x00, 0xD8, 0x18, 0xD8, 0x18, 0x18, 0x18, 0x00, 0x1F, 0xFC, 0x1F, 0xFC, 0x00, 0x00,
  0x00, 0x18, 0x00, 0x18, 0x7F, 0x18, 0x7F, 0x18, 0x60, 0x18, 0x60, 0x18, 0x61, 0xF8, 0x61, 0xF8,
  0x60, 0x18, 0x60, 0x18, 0x7F, 0x98, 0x7F, 0x98, 0x00, 0x18, 0x00, 0x18, 0x00, 0x18, 0x00, 0x00,
  0x00, 0x18, 0x7F, 0x18, 0x7F, 0x18, 0x60, 0x18, 0x61, 0xF8, 0x61, 0xF8, 0x60, 0x18, 0x7F, 0x98,
  0x7F, 0x98, 0x00, 0x18, 0x1F, 0xF8, 0x1F, 0xF8, 0x00, 0x18, 0x00, 0x18, 0x00, 0x18, 0x00, 0x00,
  0x00, 0x38, 0x7F, 0x38, 0x7F, 0x38, 0x60, 0x38, 0x61, 0xF8, 0x63, 0xF8, 0x60, 0x38, 0x7F, 0xB8,
  0x7F, 0x38, 0x00, 0x30, 0x0F, 0xF0, 0x1C, 0x70, 0x38, 0x38, 0x1F, 0xF0, 0x0F, 0xE0, 0x00, 0x00,
  0x00, 0x18, 0x00, 0xD8, 0x7E, 0xD8, 0x7E, 0xD8, 0x60, 0xD8, 0x60, 0xD8, 0x67, 0xD8, 0x67, 0xD8,
  0x60, 0xD8, 0x60, 0xD8, 0x7E, 0xD8, 0x7E, 0xD8, 0x00, 0xD8, 0x00, 0xD8, 0x00, 0xD8, 0x00, 0x00,
  0x00, 0x00, 0x3F, 0xF0, 0x3F, 0xF0, 0x30, 0x00, 0x30, 0x00, 0x30, 0x00, 0x30, 0x00, 0x3F, 0xF0,
  0x3F, 0xF0, 0x03, 0x00, 0x03, 0x00, 0x03, 0x00, 0xFF, 0xFC, 0xFF, 0xFC, 0x00, 0x00, 0x00, 0x00,
  0x00, 0x00, 0x3F, 0xF0, 0x3F, 0xF0, 0x30, 0x00, 0x3F, 0xF0, 0x3F, 0xF0, 0x03, 0x00, 0x03, 0x00,
  0xFF, 0xFC, 0xFF, 0xFC, 0x3F, 0xF0, 0x3F, 0xF0, 0x00, 0x30, 0x00, 0x30, 0x00, 0x30, 0x00, 0x00,
  0x00, 0x00, 0x3F, 0xF0, 0x3F, 0xF0, 0x30, 0x00, 0x30, 0x00, 0x3F, 0xF0, 0x3F, 0xF0, 0x03, 0x00,
  0xFF, 0xFC, 0xFF, 0xFC, 0x30, 0x00, 0x30, 0x00, 0x30, 0x00, 0x3F, 0xF0, 0x3F, 0xF8, 0x00, 0x00,
  0x00, 0x00, 0x3F, 0xF0, 0x3F, 0xF0, 0x30, 0x00, 0x3F, 0xF0, 0x3F, 0xF0, 0x03, 0x00, 0xFF, 0xFC,
  0xFF, 0xFC, 0x3F, 0xF0, 0x3F, 0xF0, 0x3F, 0xF0, 0x3F, 0xF0, 0x3F, 0xF8, 0x3F, 0xF8, 0x00, 0x00,
  0x00, 0x00, 0x3F, 0xF0, 0x3F, 0xF0, 0x30, 0x00, 0x30, 0x00, 0x3F, 0xF0, 0x3F, 0xF0, 0xFF, 0xFC,
  0xFF, 0xFC, 0x00, 0x00, 0x1F, 0xE0, 0x3F, 0xF0, 0x30, 0x30, 0x3F, 0xF0, 0x1F, 0xE0, 0x00, 0x00,
  0x00, 0x1C, 0x00, 0xDC, 0x7F, 0xDC, 0x7E, 0xDC, 0x60, 0xDC, 0x60, 0xDC, 0x60, 0xFC, 0x7F, 0xFC,
  0x7F, 0xFC, 0x1C, 0xDC, 0xFF, 0xDC, 0xFF, 0xDC, 0x00, 0xDC, 0x00, 0xDC, 0x00, 0xDC, 0x00, 0x00,
  0x00, 0x18, 0x7F, 0xD8, 0x7F, 0xD8, 0x60, 0xD8, 0x60, 0xF8, 0x7F, 0xF8, 0x7F, 0xF8, 0x18, 0xD8,
  0xFF, 0xD8, 0x78, 0xD8, 0x1C, 0x70, 0x1C, 0x70, 0x1C, 0x70, 0x77, 0xFC, 0x73, 0x9C, 0x01, 0x00,
  0x00, 0x18, 0x00, 0x18, 0x3F, 0xD8, 0x3F, 0x98, 0x30, 0x18, 0x30, 0x18, 0x30, 0x18, 0x3F, 0xD8,
  0x3F, 0xD8, 0x06, 0x18, 0x7F, 0xD8, 0x7F, 0xD8, 0x30, 0x18, 0x00, 0x18, 0x00, 0x18, 0x00, 0x00,
  0x00, 0x18, 0x3F, 0x98, 0x3F, 0x98, 0x30, 0x18, 0x30, 0x18, 0x3F, 0x98, 0x3F, 0x98, 0x0E, 0x18,
  0x7F, 0xD8, 0x7F, 0xD8, 0x18, 0x18, 0x18, 0x00, 0x18, 0x00, 0x1F, 0xF8, 0x1F, 0xFC, 0x00, 0x00,
  0x00, 0x18, 0x3F, 0x98, 0x3F, 0x98, 0x30, 0x18, 0x3F, 0x98, 0x3F, 0x98, 0x0E, 0x18, 0x7F, 0xD8,
  0x7F, 0xD8, 0x18, 0x18, 0x18, 0x18, 0x1F, 0xF8, 0x1F, 0xF8, 0x1F, 0xF8, 0x1F, 0xF8, 0x00, 0x00,
  0x00, 0x00, 0x3F, 0xF0, 0x3F, 0xF0, 0x30, 0x00, 0x30, 0x00, 0x30, 0x00, 0x3F, 0xF0, 0x3F, 0xF0,
  0x00, 0x00, 0xFF, 0xFC, 0xFF, 0xFC, 0x03, 0x00, 0x03, 0x00, 0x03, 0x00, 0x03, 0x00, 0x00, 0x00,
  0x00, 0x00, 0x3F, 0xF0, 0x3F, 0xF0, 0x30, 0x00, 0x30, 0x00, 0x3F, 0xF0, 0x3F, 0xF0, 0xFF, 0xFC,
  0xFF, 0xFC, 0x03, 0x00, 0x3F, 0xF0, 0x3F, 0xF0, 0x00, 0x30, 0x00, 0x30, 0x00, 0x30, 0x00, 0x00,
  0x00, 0x00, 0x3F, 0xF0, 0x3F, 0xF0, 0x30, 0x00, 0x30, 0x00, 0x3F, 0xF0, 0x3F, 0xF0, 0xFF, 0xFC,
  0xFF, 0xFC, 0x03, 0x00, 0x1F, 0xE0, 0x3F, 0xF0, 0x30, 0x30, 0x3F, 0xF0, 0x1F, 0xE0, 0x00, 0x00,
  0x00, 0x18, 0x3F, 0x98, 0x3F, 0x98, 0x30, 0x18, 0x30, 0x18, 0x3F, 0xD8, 0x3F, 0x98, 0x00, 0x18,
  0x7F, 0xD8, 0x7F, 0xD8, 0x0E, 0x18, 0x0E, 0x18, 0x0E, 0x18, 0x0E, 0x18, 0x0E, 0x18, 0x00, 0x00,
  0x00, 0x00, 0x00, 0x00, 0x3F, 0xF8, 0x3F, 0xF0, 0x30, 0x00, 0x30, 0x00, 0x30, 0x00, 0x3F, 0xF8,
  0x3F, 0xF8, 0x00, 0x00, 0x00, 0x00, 0x00, 0x00, 0xFF, 0xFC, 0x7F, 0xFC, 0x00, 0x00, 0x00, 0x00,
  0x00, 0x00, 0x3F, 0xF8, 0x3F, 0xF0, 0x30, 0x00, 0x30, 0x00, 0x3F, 0xF8, 0x3F, 0xF8, 0x7F, 0xFC,
  0xFF, 0xFC, 0x00, 0x00, 0x3F, 0xF0, 0x3F, 0xF8, 0x00, 0x38, 0x00, 0x38, 0x00, 0x38, 0x00, 0x00,
  0x00, 0x00, 0x3F, 0xF8, 0x3F, 0xF0, 0x30, 0x00, 0x30, 0x00, 0x3F, 0xF8, 0x3F, 0xF8, 0x00, 0x00,
  0xFF, 0xFC, 0x7F, 0xFC, 0x30, 0x00, 0x30, 0x00, 0x30, 0x00, 0x3F, 0xF8, 0x3F, 0xF8, 0x00, 0x00,
  0x00, 0x00, 0x3F, 0xF8, 0x3F, 0xF0, 0x30, 0x00, 0x3F, 0xF8, 0x3F, 0xF0, 0x7F, 0xFC, 0x7F, 0xFC,
  0x00, 0x00, 0x3F, 0xF8, 0x3F, 0xF8, 0x3F, 0xF8, 0x3F, 0xF0, 0x3F, 0xF8, 0x3F, 0xF8, 0x00, 0x00,
  0x00, 0x00, 0x3F, 0xF8, 0x3F, 0xF0, 0x30, 0x00, 0x30, 0x00, 0x3F, 0xF8, 0x3F, 0xF0, 0x7F, 0xFC,
  0xFF, 0xFC, 0x00, 0x00, 0x3F, 0xF8, 0x3F, 0xF8, 0x30, 0x38, 0x3F, 0xF8, 0x3F, 0xF8, 0x00, 0x00,
  0x3F, 0xF8, 0x3F, 0xF0, 0x30, 0x00, 0x30, 0x00, 0x3F, 0xF8, 0x3F, 0xF8, 0x7F, 0xFC, 0xFF, 0xFC,
  0x00, 0x00, 0x03, 0x80, 0x03, 0x80, 0x07, 0xC0, 0x3E, 0xF8, 0x38, 0x78, 0x00, 0x00, 0x00, 0x00,
  0x00, 0x00, 0x3F, 0xF8, 0x3F, 0xF0, 0x30, 0x00, 0x30, 0x00, 0x3F, 0xF8, 0x3F, 0xF8, 0x7F, 0xFC,
  0xFF, 0xFC, 0x00, 0x00, 0x1F, 0xE0, 0x3F, 0xF0, 0x30, 0x38, 0x3F, 0xF0, 0x1F, 0xE0, 0x00, 0x00,
  0x00, 0x18, 0x00, 0x18, 0x3F, 0x98, 0x3F, 0x98, 0x30, 0x18, 0x30, 0x18, 0x30, 0x18, 0x30, 0x18,
  0x30, 0x18, 0x30, 0x18, 0x3F, 0xD8, 0x3F, 0xD8, 0x00, 0x18, 0x00, 0x18, 0x00, 0x18, 0x00, 0x00,
  0x00, 0x30, 0x7F, 0x30, 0x7F, 0x30, 0x60, 0x30, 0x60, 0x30, 0x60, 0x30, 0x60, 0x30, 0x7F, 0xB0,
  0x7F, 0xB0, 0x00, 0x30, 0x38, 0x30, 0x38, 0x00, 0x38, 0x00, 0x38, 0x00, 0x3F, 0xF8, 0x00, 0x00,
  0x00, 0x18, 0x00, 0x18, 0x7F, 0x98, 0x7F, 0x98, 0x66, 0x18, 0x66, 0x18, 0x66, 0x1E, 0x66, 0x1E,
  0x66, 0x18, 0x66, 0x18, 0x7F, 0xD8, 0x7F, 0xD8, 0x00, 0x18, 0x00, 0x18, 0x00, 0x18, 0x00, 0x00,
  0x00, 0x18, 0x00, 0x18, 0x7F, 0x98, 0x7F, 0x98, 0x66, 0x1E, 0x66, 0x1E, 0x66, 0x18, 0x7F, 0xD8,
  0x7F, 0xD8, 0x00, 0x18, 0x1F, 0xF8, 0x1F, 0xF8, 0x00, 0x18, 0x00, 0x18, 0x00, 0x18, 0x00, 0x00,
  0x00, 0x18, 0x00, 0x18, 0x7F, 0x98, 0x7F, 0x98, 0x66, 0x1E, 0x66, 0x1E, 0x66, 0x18, 0x7F, 0xD8,
  0x7F, 0xD8, 0x01, 0x98, 0x1F, 0xF0, 0x1C, 0x78, 0x38, 0x18, 0x1F, 0xF8, 0x0F, 0xF0, 0x00, 0x00,
  0x00, 0x0C, 0x00, 0x6C, 0x77, 0x6C, 0x77, 0xEC, 0x66, 0x6C, 0x66, 0x6C, 0x66, 0x7C, 0x66, 0x7C,
  0x66, 0x6C, 0x66, 0x6C, 0x7F, 0xEC, 0x77, 0xEC, 0x00, 0x6C, 0x00, 0x6C, 0x00, 0x6C, 0x00, 0x00,
  0x00, 0x18, 0x00, 0x18, 0x7F, 0x98, 0x7F, 0x98, 0x66, 0x18, 0x66, 0x18, 0x66, 0x78, 0x66, 0x78,
  0x66, 0x18, 0x66, 0x18, 0x7F, 0xD8, 0x7F, 0xD8, 0x00, 0x18, 0x00, 0x18, 0x00, 0x18, 0x00, 0x00,
  0x00, 0x18, 0x7F, 0x98, 0x77, 0x98, 0x66, 0x78, 0x66, 0xF8, 0x66, 0x18, 0x7F, 0xD8, 0x77, 0x98,
  0x00, 0x18, 0x1F, 0xF8, 0x00, 0x18, 0x1F, 0xF8, 0x1F, 0xF8, 0x18, 0x00, 0x1F, 0xFC, 0x00, 0x00,
  0x00, 0x00, 0x00, 0x00, 0x3E, 0xF8, 0x3E, 0xF8, 0x30, 0xC0, 0x30, 0xC0, 0x30, 0xC0, 0x3F, 0xF8,
  0x3E, 0xF8, 0x01, 0x80, 0x01, 0x80, 0x01, 0x80, 0x7F, 0xFE, 0x7F, 0xFE, 0x00, 0x00, 0x00, 0x00,
  0x00, 0x00, 0x3E, 0xF8, 0x3F, 0xF8, 0x31, 0xC0, 0x31, 0xC0, 0x31, 0xC0, 0x3F, 0xF8, 0x3C, 0xF8,
  0x00, 0x00, 0xFF, 0xFC, 0xFF, 0xFC, 0x03, 0x00, 0x03, 0x00, 0x03, 0x00, 0x03, 0x00, 0x00, 0x00,
  0x00, 0x18, 0x7B, 0xD8, 0x7F, 0xD8, 0x67, 0x18, 0x67, 0x18, 0x7F, 0xD8, 0x7F, 0xD8, 0x00, 0x18,
  0xFF, 0xF8, 0xFF, 0xD8, 0x0C, 0x18, 0x0C, 0x18, 0x0C, 0x18, 0x0C, 0x18, 0x0C, 0x18, 0x00, 0x00,
  0x00, 0x00, 0x00, 0x00, 0x3F, 0xF8, 0x3F, 0xF8, 0x31, 0xC0, 0x31, 0xC0, 0x31, 0xC0, 0x7F, 0xF8,
  0x3F, 0xF8, 0x00, 0x00, 0x00, 0x00, 0x00, 0x00, 0xFF, 0xFC, 0x7F, 0xFC, 0x00, 0x00, 0x00, 0x00,
  0x00, 0x30, 0x00, 0x30, 0x7F, 0x30, 0x7F, 0x30, 0x03, 0x30, 0x03, 0x30, 0x7F, 0x3C, 0x7F, 0x3C,
  0x60, 0x30, 0x60, 0x30, 0x7F, 0xB0, 0x7F, 0xB0, 0x00, 0x30, 0x00, 0x30, 0x00, 0x30, 0x00, 0x00,
  0x00, 0x30, 0x7F, 0x30, 0x7F, 0x30, 0x03, 0x30, 0x3F, 0x30, 0x7F, 0x3C, 0x60, 0x3C, 0x60, 0xB0,
  0x7F, 0xB0, 0x7F, 0xB0, 0x18, 0x30, 0x18, 0x30, 0x18, 0x00, 0x3F, 0xF8, 0x1F, 0xF8, 0x00, 0x00,
  0x00, 0x30, 0x7F, 0x30, 0x7F, 0x30, 0x03, 0x30, 0x7F, 0x3C, 0x7F, 0x3C, 0x60, 0x30, 0x7F, 0xB0,
  0x7F, 0xB0, 0x00, 0x00, 0x3F, 0xF0, 0x3F, 0xF0, 0x38, 0x30, 0x3F, 0xF0, 0x3F, 0xF0, 0x00, 0x00,
  0x00, 0x38, 0x7F, 0x38, 0x7F, 0x38, 0x03, 0x38, 0x7F, 0x3C, 0x7F, 0x3C, 0x60, 0xB8, 0x7F, 0xF8,
  0x7F, 0xB8, 0x08, 0x30, 0x1C, 0x70, 0x1C, 0x70, 0x1C, 0xF0, 0x77, 0xDC, 0x63, 0x8C, 0x00, 0x00,
  0x00, 0x30, 0x7F, 0x30, 0x7F, 0x30, 0x03, 0x30, 0x7F, 0x3C, 0x7F, 0x3C, 0x60, 0x30, 0x7F, 0xB0,
  0x7F, 0x30, 0x00, 0x30, 0x1F, 0xE0, 0x3F, 0xF0, 0x38, 0x30, 0x1F, 0xF0, 0x0F, 0xE0, 0x00, 0x00,
  0x00, 0x1C, 0x00, 0xDC, 0x7E, 0xDC, 0x7E, 0xDC, 0x06, 0xDC, 0x06, 0xDC, 0x7E, 0xFC, 0x7E, 0xFC,
  0x60, 0xDC, 0x60, 0xDC, 0x7F, 0xDC, 0x7F, 0xDC, 0x00, 0xDC, 0x00, 0xDC, 0x00, 0xDC, 0x00, 0x00,
  0x00, 0x18, 0x7E, 0xD8, 0x7E, 0xD8, 0x06, 0xD8, 0x7E, 0xF8, 0x7E, 0xF8, 0x62, 0xD8, 0x7F, 0xD8,
  0x70, 0xD8, 0x18, 0x18, 0x1C, 0x18, 0x1F, 0xF8, 0x1C, 0x18, 0x1F, 0xF8, 0x1F, 0xF8, 0x00, 0x00,
  0x00, 0x18, 0x00, 0x18, 0x7F, 0x18, 0x7F, 0x18, 0x03, 0x18, 0x03, 0x18, 0x7F, 0xF8, 0x7F, 0x78,
  0x60, 0x18, 0x60, 0x18, 0x7F, 0x98, 0x7F, 0x98, 0x00, 0x18, 0x00, 0x18, 0x00, 0x18, 0x00, 0x00,
  0x00, 0x18, 0x7F, 0x18, 0x7F, 0x18, 0x03, 0x18, 0x7F, 0xF8, 0x7F, 0x78, 0x60, 0x18, 0x61, 0x98,
  0x7F, 0x98, 0x7E, 0x18, 0x1F, 0xF8, 0x1F, 0xF8, 0x00, 0x18, 0x00, 0x18, 0x00, 0x18, 0x00, 0x00,
  0x00, 0x18, 0x7F, 0x18, 0x7F, 0x18, 0x03, 0x18, 0x03, 0xF8, 0x7F, 0xF8, 0x60, 0x18, 0x60, 0x18,
  0x7F, 0x98, 0x7F, 0x18, 0x18, 0x18, 0x18, 0x18, 0x18, 0x00, 0x1F, 0xF8, 0x1F, 0xFC, 0x00, 0x00,
  0x00, 0x18, 0x7F, 0x18, 0x7F, 0x18, 0x03, 0x18, 0x7F, 0xF8, 0x7F, 0x78, 0x60, 0x18, 0x7F, 0x98,
  0x7E, 0x18, 0x00, 0x18, 0x1F, 0xF8, 0x1F, 0xF8, 0x18, 0x18, 0x1F, 0xF8, 0x1F, 0xF8, 0x00, 0x00,
  0x00, 0x18, 0x00, 0xD8, 0x7C, 0xD8, 0x7C, 0xD8, 0x0C, 0xD8, 0x0D, 0xD8, 0x7F, 0xD8, 0x7C, 0xD8,
  0x60, 0xD8, 0x60, 0xD8, 0x7E, 0xD8, 0x7E, 0xD8, 0x00, 0xD8, 0x00, 0xD8, 0x00, 0xD8, 0x00, 0x00,
  0x00, 0x18, 0x00, 0xD8, 0x7C, 0xD8, 0x0C, 0xD8, 0x0F, 0xD8, 0x7F, 0xD8, 0x60, 0xD8, 0x62, 0xD8,
  0x7E, 0xD8, 0x7C, 0x00, 0x1F, 0xF8, 0x1F, 0xF8, 0x00, 0x18, 0x00, 0x18, 0x00, 0x18, 0x00, 0x00,
  0x00, 0x18, 0x7C, 0xD8, 0x7C, 0xD8, 0x0C, 0xD8, 0x3D, 0xD8, 0x7D, 0xD8, 0x60, 0xD8, 0x60, 0xD8,
  0x7F, 0xD8, 0x7F, 0xD8, 0x01, 0xC0, 0x03, 0xC0, 0x0F, 0xF0, 0x3E, 0x7C, 0x18, 0x08, 0x00, 0x00,
  0x00, 0x1C, 0x00, 0x1C, 0x7F, 0x1C, 0x7F, 0x1C, 0x03, 0xFC, 0x03, 0x7C, 0x7F, 0x1C, 0x7F, 0x1C,
  0x60, 0xFC, 0x60, 0x1C, 0x7F, 0x9C, 0x7F, 0x9C, 0x00, 0x1C, 0x00, 0x1C, 0x00, 0x1C, 0x00, 0x00,
  0x00, 0x1C, 0x7F, 0x1C, 0x7F, 0x7C, 0x03, 0xFC, 0x7F, 0x1C, 0x7F, 0x1C, 0x60, 0xFC, 0x60, 0xFC,
  0x7F, 0x9C, 0x7F, 0x18, 0x1F, 0xF8, 0x1F, 0xFC, 0x00, 0x1C, 0x00, 0x1C, 0x00, 0x1C, 0x00, 0x00,
  0x00, 0x1C, 0x7F, 0x1C, 0x7F, 0x1C, 0x03, 0xFC, 0x03, 0x7C, 0x7F, 0x1C, 0x7E, 0xFC, 0x60, 0xFC,
  0x7F, 0x9C, 0x7F, 0x1C, 0x18, 0x1C, 0x18, 0x18, 0x18, 0x00, 0x1F, 0xF8, 0x1F, 0xFC, 0x00, 0x00,
  0x00, 0x18, 0x7F, 0x18, 0x7F, 0xF8, 0x07, 0xF8, 0x7F, 0x18, 0x7F, 0x18, 0x60, 0xF8, 0x7F, 0x98,
  0x7E, 0x18, 0x08, 0x38, 0x1C, 0x70, 0x1C, 0x70, 0x1C, 0x70, 0x3F, 0xDC, 0x73, 0x8C, 0x01, 0x00,
  0x00, 0x18, 0x00, 0xD8, 0x7C, 0xD8, 0x7C, 0xD8, 0x0F, 0xD8, 0x0F, 0xD8, 0x7C, 0xD8, 0x7C, 0xD8,
  0x63, 0xD8, 0x61, 0xD8, 0x7E, 0xD8, 0x7E, 0xD8, 0x00, 0xD8, 0x00, 0xD8, 0x00, 0xD8, 0x00, 0x00,
  0x00, 0x00, 0x3F, 0xF0, 0x3F, 0xF0, 0x00, 0x30, 0x00, 0x30, 0x3F, 0xF0, 0x3F, 0xF0, 0x30, 0x00,
  0x3F, 0xF8, 0x3F, 0xF8, 0x03, 0x00, 0x03, 0x00, 0xFF, 0xFC, 0xFF, 0xFC, 0x00, 0x00, 0x00, 0x00,
  0x00, 0x00, 0x3F, 0xF0, 0x3F, 0xF0, 0x3F, 0xF0, 0x3F, 0xF0, 0x30, 0x00, 0x3F, 0xF8, 0x3F, 0xF0,
  0xFF, 0xFC, 0xFF, 0xFC, 0x00, 0x00, 0x3F, 0xF0, 0x3F, 0xF0, 0x00, 0x30, 0x00, 0x30, 0x00, 0x00,
  0x00, 0x00, 0x3F, 0xF0, 0x3F, 0xF0, 0x3F, 0xF0, 0x3F, 0xF0, 0x30, 0x00, 0x3F, 0xF0, 0x3F, 0xF8,
  0x03, 0x00, 0xFF, 0xFC, 0xFF, 0xFC, 0x30, 0x00, 0x30, 0x00, 0x30, 0x00, 0x3F, 0xF8, 0x00, 0x00,
  0x00, 0x00, 0x3F, 0xF0, 0x3F, 0xF0, 0x1F, 0xF0, 0x3F, 0xF0, 0x30, 0x00, 0x3F, 0xF8, 0x1F, 0xF0,
  0xFF, 0xFC, 0xFF, 0xFC, 0x07, 0x80, 0x1F, 0xF0, 0x38, 0x70, 0x3F, 0xF0, 0x1F, 0xE0, 0x00, 0x00,
  0x00, 0x00, 0x3F, 0xF8, 0x3F, 0xF8, 0x00, 0x18, 0x00, 0x18, 0x3F, 0xF8, 0x3F, 0xF8, 0x30, 0x00,
  0x3F, 0xF8, 0x3F, 0xF8, 0x0C, 0x60, 0x0C, 0x60, 0x7F, 0xFC, 0x7F, 0xFC, 0x00, 0x00, 0x00, 0x00,
  0x00, 0x00, 0x3F, 0xF0, 0x3F, 0xF0, 0x00, 0x30, 0x3F, 0xF0, 0x3F, 0xF0, 0x30, 0x00, 0x3F, 0xF8,
  0x3F, 0xF8, 0xFF, 0xFC, 0xFF, 0xFC, 0x03, 0x00, 0x03, 0x00, 0x03, 0x00, 0x03, 0x00, 0x00, 0x00,
  0x00, 0x00, 0x3F, 0xF0, 0x3F, 0xF0, 0x3F, 0xF0, 0x3F, 0xF0, 0x3F, 0xF8, 0x3F, 0xF0, 0xFF, 0xFC,
  0xFF, 0xFC, 0x03, 0x00, 0x33, 0x30, 0x3F, 0xF0, 0x3F, 0xF0, 0x3F, 0xF0, 0x3F, 0xF0, 0x00, 0x00,
  0x00, 0x00, 0x3F, 0xF8, 0x3F, 0xF8, 0x00, 0x38, 0x3F, 0xF8, 0x3F, 0xF0, 0x30, 0x00, 0x3F, 0xF8,
  0x3F, 0xF8, 0x7F, 0xFC, 0x7F, 0xFC, 0x1C, 0x60, 0x1C, 0x60, 0x1C, 0x60, 0x1C, 0x60, 0x00, 0x00,
  0x00, 0x00, 0x3F, 0xF0, 0x3F, 0xF0, 0x3F, 0xF0, 0x3F, 0xF0, 0x30, 0x00, 0x3F, 0xF8, 0x3F, 0xF0,
  0x7F, 0xF8, 0xFF, 0xFC, 0x0C, 0xC0, 0x3F, 0xF0, 0x3F, 0xF0, 0x00, 0x30, 0x00, 0x30, 0x00, 0x00,
  0x00, 0x00, 0x3F, 0xF0, 0x3F, 0xF8, 0x00, 0x38, 0x00, 0x38, 0x3F, 0xF8, 0x3F, 0xF0, 0x30, 0x00,
  0x3F, 0xF8, 0x3F, 0xF8, 0x00, 0x00, 0x00, 0x00, 0xFF, 0xFC, 0x7F, 0xFC, 0x00, 0x00, 0x00, 0x00,
  0x00, 0x00, 0x3F, 0xF8, 0x3F, 0xF8, 0x1F, 0xF8, 0x3F, 0xF8, 0x30, 0x00, 0x3F, 0xF8, 0x3F, 0xF8,
  0x7F, 0xFC, 0xFF, 0xFC, 0x00, 0x00, 0x38, 0x00, 0x38, 0x00, 0x3F, 0xF8, 0x3F, 0xF8, 0x00, 0x00,
  0x00, 0x00, 0x3F, 0xF8, 0x00, 0x38, 0x3F, 0xF8, 0x38, 0x00, 0x3F, 0xF8, 0x3F, 0xF8, 0x7F, 0xFC,
  0xFF, 0xFC, 0x00, 0x00, 0x3F, 0xF8, 0x00, 0x38, 0x3F, 0xF8, 0x30, 0x00, 0x3F, 0xF8, 0x00, 0x00,
  0x00, 0x00, 0x3F, 0xF8, 0x3F, 0xF8, 0x1F, 0xF8, 0x3F, 0xF8, 0x30, 0x00, 0x3F, 0xF8, 0x3F, 0xF8,
  0xFF, 0xFC, 0x7F, 0xFC, 0x1F, 0xF0, 0x3F, 0xF8, 0x38, 0x38, 0x3F, 0xF8, 0x3F, 0xF8, 0x00, 0x00,
  0x00, 0x00, 0x3F, 0xF8, 0x3F, 0xF8, 0x1F, 0xF8, 0x3F, 0xF8, 0x30, 0x00, 0x3F, 0xF8, 0x3F, 0xF8,
  0xFF, 0xFC, 0x7F, 0xFC, 0x3F, 0xF0, 0x3F, 0xF8, 0x0C, 0xE0, 0x0C, 0xE0, 0x3F, 0xF8, 0x00, 0x00,
  0x00, 0x18, 0x00, 0x18, 0x7F, 0x18, 0x7F, 0x18, 0x03, 0x18, 0x03, 0x18, 0x7F, 0x18, 0x7F, 0x18,
  0x60, 0x18, 0x60, 0x18, 0x7F, 0xD8, 0x7F, 0xD8, 0x00, 0x18, 0x00, 0x18, 0x00, 0x18, 0x00, 0x00,
  0x00, 0x18, 0x7F, 0x18, 0x7F, 0x18, 0x03, 0x18, 0x7F, 0x18, 0x7F, 0x18, 0x60, 0x18, 0x7F, 0xD8,
  0x7F, 0x98, 0x00, 0x00, 0x1F, 0xF8, 0x1F, 0xF8, 0x00, 0x18, 0x00, 0x18, 0x00, 0x18, 0x00, 0x00,
  0x00, 0x18, 0x7F, 0x18, 0x7F, 0x18, 0x03, 0x18, 0x03, 0x18, 0x7F, 0x18, 0x60, 0x18, 0x60, 0x98,
  0x7F, 0xD8, 0x7F, 0x98, 0x18, 0x18, 0x18, 0x00, 0x18, 0x00, 0x3F, 0xF8, 0x1F, 0xF8, 0x00, 0x00,
  0x00, 0x18, 0x7F, 0x18, 0x7F, 0x18, 0x7F, 0x18, 0x7F, 0x18, 0x60, 0x18, 0x7F, 0xD8, 0x7F, 0x98,
  0x00, 0x00, 0x1F, 0xF8, 0x1F, 0xF8, 0x1F, 0xF8, 0x1F, 0xF8, 0x18, 0x00, 0x1F, 0xFC, 0x00, 0x00,
  0x00, 0x18, 0x7F, 0x18, 0x7F, 0x18, 0x03, 0x18, 0x7F, 0x18, 0x7F, 0x18, 0x60, 0x98, 0x7F, 0xD8,
  0x7F, 0x00, 0x18, 0x18, 0x18, 0x18, 0x1F, 0xF8, 0x1F, 0xF8, 0x1F, 0xF8, 0x1F, 0xF8, 0x00, 0x00,
  0x00, 0x18, 0x7F, 0x18, 0x7F, 0x18, 0x03, 0x18, 0x7F, 0x18, 0x7F, 0x18, 0x60, 0x18, 0x7F, 0xD8,
  0x7F, 0xD8, 0x01, 0x98, 0x01, 0x80, 0x03, 0xC0, 0x0F, 0xF0, 0x3C, 0x7C, 0x30, 0x18, 0x00, 0x00,
  0x00, 0x18, 0x7F, 0x18, 0x7F, 0x18, 0x03, 0x18, 0x7F, 0x18, 0x7F, 0x18, 0x60, 0x18, 0x7F, 0xD8,
  0x7F, 0x98, 0x00, 0x00, 0x0F, 0xF0, 0x1F, 0xF8, 0x38, 0x18, 0x1F, 0xF8, 0x0F, 0xF0, 0x00, 0x00,
  0x00, 0x30, 0x00, 0x30, 0x7F, 0x30, 0x7F, 0x30, 0x63, 0x30, 0x63, 0x30, 0x63, 0x3C, 0x63, 0x3C,
  0x63, 0x30, 0x63, 0x30, 0x7F, 0x30, 0x7F, 0x30, 0x00, 0x30, 0x00, 0x30, 0x00, 0x30, 0x00, 0x00,
  0x00, 0x30, 0x00, 0x30, 0x7F, 0x30, 0x7F, 0x30, 0x63, 0x30, 0x63, 0x3C, 0x63, 0x3C, 0x7F, 0x30,
  0x7F, 0x30, 0x00, 0x30, 0x18, 0x30, 0x18, 0x30, 0x18, 0x00, 0x3F, 0xF8, 0x1F, 0xF8, 0x00, 0x00,
  0x00, 0x38, 0x7F, 0x38, 0x7F, 0x38, 0x63, 0x3C, 0x63, 0x3C, 0x63, 0x38, 0x7F, 0x38, 0x7F, 0x38,
  0x00, 0x60, 0x33, 0xFC, 0x33, 0xF8, 0x31, 0xF0, 0x31, 0xF8, 0x3F, 0xB8, 0x3C, 0xF0, 0x00, 0x00,
  0x00, 0x30, 0x7F, 0x30, 0x7F, 0x30, 0x63, 0x3C, 0x63, 0x3C, 0x63, 0x30, 0x7F, 0x30, 0x7F, 0x30,
  0x1F, 0xF0, 0x3F, 0xF0, 0x00, 0x30, 0x3F, 0xF0, 0x3F, 0xF0, 0x38, 0x00, 0x3F, 0xF8, 0x00, 0x00,
  0x00, 0x30, 0x7F, 0x30, 0x7F, 0x30, 0x63, 0x30, 0x63, 0x3C, 0x63, 0x3C, 0x63, 0x30, 0x7F, 0x30,
  0x7F, 0x30, 0x01, 0x30, 0x03, 0xB0, 0x03, 0x80, 0x07, 0xC0, 0x1E, 0xF0, 0x3C, 0x78, 0x00, 0x00,
  0x00, 0x30, 0x7F, 0x30, 0x7F, 0x30, 0x63, 0x30, 0x63, 0x3C, 0x63, 0x3C, 0x7F, 0x30, 0x7F, 0x30,
  0x00, 0x30, 0x07, 0x80, 0x1F, 0xE0, 0x38, 0x70, 0x38, 0x30, 0x1F, 0xF0, 0x0F, 0xE0, 0x00, 0x00,
  0x00, 0x30, 0x7F, 0x30, 0x7F, 0x30, 0x63, 0x30, 0x63, 0x3C, 0x63, 0x3C, 0x7F, 0x30, 0x7F, 0x30,
  0x00, 0x30, 0x1F, 0xF0, 0x3F, 0xF0, 0x03, 0x80, 0x07, 0xC0, 0x3E, 0xF8, 0x38, 0x78, 0x00, 0x00,
  0x00, 0x18, 0x00, 0xD8, 0x7E, 0xD8, 0x7E, 0xD8, 0x66, 0xD8, 0x66, 0xD8, 0x66, 0xF8, 0x66, 0xF8,
  0x66, 0xD8, 0x66, 0xD8, 0x7E, 0xD8, 0x7E, 0xD8, 0x00, 0xD8, 0x00, 0xD8, 0x00, 0xD8, 0x00, 0x00,
  0x00, 0x18, 0x00, 0xD8, 0x7E, 0xD8, 0x7E, 0xD8, 0x66, 0xD8, 0x66, 0xF8, 0x66, 0xF8, 0x7E, 0xD8,
  0x7E, 0xD8, 0x00, 0xD8, 0x18, 0xD8, 0x18, 0x18, 0x18, 0x00, 0x1F, 0xFC, 0x1F, 0xFC, 0x00, 0x00,
  0x00, 0x18, 0x00, 0xD8, 0x7E, 0xD8, 0x7E, 0xD8, 0x66, 0xF8, 0x66, 0xF8, 0x66, 0xD8, 0x7E, 0xD8,
  0x7E, 0xD8, 0x00, 0xD8, 0x0F, 0xF0, 0x1F, 0x78, 0x18, 0x18, 0x1F, 0xF8, 0x07, 0xF0, 0x00, 0x00,
  0x00, 0x18, 0x00, 0x18, 0x7F, 0x18, 0x7F, 0x18, 0x67, 0x18, 0x67, 0x18, 0x67, 0xF8, 0x67, 0xF8,
  0x67, 0x18, 0x67, 0x18, 0x7F, 0x18, 0x7F, 0x18, 0x00, 0x18, 0x00, 0x18, 0x00, 0x18, 0x00, 0x00,
  0x00, 0x18, 0x7F, 0x18, 0x7F, 0x18, 0x67, 0x18, 0x67, 0xF8, 0x67, 0xF8, 0x67, 0x18, 0x7F, 0x18,
  0x7F, 0x18, 0x00, 0x00, 0x1F, 0xF8, 0x1F, 0xF8, 0x00, 0x18, 0x00, 0x18, 0x00, 0x18, 0x00, 0x00,
  0x00, 0x18, 0x00, 0x18, 0x7F, 0x18, 0x7F, 0x18, 0x63, 0xF8, 0x63, 0xF8, 0x63, 0x18, 0x7F, 0x18,
  0x7F, 0x18, 0x00, 0x18, 0x18, 0x18, 0x18, 0x00, 0x18, 0x00, 0x1F, 0xF8, 0x1F, 0xFC, 0x00, 0x00,
  0x00, 0x18, 0x7F, 0x18, 0x7F, 0x18, 0x63, 0x18, 0x63, 0xF8, 0x63, 0xF8, 0x63, 0x18, 0x7F, 0x18,
  0x7F, 0x18, 0x01, 0x98, 0x03, 0x98, 0x03, 0x80, 0x07, 0xE0, 0x3E, 0x7C, 0x38, 0x3C, 0x00, 0x00,
  0x00, 0x18, 0x7F, 0x18, 0x7F, 0x18, 0x63, 0x18, 0x63, 0xF8, 0x63, 0xF8, 0x63, 0x18, 0x7F, 0x18,
  0x7F, 0x18, 0x00, 0x00, 0x0F, 0xF0, 0x1C, 0x78, 0x18, 0x18, 0x1F, 0xF8, 0x0F, 0xF0, 0x00, 0x00,
  0x00, 0x18, 0x00, 0xD8, 0x7E, 0xD8, 0x7E, 0xD8, 0x66, 0xD8, 0x66, 0xD8, 0x67, 0xD8, 0x67, 0xD8,
  0x66, 0xD8, 0x66, 0xD8, 0x7E, 0xD8, 0x7E, 0xD8, 0x00, 0xD8, 0x00, 0xD8, 0x00, 0xD8, 0x00, 0x00,
  0x00, 0x18, 0x7F, 0x18, 0x7F, 0x18, 0x7F, 0xF8, 0x63, 0xF8, 0x63, 0x18, 0x63, 0xF8, 0x7F, 0xF8,
  0x7F, 0x18, 0x00, 0x18, 0x18, 0x18, 0x18, 0x18, 0x18, 0x00, 0x1F, 0xF8, 0x1F, 0xFC, 0x00, 0x00,
  0x00, 0x18, 0x7F, 0x18, 0x7F, 0x18, 0x7F, 0xF8, 0x63, 0xF8, 0x63, 0x18, 0x63, 0xF8, 0x7F, 0xF8,
  0x7F, 0x18, 0x00, 0x18, 0x0F, 0xF0, 0x1C, 0x78, 0x18, 0x18, 0x1F, 0xF8, 0x0F, 0xF0, 0x00, 0x00,
  0x00, 0x00, 0x00, 0x00, 0x3F, 0xF8, 0x3F, 0xF8, 0x30, 0x18, 0x30, 0x18, 0x30, 0x18, 0x3F, 0xF8,
  0x3F, 0xF8, 0x03, 0x00, 0x03, 0x00, 0x03, 0x00, 0xFF, 0xFC, 0xFF, 0xFC, 0x00, 0x00, 0x00, 0x00,
  0x00, 0x00, 0x3F, 0xF0, 0x3F, 0xF0, 0x30, 0x30, 0x30, 0x30, 0x3F, 0xF0, 0x3F, 0xF0, 0x03, 0x00,
  0xFF, 0xFC, 0xFF, 0xFC, 0x3F, 0xF0, 0x3F, 0xF0, 0x00, 0x30, 0x00, 0x30, 0x00, 0x30, 0x00, 0x00,
  0x00, 0x00, 0x3F, 0xF0, 0x3F, 0xF0, 0x30, 0x30, 0x30, 0x30, 0x3F, 0xF0, 0x3F, 0xF0, 0x03, 0x00,
  0xFF, 0xFC, 0xFF, 0xFC, 0x30, 0x00, 0x30, 0x00, 0x30, 0x00, 0x3F, 0xF0, 0x3F, 0xF8, 0x00, 0x00,
  0x00, 0x00, 0x3F, 0xF0, 0x3F, 0xF0, 0x30, 0x30, 0x30, 0x30, 0x3F, 0xF0, 0x3F, 0xF0, 0xFF, 0xFC,
  0xFF, 0xFC, 0x00, 0x00, 0x3F, 0xF0, 0x3F, 0xF0, 0x30, 0x30, 0x3F, 0xF0, 0x3F, 0xF0, 0x00, 0x00,
  0x3F, 0xF0, 0x3F, 0xF0, 0x30, 0x30, 0x30, 0x30, 0x3F, 0xF0, 0x03, 0x00, 0xFF, 0xFC, 0xFF, 0xFC,
  0x03, 0x00, 0x03, 0x00, 0x07, 0x80, 0x0F, 0xC0, 0x3C, 0xF8, 0x38, 0x78, 0x00, 0x00, 0x00, 0x00,
  0x00, 0x00, 0x3F, 0xF0, 0x3F, 0xF0, 0x30, 0x30, 0x30, 0x30, 0x3F, 0xF0, 0x03, 0x00, 0xFF, 0xFC,
  0xFF, 0xFC, 0x00, 0x00, 0x1F, 0xE0, 0x3F, 0xF0, 0x30, 0x30, 0x3F, 0xF0, 0x1F, 0xE0, 0x00, 0x00,
  0x00, 0x00, 0x3F, 0xF0, 0x3F, 0xF0, 0x30, 0x30, 0x30, 0x30, 0x30, 0x30, 0x3F, 0xF0, 0x3F, 0xF0,
  0x00, 0x00, 0xFF, 0xFC, 0xFF, 0xFC, 0x03, 0x00, 0x03, 0x00, 0x03, 0x00, 0x03, 0x00, 0x00, 0x00,
  0x00, 0x00, 0x3F, 0xF0, 0x3F, 0xF0, 0x30, 0x30, 0x30, 0x30, 0x3F, 0xF0, 0x3F, 0xF0, 0x00, 0x00,
  0xFF, 0xFC, 0xFF, 0xFC, 0x33, 0x00, 0x33, 0x00, 0x33, 0x00, 0x3F, 0xF0, 0x3F, 0xF8, 0x00, 0x00,
  0x00, 0x00, 0x3F, 0xF0, 0x3F, 0xF0, 0x30, 0x30, 0x3F, 0xF0, 0x3F, 0xF0, 0xFF, 0xFC, 0xFF, 0xFC,
  0x03, 0x00, 0x3F, 0xF0, 0x3F, 0xF0, 0x00, 0x30, 0x3F, 0xF0, 0x30, 0x00, 0x3F, 0xF8, 0x00, 0x00,
  0x00, 0x00, 0x3F, 0xF0, 0x3F, 0xF0, 0x30, 0x30, 0x30, 0x30, 0x3F, 0xF0, 0x3F, 0xF0, 0xFF, 0xFC,
  0xFF, 0xFC, 0x03, 0x00, 0x1F, 0xE0, 0x3F, 0xF0, 0x30, 0x30, 0x3F, 0xF0, 0x1F, 0xE0, 0x00, 0x00,
  0x00, 0x00, 0x3F, 0xF8, 0x3F, 0xF8, 0x30, 0x38, 0x30, 0x38, 0x3F, 0xF8, 0x3F, 0xF8, 0x00, 0x00,
  0x7F, 0xFC, 0xFF, 0xFC, 0x1C, 0x60, 0x1C, 0x60, 0x1C, 0x60, 0x1C, 0x60, 0x1C, 0x60, 0x00, 0x00,
  0x00, 0x18, 0x00, 0x18, 0x7F, 0x18, 0x7F, 0x18, 0x63, 0x18, 0x63, 0x18, 0x63, 0x18, 0x63, 0x18,
  0x63, 0x18, 0x63, 0x18, 0x7F, 0x18, 0x7F, 0x18, 0x00, 0x18, 0x00, 0x18, 0x00, 0x18, 0x00, 0x00,
  0x00, 0x18, 0x7F, 0x18, 0x7F, 0x18, 0x63, 0x18, 0x63, 0x18, 0x63, 0x18, 0x7F, 0x18, 0x7F, 0x18,
  0x1F, 0xF8, 0x1F, 0xF8, 0x00, 0x18, 0x1F, 0xF8, 0x1F, 0xF8, 0x18, 0x00, 0x1F, 0xFC, 0x00, 0x00,
  0x00, 0x18, 0x7F, 0x18, 0x7F, 0x18, 0x63, 0x18, 0x63, 0x18, 0x63, 0x18, 0x7F, 0x18, 0x7F, 0x18,
  0x00, 0x18, 0x03, 0xC0, 0x1F, 0xF0, 0x18, 0x38, 0x38, 0x18, 0x1F, 0xF8, 0x0F, 0xF0, 0x00, 0x00,
  0x00, 0x30, 0x00, 0x30, 0x63, 0x30, 0x63, 0x30, 0x63, 0x30, 0x7F, 0x30, 0x7F, 0x3C, 0x63, 0x3C,
  0x63, 0x30, 0x63, 0x30, 0x7F, 0x30, 0x7F, 0x30, 0x00, 0x30, 0x00, 0x30, 0x00, 0x30, 0x00, 0x00,
  0x00, 0x30, 0x63, 0x30, 0x63, 0x30, 0x7F, 0x30, 0x7F, 0x3C, 0x63, 0x3C, 0x63, 0x30, 0x7F, 0x30,
  0x7F, 0x30, 0x00, 0x30, 0x3F, 0xF0, 0x3F, 0xF0, 0x00, 0x30, 0x00, 0x30, 0x00, 0x30, 0x00, 0x00,
  0x00, 0x30, 0x63, 0x30, 0x63, 0x30, 0x63, 0x30, 0x7F, 0x30, 0x7F, 0x3C, 0x63, 0x3C, 0x7F, 0x30,
  0x7F, 0x30, 0x00, 0x30, 0x18, 0x30, 0x18, 0x30, 0x18, 0x00, 0x3F, 0xF8, 0x1F, 0xF8, 0x00, 0x00,
  0x00, 0x30, 0x63, 0x30, 0x63, 0x30, 0x7F, 0x30, 0x7F, 0x3C, 0x63, 0x3C, 0x63, 0x30, 0x7F, 0x30,
  0x7F, 0x30, 0x00, 0x00, 0x3F, 0xF0, 0x3F, 0xF0, 0x38, 0x00, 0x38, 0x00, 0x3F, 0xF8, 0x00, 0x00,
  0x00, 0x30, 0x63, 0x30, 0x63, 0x30, 0x7F, 0x3C, 0x7F, 0x3C, 0x63, 0x30, 0x7F, 0x30, 0x7F, 0x30,
  0x1F, 0xF0, 0x3F, 0xF0, 0x00, 0x30, 0x3F, 0xF0, 0x3F, 0xF0, 0x38, 0x00, 0x3F, 0xF8, 0x00, 0x00,
  0x00, 0x30, 0x63, 0x30, 0x63, 0x30, 0x7F, 0x3C, 0x7F, 0x3C, 0x63, 0x30, 0x7F, 0x30, 0x7F, 0x30,
  0x00, 0x00, 0x3F, 0xB0, 0x3F, 0xF0, 0x07, 0xF0, 0x3F, 0xF0, 0x3F, 0xF0, 0x3F, 0xF0, 0x00, 0x00,
  0x00, 0x30, 0x63, 0x30, 0x63, 0x30, 0x7F, 0x30, 0x7F, 0x3C, 0x63, 0x3C, 0x63, 0x30, 0x7F, 0x30,
  0x7F, 0x30, 0x00, 0x00, 0x3F, 0xF0, 0x3F, 0xF0, 0x38, 0x30, 0x3F, 0xF0, 0x3F, 0xF0, 0x00, 0x00,
  0x00, 0x30, 0x63, 0x30, 0x63, 0x30, 0x7F, 0x30, 0x7F, 0x3C, 0x63, 0x3C, 0x63, 0x30, 0x7F, 0x30,
  0x7F, 0x30, 0x07, 0x80, 0x1F, 0xE0, 0x38, 0x70, 0x38, 0x30, 0x1F, 0xF0, 0x0F, 0xE0, 0x00, 0x00,
  0x00, 0x18, 0x00, 0xD8, 0x66, 0xD8, 0x66, 0xD8, 0x66, 0xD8, 0x7E, 0xD8, 0x7E, 0xF8, 0x66, 0xF8,
  0x66, 0xD8, 0x66, 0xD8, 0x7E, 0xD8, 0x7E, 0xD8, 0x00, 0xD8, 0x00, 0xD8, 0x00, 0xD8, 0x00, 0x00,
  0x00, 0x18, 0x66, 0xD8, 0x66, 0xD8, 0x66, 0xD8, 0x7E, 0xF8, 0x7E, 0xF8, 0x66, 0xD8, 0x7E, 0xD8,
  0x7E, 0xD8, 0x00, 0xD8, 0x01, 0x98, 0x01, 0xC0, 0x03, 0xC0, 0x0F, 0xF0, 0x3E, 0x3C, 0x10, 0x08,
  0x00, 0x18, 0x00, 0x18, 0x63, 0x18, 0x63, 0x18, 0x63, 0x18, 0x7F, 0x18, 0x7F, 0xF8, 0x63, 0xF8,
  0x63, 0x18, 0x63, 0x18, 0x7F, 0x18, 0x7F, 0x18, 0x00, 0x18, 0x00, 0x18, 0x00, 0x18, 0x00, 0x00,
  0x00, 0x18, 0x63, 0x18, 0x63, 0x18, 0x67, 0x18, 0x7F, 0xF8, 0x7F, 0xF8, 0x63, 0x18, 0x7F, 0x18,
  0x7F, 0x18, 0x00, 0x18, 0x1F, 0xF8, 0x1F, 0xF8, 0x00, 0x18, 0x00, 0x18, 0x00, 0x18, 0x00, 0x00,
  0x00, 0x18, 0x63, 0x18, 0x63, 0x18, 0x63, 0x18, 0x7F, 0xF8, 0x7F, 0xF8, 0x63, 0x18, 0x7F, 0x18,
  0x7F, 0x18, 0x00, 0x18, 0x18, 0x18, 0x18, 0x18, 0x18, 0x00, 0x1F, 0xF8, 0x1F, 0xFC, 0x00, 0x00,
  0x00, 0x18, 0x63, 0x18, 0x63, 0x18, 0x7F, 0xF8, 0x7F, 0xF8, 0x63, 0x18, 0x7F, 0x18, 0x7F, 0x18,
  0x1F, 0xF8, 0x1F, 0xF8, 0x00, 0x18, 0x1F, 0xF8, 0x1F, 0xF8, 0x18, 0x00, 0x1F, 0xFC, 0x00, 0x00,
  0x00, 0x18, 0x63, 0x18, 0x63, 0x18, 0x7F, 0x18, 0x7F, 0xF8, 0x63, 0xF8, 0x7F, 0x18, 0x7F, 0x18,
  0x00, 0x18, 0x18, 0x18, 0x18, 0x18, 0x1F, 0xF8, 0x18, 0x18, 0x1F, 0xF8, 0x1F, 0xF8, 0x00, 0x00,
  0x00, 0x18, 0x00, 0xD8, 0x66, 0xD8, 0x66, 0xD8, 0x66, 0xD8, 0x7E, 0xD8, 0x7F, 0xD8, 0x67, 0xD8,
  0x66, 0xD8, 0x66, 0xD8, 0x7E, 0xD8, 0x7E, 0xD8, 0x00, 0xD8, 0x00, 0xD8, 0x00, 0xD8, 0x00, 0x00,
  0x00, 0x18, 0x00, 0xF8, 0x66, 0xF8, 0x66, 0xF8, 0x7E, 0xF8, 0x7F, 0xF8, 0x67, 0xF8, 0x7E, 0xF8,
  0x7E, 0xF8, 0x00, 0xF8, 0x18, 0xF8, 0x18, 0xC0, 0x18, 0x00, 0x1F, 0xFC, 0x1F, 0xFC, 0x00, 0x00,
  0x00, 0x18, 0x66, 0xD8, 0x66, 0xD8, 0x7E, 0xD8, 0x7F, 0xD8, 0x67, 0xD8, 0x7E, 0xD8, 0x7E, 0xD8,
  0x00, 0x00, 0x1F, 0xF8, 0x1F, 0xF8, 0x1F, 0xF8, 0x1F, 0xF8, 0x18, 0x00, 0x1F, 0xFC, 0x00, 0x00,
  0x00, 0x18, 0x63, 0x18, 0x63, 0x18, 0x67, 0xF8, 0x7F, 0xF8, 0x7F, 0x18, 0x63, 0xF8, 0x7F, 0xF8,
  0x7F, 0x18, 0x00, 0x18, 0x18, 0x18, 0x18, 0x18, 0x18, 0x00, 0x1F, 0xF8, 0x1F, 0xFC, 0x00, 0x00,
  0x00, 0x18, 0x63, 0x18, 0x63, 0xF8, 0x7F, 0xF8, 0x7F, 0x18, 0x63, 0xF8, 0x7F, 0xF8, 0x7F, 0x18,
  0x00, 0x18, 0x1F, 0xF8, 0x00, 0x18, 0x1F, 0xF8, 0x1F, 0xF8, 0x18, 0x00, 0x1F, 0xFC, 0x00, 0x00,
  0x00, 0x00, 0x00, 0x00, 0x30, 0x18, 0x30, 0x18, 0x3F, 0xF8, 0x3F, 0xF8, 0x30, 0x18, 0x30, 0x18,
  0x3F, 0xF8, 0x3F, 0xF8, 0x03, 0x00, 0x03, 0x00, 0xFF, 0xFC, 0xFF, 0xFC, 0x00, 0x00, 0x00, 0x00,
  0x00, 0x00, 0x30, 0x30, 0x3F, 0xF0, 0x3F, 0xF0, 0x30, 0x30, 0x3F, 0xF0, 0x3F, 0xF0, 0x03, 0x00,
  0xFF, 0xFC, 0xFF, 0xFC, 0x3F, 0xF0, 0x3F, 0xF0, 0x00, 0x30, 0x00, 0x30, 0x00, 0x30, 0x00, 0x00,
  0x00, 0x00, 0x30, 0x30, 0x30, 0x30, 0x3F, 0xF0, 0x30, 0x30, 0x3F, 0xF0, 0x3F, 0xF0, 0x03, 0x00,
  0xFF, 0xFC, 0xFF, 0xFC, 0x30, 0x00, 0x30, 0x00, 0x30, 0x00, 0x3F, 0xF0, 0x3F, 0xF0, 0x00, 0x00,
  0x00, 0x00, 0x30, 0x30, 0x3F, 0xF0, 0x3F, 0xF0, 0x3F, 0xF0, 0x3F, 0xF0, 0x03, 0x00, 0xFF, 0xFC,
  0xFF, 0xFC, 0x3F, 0xF0, 0x3F, 0xF0, 0x00, 0x30, 0x3F, 0xF0, 0x30, 0x00, 0x3F, 0xF8, 0x00, 0x00,
  0x00, 0x00, 0x30, 0x30, 0x3F, 0xF0, 0x3F, 0xF0, 0x30, 0x30, 0x3F, 0xF0, 0x3F, 0xF0, 0x03, 0x00,
  0xFF, 0xFC, 0xFF, 0xFC, 0x3F, 0xF0, 0x3F, 0xF0, 0x30, 0x30, 0x3F, 0xF0, 0x3F, 0xF0, 0x00, 0x00,
  0x00, 0x00, 0x30, 0x30, 0x3F, 0xF0, 0x3F, 0xF0, 0x30, 0x30, 0x3F, 0xF0, 0x3F, 0xF0, 0x03, 0x00,
  0xFF, 0xFC, 0xFF, 0xFC, 0x1F, 0xE0, 0x3F, 0xF0, 0x30, 0x30, 0x3F, 0xF0, 0x1F, 0xE0, 0x00, 0x00,
  0x00, 0x30, 0x21, 0x30, 0x61, 0xB0, 0x61, 0xB0, 0x7F, 0xB0, 0x61, 0xB0, 0x61, 0xBC, 0x7F, 0xBC,
  0x7F, 0xB0, 0x0C, 0x30, 0x0C, 0x30, 0xFF, 0xF0, 0xFF, 0xB0, 0x00, 0x30, 0x00, 0x30, 0x00, 0x00,
  0x00, 0x00, 0x30, 0x30, 0x30, 0x30, 0x3F, 0xF0, 0x3F, 0xF0, 0x30, 0x30, 0x3F, 0xF0, 0x3F, 0xF0,
  0x00, 0x00, 0xFF, 0xFC, 0xFF, 0xFC, 0x03, 0x00, 0x03, 0x00, 0x03, 0x00, 0x03, 0x00, 0x00, 0x00,
  0x00, 0x00, 0x30, 0x30, 0x3F, 0xF0, 0x3F, 0xF0, 0x30, 0x30, 0x3F, 0xF0, 0x3F, 0xF0, 0x00, 0x00,
  0xFF, 0xFC, 0xFF, 0xFC, 0x3F, 0xF0, 0x3F, 0xF0, 0x00, 0x30, 0x00, 0x30, 0x00, 0x30, 0x00, 0x00,
  0x00, 0x00, 0x30, 0x30, 0x3F, 0xF0, 0x3F, 0xF0, 0x30, 0x30, 0x3F, 0xF0, 0x3F, 0xF0, 0x00, 0x00,
  0xFF, 0xFC, 0xFF, 0xFC, 0x03, 0x00, 0x33, 0x00, 0x30, 0x00, 0x3F, 0xF8, 0x3F, 0xF8, 0x00, 0x00,
  0x00, 0x00, 0x30, 0x30, 0x3F, 0xF0, 0x3F, 0xF0, 0x3F, 0xF0, 0x3F, 0xF0, 0xFF, 0xFC, 0xFF, 0xFC,
  0x03, 0x00, 0x3F, 0xF0, 0x3F, 0xF0, 0x00, 0x30, 0x3F, 0xF0, 0x30, 0x00, 0x3F, 0xF8, 0x00, 0x00,
  0x00, 0x00, 0x30, 0x30, 0x3F, 0xF0, 0x3F, 0xF0, 0x30, 0x30, 0x3F, 0xF0, 0x3F, 0xF0, 0xFF, 0xFC,
  0xFF, 0xFC, 0x03, 0x00, 0x3F, 0xF0, 0x3F, 0xF0, 0x30, 0x30, 0x3F, 0xF0, 0x3F, 0xF0, 0x00, 0x00,
  0x00, 0x00, 0x30, 0x30, 0x3F, 0xF0, 0x3F, 0xF0, 0x30, 0x30, 0x3F, 0xF0, 0x3F, 0xF0, 0x7F, 0xFC,
  0xFF, 0xFC, 0x03, 0x00, 0x1F, 0xE0, 0x3F, 0xF0, 0x30, 0x30, 0x3F, 0xF0, 0x1F, 0xE0, 0x00, 0x00,
  0x00, 0x00, 0x30, 0x30, 0x3F, 0xF0, 0x3F, 0xF0, 0x3F, 0xF0, 0x3F, 0xF0, 0x00, 0x00, 0xFF, 0xFC,
  0x03, 0x00, 0x3F, 0xF0, 0x3F, 0xF0, 0x30, 0x00, 0x3F, 0xF0, 0x30, 0x00, 0x3F, 0xF8, 0x00, 0x00,
  0x00, 0x00, 0x10, 0x10, 0x30, 0x38, 0x30, 0x38, 0x3F, 0xF8, 0x3F, 0xF8, 0x30, 0x38, 0x30, 0x38,
  0x3F, 0xF8, 0x3F, 0xF0, 0x00, 0x00, 0x00, 0x00, 0xFF, 0xFC, 0x7F, 0xFC, 0x00, 0x00, 0x00, 0x00,
  0x00, 0x00, 0x38, 0x38, 0x3F, 0xF8, 0x3F, 0xF8, 0x3F, 0xF8, 0x3F, 0xF8, 0x00, 0x00, 0xFF, 0xFC,
  0x00, 0x00, 0x3F, 0xF8, 0x3F, 0xF8, 0x00, 0x38, 0x3F, 0xF8, 0x30, 0x00, 0x3F, 0xF8, 0x00, 0x00,
  0x00, 0x18, 0x00, 0x18, 0x63, 0x18, 0x63, 0x18, 0x63, 0x18, 0x7F, 0x18, 0x7F, 0x18, 0x63, 0x18,
  0x63, 0x18, 0x63, 0x18, 0x7F, 0x18, 0x7F, 0x18, 0x00, 0x18, 0x00, 0x18, 0x00, 0x18, 0x00, 0x00,
  0x00, 0x18, 0x63, 0x18, 0x63, 0x18, 0x7F, 0x18, 0x7F, 0x18, 0x63, 0x18, 0x63, 0x18, 0x7F, 0x18,
  0x7F, 0x18, 0x00, 0x00, 0x1F, 0xF8, 0x1F, 0xF8, 0x18, 0x18, 0x1F, 0xF8, 0x1F, 0xF8, 0x00, 0x00,
  0x00, 0x18, 0x63, 0x18, 0x63, 0x18, 0x7F, 0x18, 0x7F, 0x18, 0x63, 0x18, 0x63, 0x18, 0x7F, 0x18,
  0x7F, 0x18, 0x01, 0x98, 0x01, 0x80, 0x03, 0xC0, 0x0E, 0xF0, 0x3C, 0x7C, 0x30, 0x18, 0x00, 0x00,
  0x00, 0x18, 0x00, 0x18, 0x6F, 0xD8, 0x6F, 0xD8, 0x6F, 0xD8, 0x7F, 0xD8, 0x7F, 0xDE, 0x6F, 0xDE,
  0x6F, 0xD8, 0x6F, 0xD8, 0x7F, 0xD8, 0x7F, 0xD8, 0x00, 0x18, 0x00, 0x18, 0x00, 0x18, 0x00, 0x00,
  0x00, 0x18, 0x7F, 0xD8, 0x7F, 0xD8, 0x7F, 0xDC, 0x7F, 0xDC, 0x7F, 0xD8, 0x7F, 0xD8, 0x7B, 0xD8,
  0x00, 0x18, 0x1F, 0xF8, 0x00, 0x18, 0x1F, 0xF8, 0x1F, 0xF8, 0x18, 0x00, 0x1F, 0xF8, 0x00, 0x00,
  0x00, 0x0C, 0x00, 0x0C, 0x7B, 0x6C, 0x7B, 0x6C, 0x7B, 0x6C, 0x7B, 0xEC, 0x7B, 0xFC, 0x7B, 0x7C,
  0x7B, 0x6C, 0x7B, 0x6C, 0x7B, 0xEC, 0x7B, 0xEC, 0x00, 0x0C, 0x00, 0x0C, 0x00, 0x0C, 0x00, 0x00,
  0x00, 0x0C, 0x00, 0x0C, 0x7B, 0x6C, 0x7B, 0x6C, 0x7B, 0x7C, 0x7B, 0xFC, 0x7B, 0xEC, 0x7B, 0x6C,
  0x7B, 0x7C, 0x7B, 0x7C, 0x7B, 0xEC, 0x7B, 0xEC, 0x00, 0x0C, 0x00, 0x0C, 0x00, 0x0C, 0x00, 0x00,
  0x00, 0x00, 0x36, 0xD8, 0x3E, 0xF8, 0x3E, 0xF8, 0x36, 0xD8, 0x3E, 0xF8, 0x3E, 0xF8, 0x0C, 0x60,
  0xFF, 0xFC, 0x7F, 0xFC, 0x03, 0xC0, 0x1F, 0xF0, 0x38, 0x38, 0x3F, 0xF8, 0x0F, 0xE0, 0x00, 0x00,
  0x00, 0x00, 0x36, 0xD8, 0x36, 0xD8, 0x3E, 0xF8, 0x3E, 0xF8, 0x36, 0xD8, 0x3E, 0xF8, 0x3E, 0xF8,
  0x00, 0x00, 0x7F, 0xFC, 0x7F, 0xFC, 0x03, 0x80, 0x03, 0x80, 0x03, 0x80, 0x03, 0x80, 0x00, 0x00,
  0x00, 0x00, 0x36, 0xD8, 0x3E, 0xF8, 0x3E, 0xF8, 0x3E, 0xF8, 0x3E, 0xF8, 0x00, 0x00, 0xFF, 0xFC,
  0x03, 0x80, 0x3F, 0xF8, 0x3F, 0xF8, 0x00, 0x18, 0x3F, 0xF8, 0x38, 0x00, 0x3F, 0xF8, 0x00, 0x00,
  0x00, 0x00, 0x00, 0x00, 0x76, 0xD8, 0x76, 0xD8, 0x7E, 0xF8, 0x7E, 0xF8, 0x76, 0xD8, 0x76, 0xD8,
  0x7E, 0xF8, 0x3E, 0xF8, 0x00, 0x00, 0x00, 0x00, 0xFF, 0xFC, 0x7F, 0xFC, 0x00, 0x00, 0x00, 0x00,
  0x00, 0x1C, 0x00, 0x1C, 0x6F, 0x7C, 0x6F, 0x7C, 0x6F, 0x7C, 0x7F, 0xFC, 0x7F, 0xFC, 0x6F, 0x7C,
  0x6F, 0x7C, 0x6F, 0x7C, 0x7F, 0xFC, 0x7F, 0xFC, 0x00, 0x1C, 0x00, 0x1C, 0x00, 0x1C, 0x00, 0x00,
  0x00, 0x38, 0x0C, 0x38, 0x0E, 0x38, 0x0E, 0x38, 0x0E, 0x38, 0x0E, 0x38, 0x0E, 0x3E, 0x1E, 0x3E,
  0x1F, 0x38, 0x3B, 0xB8, 0x71, 0xF8, 0x60, 0xB8, 0x00, 0x38, 0x00, 0x38, 0x00, 0x38, 0x00, 0x00,
  0x00, 0x18, 0x0E, 0x18, 0x0E, 0x18, 0x0E, 0x18, 0x0E, 0x1E, 0x1F, 0x1E, 0x1B, 0x98, 0x7B, 0xD8,
  0x30, 0x98, 0x00, 0x18, 0x1F, 0xF8, 0x1F, 0xF8, 0x00, 0x18, 0x00, 0x18, 0x00, 0x18, 0x00, 0x00,
  0x00, 0x38, 0x0C, 0x38, 0x0C, 0x38, 0x0C, 0x38, 0x0E, 0x38, 0x1E, 0x3E, 0x1F, 0x3E, 0x73, 0xF8,
  0x61, 0xB8, 0x00, 0x38, 0x18, 0x38, 0x18, 0x18, 0x18, 0x00, 0x1F, 0xF8, 0x1F, 0xF8, 0x00, 0x00,
  0x00, 0x18, 0x0C, 0x18, 0x0C, 0x18, 0x0E, 0x1E, 0x1E, 0x1E, 0x3B, 0x98, 0x73, 0xD8, 0x60, 0x98,
  0x1F, 0xF8, 0x1F, 0xF8, 0x00, 0x18, 0x1F, 0xF8, 0x1F, 0xF8, 0x18, 0x00, 0x1F, 0xF8, 0x00, 0x00,
  0x00, 0x30, 0x0C, 0x30, 0x0C, 0x30, 0x0C, 0x30, 0x1E, 0x3C, 0x1E, 0x3C, 0x3F, 0x30, 0xF3, 0xB0,
  0x61, 0x30, 0x00, 0x00, 0x1F, 0xE0, 0x3C, 0xF0, 0x30, 0x30, 0x3F, 0xF0, 0x1F, 0xE0, 0x00, 0x00,
  0x00, 0x18, 0x00, 0xD8, 0x1C, 0xD8, 0x1C, 0xD8, 0x1C, 0xD8, 0x1C, 0xD8, 0x1C, 0xF8, 0x1C, 0xF8,
  0x3C, 0xD8, 0x36, 0xD8, 0x77, 0xD8, 0x62, 0xD8, 0x00, 0xD8, 0x00, 0xD8, 0x00, 0xD8, 0x00, 0x00,
  0x00, 0x18, 0x08, 0xD8, 0x1C, 0xD8, 0x1C, 0xD8, 0x1C, 0xF8, 0x1C, 0xF8, 0x3E, 0xD8, 0x77, 0xD8,
  0x62, 0xD8, 0x00, 0xD8, 0x1F, 0xF8, 0x1F, 0xF8, 0x00, 0x18, 0x00, 0x18, 0x00, 0x18, 0x00, 0x00,
  0x00, 0x18, 0x18, 0xD8, 0x18, 0xD8, 0x18, 0xD8, 0x1C, 0xF8, 0x1C, 0xF8, 0x3E, 0xD8, 0x77, 0xD8,
  0x62, 0xD8, 0x00, 0xD8, 0x0F, 0xF0, 0x1F, 0xF8, 0x18, 0x18, 0x1F, 0xF8, 0x0F, 0xF0, 0x00, 0x00,
  0x00, 0x38, 0x0C, 0x38, 0x0E, 0x38, 0x0E, 0x38, 0x0E, 0x3E, 0x0E, 0x3E, 0x0E, 0x38, 0x1E, 0x38,
  0x1F, 0x3E, 0x3B, 0xBE, 0x71, 0xF8, 0x60, 0xB8, 0x00, 0x38, 0x00, 0x38, 0x00, 0x38, 0x00, 0x00,
  0x00, 0x18, 0x00, 0xD8, 0x1C, 0xD8, 0x1C, 0xD8, 0x1C, 0xF8, 0x1C, 0xF8, 0x1C, 0xD8, 0x1C, 0xD8,
  0x3C, 0xF8, 0x36, 0xF8, 0x77, 0xD8, 0x63, 0xD8, 0x00, 0xD8, 0x00, 0xD8, 0x00, 0xD8, 0x00, 0x00,
  0x00, 0x18, 0x0C, 0x18, 0x0E, 0x18, 0x0E, 0x18, 0x0E, 0x18, 0x0E, 0xF8, 0x0E, 0xF8, 0x1E, 0x18,
  0x1F, 0x18, 0x3B, 0x98, 0x71, 0xD8, 0x60, 0x98, 0x00, 0x18, 0x00, 0x18, 0x00, 0x18, 0x00, 0x00,
  0x00, 0x18, 0x0E, 0x18, 0x0E, 0x18, 0x0E, 0xF8, 0x0E, 0xF8, 0x1E, 0x18, 0x3B, 0x18, 0x73, 0x98,
  0x61, 0x98, 0x00, 0x18, 0x1F, 0xF8, 0x1F, 0xF8, 0x00, 0x18, 0x00, 0x18, 0x00, 0x18, 0x00, 0x00,
  0x00, 0x18, 0x0C, 0x18, 0x0C, 0x18, 0x0C, 0x18, 0x0E, 0xF8, 0x1E, 0xF8, 0x3F, 0x18, 0x73, 0x98,
  0x61, 0x98, 0x00, 0x18, 0x18, 0x18, 0x18, 0x18, 0x18, 0x00, 0x1F, 0xF8, 0x1F, 0xF8, 0x00, 0x00,
  0x00, 0x18, 0x0C, 0x18, 0x0C, 0x18, 0x0E, 0xF8, 0x1E, 0xF8, 0x3F, 0x18, 0x73, 0x98, 0x61, 0x98,
  0x00, 0x18, 0x1F, 0xF8, 0x00, 0x18, 0x1F, 0xF8, 0x1F, 0xF8, 0x18, 0x00, 0x1F, 0xF8, 0x00, 0x00,
  0x00, 0x1C, 0x0C, 0x1C, 0x0C, 0x1C, 0x0C, 0xFC, 0x0E, 0xFC, 0x1E, 0x1C, 0x3F, 0x1C, 0x73, 0x9C,
  0x61, 0x9C, 0x01, 0x98, 0x0F, 0xF8, 0x1C, 0x38, 0x18, 0x1C, 0x1F, 0xF8, 0x0F, 0xF0, 0x00, 0x00,
  0x00, 0x18, 0x00, 0xD8, 0x1C, 0xD8, 0x1C, 0xD8, 0x1C, 0xD8, 0x1F, 0xD8, 0x1F, 0xD8, 0x1C, 0xD8,
  0x3E, 0xD8, 0x36, 0xD8, 0x77, 0xD8, 0x62, 0xD8, 0x00, 0xD8, 0x00, 0xD8, 0x00, 0xD8, 0x00, 0x00,
  0x00, 0x18, 0x08, 0xD8, 0x1C, 0xD8, 0x1F, 0xD8, 0x1F, 0xD8, 0x1C, 0xD8, 0x7E, 0xD8, 0xE6, 0xD8,
  0x40, 0xD8, 0x00, 0x00, 0x1F, 0xF8, 0x1F, 0xF8, 0x00, 0x18, 0x00, 0x18, 0x00, 0x18, 0x00, 0x00,
  0x00, 0x18, 0x18, 0xD8, 0x18, 0xD8, 0x18, 0xD8, 0x1B, 0xD8, 0x1F, 0xD8, 0x3C, 0xD8, 0x7E, 0xD8,
  0xE6, 0xD8, 0x40, 0xD8, 0x18, 0xD8, 0x18, 0x00, 0x18, 0x00, 0x18, 0x00, 0x1F, 0xFC, 0x00, 0x00,
  0x00, 0x18, 0x18, 0xD8, 0x18, 0xD8, 0x1B, 0xD8, 0x3F, 0xD8, 0x3E, 0xD8, 0xE7, 0xD8, 0x40, 0xD8,
  0x00, 0x00, 0x1F, 0xF8, 0x1F, 0xF8, 0x1F, 0xF8, 0x1F, 0xF8, 0x18, 0x00, 0x1F, 0xFC, 0x00, 0x00,
  0x00, 0x00, 0x03, 0x00, 0x03, 0x00, 0x03, 0x00, 0x07, 0x80, 0x0F, 0xC0, 0x1C, 0xE0, 0x78, 0x78,
  0x73, 0x38, 0x03, 0x00, 0x03, 0x00, 0x03, 0x00, 0xFF, 0xFC, 0xFF, 0xFC, 0x00, 0x00, 0x00, 0x00,
  0x00, 0x00, 0x03, 0x00, 0x03, 0x00, 0x07, 0x80, 0x1F, 0xE0, 0x7C, 0xF8, 0x73, 0x38, 0x03, 0x00,
  0xFF, 0xFC, 0xFF, 0xFC, 0x3F, 0xF0, 0x3F, 0xF0, 0x00, 0x30, 0x00, 0x30, 0x00, 0x30, 0x00, 0x00,
  0x03, 0x00, 0x03, 0x80, 0x07, 0x80, 0x3E, 0xF0, 0x7B, 0x78, 0x23, 0x00, 0xFF, 0xFC, 0xFF, 0xFC,
  0x00, 0x00, 0x3F, 0xF0, 0x3F, 0xF0, 0x00, 0x30, 0x3F, 0xF0, 0x30, 0x00, 0x3F, 0xF8, 0x00, 0x00,
  0x00, 0x00, 0x03, 0x00, 0x03, 0x80, 0x03, 0x80, 0x07, 0x80, 0x07, 0xC0, 0x1E, 0xF0, 0x78, 0x7C,
  0x70, 0x18, 0x0C, 0x60, 0x0C, 0x60, 0x0C, 0x60, 0x7F, 0xFC, 0x7F, 0xFC, 0x00, 0x00, 0x00, 0x00,
  0x00, 0x00, 0x03, 0x00, 0x03, 0x00, 0x07, 0x80, 0x0F, 0xC0, 0x3C, 0xF0, 0x78, 0x78, 0x20, 0x10,
  0x00, 0x00, 0xFF, 0xFC, 0xFF, 0xFC, 0x03, 0x00, 0x03, 0x00, 0x03, 0x00, 0x03, 0x00, 0x00, 0x00,
  0x00, 0x00, 0x03, 0x00, 0x07, 0x00, 0x07, 0x80, 0x0F, 0xC0, 0x7C, 0xF8, 0x70, 0x38, 0x00, 0x00,
  0xFF, 0xFC, 0xFF, 0xFC, 0x33, 0x00, 0x33, 0x00, 0x33, 0x00, 0x3F, 0xF8, 0x3F, 0xF8, 0x00, 0x00,
  0x03, 0x00, 0x07, 0x80, 0x0F, 0xC0, 0x3C, 0xF0, 0x78, 0x78, 0x00, 0x00, 0xFF, 0xFC, 0xFF, 0xFC,
  0x03, 0x00, 0x3F, 0xF0, 0x3F, 0xF0, 0x3F, 0xF0, 0x3F, 0xF0, 0x3F, 0xF8, 0x3F, 0xF8, 0x00, 0x00,
  0x00, 0x00, 0x03, 0x00, 0x03, 0x80, 0x07, 0x80, 0x3E, 0xF0, 0x78, 0x78, 0x00, 0x00, 0xFF, 0xFC,
  0xFF, 0xFC, 0x03, 0x00, 0x3F, 0xF0, 0x3F, 0xF0, 0x30, 0x30, 0x3F, 0xF0, 0x3F, 0xF0, 0x00, 0x00,
  0x00, 0x00, 0x03, 0x00, 0x03, 0x80, 0x07, 0x80, 0x3E, 0xF0, 0x78, 0x78, 0x20, 0x00, 0xFF, 0xFC,
  0xFF, 0xFC, 0x03, 0x00, 0x1F, 0xE0, 0x3F, 0xF0, 0x30, 0x30, 0x3F, 0xF0, 0x1F, 0xE0, 0x00, 0x00,
  0x00, 0x18, 0x06, 0x18, 0x06, 0x18, 0x0F, 0x18, 0x0F, 0x18, 0x3F, 0xD8, 0x38, 0xD8, 0x00, 0x18,
  0x7F, 0xF8, 0x7F, 0xD8, 0x06, 0x18, 0x06, 0x18, 0x06, 0x18, 0x06, 0x18, 0x06, 0x18, 0x00, 0x00,
  0x00, 0x18, 0x0E, 0x18, 0x0E, 0x18, 0x1F, 0x18, 0x7B, 0xD8, 0x30, 0x98, 0x7F, 0xD8, 0x7F, 0xD8,
  0x0E, 0x00, 0x1F, 0xF8, 0x1F, 0xF8, 0x1F, 0xF8, 0x1F, 0xF8, 0x1F, 0xF8, 0x1F, 0xFC, 0x00, 0x00,
  0x00, 0x00, 0x03, 0x80, 0x03, 0x80, 0x07, 0x80, 0x0F, 0xE0, 0x3C, 0xF8, 0x38, 0x38, 0x00, 0x00,
  0x7F, 0xFC, 0x7F, 0xFC, 0x0C, 0x60, 0x0C, 0x60, 0x0C, 0x60, 0x0C, 0x60, 0x0C, 0x60, 0x00, 0x00,
  0x00, 0x00, 0x03, 0x00, 0x03, 0x80, 0x03, 0x80, 0x03, 0x80, 0x07, 0xC0, 0x0E, 0xE0, 0x7C, 0x78,
  0x70, 0x38, 0x00, 0x00, 0x00, 0x00, 0x00, 0x00, 0xFF, 0xFC, 0x7F, 0xFC, 0x00, 0x00, 0x00, 0x00,
  0x03, 0x80, 0x03, 0x80, 0x07, 0xC0, 0x1E, 0xF0, 0x7C, 0x78, 0x20, 0x18, 0x7F, 0xFC, 0xFF, 0xFC,
  0x00, 0x00, 0x3F, 0xF8, 0x3F, 0xF8, 0x3F, 0xF8, 0x3F, 0xF0, 0x3F, 0xF8, 0x3F, 0xF8, 0x00, 0x00,
  0x00, 0x00, 0x03, 0x80, 0x03, 0x80, 0x07, 0xC0, 0x3E, 0xF0, 0x78, 0x78, 0x00, 0x00, 0xFF, 0xFC,
  0x7F, 0xFC, 0x30, 0x30, 0x38, 0x38, 0x3F, 0xF8, 0x38, 0x38, 0x3F, 0xF8, 0x3F, 0xF8, 0x00, 0x00,
  0x00, 0x00, 0x03, 0x80, 0x03, 0x80, 0x07, 0xC0, 0x1E, 0xE0, 0x7C, 0x78, 0x20, 0x18, 0x7F, 0xFC,
  0xFF, 0xFC, 0x00, 0x00, 0x0F, 0xE0, 0x3F, 0xF0, 0x30, 0x38, 0x3F, 0xF0, 0x0F, 0xE0, 0x00, 0x00,
  0x00, 0x18, 0x0C, 0x18, 0x0E, 0x18, 0x0E, 0x18, 0x0E, 0x18, 0x0E, 0x18, 0x0E, 0x18, 0x1F, 0x18,
  0x1B, 0x18, 0x3B, 0x98, 0x71, 0xD8, 0x60, 0x98, 0x00, 0x18, 0x00, 0x18, 0x00, 0x18, 0x00, 0x00,
  0x00, 0x18, 0x0E, 0x18, 0x0E, 0x18, 0x0E, 0x18, 0x0E, 0x18, 0x1F, 0x18, 0x7B, 0xD8, 0x71, 0x98,
  0x00, 0x18, 0x00, 0x00, 0x1F, 0xF8, 0x1F, 0xF8, 0x00, 0x18, 0x00, 0x18, 0x00, 0x18, 0x00, 0x00,
  0x00, 0x18, 0x0C, 0x18, 0x0C, 0x18, 0x0E, 0x18, 0x0E, 0x18, 0x1E, 0x18, 0x3B, 0x98, 0x73, 0xD8,
  0x60, 0x98, 0x00, 0x18, 0x18, 0x18, 0x18, 0x00, 0x18, 0x00, 0x1F, 0xF8, 0x1F, 0xF8, 0x00, 0x00,
  0x00, 0x18, 0x0C, 0x18, 0x0C, 0x18, 0x0E, 0x18, 0x1F, 0x18, 0x3B, 0x98, 0x71, 0xD8, 0x00, 0x18,
  0x1F, 0xF8, 0x1F, 0xF8, 0x00, 0x18, 0x1F, 0xF8, 0x1F, 0xF8, 0x18, 0x00, 0x1F, 0xF8, 0x00, 0x00,
  0x00, 0x18, 0x11, 0x18, 0x3B, 0x98, 0x3B, 0x98, 0x3B, 0x98, 0x3B, 0x98, 0x3B, 0x9E, 0x3B, 0x9E,
  0x3B, 0x98, 0x7F, 0xD8, 0xEE, 0xF8, 0x4C, 0x58, 0x00, 0x18, 0x00, 0x18, 0x00, 0x18, 0x00, 0x00,
  0x00, 0x0C, 0x1B, 0x6C, 0x3B, 0x6C, 0x3F, 0x6C, 0x3F, 0x7C, 0x3F, 0x7C, 0x7F, 0xEC, 0x6D, 0xEC,
  0x0C, 0xEC, 0x00, 0x0C, 0x07, 0xF8, 0x0F, 0xFC, 0x0C, 0x0C, 0x0F, 0xFC, 0x07, 0xF8, 0x00, 0x00,
  0x00, 0x18, 0x3B, 0x18, 0x3B, 0x98, 0x3B, 0x98, 0x3B, 0xF8, 0x3B, 0xF8, 0x7F, 0x98, 0x6E, 0xD8,
  0x46, 0xD8, 0x00, 0x18, 0x18, 0x18, 0x18, 0x18, 0x18, 0x00, 0x1F, 0xFC, 0x1F, 0xFC, 0x00, 0x00,
  0x00, 0x00, 0x08, 0x20, 0x1C, 0x70, 0x1C, 0x70, 0x1C, 0x70, 0x1C, 0xF0, 0x3F, 0xF8, 0xF7, 0x9C,
  0x43, 0x08, 0x03, 0x00, 0x03, 0x00, 0x03, 0x00, 0xFF, 0xFC, 0xFF, 0xFC, 0x00, 0x00, 0x00, 0x00,
  0x00, 0x00, 0x08, 0x20, 0x1C, 0x60, 0x1C, 0x60, 0x1C, 0x70, 0x1C, 0x70, 0x3E, 0xF0, 0x77, 0xDC,
  0x63, 0x9C, 0x01, 0x00, 0x00, 0x00, 0x00, 0x00, 0xFF, 0xFC, 0x7F, 0xFC, 0x00, 0x00, 0x00, 0x00,
  0x00, 0x18, 0x39, 0x98, 0x3B, 0x98, 0x3B, 0x98, 0x3B, 0x98, 0x3B, 0x98, 0x3B, 0x98, 0x3B, 0x98,
  0x3F, 0x98, 0x6E, 0xD8, 0xEE, 0xF8, 0x44, 0x58, 0x00, 0x18, 0x00, 0x18, 0x00, 0x18, 0x00, 0x00,
  0x11, 0x18, 0x3B, 0x98, 0x3B, 0x98, 0x3B, 0x98, 0x3B, 0x98, 0x7F, 0xD8, 0x6E, 0xD8, 0x4E, 0x58,
  0x00, 0x18, 0x01, 0x98, 0x01, 0xC0, 0x03, 0xC0, 0x0F, 0x70, 0x1E, 0x3C, 0x18, 0x08, 0x00, 0x00,
  0x00, 0x38, 0x00, 0x38, 0x1E, 0x38, 0x3F, 0x38, 0x73, 0xB8, 0x61, 0xB8, 0x61, 0xBE, 0x61, 0xBE,
  0x61, 0xB8, 0x73, 0xB8, 0x3F, 0x38, 0x1E, 0x38, 0x00, 0x38, 0x00, 0x38, 0x00, 0x38, 0x00, 0x00,
  0x00, 0x30, 0x1E, 0x30, 0x3F, 0x30, 0x73, 0xB0, 0x61, 0xBC, 0x61, 0xBC, 0x73, 0xB0, 0x3F, 0x30,
  0x1C, 0x30, 0x00, 0x00, 0x3F, 0xF0, 0x3F, 0xF0, 0x00, 0x30, 0x00, 0x30, 0x00, 0x30, 0x00, 0x00,
  0x00, 0x38, 0x1E, 0x38, 0x3F, 0x38, 0x73, 0xB8, 0x61, 0xBC, 0x61, 0xBE, 0x73, 0xB8, 0x3F, 0x38,
  0x1E, 0x38, 0x00, 0x38, 0x18, 0x38, 0x18, 0x18, 0x18, 0x00, 0x1F, 0xF8, 0x1F, 0xF8, 0x00, 0x00,
  0x00, 0x38, 0x1E, 0x38, 0x7F, 0x38, 0x63, 0xB8, 0x61, 0xBC, 0x61, 0xBC, 0x73, 0x38, 0x1E, 0x38,
  0x00, 0x60, 0x33, 0xFC, 0x33, 0xF8, 0x30, 0xF0, 0x31, 0xF8, 0x3F, 0xF8, 0x3E, 0xF0, 0x00, 0x00,
  0x00, 0x30, 0x3E, 0x30, 0x7F, 0x30, 0x61, 0xBC, 0x61, 0xBC, 0x73, 0xB0, 0x3F, 0x30, 0x1C, 0x30,
  0x1F, 0xF0, 0x1F, 0xF0, 0x00, 0x30, 0x1F, 0xF0, 0x1F, 0xF0, 0x18, 0x00, 0x3F, 0xF8, 0x00, 0x00,
  0x00, 0x30, 0x1E, 0x30, 0x3F, 0x30, 0x73, 0xB0, 0x61, 0xBC, 0x61, 0xBC, 0x73, 0xB0, 0x3F, 0x30,
  0x1C, 0x30, 0x1F, 0xF0, 0x1F, 0xF0, 0x18, 0x30, 0x18, 0x30, 0x1F, 0xF0, 0x1F, 0xF0, 0x00, 0x00,
  0x00, 0x38, 0x1E, 0x38, 0x3F, 0x38, 0x71, 0xB8, 0x61, 0xBC, 0x61, 0xBC, 0x73, 0xB8, 0x3F, 0x38,
  0x1E, 0x38, 0x04, 0x20, 0x0E, 0x70, 0x0E, 0x70, 0x1E, 0x70, 0x3B, 0xDC, 0x73, 0xCC, 0x00, 0x00,
  0x00, 0x38, 0x1E, 0x38, 0x3F, 0x38, 0x71, 0xB8, 0x61, 0xBC, 0x61, 0xBC, 0x73, 0xB8, 0x3F, 0x38,
  0x1E, 0x38, 0x1F, 0xF8, 0x1F, 0xF8, 0x06, 0x60, 0x06, 0x60, 0x1F, 0xF8, 0x1F, 0xF8, 0x00, 0x00,
  0x00, 0x0C, 0x1C, 0x6C, 0x3E, 0x6C, 0x77, 0x6C, 0x63, 0x7C, 0x63, 0x7C, 0x77, 0x6C, 0x3E, 0x6C,
  0x1C, 0x6C, 0x00, 0x6C, 0x1F, 0xFC, 0x1F, 0xFC, 0x00, 0x0C, 0x00, 0x0C, 0x00, 0x0C, 0x00, 0x00,
  0x00, 0x38, 0x1E, 0x38, 0x3F, 0x38, 0x77, 0x38, 0x63, 0xBE, 0x61, 0xBE, 0x61, 0xB8, 0x61, 0xB8,
  0x61, 0xBE, 0x73, 0x3E, 0x3F, 0x38, 0x1E, 0x38, 0x00, 0x38, 0x00, 0x38, 0x00, 0x38, 0x00, 0x00,
  0x00, 0x18, 0x1E, 0x18, 0x3F, 0x1C, 0x73, 0x9C, 0x61, 0x98, 0x61, 0x98, 0x73, 0x9C, 0x3F, 0x1C,
  0x1E, 0x18, 0x03, 0xD8, 0x1F, 0xF0, 0x1C, 0x38, 0x18, 0x18, 0x1F, 0xF8, 0x0F, 0xE0, 0x00, 0x00,
  0x00, 0x18, 0x00, 0x18, 0x1E, 0x18, 0x3F, 0x18, 0x73, 0x18, 0x63, 0x98, 0x63, 0xF8, 0x63, 0xF8,
  0x63, 0x98, 0x73, 0x18, 0x3F, 0x18, 0x1E, 0x18, 0x00, 0x18, 0x00, 0x18, 0x00, 0x18, 0x00, 0x00,
  0x00, 0x18, 0x1E, 0x18, 0x3F, 0x18, 0x73, 0x98, 0x61, 0xF8, 0x61, 0xF8, 0x73, 0x98, 0x3F, 0x18,
  0x1E, 0x18, 0x00, 0x18, 0x1F, 0xF8, 0x1F, 0xF8, 0x00, 0x18, 0x00, 0x18, 0x00, 0x18, 0x00, 0x00,
  0x00, 0x18, 0x1E, 0x18, 0x3F, 0x18, 0x73, 0x98, 0x63, 0xF8, 0x61, 0xF8, 0x73, 0x98, 0x3F, 0x18,
  0x1E, 0x18, 0x00, 0x18, 0x1C, 0x18, 0x1C, 0x08, 0x1C, 0x00, 0x1F, 0xF8, 0x1F, 0xFC, 0x00, 0x00,
  0x00, 0x18, 0x1E, 0x18, 0x3F, 0x18, 0x63, 0x98, 0x61, 0xF8, 0x61, 0xF8, 0x77, 0x18, 0x3F, 0x18,
  0x0C, 0x18, 0x1F, 0xF8, 0x1F, 0xFC, 0x18, 0x00, 0x18, 0x00, 0x18, 0x00, 0x1F, 0xF8, 0x00, 0x00,
  0x00, 0x18, 0x1E, 0x18, 0x7F, 0x18, 0x63, 0xF8, 0x61, 0xF8, 0x63, 0x98, 0x7F, 0x18, 0x1E, 0x18,
  0x0F, 0xF8, 0x1F, 0xF8, 0x00, 0x18, 0x1F, 0xF8, 0x1F, 0xF8, 0x1C, 0x00, 0x1F, 0xFC, 0x00, 0x00,
  0x00, 0x18, 0x1E, 0x18, 0x3F, 0x18, 0x63, 0x98, 0x61, 0xF8, 0x61, 0xF8, 0x7F, 0x18, 0x3F, 0x18,
  0x0C, 0x18, 0x1F, 0xF8, 0x1F, 0xF8, 0x18, 0x18, 0x18, 0x18, 0x1F, 0xF8, 0x1F, 0xF8, 0x00, 0x00,
  0x00, 0x18, 0x1E, 0x18, 0x7F, 0x18, 0x63, 0x98, 0x61, 0xF8, 0x63, 0xF8, 0x7F, 0x18, 0x1E, 0x18,
  0x00, 0x18, 0x33, 0x38, 0x3B, 0x38, 0x3F, 0x38, 0x3B, 0x78, 0x3F, 0xEC, 0x3F, 0xCC, 0x00, 0x00,
  0x00, 0x18, 0x1E, 0x18, 0x3F, 0x18, 0x73, 0x98, 0x61, 0xF8, 0x61, 0xF8, 0x71, 0x98, 0x3F, 0x18,
  0x1E, 0x18, 0x00, 0x98, 0x01, 0xD8, 0x01, 0xC0, 0x03, 0xE0, 0x1F, 0x7C, 0x1C, 0x3C, 0x00, 0x00,
  0x00, 0x0C, 0x00, 0x6C, 0x1C, 0x6C, 0x3E, 0x6C, 0x77, 0x6C, 0x67, 0x6C, 0x63, 0xEC, 0x63, 0xEC,
  0x67, 0x6C, 0x77, 0x6C, 0x3E, 0x6C, 0x3C, 0x6C, 0x00, 0x6C, 0x00, 0x6C, 0x00, 0x4C, 0x00, 0x00,
  0x00, 0x1C, 0x1C, 0x1C, 0x3E, 0x1C, 0x77, 0xFC, 0x63, 0xFC, 0x63, 0x1C, 0x63, 0x1C, 0x63, 0x1C,
  0x63, 0xFC, 0x77, 0xFC, 0x3E, 0x1C, 0x1C, 0x1C, 0x00, 0x1C, 0x00, 0x1C, 0x00, 0x1C, 0x00, 0x00,
  0x00, 0x18, 0x1E, 0x18, 0x3F, 0xF8, 0x71, 0xF8, 0x61, 0x98, 0x61, 0x98, 0x73, 0xF8, 0x3F, 0xF8,
  0x1E, 0x18, 0x00, 0x18, 0x1F, 0xF8, 0x1F, 0xF8, 0x00, 0x18, 0x00, 0x18, 0x00, 0x18, 0x00, 0x00,
  0x00, 0x18, 0x1E, 0x18, 0x3F, 0x18, 0x7F, 0xF8, 0x61, 0xF8, 0x61, 0x98, 0x73, 0xF8, 0x3F, 0xF8,
  0x1E, 0x18, 0x00, 0x18, 0x1C, 0x18, 0x1C, 0x18, 0x1C, 0x00, 0x1F, 0xF8, 0x1F, 0xFC, 0x00, 0x00,
  0x00, 0x18, 0x1E, 0x18, 0x7F, 0xF8, 0x61, 0xF8, 0x61, 0x98, 0x61, 0xF8, 0x7F, 0xF8, 0x1E, 0x18,
  0x0F, 0xF8, 0x1F, 0xF8, 0x00, 0x18, 0x1F, 0xF8, 0x1F, 0xF8, 0x1C, 0x00, 0x1F, 0xFC, 0x00, 0x00,
  0x00, 0x18, 0x1E, 0x18, 0x3F, 0xF8, 0x71, 0xF8, 0x61, 0x98, 0x61, 0x98, 0x73, 0xF8, 0x3F, 0xF8,
  0x1E, 0x18, 0x1F, 0xF8, 0x1F, 0xF8, 0x1C, 0x18, 0x1C, 0x18, 0x1F, 0xF8, 0x1F, 0xF8, 0x00, 0x00,
  0x00, 0x18, 0x1E, 0x18, 0x3F, 0xF8, 0x71, 0xF8, 0x61, 0x98, 0x61, 0x98, 0x73, 0xF8, 0x3F, 0xF8,
  0x1E, 0x18, 0x04, 0x20, 0x0E, 0x70, 0x0E, 0x70, 0x1E, 0x78, 0x3B, 0xDC, 0x31, 0xCC, 0x00, 0x00,
  0x00, 0x18, 0x1E, 0x18, 0x3F, 0xF8, 0x63, 0xF8, 0x61, 0x98, 0x63, 0x98, 0x73, 0xF8, 0x3F, 0xF8,
  0x1C, 0x18, 0x1F, 0xF8, 0x1F, 0xF8, 0x06, 0x60, 0x06, 0x60, 0x06, 0x60, 0x1F, 0xF8, 0x00, 0x00,
  0x00, 0x0C, 0x00, 0x6C, 0x3C, 0x6C, 0x3E, 0x6C, 0x67, 0xEC, 0x63, 0xEC, 0x63, 0x6C, 0x63, 0x6C,
  0x63, 0xEC, 0x77, 0xEC, 0x3E, 0x6C, 0x3C, 0x6C, 0x00, 0x6C, 0x00, 0x6C, 0x00, 0x4C, 0x00, 0x00,
  0x00, 0x00, 0x0F, 0xC0, 0x1F, 0xF0, 0x38, 0x38, 0x30, 0x18, 0x30, 0x18, 0x30, 0x38, 0x3C, 0x70,
  0x1F, 0xF0, 0x07, 0xC0, 0x03, 0x00, 0x03, 0x00, 0xFF, 0xFC, 0xFF, 0xFC, 0x00, 0x00, 0x00, 0x00,
  0x00, 0x00, 0x0F, 0xE0, 0x3F, 0xF0, 0x30, 0x30, 0x38, 0x30, 0x1F, 0xF0, 0x0F, 0xC0, 0x03, 0x00,
  0xFF, 0xFC, 0xFF, 0xFC, 0x3F, 0xF0, 0x3F, 0xF0, 0x00, 0x30, 0x00, 0x30, 0x00, 0x30, 0x00, 0x00,
  0x00, 0x00, 0x0F, 0xE0, 0x3F, 0xF8, 0x30, 0x18, 0x30, 0x18, 0x3F, 0xF8, 0x0F, 0xE0, 0x03, 0x00,
  0xFF, 0xFC, 0xFF, 0xFC, 0x30, 0x00, 0x30, 0x00, 0x30, 0x00, 0x3F, 0xF8, 0x3F, 0xF8, 0x00, 0x00,
  0x00, 0x00, 0x1F, 0xE0, 0x3F, 0xF0, 0x30, 0x30, 0x3F, 0xF0, 0x1F, 0xE0, 0x03, 0x00, 0xFF, 0xFC,
  0xFF, 0xFC, 0x3F, 0xF0, 0x3F, 0xF0, 0x1F, 0xF0, 0x3F, 0xF0, 0x30, 0x00, 0x3F, 0xF8, 0x00, 0x00,
  0x00, 0x00, 0x1F, 0xE0, 0x3F, 0xF0, 0x30, 0x30, 0x38, 0x30, 0x1F, 0xE0, 0x03, 0x00, 0xFF, 0xFC,
  0xFF, 0xFC, 0x00, 0x00, 0x1F, 0xE0, 0x3F, 0xF0, 0x30, 0x30, 0x3F, 0xF0, 0x1F, 0xE0, 0x00, 0x00,
  0x00, 0x30, 0x1E, 0x30, 0x3F, 0x30, 0x73, 0xB0, 0x61, 0xB0, 0x61, 0xB0, 0x73, 0xBC, 0x3F, 0x3C,
  0x1E, 0x30, 0x0C, 0x30, 0x0C, 0x30, 0xFF, 0xF0, 0x7F, 0x30, 0x00, 0x30, 0x00, 0x30, 0x00, 0x00,
  0x00, 0x30, 0x3F, 0x30, 0x7F, 0xB0, 0x61, 0xB0, 0x61, 0xB0, 0x7F, 0xBC, 0x3F, 0x3C, 0x0C, 0x30,
  0xFF, 0xF0, 0xFF, 0xB0, 0x10, 0x30, 0x38, 0x30, 0x38, 0x00, 0x3F, 0xF8, 0x3F, 0xF8, 0x00, 0x00,
  0x00, 0x30, 0x3F, 0x30, 0x7F, 0xB0, 0x61, 0xB0, 0x73, 0xBC, 0x3F, 0x3C, 0x1E, 0x30, 0xFF, 0xF0,
  0xFF, 0xB0, 0x00, 0x30, 0x0C, 0x60, 0x1C, 0x70, 0x1C, 0xF0, 0x7F, 0xF8, 0x73, 0x98, 0x01, 0x00,
  0x00, 0x30, 0x3F, 0x30, 0x7F, 0xB0, 0x61, 0xB0, 0x73, 0xBC, 0x3F, 0x3C, 0x1E, 0x30, 0x0C, 0xB0,
  0xFF, 0xF0, 0xFF, 0x30, 0x0F, 0xE0, 0x3F, 0xF0, 0x38, 0x30, 0x3F, 0xF0, 0x0F, 0xE0, 0x00, 0x00,
  0x00, 0x18, 0x1E, 0x18, 0x3F, 0x18, 0x73, 0x98, 0x61, 0x98, 0x61, 0x98, 0x73, 0x98, 0x3F, 0x18,
  0x1E, 0x18, 0x0C, 0x18, 0xFF, 0xD8, 0xFF, 0xD8, 0x00, 0x18, 0x00, 0x18, 0x00, 0x18, 0x00, 0x00,
  0x00, 0x00, 0x0F, 0xE0, 0x1F, 0xF0, 0x38, 0x38, 0x30, 0x18, 0x30, 0x18, 0x38, 0x38, 0x1E, 0xF0,
  0x1F, 0xE0, 0x0C, 0x60, 0x0C, 0x60, 0x0C, 0x60, 0xFF, 0xFC, 0xFF, 0xFC, 0x00, 0x00, 0x00, 0x00,
  0x00, 0x00, 0x0F, 0xE0, 0x3F, 0xF0, 0x30, 0x38, 0x38, 0x38, 0x1F, 0xF0, 0x0F, 0xE0, 0x0C, 0x60,
  0xFF, 0xFC, 0x7F, 0xFC, 0x3F, 0xF0, 0x3F, 0xF8, 0x00, 0x38, 0x00, 0x38, 0x00, 0x38, 0x00, 0x00,
  0x00, 0x00, 0x0F, 0xE0, 0x3F, 0xF0, 0x30, 0x38, 0x38, 0x38, 0x1F, 0xF0, 0x0F, 0xE0, 0x0C, 0x60,
  0xFF, 0xFC, 0x7F, 0xFC, 0x1F, 0xE0, 0x3F, 0xF0, 0x30, 0x38, 0x3F, 0xF0, 0x1F, 0xE0, 0x00, 0x00,
  0x00, 0x00, 0x0F, 0xE0, 0x1F, 0xF0, 0x38, 0x38, 0x30, 0x18, 0x38, 0x38, 0x1F, 0xF0, 0x07, 0xC0,
  0x00, 0x00, 0xFF, 0xFC, 0xFF, 0xFC, 0x03, 0x00, 0x03, 0x00, 0x03, 0x00, 0x03, 0x00, 0x00, 0x00,
  0x00, 0x00, 0x0F, 0xC0, 0x3F, 0xF0, 0x30, 0x30, 0x30, 0x30, 0x3F, 0xF0, 0x0F, 0xC0, 0x00, 0x00,
  0xFF, 0xFC, 0xFF, 0xFC, 0x33, 0x00, 0x33, 0x00, 0x33, 0x00, 0x3F, 0xF0, 0x3F, 0xF0, 0x00, 0x00,
  0x00, 0x00, 0x1F, 0xE0, 0x3F, 0xF0, 0x30, 0x30, 0x3F, 0xF0, 0x1F, 0xE0, 0xFF, 0xFC, 0xFF, 0xFC,
  0x03, 0x00, 0x3F, 0xF0, 0x3F, 0xF0, 0x00, 0x30, 0x3F, 0xF0, 0x30, 0x00, 0x3F, 0xF8, 0x00, 0x00,
  0x00, 0x00, 0x0F, 0xE0, 0x3F, 0xF0, 0x30, 0x30, 0x38, 0x70, 0x1F, 0xE0, 0x07, 0x80, 0xFF, 0xFC,
  0xFF, 0xFC, 0x03, 0x00, 0x3F, 0xF0, 0x3F, 0xF0, 0x30, 0x30, 0x3F, 0xF0, 0x3F, 0xF0, 0x00, 0x00,
  0x00, 0x1C, 0x1F, 0x1C, 0x3F, 0xDC, 0x30, 0xDC, 0x30, 0xDC, 0x3B, 0xDC, 0x1F, 0x9C, 0x00, 0x1C,
  0x7F, 0xDC, 0x7F, 0x9C, 0x06, 0xFC, 0x06, 0xFC, 0x06, 0x1C, 0x06, 0x1C, 0x06, 0x1C, 0x00, 0x00,
  0x00, 0x1C, 0x1F, 0x1C, 0x3F, 0x9C, 0x31, 0x9C, 0x3B, 0x9C, 0x1F, 0x1C, 0x0C, 0x1C, 0x7F, 0xDC,
  0x7F, 0x1C, 0x06, 0xFC, 0x1E, 0x1C, 0x1C, 0x18, 0x18, 0x00, 0x1F, 0xF8, 0x1F, 0xFC, 0x00, 0x00,
  0x00, 0x1C, 0x1F, 0x1C, 0x3B, 0x9C, 0x31, 0x9C, 0x1F, 0x1C, 0x00, 0x5C, 0x7F, 0xDC, 0x7F, 0x9C,
  0x0E, 0xFC, 0x0C, 0x1C, 0x0C, 0x60, 0x0C, 0x70, 0x1E, 0x78, 0x3F, 0xDC, 0x33, 0x8C, 0x00, 0x00,
  0x00, 0x0C, 0x18, 0x6C, 0x3E, 0x6C, 0x77, 0x6C, 0x63, 0x6C, 0x7F, 0x6C, 0x3E, 0x6C, 0x01, 0x6C,
  0xFF, 0xEC, 0x7C, 0x6C, 0x1F, 0xEC, 0x1F, 0xEC, 0x1C, 0x6C, 0x1C, 0x6C, 0x00, 0x4C, 0x00, 0x00,
  0x00, 0x18, 0x3E, 0x78, 0x77, 0x78, 0x63, 0x78, 0x3E, 0x78, 0x01, 0x78, 0xFF, 0xF8, 0x7E, 0x78,
  0x1F, 0xF8, 0x00, 0x00, 0x18, 0x18, 0x1F, 0xF8, 0x1F, 0xF8, 0x1F, 0xF8, 0x1F, 0xF8, 0x00, 0x00,
  0x00, 0x18, 0x1F, 0x18, 0x3F, 0x98, 0x30, 0xD8, 0x30, 0xD8, 0x39, 0xD8, 0x1F, 0x98, 0x0F, 0x18,
  0x7F, 0xF8, 0x7F, 0xD8, 0x06, 0x18, 0x06, 0x18, 0x06, 0x18, 0x06, 0x18, 0x06, 0x18, 0x00, 0x00,
  0x00, 0x18, 0x1F, 0x98, 0x3F, 0xD8, 0x30, 0xD8, 0x30, 0xD8, 0x3F, 0xD8, 0x1F, 0x98, 0x7F, 0xF8,
  0x7F, 0xD8, 0x06, 0x18, 0x1E, 0x18, 0x18, 0x00, 0x18, 0x00, 0x1F, 0xF8, 0x1F, 0xF8, 0x00, 0x00,
  0x00, 0x00, 0x0F, 0xE0, 0x1F, 0xF0, 0x38, 0x38, 0x30, 0x38, 0x38, 0x78, 0x1F, 0xF0, 0x07, 0x80,
  0x00, 0x00, 0xFF, 0xFC, 0x7F, 0xFC, 0x0C, 0x60, 0x0C, 0x60, 0x0C, 0x60, 0x0C, 0x60, 0x00, 0x00,
  0x00, 0x00, 0x0F, 0xE0, 0x3F, 0xF8, 0x30, 0x38, 0x38, 0x38, 0x1F, 0xF0, 0x07, 0xC0, 0x7F, 0xFC,
  0xFF, 0xFC, 0x0C, 0x60, 0x3F, 0xF8, 0x3F, 0xF8, 0x00, 0x38, 0x00, 0x38, 0x00, 0x38, 0x00, 0x00,
  0x00, 0x00, 0x0F, 0xE0, 0x3F, 0xF0, 0x30, 0x38, 0x30, 0x38, 0x3F, 0xF0, 0x0F, 0xE0, 0x7F, 0xFC,
  0xFF, 0xFC, 0x06, 0x60, 0x36, 0x60, 0x36, 0x60, 0x30, 0x00, 0x3F, 0xF8, 0x3F, 0xF8, 0x00, 0x00,
  0x00, 0x00, 0x0F, 0xC0, 0x1F, 0xF0, 0x38, 0x30, 0x30, 0x18, 0x30, 0x18, 0x30, 0x18, 0x38, 0x30,
  0x1F, 0xF0, 0x0F, 0xC0, 0x00, 0x00, 0x00, 0x00, 0xFF, 0xFC, 0x7F, 0xFC, 0x00, 0x00, 0x00, 0x00,
  0x00, 0x00, 0x0F, 0xE0, 0x3F, 0xF0, 0x30, 0x38, 0x30, 0x38, 0x3F, 0xF0, 0x0F, 0xE0, 0x00, 0x00,
  0xFF, 0xFC, 0x7F, 0xFC, 0x30, 0x00, 0x30, 0x00, 0x30, 0x00, 0x3F, 0xF8, 0x3F, 0xF8, 0x00, 0x00,
  0x00, 0x00, 0x1F, 0xE0, 0x3F, 0xF0, 0x30, 0x38, 0x3F, 0xF0, 0x1F, 0xE0, 0x7F, 0xFC, 0xFF, 0xFC,
  0x00, 0x00, 0x3F, 0xF8, 0x3F, 0xF8, 0x00, 0x38, 0x3F, 0xF8, 0x30, 0x00, 0x3F, 0xF8, 0x00, 0x00,
  0x00, 0x00, 0x0F, 0xE0, 0x3F, 0xF0, 0x30, 0x38, 0x38, 0x38, 0x1F, 0xF0, 0x07, 0x80, 0x7F, 0xFC,
  0x7F, 0xFC, 0x00, 0x00, 0x3F, 0xF8, 0x3F, 0xF8, 0x30, 0x38, 0x3F, 0xF8, 0x3F, 0xF8, 0x00, 0x00,
  0x00, 0x18, 0x1E, 0x18, 0x3F, 0x18, 0x73, 0x98, 0x61, 0x98, 0x61, 0x98, 0x73, 0x98, 0x3F, 0x18,
  0x1E, 0x18, 0x00, 0x18, 0x7F, 0xD8, 0xFF, 0xD8, 0x00, 0x18, 0x00, 0x18, 0x00, 0x18, 0x00, 0x00,
  0x00, 0x18, 0x00, 0x18, 0x1E, 0x18, 0x3F, 0x18, 0x73, 0x98, 0x61, 0x98, 0x61, 0x98, 0x61, 0x98,
  0x61, 0x98, 0x73, 0x98, 0x3F, 0x18, 0x1E, 0x18, 0x00, 0x18, 0x00, 0x18, 0x00, 0x18, 0x00, 0x00,
  0x00, 0x18, 0x1E, 0x18, 0x3F, 0x18, 0x73, 0x98, 0x61, 0x98, 0x61, 0x98, 0x73, 0x98, 0x3F, 0x18,
  0x1E, 0x18, 0x00, 0x18, 0x18, 0x18, 0x18, 0x00, 0x18, 0x00, 0x1F, 0xF8, 0x1F, 0xF8, 0x00, 0x00,
  0x00, 0x18, 0x1E, 0x18, 0x7F, 0x18, 0x63, 0x98, 0x61, 0x98, 0x63, 0x98, 0x7F, 0x18, 0x1E, 0x18,
  0x1F, 0xF8, 0x1F, 0xF8, 0x00, 0x18, 0x1F, 0xF8, 0x1F, 0xF8, 0x18, 0x00, 0x1F, 0xFC, 0x00, 0x00,
  0x00, 0x18, 0x3F, 0x18, 0x7F, 0x98, 0x61, 0x98, 0x61, 0x98, 0x73, 0x98, 0x3F, 0x18, 0x0C, 0x18,
  0x00, 0x00, 0x3F, 0xF8, 0x1F, 0xF8, 0x03, 0x18, 0x3F, 0x18, 0x38, 0x18, 0x3F, 0x98, 0x00, 0x00,
  0x00, 0x18, 0x1E, 0x18, 0x3F, 0x18, 0x63, 0x98, 0x61, 0x98, 0x61, 0x98, 0x73, 0x98, 0x3F, 0x18,
  0x1E, 0x18, 0x1F, 0xF8, 0x1F, 0xF8, 0x18, 0x18, 0x18, 0x18, 0x1F, 0xF8, 0x1F, 0xF8, 0x00, 0x00,
  0x00, 0x18, 0x1E, 0x18, 0x7F, 0x18, 0x63, 0x98, 0x61, 0x98, 0x63, 0x98, 0x7F, 0x18, 0x1E, 0x18,
  0x00, 0x00, 0x18, 0x18, 0x1F, 0xF8, 0x1F, 0xF8, 0x18, 0x18, 0x1F, 0xF8, 0x1F, 0xF8, 0x00, 0x00,
  0x00, 0x18, 0x1E, 0x18, 0x3F, 0x18, 0x63, 0x98, 0x61, 0x98, 0x61, 0x98, 0x73, 0x98, 0x3F, 0x18,
  0x1E, 0x18, 0x0E, 0x70, 0x0E, 0x70, 0x0E, 0x70, 0x3F, 0xF8, 0x73, 0xDC, 0x21, 0x00, 0x00, 0x00,
  0x00, 0x18, 0x1E, 0x18, 0x3F, 0x18, 0x73, 0x98, 0x61, 0x98, 0x61, 0x98, 0x7F, 0x18, 0x1E, 0x18,
  0x00, 0x18, 0x03, 0xC0, 0x0F, 0xF0, 0x1C, 0x38, 0x18, 0x18, 0x1F, 0xF8, 0x0F, 0xF0, 0x00, 0x00,
  0x00, 0x18, 0x1E, 0x18, 0x3F, 0x18, 0x71, 0x98, 0x61, 0x98, 0x61, 0x98, 0x73, 0x98, 0x3F, 0x18,
  0x1C, 0x00, 0x1F, 0xF8, 0x1F, 0xF8, 0x06, 0x60, 0x06, 0x60, 0x1F, 0xF8, 0x1F, 0xF8, 0x00, 0x00,
  0x00, 0x38, 0x00, 0x38, 0x7F, 0xB8, 0x7F, 0xB8, 0x0E, 0x38, 0x0E, 0x38, 0x0E, 0x3E, 0x0E, 0x3E,
  0x1F, 0x38, 0x3B, 0xB8, 0x71, 0xF8, 0x60, 0xB8, 0x00, 0x38, 0x00, 0x38, 0x00, 0x38, 0x00, 0x00,
  0x00, 0x18, 0x7F, 0xD8, 0x7F, 0xD8, 0x0E, 0x18, 0x0E, 0x1E, 0x0E, 0x1E, 0x1F, 0x18, 0x7B, 0xD8,
  0x71, 0xD8, 0x00, 0x18, 0x1F, 0xF8, 0x1F, 0xF8, 0x00, 0x18, 0x00, 0x18, 0x00, 0x18, 0x00, 0x00,
  0x00, 0x18, 0x7F, 0xD8, 0x7F, 0x98, 0x0C, 0x1E, 0x1E, 0x1E, 0x3F, 0x18, 0x73, 0xD8, 0x60, 0x98,
  0x1F, 0xF8, 0x1F, 0xF8, 0x00, 0x18, 0x1F, 0xF8, 0x1F, 0xF8, 0x18, 0x00, 0x1F, 0xF8, 0x00, 0x00,
  0x00, 0x18, 0x7F, 0x98, 0x7F, 0xD8, 0x0C, 0x18, 0x0C, 0x1E, 0x1E, 0x1E, 0x3F, 0x18, 0x73, 0xD8,
  0x60, 0x98, 0x00, 0x18, 0x1F, 0xF8, 0x1F, 0xF8, 0x18, 0x18, 0x1F, 0xF8, 0x1F, 0xF8, 0x00, 0x00,
  0x00, 0x18, 0x7F, 0x98, 0x7F, 0xD8, 0x0C, 0x18, 0x0E, 0x1E, 0x1E, 0x1E, 0x3F, 0x98, 0x73, 0xD8,
  0x60, 0x98, 0x18, 0x18, 0x18, 0x18, 0x1F, 0xF8, 0x18, 0x18, 0x1F, 0xF8, 0x1F, 0xF8, 0x00, 0x00,
  0x00, 0x30, 0x7F, 0x30, 0x7F, 0xB0, 0x0C, 0x30, 0x0C, 0x3C, 0x1E, 0x3C, 0x3F, 0x30, 0x73, 0xB0,
  0x61, 0xB0, 0x07, 0xA0, 0x1F, 0xE0, 0x38, 0x70, 0x30, 0x30, 0x3F, 0xF0, 0x0F, 0xE0, 0x00, 0x00,
  0x00, 0x0C, 0x00, 0x6C, 0x7F, 0x6C, 0x7F, 0x6C, 0x1C, 0x6C, 0x1C, 0x6C, 0x1C, 0x7C, 0x1C, 0x7C,
  0x1E, 0x6C, 0x36, 0x6C, 0x77, 0xEC, 0x63, 0xEC, 0x00, 0x6C, 0x00, 0x6C, 0x00, 0x6C, 0x00, 0x00,
  0x00, 0x1C, 0x00, 0x1C, 0x7F, 0xDC, 0x7F, 0x9C, 0x0E, 0x1C, 0x0E, 0x1C, 0x0E, 0xFC, 0x0E, 0x7C,
  0x1F, 0x1C, 0x3B, 0x9C, 0x71, 0xDC, 0x60, 0xDC, 0x00, 0x1C, 0x00, 0x1C, 0x00, 0x1C, 0x00, 0x00,
  0x00, 0x18, 0x7F, 0x98, 0x7F, 0x98, 0x0C, 0x18, 0x0E, 0x78, 0x1E, 0xF8, 0x1F, 0x18, 0x73, 0x98,
  0x61, 0x98, 0x00, 0x18, 0x18, 0x18, 0x18, 0x18, 0x18, 0x00, 0x1F, 0xF8, 0x1F, 0xF8, 0x00, 0x00,
  0x00, 0x18, 0x7F, 0x98, 0x7F, 0x98, 0x0C, 0x78, 0x1E, 0xF8, 0x3F, 0x18, 0x73, 0x98, 0x61, 0x98,
  0x1F, 0xF8, 0x1F, 0xF8, 0x00, 0x18, 0x1F, 0xF8, 0x1F, 0xF0, 0x18, 0x00, 0x1F, 0xF8, 0x00, 0x00,
  0x00, 0x18, 0x7F, 0x98, 0x7F, 0x98, 0x0C, 0x18, 0x0E, 0xF8, 0x1E, 0x78, 0x3F, 0x18, 0x73, 0x98,
  0x61, 0x98, 0x00, 0x00, 0x1F, 0xF8, 0x1F, 0xF8, 0x18, 0x18, 0x1F, 0xF8, 0x1F, 0xF8, 0x00, 0x00,
  0x00, 0x18, 0x7F, 0x98, 0x7F, 0x98, 0x0C, 0x18, 0x0E, 0x78, 0x1E, 0xF8, 0x1F, 0x18, 0x7B, 0x98,
  0x71, 0x98, 0x00, 0x18, 0x0F, 0xF0, 0x1E, 0x78, 0x18, 0x18, 0x1F, 0xF8, 0x0F, 0xF0, 0x00, 0x00,
  0x00, 0x0C, 0x00, 0xCC, 0x7E, 0xCC, 0x7E, 0xCC, 0x1C, 0xCC, 0x1C, 0xCC, 0x1F, 0xCC, 0x1F, 0xCC,
  0x1C, 0xCC, 0x3E, 0xCC, 0x77, 0xCC, 0x63, 0xCC, 0x40, 0xCC, 0x00, 0xCC, 0x00, 0xCC, 0x00, 0x00,
  0x00, 0x0C, 0x00, 0x0C, 0x7F, 0xCC, 0x3F, 0xCC, 0x0E, 0x7C, 0x0E, 0x7C, 0x0E, 0x0C, 0x0E, 0x0C,
  0x1F, 0x7C, 0x1B, 0xFC, 0x31, 0xCC, 0x70, 0xCC, 0x00, 0x0C, 0x00, 0x0C, 0x00, 0x0C, 0x00, 0x00,
  0x00, 0x18, 0x3F, 0x98, 0x7F, 0x98, 0x0E, 0xF8, 0x0E, 0x78, 0x0E, 0x18, 0x1F, 0x78, 0x3B, 0xF8,
  0x71, 0x98, 0x24, 0x38, 0x0E, 0x70, 0x0E, 0x70, 0x1E, 0x70, 0x3F, 0xFC, 0x33, 0xCC, 0x01, 0x00,
  0x00, 0x00, 0x3F, 0xF8, 0x7F, 0xF8, 0x03, 0x00, 0x07, 0x80, 0x07, 0x80, 0x0E, 0xE0, 0x7C, 0xF8,
  0x73, 0x38, 0x03, 0x00, 0x03, 0x00, 0x03, 0x00, 0xFF, 0xFC, 0xFF, 0xFC, 0x00, 0x00, 0x00, 0x00,
  0x00, 0x00, 0x3F, 0xF8, 0x3F, 0xF8, 0x07, 0x80, 0x0F, 0xC0, 0x7C, 0xF8, 0x73, 0x38, 0x03, 0x00,
  0xFF, 0xFC, 0xFF, 0xFC, 0x1F, 0xE0, 0x3F, 0xF0, 0x30, 0x30, 0x3F, 0xF0, 0x1F, 0xE0, 0x00, 0x00,
  0x00, 0x00, 0x3F, 0xF8, 0x3F, 0xF8, 0x0F, 0xC0, 0x7E, 0xF8, 0x33, 0x38, 0xFF, 0xFC, 0xFF, 0xFC,
  0x00, 0x00, 0x03, 0x00, 0x3F, 0xF8, 0x3F, 0xF8, 0x1F, 0xF0, 0x1C, 0x70, 0x0F, 0xE0, 0x00, 0x00,
  0x00, 0x00, 0x3F, 0xF8, 0x3F, 0xF8, 0x07, 0x80, 0x0E, 0xE0, 0x7C, 0x78, 0x3C, 0x78, 0x0C, 0xE0,
  0xFF, 0xFC, 0x7F, 0xFC, 0x30, 0x00, 0x30, 0x00, 0x30, 0x00, 0x3F, 0xF0, 0x3F, 0xF8, 0x00, 0x00,
  0x00, 0x00, 0x7F, 0xF8, 0x7F, 0xF8, 0x03, 0x80, 0x07, 0x80, 0x0F, 0xE0, 0x7C, 0xF8, 0x70, 0x38,
  0x00, 0x00, 0xFF, 0xFC, 0xFF, 0xFC, 0x03, 0x00, 0x03, 0x00, 0x03, 0x00, 0x03, 0x00, 0x00, 0x00,
  0x00, 0x00, 0x7F, 0xF8, 0x7F, 0xF8, 0x07, 0x80, 0x0F, 0xC0, 0x7C, 0xF8, 0x78, 0x78, 0x00, 0x00,
  0xFF, 0xFC, 0xFF, 0xFC, 0x33, 0x00, 0x33, 0x00, 0x33, 0x00, 0x3F, 0xF8, 0x3F, 0xF8, 0x00, 0x00,
  0x00, 0x00, 0x3F, 0xF8, 0x3F, 0xF8, 0x0F, 0xC0, 0x7C, 0xF8, 0x70, 0x38, 0xFF, 0xFC, 0xFF, 0xFC,
  0x03, 0x00, 0x3F, 0xF0, 0x3F, 0xF0, 0x00, 0x30, 0x3F, 0xF0, 0x30, 0x00, 0x3F, 0xF8, 0x00, 0x00,
  0x00, 0x00, 0x3F, 0xF8, 0x3F, 0xF8, 0x07, 0x80, 0x1F, 0xE0, 0x7C, 0xF8, 0x30, 0x38, 0xFF, 0xFC,
  0xFF, 0xFC, 0x03, 0x00, 0x1F, 0xE0, 0x3F, 0xF0, 0x30, 0x30, 0x3F, 0xF0, 0x1F, 0xE0, 0x00, 0x00,
  0x00, 0x38, 0x7F, 0xB8, 0x7F, 0xB8, 0x0C, 0x38, 0x1E, 0x38, 0x7F, 0xB8, 0x73, 0xB8, 0x00, 0x38,
  0xFF, 0xF8, 0xFF, 0xB8, 0x0C, 0xF8, 0x0D, 0xF8, 0x0C, 0x38, 0x0C, 0x38, 0x0C, 0x38, 0x00, 0x00,
  0x00, 0x00, 0x3F, 0xF8, 0x3F, 0xF8, 0x03, 0x80, 0x07, 0xC0, 0x0E, 0xE0, 0x7C, 0x78, 0x30, 0x38,
  0x00, 0x00, 0x7F, 0xFC, 0x7F, 0xFC, 0x0C, 0x60, 0x0C, 0x60, 0x0C, 0x60, 0x0C, 0x60, 0x00, 0x00,
  0x00, 0x00, 0x3F, 0xF8, 0x3F, 0xF8, 0x07, 0x80, 0x3E, 0xF8, 0x7C, 0x78, 0x7F, 0xFC, 0xFF, 0xFC,
  0x00, 0x00, 0x3F, 0xF8, 0x3F, 0xF8, 0x00, 0x38, 0x3F, 0xF8, 0x30, 0x00, 0x3F, 0xF8, 0x00, 0x00,
  0x00, 0x18, 0x00, 0x18, 0x7F, 0xD8, 0x7F, 0xD8, 0x0E, 0x18, 0x0E, 0x18, 0x0E, 0x18, 0x0E, 0x18,
  0x1F, 0x18, 0x3B, 0x98, 0x71, 0xD8, 0x60, 0xD8, 0x00, 0x18, 0x00, 0x18, 0x00, 0x18, 0x00, 0x00,
  0x00, 0x18, 0x7F, 0x98, 0x7F, 0xD8, 0x0E, 0x18, 0x0E, 0x18, 0x1F, 0x18, 0x3B, 0x98, 0x71, 0xD8,
  0x20, 0x18, 0x00, 0x00, 0x1F, 0xF8, 0x1F, 0xF8, 0x00, 0x18, 0x00, 0x18, 0x00, 0x18, 0x00, 0x00,
  0x00, 0x18, 0x7F, 0x98, 0x7F, 0xD8, 0x0E, 0x18, 0x0E, 0x18, 0x0E, 0x18, 0x1F, 0x18, 0x7B, 0xD8,
  0x71, 0x98, 0x00, 0x18, 0x18, 0x18, 0x18, 0x00, 0x18, 0x00, 0x1F, 0xF8, 0x1F, 0xF8, 0x00, 0x00,
  0x00, 0x18, 0x7F, 0xD8, 0x7F, 0xD8, 0x0E, 0x18, 0x1E, 0x18, 0x3F, 0x98, 0x71, 0xD8, 0x60, 0x18,
  0x00, 0x00, 0x1F, 0xF8, 0x0F, 0xF8, 0x1F, 0xF8, 0x1F, 0xF8, 0x18, 0x00, 0x1F, 0xF8, 0x00, 0x00,
  0x00, 0x18, 0x7F, 0x98, 0x7F, 0xD8, 0x0E, 0x18, 0x0E, 0x18, 0x1F, 0x18, 0x7B, 0xD8, 0x60, 0x98,
  0x00, 0x00, 0x18, 0x18, 0x18, 0x18, 0x1F, 0xF8, 0x18, 0x18, 0x1F, 0xF8, 0x1F, 0xF8, 0x00, 0x00,
  0x00, 0x18, 0x7F, 0xD8, 0x7F, 0xD8, 0x0E, 0x18, 0x0E, 0x18, 0x1F, 0x18, 0x3B, 0x98, 0x71, 0xD8,
  0x60, 0x18, 0x01, 0xD8, 0x01, 0xC0, 0x03, 0xC0, 0x0F, 0x70, 0x3E, 0x3C, 0x18, 0x08, 0x00, 0x00,
  0x00, 0x18, 0x7B, 0xD8, 0x7F, 0xD8, 0x3B, 0x98, 0x3B, 0x9C, 0x3B, 0x9E, 0x3F, 0x98, 0x6E, 0xF8,
  0x6E, 0xD8, 0x00, 0x18, 0x1F, 0xF8, 0x1F, 0xF8, 0x00, 0x18, 0x00, 0x18, 0x00, 0x18, 0x00, 0x00,
  0x00, 0x18, 0x7F, 0xD8, 0x7B, 0xD8, 0x3B, 0x9C, 0x3B, 0x9E, 0x7B, 0x98, 0xEE, 0xF8, 0x4E, 0xF8,
  0x00, 0x00, 0x3F, 0xD8, 0x3F, 0xF8, 0x07, 0xF8, 0x3F, 0xF8, 0x3F, 0xF8, 0x3F, 0xF8, 0x00, 0x00,
  0x00, 0x00, 0x7E, 0xF8, 0x7E, 0xFC, 0x1C, 0x70, 0x1C, 0x70, 0x1C, 0x70, 0x3E, 0xF8, 0xF7, 0xDC,
  0x63, 0x8C, 0x03, 0x00, 0x03, 0x00, 0x03, 0x00, 0xFF, 0xFC, 0xFF, 0xFC, 0x00, 0x00, 0x00, 0x00,
  0x00, 0x18, 0x00, 0x18, 0x7F, 0xD8, 0x7F, 0xD8, 0x3B, 0x98, 0x3B, 0x98, 0x3B, 0x98, 0x3B, 0x98,
  0x3B, 0x98, 0x7F, 0xD8, 0x6E, 0xF8, 0x46, 0x58, 0x00, 0x18, 0x00, 0x18, 0x00, 0x18, 0x00, 0x00,
  0x00, 0x18, 0x7F, 0xD8, 0x7F, 0xD8, 0x3B, 0x98, 0x3B, 0x98, 0x3B, 0x98, 0x7F, 0xD8, 0x6E, 0xF8,
  0x04, 0x18, 0x00, 0x00, 0x3F, 0xF8, 0x1F, 0xF8, 0x00, 0x18, 0x00, 0x18, 0x00, 0x18, 0x00, 0x00,
  0x00, 0x18, 0x7F, 0xD8, 0x7F, 0xD8, 0x3B, 0x98, 0x3B, 0x98, 0x7F, 0xD8, 0x6E, 0xF8, 0x04, 0x18,
  0x00, 0x00, 0x1F, 0xF8, 0x1F, 0xF8, 0x1F, 0xF8, 0x1F, 0xF8, 0x18, 0x00, 0x1F, 0xFC, 0x00, 0x00,
  0x00, 0x18, 0x7F, 0xD8, 0x7F, 0xD8, 0x3B, 0x98, 0x3B, 0x98, 0x3B, 0xD8, 0x6E, 0xF8, 0x46, 0x58,
  0x00, 0x00, 0x18, 0x18, 0x18, 0x18, 0x1F, 0xF8, 0x1F, 0xF8, 0x1F, 0xF8, 0x1F, 0xF8, 0x00, 0x00,
  0x00, 0x30, 0x0C, 0x30, 0x0C, 0x30, 0x7F, 0xB0, 0x7F, 0xB0, 0x0C, 0x30, 0x0C, 0x3C, 0x1E, 0x3C,
  0x1E, 0x30, 0x3F, 0x30, 0x73, 0xB0, 0x61, 0xB0, 0x00, 0x30, 0x00, 0x30, 0x00, 0x30, 0x00, 0x00,
  0x0C, 0x30, 0x0C, 0x30, 0x7F, 0xB0, 0x7F, 0xB0, 0x0C, 0x3C, 0x1E, 0x3C, 0x1E, 0x30, 0x7B, 0xB0,
  0x71, 0xB0, 0x00, 0x30, 0x3F, 0xF0, 0x3F, 0xF0, 0x00, 0x30, 0x00, 0x30, 0x00, 0x30, 0x00, 0x00,
  0x0C, 0x18, 0x0C, 0x18, 0x7F, 0x98, 0x7F, 0x98, 0x0E, 0x1E, 0x0E, 0x1E, 0x3F, 0x18, 0x73, 0xD8,
  0x61, 0x98, 0x00, 0x00, 0x1F, 0xF8, 0x1F, 0xF8, 0x18, 0x18, 0x1F, 0xF8, 0x1F, 0xF8, 0x00, 0x00,
  0x0C, 0x38, 0x0C, 0x38, 0x7F, 0xB8, 0x7F, 0xB8, 0x0C, 0x3C, 0x1E, 0x3C, 0x3F, 0x38, 0x73, 0xF8,
  0x61, 0xB8, 0x0C, 0x20, 0x0C, 0x70, 0x1C, 0x70, 0x1E, 0xF8, 0x77, 0xDC, 0x23, 0x8C, 0x00, 0x00,
  0x0C, 0x30, 0x0C, 0x30, 0x7F, 0xB0, 0x7F, 0xB0, 0x0C, 0x3C, 0x1E, 0x3C, 0x3F, 0x30, 0x73, 0xB0,
  0x61, 0xB0, 0x1F, 0xF0, 0x3F, 0xF8, 0x03, 0x80, 0x07, 0xC0, 0x3E, 0xF8, 0x38, 0x38, 0x00, 0x00,
  0x00, 0x18, 0x18, 0xD8, 0x18, 0xD8, 0xFF, 0xD8, 0xFF, 0xD8, 0x18, 0xD8, 0x18, 0xF8, 0x1C, 0xF8,
  0x3C, 0xD8, 0x3E, 0xD8, 0x67, 0xD8, 0xE3, 0xD8, 0x40, 0xD8, 0x00, 0xD8, 0x00, 0xD8, 0x00, 0x00,
  0x00, 0x00, 0x18, 0xD8, 0x7E, 0xD8, 0x7F, 0xD8, 0x18, 0xF8, 0x1C, 0xF8, 0x3C, 0xD8, 0x7F, 0xD8,
  0x66, 0xD8, 0x00, 0xD8, 0x1F, 0xF8, 0x1F, 0xF8, 0x00, 0x18, 0x00, 0x18, 0x00, 0x18, 0x00, 0x00,
  0x00, 0x18, 0x18, 0xD8, 0x7F, 0xD8, 0x7F, 0xD8, 0x18, 0xF8, 0x1C, 0xF8, 0x3C, 0xD8, 0x77, 0xD8,
  0x63, 0xD8, 0x00, 0xD8, 0x0F, 0xF0, 0x1F, 0xF8, 0x18, 0x18, 0x1F, 0xF8, 0x0F, 0xF0, 0x00, 0x00,
  0x00, 0x18, 0x0C, 0x18, 0x0C, 0x18, 0x7F, 0x98, 0x7F, 0x98, 0x0C, 0x18, 0x0C, 0xF8, 0x1E, 0xF8,
  0x1E, 0x18, 0x3B, 0x18, 0x73, 0x98, 0x61, 0x98, 0x00, 0x18, 0x00, 0x18, 0x00, 0x18, 0x00, 0x00,
  0x00, 0x00, 0x0C, 0x18, 0x0C, 0x18, 0x7F, 0x98, 0x7F, 0x98, 0x0C, 0x18, 0x1C, 0xF8, 0x1E, 0xF8,
  0x3F, 0x18, 0x73, 0x98, 0x61, 0x98, 0x00, 0x18, 0x18, 0x18, 0x18, 0x00, 0x18, 0x00, 0x1F, 0xF8,
  0x0C, 0x18, 0x0C, 0x18, 0x7F, 0x98, 0x7F, 0x98, 0x1C, 0xF8, 0x1E, 0xF8, 0x7F, 0x98, 0x71, 0x98,
  0x00, 0x00, 0x1F, 0xF8, 0x1F, 0xF8, 0x1F, 0xF8, 0x1F, 0xF8, 0x18, 0x00, 0x1F, 0xF8, 0x00, 0x00,
  0x0C, 0x18, 0x0C, 0x18, 0x7F, 0x98, 0x7F, 0x98, 0x0C, 0x78, 0x1E, 0xF8, 0x1F, 0x18, 0x7B, 0xD8,
  0x71, 0x98, 0x00, 0x98, 0x01, 0xD8, 0x01, 0xC0, 0x07, 0xE0, 0x1E, 0x7C, 0x1C, 0x1C, 0x00, 0x00,
  0x0C, 0x18, 0x0C, 0x18, 0x7F, 0x98, 0x7F, 0x98, 0x0C, 0x78, 0x1E, 0xF8, 0x1F, 0x18, 0x73, 0x98,
  0x61, 0x98, 0x00, 0x18, 0x0F, 0xF0, 0x1F, 0xF8, 0x18, 0x18, 0x1F, 0xF8, 0x0F, 0xF0, 0x00, 0x00,
  0x00, 0x18, 0x18, 0xD8, 0x18, 0xD8, 0x7F, 0xD8, 0x7F, 0xD8, 0x18, 0xD8, 0x1B, 0xD8, 0x1F, 0xD8,
  0x3C, 0xD8, 0x3E, 0xD8, 0x67, 0xD8, 0xE3, 0xD8, 0x40, 0xD8, 0x00, 0xD8, 0x00, 0xD8, 0x00, 0x00,
  0x0C, 0x18, 0x0C, 0x18, 0x7F, 0x98, 0x7F, 0xF8, 0x0C, 0x78, 0x1E, 0x78, 0x3F, 0x78, 0x73, 0xF8,
  0x61, 0x98, 0x0C, 0x30, 0x0C, 0x70, 0x0C, 0x70, 0x1E, 0xF8, 0x3F, 0xDC, 0x33, 0x8C, 0x00, 0x00,
  0x00, 0x00, 0x03, 0x00, 0x3F, 0xF8, 0x7F, 0xF8, 0x03, 0x00, 0x07, 0x80, 0x0F, 0xC0, 0x3C, 0xF0,
  0x78, 0x78, 0x63, 0x18, 0x03, 0x00, 0x03, 0x00, 0xFF, 0xFC, 0xFF, 0xFC, 0x00, 0x00, 0x00, 0x00,
  0x03, 0x00, 0x03, 0x00, 0x7F, 0xF8, 0x3F, 0xF8, 0x07, 0x80, 0x7F, 0xF8, 0x7B, 0x78, 0x03, 0x00,
  0xFF, 0xFC, 0xFF, 0xFC, 0x30, 0x30, 0x3F, 0xF0, 0x3F, 0xF0, 0x3F, 0xF0, 0x3F, 0xF0, 0x00, 0x00,
  0x03, 0x00, 0x03, 0x00, 0x7F, 0xF8, 0x3F, 0xF8, 0x07, 0x80, 0x3F, 0xF0, 0x7B, 0x78, 0x03, 0x00,
  0xFF, 0xFC, 0xFF, 0xFC, 0x07, 0x80, 0x1F, 0xF0, 0x38, 0x70, 0x3F, 0xF0, 0x1F, 0xE0, 0x00, 0x00,
  0x00, 0x00, 0x06, 0x18, 0x06, 0x18, 0x3F, 0xD8, 0x3F, 0xD8, 0x06, 0x18, 0x0F, 0x18, 0x1F, 0x98,
  0x39, 0xD8, 0x34, 0xD8, 0x06, 0x18, 0x06, 0x18, 0x7F, 0xF8, 0x7F, 0x98, 0x00, 0x18, 0x00, 0x18,
  0x00, 0x00, 0x03, 0x80, 0x3F, 0xF8, 0x3F, 0xF8, 0x03, 0x80, 0x03, 0x80, 0x0F, 0xC0, 0x3E, 0xF8,
  0x78, 0x3C, 0x0C, 0x60, 0x0C, 0x60, 0x0C, 0x60, 0xFF, 0xFE, 0x7F, 0xFC, 0x00, 0x00, 0x00, 0x00,
  0x03, 0x00, 0x03, 0x00, 0x7F, 0xF8, 0x7F, 0xF8, 0x03, 0x80, 0x07, 0x80, 0x1F, 0xE0, 0x7C, 0x78,
  0x20, 0x10, 0xFF, 0xFC, 0xFF, 0xFC, 0x03, 0x00, 0x03, 0x00, 0x03, 0x00, 0x03, 0x00, 0x00, 0x00,
  0x03, 0x00, 0x3F, 0xF8, 0x3F, 0xF8, 0x07, 0x80, 0x1F, 0xE0, 0x7C, 0xF8, 0x20, 0x18, 0xFF, 0xFC,
  0x03, 0x00, 0x3F, 0xF0, 0x3F, 0xF0, 0x00, 0x30, 0x3F, 0xF0, 0x30, 0x00, 0x3F, 0xF8, 0x00, 0x00,
  0x03, 0x00, 0x03, 0x00, 0x7F, 0xF8, 0x3F, 0xF8, 0x07, 0x80, 0x3F, 0xF0, 0x78, 0x78, 0x60, 0x18,
  0xFF, 0xFC, 0x03, 0x00, 0x0F, 0xC0, 0x3F, 0xF0, 0x38, 0x30, 0x3F, 0xF0, 0x1F, 0xE0, 0x00, 0x00,
  0x00, 0x00, 0x06, 0x18, 0x1F, 0x98, 0x3F, 0xD8, 0x3F, 0xD8, 0x06, 0x18, 0x0F, 0x18, 0x3F, 0xD8,
  0x30, 0xD8, 0x07, 0xD8, 0x7F, 0xF8, 0x06, 0x18, 0x06, 0x18, 0x06, 0x18, 0x06, 0x18, 0x06, 0x18,
  0x03, 0x80, 0x03, 0x80, 0x3F, 0xF8, 0x3F, 0xF8, 0x03, 0x80, 0x07, 0xC0, 0x1E, 0xF0, 0x3C, 0x78,
  0x20, 0x08, 0x7F, 0xFC, 0x7F, 0xFC, 0x0C, 0x60, 0x0C, 0x60, 0x0C, 0x60, 0x0C, 0x60, 0x00, 0x00,
  0x00, 0x00, 0x03, 0x80, 0x03, 0x80, 0x3F, 0xF8, 0x3F, 0xF8, 0x03, 0x80, 0x07, 0x80, 0x0F, 0xE0,
  0x7C, 0x78, 0x78, 0x38, 0x00, 0x00, 0x00, 0x00, 0xFF, 0xFC, 0x7F, 0xFC, 0x00, 0x00, 0x00, 0x00,
  0x00, 0x18, 0x0C, 0x18, 0x0C, 0x18, 0x7F, 0x98, 0x7F, 0x98, 0x0C, 0x18, 0x0C, 0x18, 0x1E, 0x18,
  0x1E, 0x18, 0x3B, 0x18, 0x73, 0xD8, 0x61, 0x98, 0x00, 0x18, 0x00, 0x18, 0x00, 0x18, 0x00, 0x00,
  0x0C, 0x18, 0x0C, 0x18, 0x7F, 0xD8, 0x7F, 0xD8, 0x0E, 0x18, 0x0E, 0x18, 0x1F, 0x18, 0x3B, 0x98,
  0x71, 0xD8, 0x00, 0x18, 0x18, 0x18, 0x18, 0x00, 0x18, 0x00, 0x1F, 0xF8, 0x1F, 0xF8, 0x00, 0x00,
  0x0E, 0x18, 0x0E, 0x18, 0x7F, 0xD8, 0x7F, 0x98, 0x0E, 0x18, 0x1E, 0x18, 0x3F, 0x98, 0x71, 0xD8,
  0x60, 0x18, 0x00, 0x00, 0x1F, 0xF8, 0x1F, 0xF8, 0x18, 0x18, 0x1F, 0xF8, 0x1F, 0xF8, 0x00, 0x00,
  0x00, 0x38, 0x00, 0x38, 0x3F, 0xB8, 0x3F, 0xB8, 0x03, 0xB8, 0x03, 0xB8, 0x7F, 0x3E, 0x7F, 0x3E,
  0x06, 0x38, 0x0E, 0x38, 0x1C, 0x38, 0x78, 0x38, 0x20, 0x38, 0x00, 0x38, 0x00, 0x38, 0x00, 0x00,
  0x00, 0x1C, 0x00, 0xDC, 0x7E, 0xDC, 0x7E, 0xDC, 0x06, 0xDC, 0x06, 0xDC, 0xFE, 0xFC, 0x7E, 0xFC,
  0x1C, 0xDC, 0x18, 0xDC, 0x78, 0xDC, 0x70, 0xDC, 0x40, 0xDC, 0x00, 0xDC, 0x00, 0xDC, 0x00, 0x00,
  0x00, 0x18, 0x00, 0xD8, 0x7F, 0xD8, 0x7E, 0xD8, 0x0E, 0xD8, 0x7E, 0xF8, 0x5C, 0xF8, 0x1C, 0xD8,
  0x78, 0xD8, 0x60, 0xD8, 0x18, 0xD8, 0x18, 0x18, 0x18, 0x00, 0x18, 0x00, 0x1F, 0xFC, 0x00, 0x00,
  0x00, 0x18, 0x00, 0xD8, 0x7E, 0xD8, 0x7E, 0xD8, 0x0E, 0xF8, 0x7E, 0xF8, 0x5C, 0xD8, 0x38, 0xD8,
  0x70, 0xD8, 0x60, 0xD8, 0x0F, 0xF0, 0x1F, 0x78, 0x18, 0x18, 0x1F, 0xF8, 0x07, 0xF0, 0x00, 0x00,
  0x00, 0x18, 0x00, 0x18, 0x7F, 0x18, 0x7F, 0x18, 0x03, 0x18, 0x07, 0x18, 0xFE, 0xF8, 0xFE, 0xF8,
  0x0C, 0x18, 0x1C, 0x18, 0x38, 0x18, 0xF0, 0x18, 0x40, 0x18, 0x00, 0x18, 0x00, 0x18, 0x00, 0x00,
  0x00, 0x38, 0x7F, 0x38, 0x3F, 0x38, 0x07, 0x38, 0x7F, 0xF8, 0x7E, 0xF8, 0x1C, 0x38, 0x78, 0x38,
  0x70, 0x38, 0x1F, 0xF8, 0x00, 0x38, 0x1F, 0xF8, 0x1F, 0xF0, 0x18, 0x00, 0x1F, 0xF8, 0x00, 0x00,
  0x00, 0x18, 0x00, 0xD8, 0x7E, 0xD8, 0x7E, 0xD8, 0x06, 0xD8, 0x06, 0xD8, 0xFF, 0xD8, 0x7F, 0xD8,
  0x0C, 0xD8, 0x18, 0xD8, 0x78, 0xD8, 0x70, 0xD8, 0x40, 0xD8, 0x00, 0xD8, 0x00, 0xD8, 0x00, 0x00,
  0x00, 0x18, 0x00, 0xD8, 0x7E, 0xD8, 0x7E, 0xD8, 0x0E, 0xD8, 0x7F, 0xD8, 0x5F, 0xD8, 0x38, 0xD8,
  0x70, 0xD8, 0x60, 0xD8, 0x18, 0xD8, 0x18, 0x00, 0x18, 0x00, 0x1F, 0xFC, 0x1F, 0xFC, 0x00, 0x00,
  0x00, 0x18, 0x00, 0xD8, 0x7E, 0xD8, 0x7E, 0xD8, 0x06, 0xD8, 0x7F, 0xD8, 0x7F, 0xD8, 0x18, 0xD8,
  0x70, 0xD8, 0x61, 0xD8, 0x01, 0xC0, 0x03, 0xC0, 0x0F, 0xF0, 0x3E, 0x7C, 0x18, 0x08, 0x00, 0x00,
  0x00, 0x18, 0x7F, 0x98, 0x3F, 0x18, 0x03, 0xF8, 0x7F, 0xF8, 0x7E, 0x18, 0x0F, 0xF8, 0x3C, 0xF8,
  0x78, 0x18, 0x20, 0x18, 0x1F, 0xF8, 0x1F, 0xF8, 0x18, 0x18, 0x1F, 0xF8, 0x1F, 0xF8, 0x00, 0x00,
  0x00, 0x00, 0x00, 0x00, 0x3F, 0xF8, 0x3F, 0xF8, 0x00, 0x38, 0x3F, 0xF0, 0x7F, 0xF0, 0x00, 0x30,
  0x06, 0x30, 0x06, 0x70, 0x06, 0x00, 0x06, 0x00, 0xFF, 0xFC, 0xFF, 0xFC, 0x00, 0x00, 0x00, 0x00,
  0x00, 0x00, 0x3F, 0xF8, 0x3F, 0xF8, 0x00, 0x38, 0x3F, 0xF0, 0x3F, 0xF0, 0x03, 0x30, 0x03, 0x00,
  0x7F, 0xFC, 0x7F, 0xFC, 0x30, 0x00, 0x30, 0x00, 0x30, 0x00, 0x3F, 0xF8, 0x3F, 0xF8, 0x00, 0x00,
  0x00, 0x00, 0x3F, 0xF0, 0x3F, 0xF8, 0x00, 0x30, 0x00, 0x30, 0x7F, 0xF0, 0x3F, 0xF0, 0x00, 0x30,
  0xFF, 0xFC, 0xFF, 0xFC, 0x03, 0x00, 0x03, 0x00, 0x03, 0x00, 0x03, 0x00, 0x03, 0x00, 0x00, 0x00,
  0x00, 0x18, 0x3F, 0x98, 0x7F, 0xD8, 0x01, 0xD8, 0x0F, 0xD8, 0x7F, 0x98, 0x7B, 0x98, 0x03, 0x98,
  0xFF, 0xF8, 0xFF, 0xD8, 0x0C, 0x18, 0x0C, 0x18, 0x0C, 0x18, 0x0C, 0x18, 0x0C, 0x18, 0x00, 0x00,
  0x00, 0x18, 0x1F, 0xD8, 0x3F, 0xD8, 0x00, 0xD8, 0x3F, 0xD8, 0x3F, 0xD8, 0x00, 0xD8, 0x3F, 0xF8,
  0x7F, 0xF8, 0x07, 0x18, 0x1F, 0x18, 0x18, 0x00, 0x18, 0x00, 0x1F, 0xFC, 0x1F, 0xFC, 0x00, 0x00,
  0x00, 0x00, 0x00, 0x00, 0x3F, 0xF8, 0x3F, 0xF8, 0x00, 0x38, 0x00, 0x38, 0x3F, 0xF8, 0x3F, 0xF8,
  0x00, 0x38, 0x00, 0x30, 0x00, 0x30, 0x00, 0x00, 0xFF, 0xFC, 0x7F, 0xFC, 0x00, 0x00, 0x00, 0x00,
  0x00, 0x00, 0x3F, 0xF8, 0x3F, 0xF8, 0x00, 0x38, 0x3F, 0xF8, 0x3F, 0xF8, 0x00, 0x30, 0x00, 0x30,
  0xFF, 0xFC, 0x7F, 0xFC, 0x30, 0x00, 0x30, 0x00, 0x30, 0x00, 0x3F, 0xF8, 0x3F, 0xF8, 0x00, 0x00,
  0x00, 0x00, 0x3F, 0xF8, 0x3F, 0xF8, 0x00, 0x38, 0x3F, 0xF8, 0x30, 0x30, 0x7F, 0xFC, 0x7F, 0xFC,
  0x00, 0x00, 0x3F, 0xF8, 0x3F, 0xF8, 0x1F, 0xF8, 0x3F, 0xF8, 0x30, 0x00, 0x3F, 0xF8, 0x00, 0x00,
  0x00, 0x00, 0x3F, 0xF8, 0x3F, 0xF8, 0x00, 0x38, 0x3F, 0xF8, 0x3F, 0xF8, 0x00, 0x30, 0x7F, 0xFC,
  0xFF, 0xFC, 0x00, 0x00, 0x3F, 0xF8, 0x3F, 0xF8, 0x30, 0x38, 0x3F, 0xF8, 0x3F, 0xF8, 0x00, 0x00,
  0x00, 0x18, 0x00, 0x18, 0x3F, 0x98, 0x3F, 0x98, 0x01, 0x98, 0x0F, 0x98, 0x7F, 0x18, 0x37, 0x18,
  0x06, 0x18, 0x0E, 0x18, 0x3C, 0x18, 0x78, 0x18, 0x20, 0x18, 0x00, 0x18, 0x00, 0x18, 0x00, 0x00,
  0x00, 0x18, 0x3F, 0x98, 0x3F, 0x98, 0x03, 0x98, 0x7F, 0x98, 0x3F, 0x18, 0x0E, 0x18, 0x7C, 0x18,
  0x78, 0x18, 0x23, 0xC0, 0x0F, 0xF0, 0x1C, 0x38, 0x18, 0x18, 0x1F, 0xF8, 0x0F, 0xF0, 0x00, 0x00,
  0x00, 0x30, 0x00, 0x30, 0x7F, 0x30, 0x7F, 0x30, 0x60, 0x30, 0x60, 0x30, 0x7F, 0x3C, 0x7F, 0x3C,
  0x60, 0x30, 0x60, 0x30, 0xFF, 0xB0, 0x7F, 0xB0, 0x00, 0x30, 0x00, 0x30, 0x00, 0x30, 0x00, 0x00,
  0x00, 0x30, 0x00, 0x30, 0x7F, 0x30, 0x7F, 0x30, 0x60, 0x30, 0x7F, 0x3C, 0x7E, 0x3C, 0x60, 0x30,
  0x7F, 0xB0, 0x7F, 0xB0, 0x00, 0x30, 0x38, 0x30, 0x38, 0x00, 0x38, 0x00, 0x3F, 0xF8, 0x00, 0x00,
  0x00, 0x30, 0x7F, 0x30, 0x7F, 0x30, 0x7F, 0x3C, 0x7F, 0x3C, 0x60, 0x30, 0x7F, 0xB0, 0x7F, 0xB0,
  0x00, 0x30, 0x3F, 0xF0, 0x1F, 0xF0, 0x1F, 0xF0, 0x3F, 0xF0, 0x38, 0x00, 0x3F, 0xF8, 0x00, 0x00,
  0x00, 0x30, 0x7F, 0x30, 0x7F, 0x30, 0x60, 0x30, 0x7F, 0x3C, 0x7F, 0x3C, 0x60, 0x30, 0x7F, 0xB0,
  0x7F, 0xB0, 0x00, 0x30, 0x3F, 0xF0, 0x3F, 0xF0, 0x38, 0x30, 0x3F, 0xF0, 0x3F, 0xF0, 0x00, 0x00,
  0x00, 0x30, 0x7F, 0x30, 0x7F, 0x30, 0x60, 0x30, 0x7F, 0x3C, 0x7F, 0x3C, 0x60, 0x30, 0x7F, 0xB0,
  0x7F, 0xB0, 0x00, 0x30, 0x1F, 0xE0, 0x3F, 0xF0, 0x30, 0x30, 0x3F, 0xF0, 0x1F, 0xE0, 0x00, 0x00,
  0x00, 0x18, 0x00, 0xD8, 0x7E, 0xD8, 0x7E, 0xD8, 0x60, 0xD8, 0x60, 0xD8, 0x7E, 0xF8, 0x7E, 0xF8,
  0x60, 0xD8, 0x60, 0xD8, 0x7F, 0xD8, 0x7F, 0xD8, 0x00, 0xD8, 0x00, 0xD8, 0x00, 0xD8, 0x00, 0x00,
  0x00, 0x18, 0x7E, 0xD8, 0x7E, 0xD8, 0x60, 0xD8, 0x7E, 0xF8, 0x7E, 0xF8, 0x60, 0xD8, 0x7F, 0xD8,
  0x7E, 0xD8, 0x00, 0xD8, 0x1F, 0xF8, 0x1F, 0xF8, 0x00, 0x18, 0x00, 0x18, 0x00, 0x18, 0x00, 0x00,
  0x00, 0x1C, 0x00, 0x1C, 0x7F, 0x9C, 0x7F, 0x9C, 0x70, 0x1C, 0x70, 0x1C, 0x7F, 0xFC, 0x7F, 0xFC,
  0x70, 0x1C, 0x70, 0x1C, 0x7F, 0x9C, 0x7F, 0x9C, 0x00, 0x1C, 0x00, 0x1C, 0x00, 0x1C, 0x00, 0x00,
  0x00, 0x38, 0x7F, 0x38, 0x7F, 0x38, 0x60, 0x38, 0x7F, 0xF8, 0x7F, 0xF8, 0x60, 0x38, 0x7F, 0x38,
  0x7F, 0x38, 0x00, 0x00, 0x1F, 0xF8, 0x1F, 0xF8, 0x18, 0x38, 0x1F, 0xF8, 0x1F, 0xF8, 0x00, 0x00,
  0x00, 0x38, 0x7F, 0x38, 0x7F, 0x38, 0x60, 0x38, 0x7F, 0xF8, 0x7F, 0xF8, 0x60, 0x38, 0x7F, 0x38,
  0x7F, 0x38, 0x00, 0x38, 0x0F, 0xF0, 0x1F, 0xF8, 0x38, 0x38, 0x1F, 0xF8, 0x0F, 0xE0, 0x00, 0x00,
  0x00, 0x18, 0x00, 0xD8, 0x7E, 0xD8, 0x7E, 0xD8, 0x60, 0xD8, 0x60, 0xD8, 0x7F, 0xD8, 0x7F, 0xD8,
  0x60, 0xD8, 0x60, 0xD8, 0x7E, 0xD8, 0x7E, 0xD8, 0x00, 0xD8, 0x00, 0xD8, 0x00, 0xD8, 0x00, 0x00,
  0x00, 0x18, 0x7E, 0xD8, 0x7E, 0xD8, 0x60, 0xD8, 0x7D, 0xD8, 0x7F, 0xD8, 0x60, 0xD8, 0x7E, 0xD8,
  0x7E, 0xD8, 0x00, 0x00, 0x1F, 0xF8, 0x1F, 0xF8, 0x18, 0x18, 0x1F, 0xF8, 0x1F, 0xF8, 0x00, 0x00,
  0x00, 0x00, 0x3F, 0xF0, 0x3F, 0xF0, 0x30, 0x00, 0x30, 0x00, 0x3F, 0xF0, 0x3F, 0xF0, 0x30, 0x00,
  0x3F, 0xF0, 0x3F, 0xF0, 0x03, 0x00, 0x03, 0x00, 0xFF, 0xFC, 0xFF, 0xFC, 0x00, 0x00, 0x00, 0x00,
  0x00, 0x00, 0x3F, 0xF8, 0x3F, 0xF0, 0x3F, 0xF0, 0x3F, 0xF0, 0x30, 0x00, 0x3F, 0xF0, 0x3F, 0xF0,
  0x03, 0x00, 0xFF, 0xFC, 0xFF, 0xFC, 0x30, 0x00, 0x30, 0x00, 0x3F, 0xF8, 0x3F, 0xF8, 0x00, 0x00,
  0x00, 0x00, 0x3F, 0xF0, 0x3F, 0xF0, 0x3F, 0xF0, 0x3F, 0xF0, 0x30, 0x00, 0x3F, 0xF8, 0x1F, 0xF0,
  0xFF, 0xFC, 0xFF, 0xFC, 0x07, 0x80, 0x1F, 0xF0, 0x38, 0x70, 0x3F, 0xF0, 0x1F, 0xE0, 0x00, 0x00,
  0x00, 0x00, 0x3F, 0xF0, 0x3F, 0xF0, 0x3F, 0xF0, 0x3F, 0xF0, 0x30, 0x00, 0x3F, 0xF0, 0x3F, 0xF8,
  0x00, 0x00, 0xFF, 0xFC, 0xFF, 0xFC, 0x03, 0x00, 0x03, 0x00, 0x03, 0x00, 0x03, 0x00, 0x00, 0x00,
  0x00, 0x00, 0x00, 0x00, 0x3F, 0xF8, 0x3F, 0xF0, 0x30, 0x00, 0x3F, 0xF0, 0x3F, 0xF0, 0x30, 0x00,
  0x3F, 0xF8, 0x3F, 0xF8, 0x00, 0x00, 0x00, 0x00, 0xFF, 0xFC, 0x7F, 0xFC, 0x00, 0x00, 0x00, 0x00,
  0x00, 0x00, 0x3F, 0xF8, 0x3F, 0xF0, 0x3F, 0xF0, 0x3F, 0xF0, 0x30, 0x00, 0x3F, 0xF8, 0x3F, 0xF0,
  0x7F, 0xFC, 0xFF, 0xFC, 0x00, 0x00, 0x3F, 0xF8, 0x3F, 0xF8, 0x00, 0x38, 0x00, 0x38, 0x00, 0x00,
  0x00, 0x00, 0x3F, 0xF8, 0x3F, 0xF0, 0x3F, 0xF0, 0x3F, 0xF0, 0x38, 0x00, 0x3F, 0xF8, 0x3F, 0xF8,
  0x7F, 0xFC, 0xFF, 0xFC, 0x10, 0x00, 0x30, 0x00, 0x30, 0x00, 0x3F, 0xF8, 0x3F, 0xF8, 0x00, 0x00,
  0x00, 0x00, 0x3F, 0xF8, 0x38, 0x00, 0x3F, 0xF0, 0x3F, 0xF0, 0x3F, 0xF8, 0x3F, 0xF8, 0x7F, 0xFC,
  0x7F, 0xFC, 0x1F, 0xF0, 0x3F, 0xF8, 0x00, 0x38, 0x3F, 0xF8, 0x30, 0x00, 0x3F, 0xF8, 0x00, 0x00,
  0x00, 0x30, 0x00, 0x30, 0x7F, 0xF0, 0x7F, 0xF0, 0x33, 0x30, 0x33, 0x30, 0x33, 0x3C, 0x33, 0x3C,
  0x33, 0x30, 0x33, 0x70, 0xFF, 0xF0, 0xFF, 0xF0, 0x00, 0x30, 0x00, 0x30, 0x00, 0x30, 0x00, 0x00,
  0x00, 0x30, 0x00, 0x30, 0x7F, 0xB0, 0x7F, 0xB0, 0x33, 0x30, 0x33, 0x3C, 0x33, 0x3C, 0x33, 0x30,
  0xFF, 0xF0, 0xFF, 0xF0, 0x18, 0x30, 0x38, 0x30, 0x38, 0x00, 0x3F, 0xF8, 0x3F, 0xF8, 0x00, 0x00,
  0x00, 0x30, 0x00, 0x30, 0x7F, 0xB0, 0x7F, 0xB0, 0x33, 0x3C, 0x33, 0x3C, 0x33, 0x30, 0xFF, 0xF0,
  0xFF, 0xB0, 0x00, 0x30, 0x1F, 0xE0, 0x3F, 0xF0, 0x38, 0x30, 0x1F, 0xF0, 0x0F, 0xE0, 0x00, 0x00,
  0x00, 0x0C, 0x00, 0x6C, 0x7F, 0x6C, 0x7F, 0x6C, 0x36, 0x6C, 0x36, 0x6C, 0x36, 0x7C, 0x36, 0x7C,
  0x36, 0x6C, 0x36, 0x6C, 0x7F, 0x6C, 0x7F, 0x6C, 0x00, 0x6C, 0x00, 0x6C, 0x00, 0x6C, 0x00, 0x00,
  0x00, 0x08, 0x00, 0x68, 0x7F, 0x68, 0x7F, 0x68, 0x36, 0x68, 0x36, 0x78, 0x36, 0x78, 0x36, 0x68,
  0x7F, 0x68, 0x7F, 0x68, 0x08, 0x68, 0x1C, 0x48, 0x1C, 0x00, 0x1C, 0x00, 0x1F, 0xFC, 0x00, 0x00,
  0x00, 0x18, 0x00, 0x18, 0x7F, 0xD8, 0x7F, 0x98, 0x33, 0x18, 0x33, 0x18, 0x33, 0x78, 0x33, 0x78,
  0x33, 0x18, 0x33, 0x18, 0xFF, 0xD8, 0xFF, 0xD8, 0x00, 0x18, 0x00, 0x18, 0x00, 0x18, 0x00, 0x00,
  0x00, 0x18, 0x00, 0x18, 0x7F, 0x98, 0x7F, 0x98, 0x33, 0x78, 0x33, 0x78, 0x33, 0x18, 0x7F, 0xD8,
  0xFF, 0xD8, 0x00, 0x18, 0x1F, 0xF8, 0x1F, 0xF8, 0x00, 0x18, 0x00, 0x18, 0x00, 0x18, 0x00, 0x00,
  0x00, 0x18, 0x00, 0x18, 0x7F, 0x98, 0x7F, 0x98, 0x33, 0x78, 0x33, 0xF8, 0x33, 0x18, 0x7F, 0xD8,
  0xFF, 0xD8, 0x00, 0x18, 0x18, 0x18, 0x1C, 0x00, 0x1C, 0x00, 0x1C, 0x00, 0x1F, 0xFC, 0x00, 0x00,
  0x00, 0x18, 0x7F, 0x98, 0x7F, 0x98, 0x33, 0x18, 0x33, 0x78, 0x33, 0xF8, 0x33, 0x18, 0xFF, 0xD8,
  0x7F, 0x98, 0x00, 0x18, 0x1F, 0xF8, 0x1F, 0xF8, 0x18, 0x18, 0x1F, 0xF8, 0x1F, 0xF8, 0x00, 0x00,
  0x00, 0x0C, 0x00, 0x6C, 0x7F, 0x6C, 0x7F, 0x6C, 0x36, 0x6C, 0x36, 0x6C, 0x37, 0xEC, 0x37, 0xEC,
  0x36, 0x6C, 0x36, 0x6C, 0x7F, 0x6C, 0x7F, 0x6C, 0x00, 0x6C, 0x00, 0x6C, 0x00, 0x6C, 0x00, 0x00,
  0x00, 0x18, 0x00, 0x18, 0x7F, 0x98, 0x7F, 0xF8, 0x33, 0x78, 0x33, 0x18, 0x33, 0x78, 0x33, 0x78,
  0xFF, 0x98, 0xFF, 0x98, 0x00, 0x18, 0x1C, 0x18, 0x1C, 0x00, 0x1C, 0x00, 0x1F, 0xFC, 0x00, 0x00,
  0x00, 0x18, 0x7F, 0x98, 0x7F, 0x98, 0x33, 0x78, 0x33, 0x78, 0x33, 0x38, 0x33, 0x78, 0x7F, 0xB8,
  0xFF, 0x98, 0x00, 0x18, 0x0F, 0xF0, 0x1F, 0xF8, 0x18, 0x18, 0x1F, 0xF8, 0x0F, 0xF0, 0x00, 0x00,
  0x00, 0x00, 0x00, 0x00, 0x3F, 0xF8, 0x3F, 0xF8, 0x0C, 0x60, 0x0C, 0x60, 0x0C, 0x60, 0x3F, 0xF8,
  0x3F, 0xF8, 0x03, 0x80, 0x03, 0x80, 0x03, 0x80, 0x7F, 0xFC, 0x7F, 0xFC, 0x00, 0x00, 0x00, 0x00,
  0x00, 0x00, 0x3F, 0xF8, 0x3F, 0xF8, 0x0C, 0x60, 0x0C, 0x60, 0x3F, 0xF8, 0x3F, 0xF8, 0x03, 0x80,
  0xFF, 0xFC, 0x7F, 0xFC, 0x00, 0x00, 0x3F, 0xF8, 0x3F, 0xF8, 0x00, 0x38, 0x00, 0x38, 0x00, 0x00,
  0x00, 0x00, 0x3F, 0xF8, 0x3F, 0xF8, 0x1C, 0xE0, 0x1C, 0xE0, 0x3F, 0xF8, 0x3F, 0xF8, 0x03, 0x00,
  0xFF, 0xFC, 0xFF, 0xFC, 0x30, 0x00, 0x30, 0x00, 0x30, 0x00, 0x3F, 0xF0, 0x3F, 0xF8, 0x00, 0x00,
  0x00, 0x00, 0x3F, 0xF8, 0x1C, 0xE0, 0x1C, 0xE0, 0x3F, 0xF8, 0x3F, 0xF8, 0x03, 0x00, 0xFF, 0xFC,
  0xFF, 0xFC, 0x3F, 0xF0, 0x3F, 0xF0, 0x00, 0x30, 0x3F, 0xF0, 0x30, 0x00, 0x3F, 0xF8, 0x00, 0x00,
  0x00, 0x00, 0x00, 0x00, 0x3F, 0xF8, 0x3F, 0xF8, 0x0C, 0x60, 0x0C, 0x60, 0x0C, 0x60, 0x3F, 0xF8,
  0x3F, 0xF8, 0x0C, 0x60, 0x0C, 0x60, 0x0C, 0x60, 0xFF, 0xFE, 0x7F, 0xFE, 0x00, 0x00, 0x00, 0x00,
  0x00, 0x00, 0x3F, 0xF8, 0x3F, 0xF8, 0x0C, 0x60, 0x0C, 0x60, 0x0C, 0x60, 0x3F, 0xF8, 0x3F, 0xF8,
  0x00, 0x00, 0x7F, 0xFC, 0x7F, 0xFC, 0x03, 0x80, 0x03, 0x80, 0x03, 0x80, 0x03, 0x80, 0x00, 0x00,
  0x00, 0x00, 0x3F, 0xF8, 0x1C, 0xE0, 0x1C, 0xE0, 0x3F, 0xF8, 0x3F, 0xF8, 0x00, 0x00, 0xFF, 0xFC,
  0x03, 0x00, 0x3F, 0xF0, 0x3F, 0xF0, 0x00, 0x30, 0x3F, 0xF0, 0x30, 0x00, 0x3F, 0xF8, 0x00, 0x00,
  0x00, 0x00, 0x3F, 0xF8, 0x3F, 0xF8, 0x1C, 0xE0, 0x1C, 0xE0, 0x3F, 0xF8, 0x3F, 0xF8, 0xFF, 0xFC,
  0xFF, 0xFC, 0x03, 0x00, 0x3F, 0xF0, 0x3F, 0xF0, 0x30, 0x30, 0x3F, 0xF0, 0x3F, 0xF0, 0x00, 0x00,
  0x00, 0x00, 0x3F, 0xF8, 0x3F, 0xF8, 0x1C, 0xE0, 0x1C, 0xE0, 0x3F, 0xF8, 0x3F, 0xF8, 0x7F, 0xF8,
  0xFF, 0xFC, 0x03, 0x00, 0x1F, 0xE0, 0x3F, 0xF0, 0x30, 0x30, 0x3F, 0xF0, 0x1F, 0xE0, 0x00, 0x00,
  0x00, 0x00, 0x3F, 0xF8, 0x3F, 0xF8, 0x3F, 0xF8, 0x0C, 0x60, 0x0C, 0x60, 0x0C, 0x60, 0x0C, 0x60,
  0x3F, 0xF8, 0x3F, 0xF8, 0x00, 0x00, 0x00, 0x00, 0xFF, 0xFC, 0x7F, 0xFC, 0x00, 0x00, 0x00, 0x00,
  0x00, 0x00, 0x3F, 0xF8, 0x3F, 0xF8, 0x0C, 0x60, 0x0C, 0x60, 0x3F, 0xF8, 0x3F, 0xF8, 0x00, 0x00,
  0x7F, 0xFC, 0xFF, 0xFC, 0x10, 0x00, 0x30, 0x00, 0x30, 0x00, 0x3F, 0xF8, 0x3F, 0xF8, 0x00, 0x00,
  0x00, 0x00, 0x3F, 0xF8, 0x3F, 0xF8, 0x0C, 0x60, 0x0C, 0x60, 0x3F, 0xF8, 0x3F, 0xF8, 0xFF, 0xFC,
  0x7F, 0xFC, 0x1F, 0xF0, 0x3F, 0xF8, 0x00, 0x38, 0x3F, 0xF8, 0x30, 0x00, 0x3F, 0xF8, 0x00, 0x00,
  0x00, 0x18, 0x00, 0x18, 0x7F, 0x98, 0x7F, 0x98, 0x33, 0x18, 0x33, 0x18, 0x33, 0x18, 0x33, 0x18,
  0x33, 0x18, 0x33, 0x18, 0xFF, 0xD8, 0xFF, 0xD8, 0x00, 0x18, 0x00, 0x18, 0x00, 0x18, 0x00, 0x00,
  0x00, 0x18, 0x00, 0x18, 0x7F, 0x98, 0x7F, 0x98, 0x33, 0x18, 0x33, 0x18, 0x33, 0x18, 0xFF, 0xD8,
  0xFF, 0xD8, 0x00, 0x00, 0x1F, 0xF8, 0x1F, 0xF8, 0x00, 0x18, 0x00, 0x18, 0x00, 0x18, 0x00, 0x00,
  0x00, 0x18, 0x7F, 0x98, 0x7F, 0x98, 0x33, 0x18, 0x33, 0x18, 0x33, 0x18, 0xFF, 0xD8, 0x7F, 0x98,
  0x00, 0x00, 0x3F, 0xF8, 0x1F, 0xF8, 0x1F, 0xF8, 0x3F, 0xF8, 0x38, 0x00, 0x3F, 0xFC, 0x00, 0x00,
  0x00, 0x30, 0x0C, 0x30, 0x0C, 0x30, 0xFF, 0xF0, 0x7F, 0xF0, 0x0C, 0x30, 0x3F, 0x3C, 0x73, 0xBC,
  0x61, 0xB0, 0x61, 0xB0, 0x73, 0xB0, 0x3F, 0x30, 0x0C, 0x30, 0x00, 0x30, 0x00, 0x30, 0x00, 0x00,
  0x00, 0x00, 0x0C, 0x30, 0x0C, 0x30, 0xFF, 0xF0, 0xFF, 0xF0, 0x1C, 0x30, 0x3F, 0x3C, 0x73, 0xBC,
  0x63, 0xB0, 0x7F, 0x30, 0x3E, 0x30, 0x18, 0x30, 0x38, 0x30, 0x38, 0x00, 0x3F, 0xF8, 0x3F, 0xF8,
  0x00, 0x00, 0x0C, 0x30, 0x0C, 0x30, 0xFF, 0xF0, 0x7F, 0xB0, 0x3F, 0x3C, 0x73, 0xBC, 0x63, 0xB0,
  0x3F, 0x30, 0x00, 0x30, 0x3F, 0xF0, 0x1F, 0xF0, 0x00, 0x30, 0x3F, 0xF0, 0x38, 0x00, 0x3F, 0xF8,
  0x00, 0x00, 0x0C, 0x30, 0x0C, 0x30, 0xFF, 0xB0, 0x7F, 0xB0, 0x3E, 0x3C, 0x73, 0x3C, 0x63, 0x30,
  0x7F, 0x30, 0x3E, 0x30, 0x00, 0x00, 0x7F, 0xF0, 0x3F, 0xF0, 0x7D, 0xF0, 0x7F, 0xF0, 0x7F, 0xF0,
  0x00, 0x00, 0x0C, 0x30, 0x0C, 0x30, 0xFF, 0xF0, 0x7F, 0xB0, 0x3E, 0x3C, 0x7F, 0x3C, 0x63, 0xB0,
  0x73, 0xB0, 0x3F, 0x30, 0x0C, 0x30, 0x3F, 0xF0, 0x3F, 0xF0, 0x38, 0x30, 0x3F, 0xF0, 0x3F, 0xF0,
  0x00, 0x18, 0x1C, 0xD8, 0x1C, 0xD8, 0xFF, 0xD8, 0x7F, 0xD8, 0x1C, 0xD8, 0x7E, 0xF8, 0x67, 0xF8,
  0x63, 0xD8, 0x67, 0xD8, 0x7E, 0xD8, 0x3E, 0xD8, 0x00, 0xD8, 0x00, 0xD8, 0x00, 0xD8, 0x00, 0x00,
  0x1C, 0x1C, 0x1C, 0xDC, 0xFF, 0xDC, 0x7F, 0xDC, 0x3C, 0xFC, 0x7E, 0xFC, 0x63, 0xDC, 0x76, 0xDC,
  0x3E, 0xDC, 0x00, 0xD8, 0x0E, 0x70, 0x0E, 0x70, 0x1E, 0x78, 0x3F, 0xDC, 0x33, 0x8C, 0x00, 0x00,
  0x1C, 0x18, 0x1C, 0xD8, 0xFF, 0xD8, 0x7F, 0xD8, 0x3C, 0xF8, 0x7F, 0xF8, 0x63, 0xD8, 0x67, 0xD8,
  0x7E, 0xD8, 0x1C, 0xD8, 0x07, 0xF0, 0x1F, 0xF8, 0x1C, 0x18, 0x1F, 0xF8, 0x07, 0xF0, 0x00, 0x00,
  0x00, 0x00, 0x0C, 0x18, 0x0C, 0x18, 0xFF, 0x98, 0x7F, 0x98, 0x3E, 0x18, 0x7F, 0x78, 0x63, 0xF8,
  0x73, 0x18, 0x3F, 0x18, 0x0C, 0x18, 0x1F, 0xF8, 0x1F, 0xF8, 0x18, 0x18, 0x1F, 0xF8, 0x1F, 0xF8,
  0x00, 0x18, 0x1C, 0xF8, 0x1C, 0xF8, 0xFF, 0xF8, 0x7F, 0xF8, 0x1C, 0xF8, 0x7F, 0xF8, 0x67, 0xF8,
  0x63, 0xF8, 0x63, 0xF8, 0x7F, 0xF8, 0x3E, 0xF8, 0x00, 0xF8, 0x00, 0xF8, 0x00, 0x58, 0x00, 0x00,
  0x1C, 0x18, 0x1C, 0x18, 0x7F, 0x98, 0x1C, 0x78, 0x3E, 0x78, 0x63, 0x18, 0x63, 0x78, 0x7F, 0x78,
  0x1E, 0x18, 0x1F, 0xF8, 0x1F, 0xF8, 0x00, 0x18, 0x1F, 0xF8, 0x18, 0x00, 0x1F, 0xFC, 0x00, 0x00,
  0x1C, 0x18, 0x1C, 0x18, 0x7F, 0x98, 0x7F, 0x98, 0x3E, 0x78, 0x7F, 0x78, 0x63, 0x18, 0x63, 0x78,
  0x7F, 0x78, 0x1E, 0x18, 0x0F, 0xF0, 0x1F, 0xF8, 0x18, 0x18, 0x1F, 0xF8, 0x0F, 0xF0, 0x00, 0x00,
  0x00, 0x00, 0x03, 0x00, 0x03, 0x00, 0x7F, 0xF8, 0x7F, 0xF8, 0x1F, 0xE0, 0x3F, 0xF0, 0x30, 0x30,
  0x3C, 0xF0, 0x1F, 0xE0, 0x0F, 0xC0, 0x03, 0x00, 0xFF, 0xFC, 0xFF, 0xFC, 0x00, 0x00, 0x00, 0x00,
  0x03, 0x00, 0x03, 0x00, 0x7F, 0xF8, 0x7F, 0xF8, 0x1F, 0xE0, 0x38, 0x70, 0x38, 0x70, 0x1F, 0xE0,
  0x03, 0x00, 0xFF, 0xFC, 0xFF, 0xFC, 0x00, 0x00, 0x30, 0x00, 0x30, 0x00, 0x3F, 0xF8, 0x00, 0x00,
  0x03, 0x00, 0x03, 0x00, 0x7F, 0xF8, 0x7F, 0xF8, 0x1F, 0xE0, 0x38, 0x70, 0x3F, 0xF0, 0x0F, 0xC0,
  0xFF, 0xFC, 0xFF, 0xFC, 0x00, 0x00, 0x1F, 0xF0, 0x38, 0x70, 0x3F, 0xF0, 0x1F, 0xE0, 0x00, 0x00,
  0x0E, 0x18, 0x0E, 0x18, 0x7F, 0xD8, 0x7F, 0x98, 0x0E, 0x18, 0x1F, 0x18, 0x31, 0x98, 0x31, 0x9E,
  0x3F, 0x98, 0x1F, 0x18, 0x0E, 0x18, 0xFF, 0xD8, 0x7F, 0xD8, 0x00, 0x18, 0x00, 0x18, 0x00, 0x00,
  0x00, 0x00, 0x0C, 0x30, 0x0C, 0x30, 0x7F, 0xB0, 0x7F, 0xB0, 0x3F, 0x30, 0x63, 0xBC, 0x7F, 0xBC,
  0x3F, 0x30, 0x0C, 0x30, 0xFF, 0xF0, 0x7F, 0x30, 0x3F, 0xF0, 0x3F, 0xF0, 0x00, 0x30, 0x00, 0x30,
  0x00, 0x00, 0x0C, 0x30, 0x0C, 0x30, 0x7F, 0xB0, 0x7F, 0xB0, 0x3F, 0x30, 0x73, 0xBC, 0x73, 0xBC,
  0x3F, 0x30, 0x0C, 0x30, 0xFF, 0xF0, 0xFE, 0x30, 0x38, 0x30, 0x38, 0x00, 0x3F, 0xF8, 0x3F, 0xF8,
  0x00, 0x00, 0x0C, 0x30, 0x0C, 0x30, 0x7F, 0xB0, 0x7F, 0xB0, 0x3F, 0x30, 0x63, 0xBC, 0x7F, 0x3C,
  0x1E, 0x30, 0xFF, 0xF0, 0xFF, 0xB0, 0x00, 0x30, 0x1F, 0xE0, 0x38, 0x70, 0x3F, 0xF0, 0x1F, 0xE0,
  0x0E, 0x18, 0x0E, 0x18, 0x7F, 0xD8, 0x7F, 0xD8, 0x0E, 0x18, 0x1F, 0x18, 0x31, 0x98, 0x31, 0x98,
  0x3F, 0x98, 0x1F, 0x18, 0x0E, 0x18, 0x7F, 0xF8, 0x7F, 0xD8, 0x00, 0x18, 0x00, 0x18, 0x00, 0x00,
  0x0E, 0x18, 0x0E, 0x18, 0x7F, 0xD8, 0x7F, 0xD8, 0x1F, 0x18, 0x31, 0x98, 0x3F, 0x98, 0x1F, 0x18,
  0x0E, 0x58, 0x7F, 0xD8, 0x7F, 0x80, 0x1F, 0xF8, 0x1F, 0xF8, 0x00, 0x18, 0x00, 0x18, 0x00, 0x00,
  0x00, 0x00, 0x03, 0x00, 0x03, 0x00, 0x7F, 0xF8, 0x7F, 0xF8, 0x1F, 0xE0, 0x3F, 0xF0, 0x30, 0x30,
  0x38, 0x70, 0x1F, 0xE0, 0x1F, 0xE0, 0x1C, 0xE0, 0xFF, 0xFC, 0x7F, 0xFC, 0x00, 0x00, 0x00, 0x00,
  0x03, 0x00, 0x03, 0x00, 0x7F, 0xF8, 0x7F, 0xF8, 0x07, 0x80, 0x1F, 0xE0, 0x38, 0x70, 0x38, 0x70,
  0x1F, 0xE0, 0x07, 0x80, 0xFF, 0xFC, 0xFF, 0xFC, 0x03, 0x00, 0x03, 0x00, 0x03, 0x00, 0x00, 0x00,
  0x03, 0x00, 0x03, 0x00, 0x7F, 0xF8, 0x7F, 0xF8, 0x1F, 0xE0, 0x38, 0x70, 0x38, 0x70, 0x1F, 0xE0,
  0x07, 0x80, 0xFF, 0xFC, 0x7F, 0xFC, 0x03, 0x00, 0x33, 0x00, 0x30, 0x00, 0x3F, 0xF8, 0x00, 0x00,
  0x00, 0x00, 0x0E, 0x18, 0x0E, 0x18, 0x7F, 0xD8, 0x7F, 0xD8, 0x3F, 0x98, 0x31, 0x98, 0x3F, 0x98,
  0x7F, 0xD8, 0x7F, 0xD8, 0x06, 0x00, 0x1E, 0x18, 0x18, 0x18, 0x1F, 0xF8, 0x1F, 0xF8, 0x1F, 0xF8,
  0x03, 0x80, 0x03, 0x80, 0x7F, 0xFC, 0x3F, 0xF8, 0x1F, 0xF0, 0x38, 0x30, 0x3F, 0xF0, 0x0F, 0xE0,
  0x7F, 0xFC, 0xFF, 0xFC, 0x30, 0x38, 0x38, 0x38, 0x3F, 0xF8, 0x3F, 0xF8, 0x3F, 0xF8, 0x00, 0x00,
  0x0E, 0x18, 0x0E, 0x18, 0x7F, 0xD8, 0x7F, 0xD8, 0x04, 0x18, 0x1F, 0x18, 0x3B, 0x98, 0x31, 0x98,
  0x3F, 0x98, 0x1F, 0x18, 0x00, 0x18, 0x7F, 0xF8, 0x7F, 0x98, 0x00, 0x18, 0x00, 0x18, 0x00, 0x00,
  0x00, 0x18, 0x06, 0x18, 0x06, 0x18, 0x7F, 0xD8, 0x7F, 0xD8, 0x0E, 0x18, 0x1F, 0x98, 0x39, 0xD8,
  0x30, 0xD8, 0x30, 0xD8, 0x39, 0xD8, 0x1F, 0x98, 0x0E, 0x18, 0x00, 0x18, 0x00, 0x18, 0x00, 0x00,
  0x00, 0x00, 0x0E, 0x18, 0x0E, 0x18, 0x7F, 0xD8, 0x7F, 0xD8, 0x0E, 0x18, 0x1F, 0x18, 0x31, 0x98,
  0x31, 0x98, 0x3F, 0x98, 0x1F, 0x18, 0x08, 0x18, 0x1C, 0x00, 0x1C, 0x00, 0x1F, 0xF8, 0x1F, 0xF8,
  0x00, 0x00, 0x0E, 0x18, 0x0E, 0x18, 0x7F, 0xD8, 0x7F, 0xD8, 0x1F, 0x18, 0x3F, 0x98, 0x31, 0x98,
  0x3F, 0x98, 0x1F, 0x18, 0x00, 0x00, 0x1F, 0xF8, 0x1F, 0xF8, 0x18, 0x18, 0x1F, 0xF8, 0x1F, 0xF8,
};

static constexpr uint8_t KO_FONT_24_SIZE = 24;
static constexpr uint16_t KO_FONT_24_BYTES = 72;
static const uint8_t KO_FONT_24_BITMAPS[38880] PROGMEM = {
  0x00, 0x00, 0x00, 0x00, 0x00, 0x00, 0x00, 0x00, 0x00, 0x00, 0x00, 0x00, 0x00, 0x00, 0x00, 0x00,
  0x00, 0x00, 0x00, 0x3C, 0x00, 0x00, 0x3C, 0x00, 0x00, 0x3C, 0x00, 0x00, 0x3C, 0x00, 0x00, 0x00,
  0x00, 0x00, 0x00, 0x00, 0x00, 0x00, 0x00, 0x00, 0x00, 0x00, 0x00, 0x00, 0x00, 0x00, 0x00, 0x00,
  0x00, 0x00, 0x00, 0x00, 0x00, 0x00, 0x00, 0x00, 0x00, 0x00, 0x00, 0x00, 0x00, 0x00, 0x00, 0x00,
  0x00, 0x00, 0x00, 0x00, 0x00, 0x00, 0x00, 0x00, 0x00, 0x00, 0x00, 0x00, 0x00, 0x00, 0x00, 0x00,
  0x00, 0x00, 0x18, 0x00, 0x00, 0x3C, 0x00, 0x00, 0x3C, 0x00, 0x00, 0x7E, 0x00, 0x00, 0x7E, 0x00,
  0x00, 0xFF, 0x00, 0x00, 0xFF, 0x00, 0x01, 0xFF, 0x80, 0x03, 0xFF, 0xC0, 0x03, 0xFF, 0xC0, 0x07,
  0xFF, 0xE0, 0x07, 0xFF, 0xE0, 0x0F, 0xFF, 0xF0, 0x0F, 0xFF, 0xF0, 0x1F, 0xFF, 0xF8, 0x3F, 0xFF,
  0xFC, 0x3F, 0xFF, 0xFC, 0x7F, 0xFF, 0xFE, 0x7F, 0xFF, 0xFE, 0x00, 0x00, 0x00, 0x00, 0x00, 0x00,
  0x00, 0x00, 0x00, 0x18, 0x00, 0x00, 0x1C, 0x00, 0x00, 0x1F, 0x00, 0x00, 0x1F, 0xC0, 0x00, 0x1F,
  0xF0, 0x00, 0x1F, 0xF8, 0x00, 0x1F, 0xFE, 0x00, 0x1F, 0xFF, 0x80, 0x1F, 0xFF, 0xE0, 0x1F, 0xFF,
  0xF0, 0x1F, 0xFF, 0xFC, 0x1F, 0xFF, 0xFC, 0x1F, 0xFF, 0xF0, 0x1F, 0xFF, 0xC0, 0x1F, 0xFF, 0x80,
  0x1F, 0xFE, 0x00, 0x1F, 0xF8, 0x00, 0x1F, 0xF0, 0x00, 0x1F, 0xC0, 0x00, 0x1F, 0x00, 0x00, 0x1C,
  0x00, 0x00, 0x18, 0x00, 0x00, 0x00, 0x00, 0x00, 0x00, 0x00, 0x00, 0x00, 0x00, 0x00, 0x7F, 0xFF,
  0xFE, 0x7F, 0xFF, 0xFE, 0x3F, 0xFF, 0xFC, 0x3F, 0xFF, 0xFC, 0x1F, 0xFF, 0xF8, 0x0F, 0xFF, 0xF0,
  0x0F, 0xFF, 0xF0, 0x07, 0xFF, 0xE0, 0x07, 0xFF, 0xE0, 0x03, 0xFF, 0xC0, 0x01, 0xFF, 0x80, 0x01,
  0xFF, 0x80, 0x00, 0xFF, 0x00, 0x00, 0xFF, 0x00, 0x00, 0x7E, 0x00, 0x00, 0x7E, 0x00, 0x00, 0x3C,
  0x00, 0x00, 0x18, 0x00, 0x00, 0x18, 0x00, 0x00, 0x00, 0x00, 0x00, 0x00, 0x00, 0x00, 0x00, 0x00,
  0x00, 0x00, 0x00, 0x00, 0x00, 0x18, 0x00, 0x00, 0x38, 0x00, 0x00, 0xF8, 0x00, 0x03, 0xF8, 0x00,
  0x0F, 0xF8, 0x00, 0x1F, 0xF8, 0x00, 0x7F, 0xF8, 0x01, 0xFF, 0xF8, 0x07, 0xFF, 0xF8, 0x0F, 0xFF,
  0xF8, 0x3F, 0xFF, 0xF8, 0x3F, 0xFF, 0xF8, 0x0F, 0xFF, 0xF8, 0x03, 0xFF, 0xF8, 0x01, 0xFF, 0xF8,
  0x00, 0x7F, 0xF8, 0x00, 0x1F, 0xF8, 0x00, 0x0F, 0xF8, 0x00, 0x03, 0xF8, 0x00, 0x00, 0xF8, 0x00,
  0x00, 0x38, 0x00, 0x00, 0x18, 0x00, 0x00, 0x00, 0x00, 0x00, 0x00, 0x00, 0x7C, 0x00, 0x00, 0xFF,
  0x00, 0x01, 0xEF, 0x00, 0x01, 0xC3, 0x80, 0x03, 0x81, 0x80, 0x03, 0x81, 0x80, 0x03, 0x81, 0x80,
  0x03, 0x83, 0x80, 0x01, 0xC3, 0x80, 0x00, 0xFF, 0x00, 0x00, 0x7E, 0x00, 0x00, 0x38, 0x00, 0x00,
  0x38, 0x00, 0x0F, 0xFF, 0xF0, 0x0F, 0xFF, 0xF0, 0x00, 0x38, 0x00, 0x00, 0x38, 0x00, 0x00, 0x38,
  0x00, 0x00, 0x38, 0x00, 0x00, 0x38, 0x00, 0x00, 0x38, 0x00, 0x00, 0x38, 0x00, 0x00, 0x00, 0x00,
  0x00, 0x00, 0x00, 0x00, 0x00, 0x00, 0x00, 0x00, 0x00, 0x00, 0x0F, 0xF8, 0x00, 0x0F, 0xF8, 0x00,
  0x00, 0x78, 0x00, 0x00, 0xF8, 0x00, 0x01, 0xD8, 0x00, 0x03, 0x98, 0x00, 0x07, 0x18, 0x03, 0xEE,
  0x18, 0x0F, 0xFC, 0x18, 0x0F, 0x78, 0x00, 0x1C, 0x1C, 0x00, 0x18, 0x1C, 0x00, 0x18, 0x0C, 0x00,
  0x18, 0x1C, 0x00, 0x1C, 0x1C, 0x00, 0x1E, 0x38, 0x00, 0x0F, 0xF8, 0x00, 0x07, 0xE0, 0x00, 0x00,
  0x00, 0x00, 0x00, 0x00, 0x00, 0x00, 0x00, 0x00, 0x00, 0x00, 0x00, 0x00, 0x00, 0xE0, 0x00, 0x00,
  0xE0, 0x1F, 0xFC, 0xE0, 0x1F, 0xFC, 0xE0, 0x00, 0x38, 0xE0, 0x00, 0x38, 0xE0, 0x00, 0x38, 0xE0,
  0x00, 0x38, 0xE0, 0x00, 0x78, 0xFC, 0x00, 0x70, 0xFC, 0x00, 0xF0, 0xFC, 0x01, 0xE0, 0xE0, 0x01,
  0xE0, 0xE0, 0x07, 0xC0, 0xE0, 0x0F, 0x80, 0xE0, 0x3F, 0x00, 0xE0, 0x3E, 0x00, 0xE0, 0x18, 0x00,
  0xE0, 0x00, 0x00, 0xE0, 0x00, 0x00, 0xE0, 0x00, 0x00, 0xE0, 0x00, 0x00, 0xE0, 0x00, 0x00, 0x00,
  0x00, 0x00, 0x60, 0x00, 0x00, 0xE0, 0x00, 0x10, 0xE0, 0x1F, 0xFC, 0xE0, 0x1F, 0xFC, 0xE0, 0x00,
  0x38, 0xE0, 0x00, 0x38, 0xE0, 0x00, 0x78, 0xFC, 0x00, 0xF0, 0xFC, 0x01, 0xE0, 0xFC, 0x07, 0xE0,
  0xE0, 0x1F, 0x80, 0xE0, 0x3F, 0x00, 0xE0, 0x1C, 0x00, 0xE0, 0x00, 0x00, 0xE0, 0x07, 0x00, 0xE0,
  0x07, 0x00, 0xE0, 0x07, 0x00, 0x00, 0x07, 0x00, 0x00, 0x07, 0x00, 0x00, 0x07, 0xFF, 0xF0, 0x07,
  0xFF, 0xF0, 0x07, 0xFF, 0xF0, 0x00, 0x00, 0x00, 0x00, 0x00, 0x00, 0x00, 0x00, 0xE0, 0x1F, 0xFC,
  0xE0, 0x1F, 0xF8, 0xE0, 0x00, 0x38, 0xE0, 0x00, 0x38, 0xE0, 0x00, 0x78, 0xFC, 0x00, 0xF0, 0xFC,
  0x01, 0xF0, 0xE0, 0x03, 0xE0, 0xE0, 0x0F, 0xC0, 0xE0, 0x3F, 0x00, 0xE0, 0x3E, 0x00, 0xE0, 0x10,
  0x00, 0x00, 0x07, 0xFF, 0xE0, 0x07, 0xFF, 0xE0, 0x07, 0x00, 0xE0, 0x07, 0x00, 0xE0, 0x07, 0x00,
  0xE0, 0x07, 0x00, 0xE0, 0x07, 0x00, 0xE0, 0x07, 0xFF, 0xE0, 0x07, 0xFF, 0xE0, 0x00, 0x00, 0x00,
  0x00, 0x00, 0x00, 0x00, 0x00, 0xE0, 0x1F, 0xF8, 0xE0, 0x1F, 0xF8, 0xE0, 0x00, 0x38, 0xE0, 0x00,
  0x38, 0xE0, 0x00, 0x78, 0xFC, 0x00, 0xF0, 0xFC, 0x01, 0xF0, 0xFC, 0x03, 0xE0, 0xE0, 0x0F, 0xC0,
  0xE0, 0x3F, 0x80, 0xE0, 0x3E, 0x00, 0xE0, 0x18, 0x00, 0x00, 0x01, 0xC1, 0xC0, 0x01, 0xC1, 0xC0,
  0x03, 0xC1, 0xC0, 0x03, 0xC3, 0xC0, 0x03, 0xE3, 0xE0, 0x07, 0xF7, 0xF0, 0x1F, 0x7F, 0x78, 0x1E,
  0x3E, 0x38, 0x08, 0x1C, 0x18, 0x00, 0x00, 0x00, 0x00, 0x00, 0x60, 0x00, 0x00, 0xF0, 0x00, 0x30,
  0xF0, 0x1F, 0xFC, 0xF0, 0x1F, 0xF8, 0xF0, 0x00, 0x38, 0xF0, 0x00, 0x78, 0xFE, 0x00, 0x78, 0xFE,
  0x00, 0xF0, 0xFC, 0x01, 0xE0, 0xF0, 0x07, 0xC0, 0xF0, 0x3F, 0x80, 0xF0, 0x3E, 0x00, 0xF0, 0x18,
  0x00, 0x70, 0x00, 0xFF, 0x80, 0x03, 0xFF, 0xC0, 0x07, 0xE3, 0xE0, 0x07, 0x00, 0xF0, 0x07, 0x00,
  0x70, 0x07, 0x00, 0xF0, 0x07, 0xE3, 0xE0, 0x03, 0xFF, 0xC0, 0x00, 0xFF, 0x80, 0x00, 0x00, 0x00,
  0x00, 0x00, 0x00, 0x00, 0x00, 0xE0, 0x00, 0x30, 0xE0, 0x1F, 0xFC, 0xE0, 0x1F, 0xF8, 0xE0, 0x00,
  0x38, 0xE0, 0x00, 0x78, 0xFC, 0x00, 0x78, 0xFC, 0x00, 0xF0, 0xE0, 0x03, 0xE0, 0xE0, 0x3F, 0xC0,
  0xE0, 0x3F, 0x80, 0xE0, 0x1C, 0x00, 0xE0, 0x00, 0x00, 0x00, 0x07, 0xFF, 0xE0, 0x07, 0xFF, 0xE0,
  0x07, 0x00, 0x00, 0x07, 0xFF, 0xE0, 0x07, 0xFF, 0xE0, 0x07, 0x00, 0x00, 0x07, 0x00, 0x00, 0x07,
  0xFF, 0xF0, 0x07, 0xFF, 0xF0, 0x00, 0x00, 0x00, 0x00, 0x00, 0x00, 0x00, 0x00, 0x38, 0x00, 0x07,
  0x38, 0x00, 0x47, 0x38, 0x1F, 0xF7, 0x38, 0x1F, 0xF7, 0x38, 0x00, 0x77, 0x38, 0x00, 0xF7, 0x38,
  0x00, 0xE7, 0x38, 0x00, 0xE7, 0x38, 0x00, 0xE7, 0xF8, 0x01, 0xE7, 0xF8, 0x03, 0xC7, 0x38, 0x03,
  0x87, 0x38, 0x07, 0x87, 0x38, 0x0F, 0x07, 0x38, 0x3E, 0x07, 0x38, 0x3C, 0x07, 0x38, 0x10, 0x07,
  0x38, 0x00, 0x07, 0x38, 0x00, 0x07, 0x38, 0x00, 0x07, 0x38, 0x00, 0x03, 0x38, 0x00, 0x00, 0x00,
  0x00, 0x00, 0x00, 0x00, 0x00, 0xE0, 0x00, 0x00, 0xE0, 0x1F, 0xFC, 0xE0, 0x1F, 0xFC, 0xE0, 0x00,
  0x38, 0xE0, 0x00, 0x38, 0xFC, 0x00, 0x38, 0xFC, 0x00, 0x38, 0xFC, 0x00, 0x78, 0xE0, 0x00, 0x70,
  0xE0, 0x00, 0xF0, 0xE0, 0x01, 0xE0, 0xE0, 0x03, 0xC0, 0xFC, 0x07, 0xC0, 0xFC, 0x0F, 0x80, 0xFC,
  0x3F, 0x00, 0xE0, 0x3C, 0x00, 0xE0, 0x18, 0x00, 0xE0, 0x00, 0x00, 0xE0, 0x00, 0x00, 0xE0, 0x00,
  0x00, 0xE0, 0x00, 0x00, 0xE0, 0x00, 0x00, 0x00, 0x00, 0x00, 0x00, 0x00, 0x00, 0x38, 0x00, 0x00,
  0x78, 0x1F, 0xFC, 0x78, 0x1F, 0xF8, 0x78, 0x00, 0x38, 0x78, 0x00, 0x38, 0x78, 0x00, 0x38, 0x78,
  0x00, 0x38, 0x78, 0x00, 0x78, 0x78, 0x00, 0x77, 0xF8, 0x00, 0xF7, 0xF8, 0x01, 0xE0, 0x78, 0x01,
  0xE0, 0x78, 0x07, 0xC0, 0x78, 0x0F, 0x80, 0x78, 0x3F, 0x00, 0x78, 0x3E, 0x00, 0x78, 0x18, 0x00,
  0x78, 0x00, 0x00, 0x78, 0x00, 0x00, 0x78, 0x00, 0x00, 0x78, 0x00, 0x00, 0x78, 0x00, 0x00, 0x00,
  0x00, 0x00, 0x00, 0x00, 0x00, 0x78, 0x00, 0x18, 0x78, 0x1F, 0xFC, 0x78, 0x1F, 0xFC, 0x78, 0x00,
  0x1C, 0x78, 0x00, 0x3C, 0x78, 0x00, 0x38, 0x78, 0x00, 0x7F, 0xF8, 0x00, 0xF7, 0xF8, 0x01, 0xF0,
  0x78, 0x07, 0xE0, 0x78, 0x1F, 0x80, 0x78, 0x3F, 0x00, 0x78, 0x1C, 0x00, 0x78, 0x00, 0x00, 0x78,
  0x03, 0x80, 0x78, 0x03, 0x80, 0x30, 0x03, 0x80, 0x00, 0x03, 0x80, 0x00, 0x03, 0x80, 0x00, 0x03,
  0xFF, 0xF8, 0x03, 0xFF, 0xF8, 0x00, 0x00, 0x00, 0x00, 0x00, 0x00, 0x00, 0x00, 0x78, 0x1F, 0xF8,
  0x78, 0x1F, 0xF8, 0x78, 0x00, 0x38, 0x78, 0x00, 0x78, 0x78, 0x00, 0x77, 0xF8, 0x00, 0xF7, 0xF8,
  0x01, 0xE0, 0x78, 0x0F, 0xC0, 0x78, 0x3F, 0x80, 0x78, 0x1E, 0x00, 0x78, 0x10, 0x00, 0x00, 0x03,
  0xFF, 0xF8, 0x03, 0xFF, 0xF8, 0x00, 0x00, 0x78, 0x00, 0x00, 0x78, 0x03, 0xFF, 0xF8, 0x03, 0xFF,
  0xF8, 0x03, 0x80, 0x00, 0x03, 0x80, 0x00, 0x03, 0xFF, 0xF8, 0x03, 0xFF, 0xF8, 0x00, 0x00, 0x00,
  0x00, 0x00, 0x30, 0x00, 0x00, 0x78, 0x1F, 0xF8, 0x78, 0x1F, 0xF8, 0x78, 0x00, 0x78, 0x78, 0x00,
  0x78, 0x78, 0x00, 0x77, 0xF8, 0x00, 0xF7, 0xF8, 0x01, 0xE0, 0x78, 0x03, 0xC0, 0x78, 0x1F, 0x80,
  0x78, 0x3F, 0x00, 0x78, 0x1C, 0x00, 0x78, 0x00, 0x00, 0x00, 0x03, 0xFF, 0xF8, 0x03, 0xFF, 0xF8,
  0x03, 0x80, 0x78, 0x03, 0x80, 0x78, 0x03, 0x80, 0x78, 0x03, 0x80, 0x78, 0x03, 0x80, 0x78, 0x03,
  0xFF, 0xF8, 0x03, 0xFF, 0xF8, 0x00, 0x00, 0x00, 0x00, 0x00, 0x00, 0x00, 0x00, 0x70, 0x00, 0x30,
  0x70, 0x1F, 0xF8, 0x70, 0x1F, 0xF8, 0x70, 0x00, 0x38, 0x70, 0x00, 0x78, 0x70, 0x00, 0x77, 0xF0,
  0x00, 0xF7, 0xF0, 0x01, 0xE0, 0x70, 0x03, 0xC0, 0x70, 0x0F, 0x80, 0x70, 0x3F, 0x00, 0x70, 0x3C,
  0x00, 0x70, 0x10, 0x1E, 0x70, 0x00, 0x1E, 0x70, 0x00, 0x1E, 0x00, 0x00, 0x3F, 0x00, 0x00, 0x7F,
  0x80, 0x00, 0xF7, 0xC0, 0x0F, 0xE3, 0xF8, 0x0F, 0xC0, 0xF8, 0x07, 0x00, 0x38, 0x00, 0x00, 0x00,
  0x00, 0x00, 0x00, 0x00, 0x00, 0x38, 0x00, 0x03, 0xB8, 0x00, 0x43, 0xB8, 0x1F, 0xF3, 0xB8, 0x1F,
  0xF3, 0xB8, 0x00, 0x73, 0xB8, 0x00, 0xF3, 0xB8, 0x00, 0xE3, 0xB8, 0x00, 0xE3, 0xB8, 0x00, 0xFF,
  0xB8, 0x01, 0xFF, 0xB8, 0x03, 0xC3, 0xB8, 0x03, 0x83, 0xB8, 0x0F, 0x83, 0xB8, 0x1F, 0x03, 0xB8,
  0x3E, 0x03, 0xB8, 0x1C, 0x03, 0xB8, 0x10, 0x03, 0xB8, 0x00, 0x03, 0xB8, 0x00, 0x03, 0xB8, 0x00,
  0x03, 0xB8, 0x00, 0x00, 0x38, 0x00, 0x00, 0x00, 0x00, 0x00, 0x00, 0x00, 0x07, 0x38, 0x1F, 0xF7,
  0x38, 0x1F, 0xF7, 0x38, 0x00, 0xF7, 0x38, 0x00, 0xE7, 0x38, 0x00, 0xFF, 0x38, 0x01, 0xFF, 0x38,
  0x03, 0xC7, 0x38, 0x07, 0x87, 0x38, 0x3F, 0x07, 0x38, 0x3E, 0x07, 0x38, 0x18, 0x00, 0x00, 0x03,
  0xFF, 0xF8, 0x03, 0xFF, 0xF8, 0x00, 0x00, 0x38, 0x00, 0x00, 0x38, 0x03, 0xFF, 0xF8, 0x03, 0xFF,
  0xF8, 0x03, 0x80, 0x00, 0x03, 0x80, 0x00, 0x03, 0xFF, 0xFC, 0x03, 0xFF, 0xFC, 0x00, 0x00, 0x00,
  0x00, 0x07, 0x38, 0x1F, 0xF7, 0x38, 0x1F, 0xF7, 0x38, 0x1F, 0xF7, 0x38, 0x00, 0xF7, 0x38, 0x00,
  0xE7, 0x38, 0x01, 0xFF, 0x38, 0x01, 0xFF, 0x38, 0x03, 0xC7, 0x38, 0x07, 0x87, 0x38, 0x1F, 0x07,
  0x38, 0x3E, 0x07, 0x38, 0x18, 0x00, 0x38, 0x01, 0xC1, 0xC0, 0x01, 0xC1, 0xC0, 0x01, 0xC1, 0xC0,
  0x01, 0xE1, 0xE0, 0x03, 0xE3, 0xE0, 0x07, 0xF7, 0xF0, 0x1F, 0x7F, 0x7C, 0x1E, 0x3E, 0x3C, 0x0C,
  0x1C, 0x08, 0x00, 0x00, 0x00, 0x00, 0x00, 0x00, 0x00, 0x00, 0x00, 0x00, 0x00, 0x78, 0x00, 0x00,
  0x78, 0x1F, 0xFC, 0x78, 0x1F, 0xF8, 0x78, 0x00, 0x38, 0x78, 0x00, 0x38, 0x78, 0x00, 0x3F, 0xF8,
  0x00, 0x3F, 0xF8, 0x00, 0x78, 0x78, 0x00, 0x70, 0x78, 0x00, 0xF0, 0x78, 0x01, 0xE0, 0x78, 0x03,
  0xCF, 0xF8, 0x07, 0xCF, 0xF8, 0x0F, 0x80, 0x78, 0x3F, 0x00, 0x78, 0x3C, 0x00, 0x78, 0x18, 0x00,
  0x78, 0x00, 0x00, 0x78, 0x00, 0x00, 0x78, 0x00, 0x00, 0x78, 0x00, 0x00, 0x78, 0x00, 0x00, 0x00,
  0x00, 0x00, 0x00, 0x00, 0x00, 0x38, 0x0F, 0xFC, 0x38, 0x1F, 0xFC, 0x38, 0x1F, 0xFC, 0x38, 0x00,
  0x3F, 0xF8, 0x00, 0x3F, 0xF8, 0x00, 0x78, 0x38, 0x00, 0xF0, 0x38, 0x01, 0xEF, 0xF8, 0x0F, 0xCF,
  0xF8, 0x3F, 0x80, 0x38, 0x1E, 0x00, 0x38, 0x10, 0x00, 0x38, 0x00, 0x00, 0x00, 0x03, 0xFF, 0xF8,
  0x03, 0xFF, 0xF8, 0x00, 0x00, 0x38, 0x00, 0x00, 0x38, 0x00, 0x00, 0x38, 0x00, 0x00, 0x38, 0x00,
  0x00, 0x38, 0x00, 0x00, 0x38, 0x00, 0x00, 0x00, 0x00, 0x00, 0x30, 0x00, 0x00, 0x78, 0x1F, 0xFC,
  0x78, 0x1F, 0xFC, 0x78, 0x1F, 0xFC, 0x78, 0x00, 0x3F, 0xF8, 0x00, 0x3F, 0xF8, 0x00, 0x78, 0x78,
  0x00, 0x70, 0x78, 0x01, 0xF0, 0x78, 0x03, 0xEF, 0xF8, 0x0F, 0xCF, 0xF8, 0x3F, 0x00, 0x78, 0x1E,
  0x00, 0x78, 0x00, 0x00, 0x78, 0x03, 0x80, 0x78, 0x03, 0x80, 0x78, 0x03, 0x80, 0x00, 0x03, 0x80,
  0x00, 0x03, 0x80, 0x00, 0x03, 0xFF, 0xF8, 0x03, 0xFF, 0xF8, 0x03, 0xFF, 0xF8, 0x00, 0x00, 0x00,
  0x00, 0x00, 0x00, 0x00, 0x00, 0x78, 0x1F, 0xFC, 0x78, 0x1F, 0xFC, 0x78, 0x00, 0x7F, 0xF8, 0x00,
  0x7F, 0xF8, 0x00, 0x78, 0x78, 0x00, 0xF0, 0x78, 0x03, 0xF7, 0xF8, 0x0F, 0xE7, 0xF8, 0x3F, 0x80,
  0x78, 0x3E, 0x00, 0x78, 0x10, 0x00, 0x00, 0x03, 0xFF, 0xF8, 0x03, 0xFF, 0xF8, 0x00, 0x00, 0x78,
  0x00, 0x00, 0x78, 0x03, 0xFF, 0xF8, 0x03, 0xFF, 0xF8, 0x03, 0x80, 0x00, 0x03, 0x80, 0x00, 0x03,
  0xFF, 0xF8, 0x03, 0xFF, 0xF8, 0x00, 0x00, 0x00, 0x00, 0x00, 0x00, 0x00, 0x00, 0x38, 0x00, 0x18,
  0x38, 0x1F, 0xFC, 0x38, 0x1F, 0xFC, 0x38, 0x00, 0x1F, 0xF8, 0x00, 0x3F, 0xF8, 0x00, 0x38, 0x38,
  0x00, 0x78, 0x38, 0x01, 0xF7, 0xF8, 0x07, 0xE7, 0xF8, 0x3F, 0xC0, 0x38, 0x3F, 0x00, 0x38, 0x1C,
  0x00, 0x38, 0x00, 0x7F, 0xC0, 0x01, 0xFF, 0xF0, 0x03, 0xF1, 0xF8, 0x03, 0x80, 0x38, 0x03, 0x80,
  0x38, 0x03, 0x80, 0x38, 0x03, 0xF1, 0xF8, 0x01, 0xFF, 0xF0, 0x00, 0x7F, 0xC0, 0x00, 0x00, 0x00,
  0x00, 0x00, 0x00, 0x00, 0x03, 0xB8, 0x00, 0x03, 0xB8, 0x00, 0x43, 0xB8, 0x1F, 0xF3, 0xB8, 0x1F,
  0xF3, 0xB8, 0x00, 0x73, 0xB8, 0x00, 0xFF, 0xB8, 0x00, 0xFF, 0xB8, 0x00, 0xE3, 0xB8, 0x00, 0xE3,
  0xB8, 0x01, 0xE3, 0xB8, 0x03, 0xC3, 0xB8, 0x03, 0xBF, 0xB8, 0x07, 0xBF, 0xB8, 0x1F, 0x03, 0xB8,
  0x3E, 0x03, 0xB8, 0x3C, 0x03, 0xB8, 0x10, 0x03, 0xB8, 0x00, 0x03, 0xB8, 0x00, 0x03, 0xB8, 0x00,
  0x03, 0xB8, 0x00, 0x03, 0x38, 0x00, 0x00, 0x00, 0x00, 0x00, 0x00, 0x00, 0x00, 0x00, 0x00, 0x00,
  0x00, 0x0F, 0xFF, 0xF0, 0x0F, 0xFF, 0xF0, 0x00, 0x00, 0x70, 0x00, 0x00, 0x70, 0x00, 0x00, 0x70,
  0x00, 0x00, 0x70, 0x00, 0x00, 0x70, 0x00, 0x70, 0x70, 0x00, 0x70, 0xF0, 0x00, 0x70, 0xF0, 0x00,
  0x70, 0xF0, 0x00, 0x70, 0xE0, 0x00, 0x70, 0x60, 0x00, 0x70, 0x00, 0x00, 0x70, 0x00, 0x3F, 0xFF,
  0xFC, 0x3F, 0xFF, 0xFC, 0x3F, 0xFF, 0xF8, 0x00, 0x00, 0x00, 0x00, 0x00, 0x00, 0x00, 0x00, 0x00,
  0x00, 0x00, 0x00, 0x0F, 0xFF, 0xE0, 0x0F, 0xFF, 0xE0, 0x00, 0x00, 0xE0, 0x00, 0x00, 0xE0, 0x00,
  0x00, 0xE0, 0x00, 0x70, 0xE0, 0x00, 0x70, 0xE0, 0x00, 0x70, 0xE0, 0x00, 0x70, 0x00, 0x7F, 0xFF,
  0xFC, 0x7F, 0xFF, 0xFC, 0x7F, 0xFF, 0xFC, 0x00, 0x00, 0x00, 0x00, 0x00, 0x00, 0x0E, 0x00, 0x00,
  0x0E, 0x00, 0x00, 0x0E, 0x00, 0x00, 0x0E, 0x00, 0x00, 0x0F, 0xFF, 0xF0, 0x0F, 0xFF, 0xF0, 0x0F,
  0xFF, 0xF0, 0x00, 0x00, 0x00, 0x00, 0x00, 0x00, 0x00, 0x00, 0x00, 0x00, 0x00, 0x00, 0x0F, 0xFF,
  0xE0, 0x0F, 0xFF, 0xE0, 0x00, 0x00, 0xE0, 0x00, 0x00, 0xE0, 0x00, 0x70, 0xE0, 0x00, 0x70, 0xE0,
  0x00, 0x70, 0xE0, 0x00, 0x70, 0x00, 0x7F, 0xFF, 0xFC, 0x7F, 0xFF, 0xFC, 0x3F, 0xFF, 0xF8, 0x00,
  0x00, 0x00, 0x00, 0x00, 0x00, 0x0F, 0xFF, 0xE0, 0x0F, 0xFF, 0xE0, 0x0E, 0x00, 0x00, 0x0E, 0x00,
  0x00, 0x0E, 0x00, 0x00, 0x0F, 0xFF, 0xE0, 0x0F, 0xFF, 0xF0, 0x0F, 0xFF, 0xF0, 0x00, 0x00, 0x00,
  0x00, 0x00, 0x00, 0x00, 0x00, 0x40, 0x0F, 0xFF, 0xF0, 0x0F, 0xFF, 0xF0, 0x00, 0x00, 0xE0, 0x00,
  0x70, 0xE0, 0x00, 0x70, 0xE0, 0x00, 0x70, 0xE0, 0x00, 0x70, 0x00, 0x7F, 0xFF, 0xFC, 0x7F, 0xFF,
  0xFC, 0x00, 0x00, 0x00, 0x00, 0x00, 0x00, 0x0F, 0xFF, 0xF0, 0x0F, 0xFF, 0xF0, 0x00, 0x00, 0xF0,
  0x00, 0x00, 0xF0, 0x0F, 0xFF, 0xF0, 0x0F, 0xFF, 0xF0, 0x0E, 0x00, 0x00, 0x0E, 0x00, 0x00, 0x0F,
  0xFF, 0xF0, 0x0F, 0xFF, 0xF0, 0x00, 0x00, 0x00, 0x00, 0x00, 0x00, 0x0F, 0xFF, 0xF0, 0x0F, 0xFF,
  0xF0, 0x00, 0x00, 0x70, 0x00, 0x00, 0x70, 0x00, 0x00, 0x70, 0x00, 0x38, 0x70, 0x00, 0x38, 0xF0,
  0x00, 0x38, 0x70, 0x00, 0x38, 0x00, 0x3F, 0xFF, 0xFE, 0x3F, 0xFF, 0xFE, 0x1F, 0xFF, 0xFC, 0x00,
  0x00, 0x00, 0x01, 0xFF, 0x80, 0x07, 0xFF, 0xE0, 0x0F, 0x81, 0xF0, 0x0E, 0x00, 0x70, 0x0E, 0x00,
  0x70, 0x0F, 0xC3, 0xF0, 0x07, 0xFF, 0xE0, 0x01, 0xFF, 0x80, 0x00, 0x00, 0x00, 0x00, 0x00, 0x00,
  0x00, 0x00, 0x00, 0x00, 0x00, 0xE0, 0x00, 0x00, 0xE0, 0x1F, 0xFE, 0xE0, 0x1F, 0xFE, 0xE0, 0x00,
  0x0E, 0xE0, 0x00, 0x0E, 0xE0, 0x00, 0x0E, 0xE0, 0x00, 0x0E, 0xE0, 0x03, 0x8E, 0xE0, 0x03, 0x9E,
  0xFC, 0x03, 0x9E, 0xFC, 0x03, 0x9C, 0xFC, 0x03, 0x84, 0xE0, 0x03, 0x80, 0xE0, 0x03, 0x82, 0xE0,
  0x3F, 0xFF, 0xE0, 0x3F, 0xFF, 0xE0, 0x1F, 0xC0, 0xE0, 0x00, 0x00, 0xE0, 0x00, 0x00, 0xE0, 0x00,
  0x00, 0xE0, 0x00, 0x00, 0xE0, 0x00, 0x00, 0x00, 0x00, 0x00, 0x00, 0x00, 0x00, 0xE0, 0x00, 0x10,
  0xE0, 0x3F, 0xFC, 0xE0, 0x3F, 0xFC, 0xE0, 0x00, 0x1C, 0xE0, 0x00, 0x1C, 0xE0, 0x03, 0x1C, 0xF0,
  0x03, 0x9C, 0xFC, 0x03, 0xBC, 0xFC, 0x03, 0x88, 0xF0, 0x03, 0x86, 0xE0, 0x7F, 0xFE, 0xE0, 0x7F,
  0xFE, 0xE0, 0x3C, 0x00, 0xE0, 0x00, 0x00, 0xE0, 0x07, 0x00, 0xE0, 0x07, 0x00, 0xE0, 0x07, 0x00,
  0x00, 0x07, 0x00, 0x00, 0x07, 0xFF, 0xF0, 0x07, 0xFF, 0xF0, 0x07, 0xFF, 0xF0, 0x00, 0x00, 0x00,
  0x00, 0x00, 0x00, 0x00, 0x00, 0x70, 0x1F, 0xFE, 0x70, 0x1F, 0xFE, 0x70, 0x00, 0x0E, 0x70, 0x00,
  0x0E, 0x70, 0x00, 0x0E, 0x7C, 0x03, 0x9E, 0x7E, 0x03, 0x9E, 0x7E, 0x03, 0x8C, 0x70, 0x03, 0x83,
  0x70, 0x3F, 0xFF, 0x70, 0x3F, 0xFF, 0x70, 0x1F, 0x80, 0x70, 0x00, 0x00, 0x70, 0x00, 0xFF, 0xC0,
  0x03, 0xFF, 0xE0, 0x07, 0xC1, 0xF0, 0x07, 0x00, 0x70, 0x07, 0x00, 0x70, 0x07, 0xE3, 0xF0, 0x03,
  0xFF, 0xE0, 0x00, 0xFF, 0x80, 0x00, 0x00, 0x00, 0x00, 0x00, 0x00, 0x00, 0x00, 0x70, 0x00, 0x00,
  0x70, 0x00, 0x08, 0x70, 0x1F, 0xFE, 0x70, 0x1F, 0xFE, 0x70, 0x00, 0x0E, 0x70, 0x00, 0x0E, 0x70,
  0x00, 0x0E, 0x70, 0x00, 0x0E, 0x70, 0x03, 0x9E, 0x70, 0x03, 0x9E, 0x70, 0x03, 0x9C, 0x70, 0x03,
  0x80, 0x70, 0x03, 0x80, 0x70, 0x03, 0x83, 0x70, 0x3F, 0xFF, 0x70, 0x3F, 0xFF, 0x70, 0x3F, 0xC0,
  0x70, 0x00, 0x00, 0x70, 0x00, 0x00, 0x70, 0x00, 0x00, 0x70, 0x00, 0x00, 0x70, 0x00, 0x00, 0x00,
  0x00, 0x00, 0x30, 0x00, 0x00, 0x70, 0x0F, 0xFE, 0x70, 0x0F, 0xFE, 0x70, 0x00, 0x0E, 0x70, 0x00,
  0x0E, 0x70, 0x00, 0x0E, 0x70, 0x03, 0x8E, 0x70, 0x03, 0x9E, 0x70, 0x03, 0x8C, 0x70, 0x03, 0x83,
  0x70, 0x3F, 0xFF, 0x70, 0x3F, 0xFF, 0x70, 0x1F, 0x00, 0x70, 0x00, 0x00, 0x70, 0x00, 0xFF, 0x80,
  0x03, 0xFF, 0xE0, 0x07, 0xC1, 0xF0, 0x07, 0x00, 0x70, 0x07, 0x00, 0x70, 0x07, 0xE3, 0xF0, 0x03,
  0xFF, 0xE0, 0x00, 0xFF, 0x80, 0x00, 0x00, 0x00, 0x00, 0x00, 0x00, 0x0F, 0xFF, 0xF0, 0x0F, 0xFF,
  0xF0, 0x00, 0x00, 0xF0, 0x00, 0x00, 0xF0, 0x00, 0x00, 0xF0, 0x00, 0x00, 0xF0, 0x00, 0x00, 0xE0,
  0x00, 0x00, 0xE0, 0x00, 0x00, 0xE0, 0x3F, 0xFF, 0xF8, 0x7F, 0xFF, 0xFC, 0x7F, 0xFF, 0xFC, 0x00,
  0x38, 0x00, 0x00, 0x38, 0x00, 0x00, 0x38, 0x00, 0x00, 0x38, 0x00, 0x00, 0x38, 0x00, 0x00, 0x38,
  0x00, 0x00, 0x38, 0x00, 0x00, 0x38, 0x00, 0x00, 0x38, 0x00, 0x00, 0x00, 0x00, 0x00, 0x00, 0x00,
  0x00, 0x00, 0x00, 0x07, 0xFF, 0xF0, 0x07, 0xFF, 0xF0, 0x00, 0x00, 0x70, 0x00, 0x00, 0x70, 0x00,
  0x00, 0x70, 0x00, 0x00, 0x70, 0x00, 0x00, 0x70, 0x1F, 0xFF, 0xFC, 0x3F, 0xFF, 0xFE, 0x3F, 0xFF,
  0xFE, 0x00, 0x1C, 0x00, 0x00, 0x1C, 0x00, 0x00, 0x1C, 0x00, 0x0F, 0xFF, 0xF0, 0x0F, 0xFF, 0xF0,
  0x07, 0xFF, 0xF0, 0x00, 0x00, 0x70, 0x00, 0x00, 0x70, 0x00, 0x00, 0x70, 0x00, 0x00, 0x70, 0x00,
  0x00, 0x70, 0x00, 0x00, 0x00, 0x00, 0x00, 0x00, 0x00, 0x00, 0x00, 0x00, 0x00, 0x00, 0x0F, 0xFF,
  0xF0, 0x0F, 0xFF, 0xF0, 0x00, 0x00, 0xE0, 0x00, 0x00, 0xE0, 0x00, 0x00, 0xE0, 0x00, 0x00, 0xE0,
  0x00, 0x01, 0xE0, 0x7F, 0xFF, 0xFC, 0x7F, 0xFF, 0xFC, 0x00, 0x38, 0x00, 0x00, 0x38, 0x00, 0x0F,
  0xFF, 0xE0, 0x0F, 0xFF, 0xE0, 0x00, 0x00, 0xE0, 0x00, 0x00, 0xE0, 0x0F, 0xFF, 0xE0, 0x0F, 0xFF,
  0xE0, 0x0E, 0x00, 0x00, 0x0E, 0x00, 0x00, 0x0F, 0xFF, 0xF0, 0x0F, 0xFF, 0xF0, 0x00, 0x00, 0x00,
  0x00, 0x00, 0x00, 0x00, 0x00, 0x70, 0x1F, 0xFC, 0x70, 0x1F, 0xFC, 0x70, 0x00, 0x1C, 0x70, 0x00,
  0x1C, 0x70, 0x00, 0x1C, 0x70, 0x00, 0x1C, 0x70, 0x00, 0x1F, 0x70, 0x3F, 0xFF, 0x70, 0x3F, 0xFF,
  0x70, 0x3F, 0xF0, 0x70, 0x01, 0xE0, 0x70, 0x01, 0xE7, 0xF0, 0x01, 0xE7, 0xF0, 0x01, 0xE0, 0x70,
  0x0F, 0xE0, 0x70, 0x0F, 0x00, 0x70, 0x0F, 0x00, 0x00, 0x0F, 0x00, 0x00, 0x0F, 0xFF, 0xF8, 0x0F,
  0xFF, 0xFC, 0x0F, 0xFF, 0xFC, 0x00, 0x00, 0x00, 0x00, 0x00, 0x00, 0x00, 0x00, 0x38, 0x00, 0x00,
  0x38, 0x0F, 0xFE, 0x38, 0x0F, 0xFE, 0x38, 0x00, 0x0E, 0x38, 0x00, 0x0C, 0x38, 0x00, 0x1C, 0x38,
  0x00, 0x1C, 0x38, 0x00, 0x1C, 0x38, 0x00, 0x1C, 0x38, 0x3F, 0xFF, 0xB8, 0x3F, 0xFF, 0xB8, 0x3F,
  0xFE, 0x38, 0x00, 0xE0, 0x38, 0x00, 0xE0, 0x38, 0x00, 0xE0, 0x38, 0x00, 0xE0, 0x38, 0x00, 0xE0,
  0x38, 0x00, 0xE0, 0x38, 0x00, 0xE0, 0x38, 0x00, 0xE0, 0x38, 0x00, 0xC0, 0x38, 0x00, 0x00, 0x00,
  0x00, 0x00, 0x00, 0x0F, 0xFF, 0xF0, 0x0F, 0xFF, 0xF0, 0x00, 0x00, 0xF0, 0x00, 0x00, 0xF0, 0x00,
  0x00, 0xF0, 0x00, 0x00, 0xF0, 0x00, 0x00, 0xF0, 0x00, 0x00, 0xF0, 0x3F, 0xFF, 0xFC, 0x3F, 0xFF,
  0xFC, 0x3F, 0xFF, 0xFC, 0x00, 0x73, 0x80, 0x00, 0x73, 0x80, 0x0E, 0x73, 0x80, 0x0E, 0x73, 0x80,
  0x0E, 0x73, 0x80, 0x0E, 0x00, 0x00, 0x0E, 0x00, 0x00, 0x0F, 0xFF, 0xF0, 0x0F, 0xFF, 0xF0, 0x0F,
  0xFF, 0xF0, 0x00, 0x00, 0x00, 0x00, 0x00, 0x00, 0x00, 0x00, 0x00, 0x00, 0x00, 0x00, 0x00, 0x00,
  0x00, 0x0F, 0xFF, 0xF0, 0x0F, 0xFF, 0xF0, 0x00, 0x00, 0xF0, 0x00, 0x00, 0xF0, 0x00, 0x00, 0xF0,
  0x00, 0x00, 0xF0, 0x00, 0x00, 0xF0, 0x00, 0x00, 0xF0, 0x00, 0x00, 0xF0, 0x00, 0x00, 0xE0, 0x00,
  0x00, 0xE0, 0x00, 0x00, 0xE0, 0x00, 0x00, 0xE0, 0x00, 0x00, 0x00, 0x00, 0x00, 0x00, 0x3F, 0xFF,
  0xFC, 0x3F, 0xFF, 0xFC, 0x00, 0x00, 0x00, 0x00, 0x00, 0x00, 0x00, 0x00, 0x00, 0x00, 0x00, 0x00,
  0x00, 0x00, 0x00, 0x0F, 0xFF, 0xF0, 0x0F, 0xFF, 0xF0, 0x00, 0x00, 0xF0, 0x00, 0x00, 0x70, 0x00,
  0x00, 0x70, 0x00, 0x00, 0xF0, 0x00, 0x00, 0xF0, 0x00, 0x00, 0xF0, 0x00, 0x00, 0xE0, 0x3F, 0xFF,
  0xFC, 0x3F, 0xFF, 0xFC, 0x00, 0x00, 0x00, 0x00, 0x00, 0x00, 0x0F, 0x00, 0x00, 0x0F, 0x00, 0x00,
  0x0F, 0x00, 0x00, 0x0F, 0x00, 0x00, 0x0F, 0x00, 0x00, 0x0F, 0xFF, 0xF0, 0x0F, 0xFF, 0xF0, 0x0F,
  0xFF, 0xF0, 0x00, 0x00, 0x00, 0x00, 0x00, 0x00, 0x00, 0x00, 0x00, 0x0F, 0xFF, 0xF0, 0x0F, 0xFF,
  0xF0, 0x00, 0x00, 0xF0, 0x00, 0x00, 0xF0, 0x00, 0x00, 0xF0, 0x00, 0x00, 0xF0, 0x00, 0x00, 0xF0,
  0x00, 0x00, 0xE0, 0x3F, 0xFF, 0xFC, 0x3F, 0xFF, 0xFC, 0x3F, 0xFF, 0xFC, 0x00, 0x00, 0x00, 0x00,
  0x00, 0x00, 0x0F, 0xFF, 0xF0, 0x0F, 0xFF, 0xF0, 0x0E, 0x00, 0x70, 0x0E, 0x00, 0x70, 0x0E, 0x00,
  0x70, 0x0F, 0x00, 0xF0, 0x0F, 0xFF, 0xF0, 0x0F, 0xFF, 0xF0, 0x00, 0x00, 0x00, 0x00, 0x00, 0x00,
  0x00, 0x00, 0x00, 0x0F, 0xFF, 0xF0, 0x0F, 0xFF, 0xF0, 0x00, 0x00, 0xF0, 0x00, 0x00, 0xF0, 0x00,
  0x00, 0xF0, 0x00, 0x00, 0xF0, 0x00, 0x00, 0xE0, 0x00, 0x00, 0xE0, 0x3F, 0xFF, 0xFC, 0x3F, 0xFF,
  0xFC, 0x3F, 0xFF, 0xFC, 0x00, 0x00, 0x00, 0x00, 0x18, 0x00, 0x00, 0x3C, 0x00, 0x00, 0x3C, 0x00,
  0x00, 0x3C, 0x00, 0x00, 0x7E, 0x00, 0x01, 0xFF, 0x80, 0x0F, 0xE7, 0xF0, 0x1F, 0x81, 0xF0, 0x0E,
  0x00, 0x70, 0x00, 0x00, 0x00, 0x00, 0x00, 0x00, 0x00, 0x00, 0x00, 0x00, 0x00, 0x70, 0x00, 0x00,
  0x70, 0x1F, 0xFC, 0x70, 0x1F, 0xFC, 0x70, 0x00, 0x3C, 0x70, 0x00, 0x1C, 0x70, 0x00, 0x38, 0x70,
  0x00, 0x38, 0x70, 0x00, 0x38, 0x70, 0x00, 0x78, 0x70, 0x00, 0x70, 0x70, 0x00, 0xF0, 0x70, 0x01,
  0xE0, 0x70, 0x03, 0xC0, 0x70, 0x0F, 0x80, 0x70, 0x3F, 0x00, 0x70, 0x3E, 0x00, 0x70, 0x18, 0x00,
  0x70, 0x00, 0x00, 0x70, 0x00, 0x00, 0x70, 0x00, 0x00, 0x70, 0x00, 0x00, 0x70, 0x00, 0x00, 0x00,
  0x00, 0x00, 0x00, 0x00, 0x00, 0x38, 0x0F, 0xFC, 0x38, 0x0F, 0xFC, 0x38, 0x00, 0x1C, 0x38, 0x00,
  0x3C, 0x38, 0x00, 0x38, 0x38, 0x00, 0x78, 0x38, 0x01, 0xF0, 0x38, 0x07, 0xE0, 0x38, 0x1F, 0xC0,
  0x38, 0x1F, 0x00, 0x38, 0x08, 0x00, 0x00, 0x03, 0xFF, 0xF8, 0x03, 0xFF, 0xF8, 0x00, 0x00, 0x38,
  0x00, 0x00, 0x38, 0x03, 0xFF, 0xF8, 0x03, 0xFF, 0xF8, 0x03, 0x80, 0x00, 0x03, 0x80, 0x00, 0x03,
  0xFF, 0xF8, 0x03, 0xFF, 0xF8, 0x00, 0x00, 0x00, 0x00, 0x00, 0x00, 0x00, 0x00, 0x70, 0x00, 0x00,
  0x70, 0x3F, 0xFE, 0x70, 0x3F, 0xFE, 0x70, 0x07, 0x8E, 0x70, 0x03, 0x8E, 0x70, 0x07, 0x8E, 0x70,
  0x07, 0x1E, 0x70, 0x07, 0x1C, 0x7C, 0x07, 0x1C, 0x7E, 0x07, 0x1C, 0x7E, 0x0F, 0x1C, 0x70, 0x0E,
  0x3C, 0x70, 0x1E, 0x38, 0x70, 0x3C, 0x78, 0x70, 0x3C, 0x70, 0x70, 0x38, 0xF0, 0x70, 0x00, 0xE0,
  0x70, 0x00, 0x00, 0x70, 0x00, 0x00, 0x70, 0x00, 0x00, 0x70, 0x00, 0x00, 0x70, 0x00, 0x00, 0x00,
  0x00, 0x00, 0x00, 0x00, 0x00, 0xE0, 0x02, 0x08, 0xE0, 0x3F, 0xFE, 0xE0, 0x3F, 0xFE, 0xE0, 0x03,
  0x8E, 0xE0, 0x07, 0x0C, 0xE0, 0x07, 0x1C, 0xE0, 0x07, 0x1C, 0xFC, 0x0E, 0x1C, 0xFC, 0x1E, 0x38,
  0xE0, 0x3C, 0x78, 0xE0, 0x3C, 0xF0, 0xE0, 0x18, 0xE0, 0xE0, 0x00, 0x40, 0xE0, 0x00, 0x00, 0xE0,
  0x07, 0x00, 0xE0, 0x07, 0x00, 0x00, 0x07, 0x00, 0x00, 0x07, 0x00, 0x00, 0x07, 0xFF, 0xF0, 0x07,
  0xFF, 0xF0, 0x07, 0xFF, 0xF0, 0x00, 0x00, 0x00, 0x00, 0x00, 0x00, 0x00, 0x00, 0xE0, 0x3F, 0xFE,
  0xE0, 0x3F, 0xFE, 0xE0, 0x07, 0x8E, 0xE0, 0x07, 0x0C, 0xE0, 0x07, 0x1C, 0xFC, 0x07, 0x1C, 0xFC,
  0x0E, 0x3C, 0xE0, 0x1E, 0x38, 0xE0, 0x3C, 0x78, 0xE0, 0x38, 0xF0, 0xE0, 0x00, 0x60, 0xE0, 0x00,
  0x00, 0x00, 0x07, 0x00, 0xE0, 0x07, 0x00, 0xE0, 0x07, 0xFF, 0xE0, 0x07, 0xFF, 0xE0, 0x07, 0x00,
  0xE0, 0x07, 0x00, 0xE0, 0x07, 0x00, 0xE0, 0x07, 0xFF, 0xE0, 0x07, 0xFF, 0xE0, 0x00, 0x00, 0x00,
  0x00, 0x00, 0x00, 0x00, 0x01, 0x1C, 0x00, 0x03, 0x9C, 0x04, 0x23, 0x9C, 0x3F, 0xFB, 0x9C, 0x3F,
  0xFB, 0x9C, 0x06, 0x3B, 0x9C, 0x06, 0x3B, 0x9C, 0x0E, 0x3B, 0x9C, 0x0E, 0x33, 0x9C, 0x0E, 0x73,
  0xFC, 0x0E, 0x73, 0xFC, 0x0E, 0x73, 0x9C, 0x1C, 0x73, 0x9C, 0x1C, 0xE3, 0x9C, 0x3C, 0xE3, 0x9C,
  0x38, 0xE3, 0x9C, 0x11, 0xC3, 0x9C, 0x01, 0xC3, 0x9C, 0x00, 0x03, 0x9C, 0x00, 0x03, 0x9C, 0x00,
  0x03, 0x9C, 0x00, 0x00, 0x1C, 0x00, 0x00, 0x00, 0x00, 0x00, 0x30, 0x00, 0x00, 0x70, 0x00, 0x00,
  0x70, 0x3F, 0xFE, 0x70, 0x3F, 0xFE, 0x70, 0x07, 0x9E, 0x70, 0x03, 0x8E, 0x70, 0x07, 0x8E, 0x70,
  0x07, 0x1C, 0x70, 0x07, 0x1F, 0xF0, 0x07, 0x1F, 0xF0, 0x07, 0x1C, 0x70, 0x0E, 0x1C, 0x70, 0x0E,
  0x38, 0x70, 0x1E, 0x38, 0x70, 0x3C, 0x78, 0x70, 0x38, 0x70, 0x70, 0x18, 0xF0, 0x70, 0x00, 0xE0,
  0x70, 0x00, 0x00, 0x70, 0x00, 0x00, 0x70, 0x00, 0x00, 0x70, 0x00, 0x00, 0x70, 0x00, 0x00, 0x00,
  0x00, 0x00, 0x00, 0x00, 0x00, 0x38, 0x00, 0x03, 0xB8, 0x04, 0x33, 0xB8, 0x3F, 0xFB, 0xB8, 0x3F,
  0xFB, 0xB8, 0x07, 0x3B, 0xB8, 0x07, 0x3B, 0xB8, 0x07, 0x3B, 0xB8, 0x06, 0x3B, 0xB8, 0x0E, 0x3F,
  0xB8, 0x0E, 0x7F, 0xB8, 0x0E, 0x73, 0xB8, 0x0E, 0x73, 0xB8, 0x1C, 0x73, 0xB8, 0x1C, 0xE3, 0xB8,
  0x38, 0xE3, 0xB8, 0x39, 0xE3, 0xB8, 0x01, 0xC3, 0xB8, 0x00, 0x83, 0xB8, 0x00, 0x03, 0xB8, 0x00,
  0x03, 0xB8, 0x00, 0x03, 0xB8, 0x00, 0x00, 0x00, 0x00, 0x00, 0x00, 0x00, 0x00, 0x00, 0x00, 0x00,
  0x00, 0x1F, 0xEF, 0xF0, 0x1F, 0xEF, 0xF0, 0x00, 0xE0, 0x70, 0x00, 0xE0, 0x70, 0x00, 0xE0, 0x70,
  0x01, 0xE0, 0x70, 0x01, 0xE0, 0x70, 0x01, 0xC0, 0x70, 0x01, 0xDC, 0x70, 0x01, 0xDC, 0xF0, 0x03,
  0xDC, 0xF0, 0x01, 0x9C, 0x60, 0x00, 0x1C, 0x00, 0x00, 0x1C, 0x00, 0x00, 0x1C, 0x00, 0x3F, 0xFF,
  0xFC, 0x3F, 0xFF, 0xFC, 0x00, 0x00, 0x00, 0x00, 0x00, 0x00, 0x00, 0x00, 0x00, 0x00, 0x00, 0x00,
  0x00, 0x00, 0x00, 0x00, 0x80, 0x40, 0x1F, 0xEF, 0xF0, 0x1F, 0xEF, 0xF0, 0x01, 0xE0, 0x70, 0x01,
  0xE0, 0x70, 0x01, 0xCC, 0x70, 0x01, 0xDC, 0x70, 0x01, 0xDC, 0xE0, 0x00, 0x1C, 0x00, 0x3F, 0xFF,
  0xFC, 0x3F, 0xFF, 0xFC, 0x1F, 0xFF, 0xFC, 0x00, 0x1C, 0x00, 0x00, 0x1C, 0x00, 0x0F, 0xFF, 0xF0,
  0x0F, 0xFF, 0xF0, 0x00, 0x3C, 0x00, 0x00, 0x3E, 0x00, 0x00, 0xFF, 0x80, 0x0F, 0xE7, 0xF0, 0x0F,
  0xC3, 0xF0, 0x0E, 0x00, 0x70, 0x00, 0x00, 0x00, 0x00, 0x00, 0x00, 0x00, 0x80, 0x40, 0x1F, 0xEF,
  0xF0, 0x1F, 0xEF, 0xF0, 0x00, 0xE0, 0x70, 0x00, 0xE0, 0x70, 0x00, 0xE0, 0x70, 0x01, 0xE0, 0x70,
  0x01, 0xE0, 0xF0, 0x01, 0xC0, 0xE0, 0x3F, 0xFF, 0xFC, 0x7F, 0xFF, 0xFC, 0x7F, 0xFF, 0xFC, 0x00,
  0x38, 0x00, 0x00, 0x38, 0x00, 0x00, 0x38, 0x00, 0x00, 0x38, 0x00, 0x00, 0x38, 0x00, 0x00, 0x38,
  0x00, 0x00, 0x38, 0x00, 0x00, 0x38, 0x00, 0x00, 0x38, 0x00, 0x00, 0x00, 0x00, 0x00, 0x00, 0x00,
  0x00, 0x00, 0x00, 0x00, 0x80, 0x00, 0x1F, 0xEF, 0xE0, 0x1F, 0xEF, 0xE0, 0x00, 0xE0, 0xE0, 0x00,
  0xE0, 0xE0, 0x00, 0xE0, 0xE0, 0x01, 0xE0, 0xE0, 0x3F, 0xFF, 0xF8, 0x7F, 0xFF, 0xFC, 0x7F, 0xFF,
  0xFC, 0x00, 0x38, 0x00, 0x00, 0x38, 0x00, 0x0F, 0xFF, 0xE0, 0x0F, 0xFF, 0xE0, 0x00, 0x00, 0xE0,
  0x00, 0x00, 0xE0, 0x0F, 0xFF, 0xE0, 0x0F, 0xFF, 0xE0, 0x0E, 0x00, 0x00, 0x0E, 0x00, 0x00, 0x0F,
  0xFF, 0xF0, 0x0F, 0xFF, 0xF0, 0x00, 0x00, 0x00, 0x00, 0x00, 0x00, 0x00, 0x00, 0x00, 0x00, 0x00,
  0x00, 0x1F, 0xEF, 0xF0, 0x1F, 0xEF, 0xF0, 0x00, 0xE0, 0x70, 0x00, 0xE0, 0x70, 0x00, 0xE0, 0x70,
  0x00, 0xE0, 0x70, 0x00, 0xE0, 0x70, 0x01, 0xE0, 0x70, 0x01, 0xC0, 0x70, 0x01, 0xC0, 0xF0, 0x01,
  0xC0, 0xF0, 0x03, 0xC0, 0xE0, 0x01, 0x80, 0xE0, 0x00, 0x00, 0x00, 0x00, 0x00, 0x00, 0x3F, 0xFF,
  0xFC, 0x3F, 0xFF, 0xFC, 0x00, 0x00, 0x00, 0x00, 0x00, 0x00, 0x00, 0x00, 0x00, 0x00, 0x00, 0x00,
  0x00, 0x00, 0x00, 0x00, 0x00, 0x40, 0x0F, 0xEF, 0xF0, 0x0F, 0xEF, 0xF0, 0x00, 0xE0, 0x70, 0x00,
  0xE0, 0x70, 0x00, 0xE0, 0x70, 0x00, 0xE0, 0xF0, 0x00, 0xE0, 0xF0, 0x01, 0xE0, 0xF0, 0x3F, 0xFF,
  0xFC, 0x3F, 0xFF, 0xFC, 0x00, 0x00, 0x00, 0x00, 0x03, 0xC0, 0x0E, 0x1F, 0xF8, 0x0E, 0x1F, 0xF8,
  0x0E, 0x1F, 0xF8, 0x0E, 0x07, 0xE0, 0x0E, 0x0F, 0xF0, 0x0E, 0x2E, 0x70, 0x0F, 0xEE, 0x70, 0x0F,
  0xFF, 0xF0, 0x0F, 0xC7, 0xE0, 0x00, 0x00, 0x00, 0x00, 0x00, 0x00, 0x00, 0x00, 0x00, 0x0F, 0xEF,
  0xF0, 0x0F, 0xEF, 0xF0, 0x00, 0xE0, 0x70, 0x00, 0xE0, 0x70, 0x00, 0xE0, 0x70, 0x00, 0xE0, 0xF0,
  0x00, 0xE0, 0xE0, 0x01, 0xE0, 0xE0, 0x3F, 0xFF, 0xFC, 0x3F, 0xFF, 0xFC, 0x00, 0x00, 0x00, 0x00,
  0x00, 0x00, 0x00, 0x00, 0x00, 0x0F, 0xFF, 0xF0, 0x0F, 0xFF, 0xF0, 0x0E, 0x00, 0x70, 0x0E, 0x00,
  0x70, 0x0E, 0x00, 0x70, 0x0F, 0x00, 0xF0, 0x0F, 0xFF, 0xF0, 0x0F, 0xFF, 0xF0, 0x00, 0x00, 0x00,
  0x00, 0x00, 0x00, 0x0F, 0xEF, 0xF0, 0x0F, 0xEF, 0xF0, 0x00, 0xE0, 0x70, 0x00, 0xE0, 0x70, 0x00,
  0xE0, 0x70, 0x00, 0xE0, 0xF0, 0x00, 0xE0, 0xE0, 0x01, 0xE0, 0xE0, 0x3F, 0xFF, 0xFC, 0x3F, 0xFF,
  0xFC, 0x00, 0x00, 0x00, 0x00, 0x00, 0x00, 0x00, 0x3C, 0x00, 0x00, 0x3C, 0x00, 0x00, 0x3C, 0x00,
  0x00, 0x7E, 0x00, 0x00, 0xFF, 0x00, 0x03, 0xE7, 0xC0, 0x1F, 0xC3, 0xF8, 0x0F, 0x81, 0xF0, 0x0C,
  0x00, 0x30, 0x00, 0x00, 0x00, 0x00, 0x00, 0x00, 0x00, 0x00, 0x00, 0x00, 0x00, 0x70, 0x00, 0x00,
  0x70, 0x1C, 0x00, 0x70, 0x1C, 0x00, 0x70, 0x1C, 0x00, 0x70, 0x1C, 0x00, 0x70, 0x1C, 0x00, 0x70,
  0x1C, 0x00, 0x70, 0x1C, 0x00, 0x7E, 0x1C, 0x00, 0x7E, 0x1C, 0x00, 0x7E, 0x1C, 0x00, 0x70, 0x1C,
  0x00, 0x70, 0x1C, 0x02, 0x70, 0x1F, 0xFF, 0x70, 0x1F, 0xFF, 0x70, 0x1F, 0xF8, 0x70, 0x00, 0x00,
  0x70, 0x00, 0x00, 0x70, 0x00, 0x00, 0x70, 0x00, 0x00, 0x70, 0x00, 0x00, 0x70, 0x00, 0x00, 0x00,
  0x00, 0x00, 0x00, 0x00, 0x00, 0xE0, 0x1C, 0x00, 0xE0, 0x1C, 0x00, 0xE0, 0x1C, 0x00, 0xE0, 0x1C,
  0x00, 0xE0, 0x1C, 0x00, 0xE0, 0x1C, 0x00, 0xFC, 0x1C, 0x00, 0xFC, 0x1C, 0x00, 0xFC, 0x1C, 0x7E,
  0xE0, 0x1F, 0xFE, 0xE0, 0x1F, 0xFE, 0xE0, 0x1C, 0x00, 0xE0, 0x00, 0x00, 0xE0, 0x07, 0x00, 0xE0,
  0x07, 0x00, 0xE0, 0x07, 0x00, 0x00, 0x07, 0x00, 0x00, 0x07, 0x00, 0x00, 0x07, 0xFF, 0xF0, 0x07,
  0xFF, 0xF0, 0x07, 0xFF, 0xF0, 0x00, 0x00, 0x00, 0x00, 0x00, 0x00, 0x00, 0x00, 0xE0, 0x1C, 0x00,
  0xE0, 0x1C, 0x00, 0xE0, 0x1C, 0x00, 0xE0, 0x1C, 0x00, 0xFE, 0x1C, 0x00, 0xFE, 0x1C, 0x00, 0xE0,
  0x1C, 0x7E, 0xE0, 0x1F, 0xFE, 0xE0, 0x1F, 0xFC, 0xE0, 0x1C, 0x00, 0xE0, 0x00, 0x00, 0x00, 0x07,
  0xFF, 0xE0, 0x07, 0xFF, 0xE0, 0x00, 0x00, 0xE0, 0x00, 0x00, 0xE0, 0x07, 0xFF, 0xE0, 0x07, 0xFF,
  0xE0, 0x07, 0x00, 0x00, 0x07, 0x00, 0x00, 0x07, 0xFF, 0xF0, 0x07, 0xFF, 0xF0, 0x00, 0x00, 0x00,
  0x00, 0x00, 0x00, 0x00, 0x00, 0xE0, 0x1C, 0x00, 0xE0, 0x1C, 0x00, 0xE0, 0x1C, 0x00, 0xE0, 0x1C,
  0x00, 0xE0, 0x1C, 0x00, 0xFC, 0x1C, 0x00, 0xFC, 0x1C, 0x00, 0xE0, 0x1C, 0xFE, 0xE0, 0x1F, 0xFE,
  0xE0, 0x1F, 0xFC, 0xE0, 0x00, 0x00, 0xE0, 0x00, 0x00, 0xE0, 0x00, 0x00, 0x00, 0x07, 0xFF, 0xE0,
  0x07, 0xFF, 0xE0, 0x07, 0x00, 0xE0, 0x07, 0x00, 0xE0, 0x07, 0x00, 0xE0, 0x07, 0x00, 0xE0, 0x07,
  0xFF, 0xE0, 0x07, 0xFF, 0xE0, 0x00, 0x00, 0x00, 0x00, 0x00, 0x00, 0x00, 0x00, 0xE0, 0x1C, 0x00,
  0xE0, 0x1C, 0x00, 0xE0, 0x1C, 0x00, 0xE0, 0x1C, 0x00, 0xE0, 0x1C, 0x00, 0xFC, 0x1C, 0x00, 0xFC,
  0x1C, 0x00, 0xE0, 0x1C, 0x3E, 0xE0, 0x1F, 0xFE, 0xE0, 0x1F, 0xFE, 0xE0, 0x1F, 0xC0, 0xE0, 0x00,
  0x00, 0x00, 0x01, 0xC1, 0xC0, 0x01, 0xC1, 0xC0, 0x01, 0xC1, 0xC0, 0x03, 0xC3, 0xC0, 0x03, 0xE3,
  0xE0, 0x07, 0xF7, 0xF0, 0x1F, 0x7F, 0x78, 0x1E, 0x3E, 0x38, 0x08, 0x1C, 0x18, 0x00, 0x00, 0x00,
  0x00, 0x00, 0x00, 0x00, 0x00, 0xE0, 0x1C, 0x00, 0xE0, 0x1C, 0x00, 0xE0, 0x1C, 0x00, 0xE0, 0x1C,
  0x00, 0xE0, 0x1C, 0x00, 0xFC, 0x1C, 0x00, 0xFC, 0x1C, 0x00, 0xFC, 0x1F, 0xFE, 0xE0, 0x1F, 0xFE,
  0xE0, 0x1F, 0xF8, 0xE0, 0x00, 0x00, 0xE0, 0x00, 0x00, 0xE0, 0x0F, 0xFF, 0xF0, 0x0F, 0xFF, 0xF0,
  0x00, 0x3C, 0x00, 0x00, 0x3E, 0x00, 0x00, 0x7F, 0x00, 0x01, 0xF7, 0xC0, 0x0F, 0xE3, 0xF0, 0x0F,
  0x81, 0xF0, 0x04, 0x00, 0x20, 0x00, 0x00, 0x00, 0x00, 0x00, 0x00, 0x00, 0x03, 0x38, 0x00, 0x07,
  0x38, 0x1C, 0x07, 0x38, 0x1C, 0x07, 0x38, 0x1C, 0x07, 0x38, 0x1C, 0x07, 0x38, 0x1C, 0x07, 0x38,
  0x1C, 0x07, 0x38, 0x1C, 0x07, 0x38, 0x1C, 0x07, 0xF8, 0x1C, 0x07, 0xF8, 0x1C, 0x07, 0x38, 0x1C,
  0x07, 0x38, 0x1C, 0x37, 0x38, 0x1F, 0xF7, 0x38, 0x1F, 0xF7, 0x38, 0x1F, 0xC7, 0x38, 0x00, 0x07,
  0x38, 0x00, 0x07, 0x38, 0x00, 0x07, 0x38, 0x00, 0x07, 0x38, 0x00, 0x00, 0x38, 0x00, 0x00, 0x00,
  0x00, 0x00, 0x00, 0x00, 0x07, 0x38, 0x1C, 0x07, 0x38, 0x1C, 0x07, 0x38, 0x1C, 0x07, 0x38, 0x1C,
  0x07, 0x38, 0x1C, 0x07, 0xF8, 0x1C, 0x07, 0xF8, 0x1C, 0x07, 0x38, 0x1C, 0x77, 0x38, 0x1F, 0xF7,
  0x38, 0x1F, 0xF7, 0x38, 0x18, 0x07, 0x38, 0x00, 0x00, 0x00, 0x00, 0x00, 0x00, 0x03, 0xFF, 0xF8,
  0x03, 0xFF, 0xF8, 0x03, 0x80, 0x38, 0x03, 0x80, 0x38, 0x03, 0x80, 0x38, 0x03, 0x80, 0x38, 0x03,
  0xFF, 0xF8, 0x03, 0xFF, 0xF8, 0x00, 0x00, 0x00, 0x00, 0x00, 0x00, 0x00, 0x00, 0x38, 0x1C, 0x07,
  0x38, 0x1C, 0x07, 0x38, 0x1C, 0x07, 0x38, 0x1C, 0x07, 0x38, 0x1C, 0x07, 0x38, 0x1C, 0x07, 0xF8,
  0x1C, 0x07, 0xF8, 0x1C, 0x07, 0x38, 0x1F, 0xF7, 0x38, 0x1F, 0xF7, 0x38, 0x1F, 0x87, 0x38, 0x00,
  0x07, 0x38, 0x00, 0x00, 0x38, 0x00, 0xFF, 0xC0, 0x01, 0xFF, 0xF0, 0x03, 0xE0, 0xF8, 0x03, 0x80,
  0x38, 0x03, 0x80, 0x38, 0x03, 0xE1, 0xF8, 0x01, 0xFF, 0xF0, 0x00, 0x7F, 0xC0, 0x00, 0x00, 0x00,
  0x00, 0x00, 0x00, 0x00, 0x00, 0xE0, 0x1C, 0x00, 0xE0, 0x1C, 0x00, 0xE0, 0x1C, 0x00, 0xFC, 0x1C,
  0x00, 0xFC, 0x1C, 0x00, 0xE0, 0x1C, 0x00, 0xE0, 0x1C, 0x00, 0xFC, 0x1C, 0xFE, 0xFC, 0x1F, 0xFE,
  0xFC, 0x1F, 0xFC, 0xE0, 0x00, 0x00, 0xE0, 0x00, 0x00, 0xE0, 0x00, 0x00, 0x00, 0x07, 0xFF, 0xE0,
  0x07, 0xFF, 0xE0, 0x07, 0x00, 0xE0, 0x07, 0x00, 0xE0, 0x07, 0x00, 0xE0, 0x07, 0x00, 0xE0, 0x07,
  0xFF, 0xE0, 0x07, 0xFF, 0xE0, 0x00, 0x00, 0x00, 0x00, 0x00, 0x00, 0x00, 0x00, 0x38, 0x00, 0x00,
  0x38, 0x1C, 0x00, 0x38, 0x1C, 0x00, 0x38, 0x1C, 0x00, 0x38, 0x1C, 0x00, 0x38, 0x1C, 0x00, 0x38,
  0x1C, 0x0F, 0xF8, 0x1C, 0x0F, 0xF8, 0x1C, 0x00, 0x38, 0x1C, 0x00, 0x38, 0x1C, 0x00, 0x38, 0x1C,
  0x00, 0x38, 0x1C, 0x02, 0x38, 0x1F, 0xFF, 0x38, 0x1F, 0xFF, 0x38, 0x1F, 0xF8, 0x38, 0x00, 0x00,
  0x38, 0x00, 0x00, 0x38, 0x00, 0x00, 0x38, 0x00, 0x00, 0x38, 0x00, 0x00, 0x38, 0x00, 0x00, 0x00,
  0x00, 0x00, 0x00, 0x00, 0x00, 0x78, 0x1C, 0x00, 0x78, 0x1C, 0x00, 0x78, 0x1C, 0x1F, 0xF8, 0x1C,
  0x1F, 0xF8, 0x1C, 0x00, 0x78, 0x1C, 0x00, 0x78, 0x1C, 0x0E, 0x78, 0x1F, 0xFE, 0x78, 0x1F, 0xFE,
  0x78, 0x1F, 0xF0, 0x78, 0x00, 0x00, 0x00, 0x03, 0xFF, 0xF8, 0x03, 0xFF, 0xF8, 0x00, 0x00, 0x78,
  0x00, 0x00, 0x78, 0x03, 0xFF, 0xF8, 0x03, 0xFF, 0xF8, 0x03, 0x80, 0x00, 0x03, 0x80, 0x00, 0x03,
  0xFF, 0xF8, 0x03, 0xFF, 0xF8, 0x00, 0x00, 0x00, 0x00, 0x00, 0x00, 0x00, 0x00, 0x78, 0x1C, 0x00,
  0x78, 0x1C, 0x00, 0x78, 0x1C, 0x0F, 0xF8, 0x1C, 0x0F, 0xF8, 0x1C, 0x00, 0x78, 0x1C, 0x00, 0x78,
  0x1C, 0x7E, 0x78, 0x1F, 0xFE, 0x78, 0x1F, 0xFE, 0x78, 0x00, 0x00, 0x78, 0x00, 0x1C, 0x30, 0x00,
  0x1C, 0x00, 0x0F, 0xFF, 0xF8, 0x0F, 0xFF, 0xF8, 0x00, 0x00, 0x00, 0x00, 0xFF, 0x80, 0x01, 0xFF,
  0xE0, 0x03, 0xC1, 0xE0, 0x03, 0xC1, 0xE0, 0x01, 0xFF, 0xE0, 0x00, 0xFF, 0x80, 0x00, 0x00, 0x00,
  0x00, 0x00, 0x00, 0x00, 0x07, 0x38, 0x00, 0x07, 0x38, 0x1C, 0x07, 0x38, 0x1C, 0x07, 0x38, 0x1C,
  0x07, 0x38, 0x1C, 0x07, 0x38, 0x1C, 0x07, 0x38, 0x1C, 0x7F, 0x38, 0x1C, 0x7F, 0x38, 0x1C, 0x07,
  0x38, 0x1C, 0x07, 0x38, 0x1C, 0x07, 0x38, 0x1C, 0x07, 0x38, 0x1C, 0x07, 0x38, 0x1F, 0xF7, 0x38,
  0x1F, 0xF7, 0x38, 0x1F, 0xE7, 0x38, 0x00, 0x07, 0x38, 0x00, 0x07, 0x38, 0x00, 0x07, 0x38, 0x00,
  0x07, 0x38, 0x00, 0x00, 0x38, 0x00, 0x00, 0x00, 0x00, 0x00, 0x70, 0x00, 0x00, 0x70, 0x1C, 0x00,
  0x70, 0x1C, 0x0F, 0xF0, 0x1C, 0x0F, 0xF0, 0x1C, 0x00, 0x70, 0x1C, 0x00, 0x70, 0x1C, 0x0F, 0xF0,
  0x1C, 0x0F, 0xF0, 0x1C, 0x00, 0x70, 0x1C, 0x1C, 0x70, 0x1F, 0xFC, 0x70, 0x1F, 0xFC, 0x70, 0x1F,
  0xF0, 0x70, 0x00, 0x00, 0x00, 0x07, 0xFF, 0xF0, 0x07, 0xFF, 0xF0, 0x00, 0x00, 0x70, 0x00, 0x00,
  0x70, 0x00, 0x00, 0x70, 0x00, 0x00, 0x70, 0x00, 0x00, 0x70, 0x00, 0x00, 0x70, 0x00, 0x00, 0x00,
  0x00, 0x00, 0x00, 0x00, 0x00, 0x70, 0x1C, 0x00, 0x70, 0x1C, 0x1F, 0xF0, 0x1C, 0x1F, 0xF0, 0x1C,
  0x00, 0x70, 0x1C, 0x00, 0x70, 0x1C, 0x1F, 0xF0, 0x1C, 0x1F, 0xF0, 0x1C, 0x00, 0x70, 0x1C, 0x1C,
  0x70, 0x1F, 0xFC, 0x70, 0x1F, 0xFC, 0x70, 0x1F, 0xE0, 0x70, 0x00, 0x00, 0x00, 0x03, 0xFF, 0xF0,
  0x03, 0xFF, 0xF0, 0x03, 0x80, 0x70, 0x03, 0x80, 0x70, 0x03, 0x80, 0x70, 0x03, 0x80, 0x70, 0x03,
  0xFF, 0xF0, 0x03, 0xFF, 0xF0, 0x00, 0x00, 0x00, 0x00, 0x00, 0x00, 0x00, 0x00, 0x00, 0x00, 0x00,
  0x00, 0x0E, 0x00, 0x00, 0x0E, 0x00, 0x00, 0x0E, 0x00, 0x00, 0x0E, 0x00, 0x00, 0x0E, 0x00, 0x00,
  0x0E, 0x00, 0x00, 0x0E, 0x00, 0x00, 0x0F, 0xFF, 0xE0, 0x0F, 0xFF, 0xF0, 0x0F, 0xFF, 0xF0, 0x00,
  0x38, 0x00, 0x00, 0x38, 0x00, 0x00, 0x38, 0x00, 0x00, 0x38, 0x00, 0x00, 0x38, 0x00, 0x7F, 0xFF,
  0xFC, 0x7F, 0xFF, 0xFC, 0x3F, 0xFF, 0xFC, 0x00, 0x00, 0x00, 0x00, 0x00, 0x00, 0x00, 0x00, 0x00,
  0x00, 0x00, 0x00, 0x0E, 0x00, 0x00, 0x0E, 0x00, 0x00, 0x0E, 0x00, 0x00, 0x0E, 0x00, 0x00, 0x0F,
  0xFF, 0xE0, 0x0F, 0xFF, 0xE0, 0x0F, 0xFF, 0xE0, 0x00, 0x38, 0x00, 0x00, 0x38, 0x00, 0x7F, 0xFF,
  0xFC, 0x7F, 0xFF, 0xFC, 0x00, 0x00, 0x00, 0x0F, 0xFF, 0xE0, 0x0F, 0xFF, 0xE0, 0x00, 0x00, 0xE0,
  0x00, 0x00, 0xE0, 0x0F, 0xFF, 0xE0, 0x0F, 0xFF, 0xE0, 0x0E, 0x00, 0x00, 0x0F, 0xFF, 0xF0, 0x0F,
  0xFF, 0xF0, 0x0F, 0xFF, 0xF0, 0x00, 0x00, 0x00, 0x00, 0x00, 0x00, 0x07, 0x00, 0x00, 0x07, 0x00,
  0x00, 0x07, 0x00, 0x00, 0x07, 0x00, 0x00, 0x07, 0x00, 0x00, 0x07, 0xFF, 0xF0, 0x07, 0xFF, 0xF0,
  0x07, 0xFF, 0xF0, 0x00, 0x1C, 0x00, 0x3F, 0xFF, 0xFC, 0x3F, 0xFF, 0xFE, 0x3F, 0xFF, 0xFC, 0x00,
  0x00, 0x00, 0x0F, 0xFF, 0xF0, 0x0F, 0xFF, 0xF0, 0x0F, 0xFF, 0xF0, 0x01, 0xE3, 0x80, 0x01, 0xE3,
  0x80, 0x01, 0xE3, 0x80, 0x01, 0xE3, 0x80, 0x0F, 0xFF, 0xF0, 0x0F, 0xFF, 0xF0, 0x00, 0x00, 0x00,
  0x00, 0x00, 0x00, 0x0E, 0x00, 0x00, 0x0E, 0x00, 0x00, 0x0E, 0x00, 0x00, 0x0E, 0x00, 0x00, 0x0E,
  0x00, 0x00, 0x0F, 0xFF, 0xE0, 0x0F, 0xFF, 0xF0, 0x0F, 0xFF, 0xF0, 0x01, 0xC3, 0x80, 0x01, 0xC3,
  0x80, 0x3F, 0xFF, 0xFC, 0x3F, 0xFF, 0xFC, 0x00, 0x00, 0x00, 0x00, 0x00, 0x00, 0x01, 0xFF, 0x80,
  0x07, 0xFF, 0xE0, 0x0F, 0x83, 0xE0, 0x0E, 0x00, 0xF0, 0x0E, 0x00, 0xF0, 0x0F, 0xC3, 0xE0, 0x07,
  0xFF, 0xC0, 0x01, 0xFF, 0x80, 0x00, 0x00, 0x00, 0x00, 0x00, 0x00, 0x00, 0x00, 0x00, 0x0E, 0x00,
  0x00, 0x0E, 0x00, 0x00, 0x0E, 0x00, 0x00, 0x0E, 0x00, 0x00, 0x0E, 0x00, 0x00, 0x0E, 0x00, 0x00,
  0x0F, 0xFF, 0xF0, 0x0F, 0xFF, 0xF0, 0x00, 0x00, 0x00, 0x00, 0x00, 0x00, 0x3F, 0xFF, 0xF8, 0x7F,
  0xFF, 0xFC, 0x7F, 0xFF, 0xFC, 0x00, 0x38, 0x00, 0x00, 0x38, 0x00, 0x00, 0x38, 0x00, 0x00, 0x38,
  0x00, 0x00, 0x38, 0x00, 0x00, 0x38, 0x00, 0x00, 0x38, 0x00, 0x00, 0x38, 0x00, 0x00, 0x00, 0x00,
  0x00, 0x00, 0x00, 0x07, 0x00, 0x00, 0x07, 0x00, 0x00, 0x07, 0x00, 0x00, 0x07, 0x00, 0x00, 0x07,
  0x00, 0x00, 0x07, 0x00, 0x00, 0x07, 0xFF, 0xF0, 0x07, 0xFF, 0xF0, 0x07, 0xFF, 0xF0, 0x00, 0x00,
  0x00, 0x3F, 0xFF, 0xFC, 0x3F, 0xFF, 0xFE, 0x3F, 0xFF, 0xFC, 0x00, 0x1C, 0x00, 0x06, 0x1C, 0x00,
  0x07, 0x1C, 0x00, 0x07, 0x1C, 0x00, 0x07, 0x00, 0x00, 0x07, 0x00, 0x00, 0x0F, 0xFF, 0xF8, 0x07,
  0xFF, 0xF8, 0x07, 0xFF, 0xF8, 0x00, 0x00, 0x00, 0x00, 0x00, 0x00, 0x00, 0x00, 0x00, 0x0E, 0x00,
  0x00, 0x0E, 0x00, 0x00, 0x0E, 0x00, 0x00, 0x0E, 0x00, 0x00, 0x0E, 0x00, 0x00, 0x0E, 0x00, 0x00,
  0x0F, 0xFF, 0xF0, 0x0F, 0xFF, 0xF0, 0x07, 0xFF, 0xE0, 0x00, 0x00, 0x00, 0x00, 0x00, 0x00, 0x3F,
  0xFF, 0xFC, 0x3F, 0xFF, 0xFC, 0x1F, 0xFF, 0xF8, 0x03, 0x83, 0x80, 0x03, 0x83, 0x80, 0x03, 0x83,
  0x80, 0x03, 0x83, 0x80, 0x03, 0x83, 0x80, 0x03, 0x83, 0x80, 0x03, 0x83, 0x80, 0x00, 0x00, 0x00,
  0x00, 0x00, 0x00, 0x00, 0x00, 0x00, 0x00, 0x00, 0x00, 0x0E, 0x00, 0x00, 0x0E, 0x00, 0x00, 0x0E,
  0x00, 0x00, 0x0E, 0x00, 0x00, 0x0E, 0x00, 0x00, 0x0E, 0x00, 0x00, 0x0E, 0x00, 0x00, 0x0E, 0x00,
  0x00, 0x0F, 0xFF, 0xF0, 0x0F, 0xFF, 0xF0, 0x07, 0xFF, 0xF0, 0x00, 0x00, 0x00, 0x00, 0x00, 0x00,
  0x00, 0x00, 0x00, 0x00, 0x00, 0x00, 0x3F, 0xFF, 0xFC, 0x3F, 0xFF, 0xFC, 0x00, 0x00, 0x00, 0x00,
  0x00, 0x00, 0x00, 0x00, 0x00, 0x00, 0x00, 0x00, 0x00, 0x00, 0x00, 0x06, 0x00, 0x00, 0x0F, 0x00,
  0x00, 0x0F, 0x00, 0x00, 0x0F, 0x00, 0x00, 0x0F, 0x00, 0x00, 0x0F, 0x00, 0x00, 0x0F, 0xFF, 0xF0,
  0x0F, 0xFF, 0xF0, 0x07, 0xFF, 0xE0, 0x00, 0x00, 0x00, 0x00, 0x00, 0x00, 0x3F, 0xFF, 0xFC, 0x3F,
  0xFF, 0xFC, 0x00, 0x00, 0x00, 0x00, 0x00, 0x00, 0x0E, 0x00, 0x00, 0x0E, 0x00, 0x00, 0x0E, 0x00,
  0x00, 0x0E, 0x00, 0x00, 0x0F, 0xFF, 0xF0, 0x0F, 0xFF, 0xF0, 0x0F, 0xFF, 0xF0, 0x00, 0x00, 0x00,
  0x00, 0x00, 0x00, 0x06, 0x00, 0x00, 0x0F, 0x00, 0x00, 0x0F, 0x00, 0x00, 0x0F, 0x00, 0x00, 0x0F,
  0x00, 0x00, 0x0F, 0xFF, 0xF0, 0x0F, 0xFF, 0xF0, 0x00, 0x00, 0x00, 0x00, 0x00, 0x00, 0x3F, 0xFF,
  0xFC, 0x3F, 0xFF, 0xFC, 0x00, 0x00, 0x00, 0x0F, 0xFF, 0xF0, 0x0F, 0xFF, 0xF0, 0x00, 0x00, 0xF0,
  0x00, 0x00, 0x70, 0x0F, 0xFF, 0xF0, 0x0F, 0xFF, 0xF0, 0x0E, 0x00, 0x00, 0x0F, 0xFF, 0xF0, 0x0F,
  0xFF, 0xF8, 0x0F, 0xFF, 0xF8, 0x00, 0x00, 0x00, 0x00, 0x00, 0x00, 0x06, 0x00, 0x00, 0x0F, 0x00,
  0x00, 0x0F, 0x00, 0x00, 0x0F, 0x00, 0x00, 0x0F, 0x00, 0x00, 0x0F, 0x00, 0x00, 0x0F, 0xFF, 0xF0,
  0x0F, 0xFF, 0xF0, 0x00, 0x00, 0x00, 0x00, 0x00, 0x00, 0x3F, 0xFF, 0xFC, 0x3F, 0xFF, 0xFC, 0x00,
  0x00, 0x00, 0x00, 0x00, 0x00, 0x01, 0xFF, 0x80, 0x07, 0xFF, 0xE0, 0x0F, 0x81, 0xE0, 0x0F, 0x00,
  0xF0, 0x0F, 0x00, 0xF0, 0x07, 0xC3, 0xE0, 0x07, 0xFF, 0xC0, 0x01, 0xFF, 0x80, 0x00, 0x00, 0x00,
  0x00, 0x00, 0x00, 0x00, 0x00, 0x70, 0x00, 0x00, 0x70, 0x1C, 0x00, 0x70, 0x1C, 0x00, 0x70, 0x1C,
  0x00, 0x70, 0x1C, 0x00, 0x70, 0x1C, 0x00, 0x70, 0x1C, 0x00, 0x70, 0x1C, 0x00, 0x70, 0x1C, 0x00,
  0x70, 0x1C, 0x00, 0x70, 0x1C, 0x00, 0x70, 0x1C, 0x00, 0x70, 0x1C, 0x1F, 0x70, 0x1F, 0xFF, 0x70,
  0x1F, 0xFF, 0x70, 0x1F, 0xE0, 0x70, 0x00, 0x00, 0x70, 0x00, 0x00, 0x70, 0x00, 0x00, 0x70, 0x00,
  0x00, 0x70, 0x00, 0x00, 0x70, 0x00, 0x00, 0x00, 0x00, 0x00, 0xC0, 0x00, 0x00, 0xE0, 0x00, 0x00,
  0xE0, 0x3F, 0xF8, 0xE0, 0x3F, 0xF8, 0xE0, 0x38, 0x00, 0xE0, 0x38, 0x00, 0xE0, 0x38, 0x00, 0xE0,
  0x38, 0x00, 0xE0, 0x38, 0x00, 0xFC, 0x38, 0x00, 0xFC, 0x38, 0x00, 0xFC, 0x38, 0x00, 0xE0, 0x38,
  0x00, 0xE0, 0x38, 0x1C, 0xE0, 0x3F, 0xFC, 0xE0, 0x3F, 0xFC, 0xE0, 0x3F, 0x80, 0xE0, 0x00, 0x00,
  0xE0, 0x00, 0x00, 0xE0, 0x00, 0x00, 0xE0, 0x00, 0x00, 0xE0, 0x00, 0x00, 0xE0, 0x00, 0x00, 0x00,
  0x00, 0x00, 0x00, 0x00, 0x00, 0x70, 0x00, 0x00, 0x70, 0x1F, 0xF8, 0x70, 0x1F, 0xF8, 0x70, 0x1C,
  0x00, 0x70, 0x1C, 0x00, 0x7E, 0x1C, 0x00, 0x7E, 0x1C, 0x00, 0x7E, 0x1C, 0x06, 0x70, 0x1F, 0xFE,
  0x70, 0x1F, 0xFE, 0x70, 0x1F, 0x80, 0x70, 0x00, 0x00, 0x70, 0x00, 0x00, 0x00, 0x07, 0xFF, 0xF0,
  0x07, 0xFF, 0xF0, 0x00, 0x00, 0x70, 0x00, 0x00, 0x70, 0x00, 0x00, 0x70, 0x00, 0x00, 0x70, 0x00,
  0x00, 0x70, 0x00, 0x00, 0x70, 0x00, 0x00, 0x00, 0x00, 0x00, 0x00, 0x00, 0x00, 0x70, 0x00, 0x00,
  0x70, 0x1F, 0xF8, 0x70, 0x1F, 0xF8, 0x70, 0x1C, 0x00, 0x70, 0x1C, 0x00, 0x70, 0x1C, 0x00, 0x7E,
  0x1C, 0x00, 0x7E, 0x1C, 0x00, 0x7E, 0x1C, 0x0E, 0x70, 0x1F, 0xFE, 0x70, 0x1F, 0xFE, 0x70, 0x00,
  0x00, 0x70, 0x00, 0x00, 0x70, 0x07, 0x00, 0x70, 0x07, 0x00, 0x70, 0x07, 0x00, 0x00, 0x07, 0x00,
  0x00, 0x07, 0x00, 0x00, 0x07, 0xFF, 0xF0, 0x07, 0xFF, 0xF0, 0x07, 0xFF, 0xF0, 0x00, 0x00, 0x00,
  0x00, 0x00, 0x00, 0x00, 0x00, 0x70, 0x00, 0x00, 0x70, 0x1F, 0xF8, 0x70, 0x1F, 0xF8, 0x70, 0x1C,
  0x00, 0x70, 0x1C, 0x00, 0x7E, 0x1C, 0x00, 0x7E, 0x1C, 0x00, 0x70, 0x1C, 0x06, 0x70, 0x1F, 0xFE,
  0x70, 0x1F, 0xFE, 0x70, 0x1F, 0x80, 0x70, 0x00, 0x00, 0x60, 0x00, 0x00, 0x00, 0x07, 0xFF, 0xF0,
  0x07, 0xFF, 0xF0, 0x07, 0x00, 0x00, 0x07, 0x00, 0x00, 0x07, 0x00, 0x00, 0x07, 0x00, 0x00, 0x07,
  0xFF, 0xF0, 0x07, 0xFF, 0xF0, 0x00, 0x00, 0x00, 0x00, 0x00, 0x60, 0x00, 0x00, 0x70, 0x1F, 0xF8,
  0x70, 0x1F, 0xF8, 0x70, 0x1C, 0x00, 0x70, 0x1C, 0x00, 0x7E, 0x1C, 0x00, 0x7E, 0x1C, 0x00, 0x70,
  0x1C, 0x0E, 0x70, 0x1F, 0xFE, 0x70, 0x1F, 0xFE, 0x70, 0x00, 0x00, 0x70, 0x00, 0x00, 0x00, 0x07,
  0xFF, 0xF0, 0x07, 0xFF, 0xF0, 0x00, 0x00, 0x70, 0x00, 0x00, 0x70, 0x07, 0xFF, 0xF0, 0x07, 0xFF,
  0xF0, 0x07, 0x00, 0x00, 0x07, 0x00, 0x00, 0x07, 0xFF, 0xF0, 0x07, 0xFF, 0xF0, 0x00, 0x00, 0x00,
  0x00, 0x00, 0x00, 0x00, 0x00, 0x70, 0x1F, 0xF8, 0x70, 0x1F, 0xF8, 0x70, 0x1C, 0x00, 0x70, 0x1C,
  0x00, 0x70, 0x1C, 0x00, 0x7E, 0x1C, 0x00, 0x7E, 0x1C, 0x00, 0x70, 0x1C, 0x0E, 0x70, 0x1F, 0xFE,
  0x70, 0x1F, 0xFE, 0x70, 0x1F, 0x80, 0x70, 0x00, 0x00, 0x00, 0x07, 0x00, 0x70, 0x07, 0x00, 0x70,
  0x07, 0xFF, 0xF0, 0x07, 0xFF, 0xF0, 0x07, 0x00, 0x70, 0x07, 0x00, 0x70, 0x07, 0x00, 0x70, 0x07,
  0xFF, 0xF0, 0x07, 0xFF, 0xF0, 0x00, 0x00, 0x00, 0x00, 0x00, 0x00, 0x00, 0x00, 0x70, 0x00, 0x00,
  0xF0, 0x1F, 0xF8, 0xF0, 0x1F, 0xF8, 0xF0, 0x1C, 0x00, 0xF0, 0x1C, 0x00, 0xF0, 0x1C, 0x00, 0xFE,
  0x1C, 0x00, 0xFE, 0x1C, 0x06, 0xF0, 0x1F, 0xFE, 0xF0, 0x1F, 0xFE, 0xF0, 0x1F, 0x80, 0xF0, 0x00,
  0x00, 0xF0, 0x00, 0xFF, 0x80, 0x03, 0xFF, 0xC0, 0x07, 0xE3, 0xE0, 0x07, 0x00, 0xF0, 0x07, 0x00,
  0x70, 0x07, 0x00, 0xF0, 0x07, 0xE3, 0xE0, 0x03, 0xFF, 0xC0, 0x00, 0xFF, 0x80, 0x00, 0x00, 0x00,
  0x00, 0x00, 0x00, 0x00, 0x03, 0x38, 0x00, 0x07, 0x38, 0x00, 0x07, 0x38, 0x1F, 0xE7, 0x38, 0x1F,
  0xE7, 0x38, 0x1C, 0x07, 0x38, 0x1C, 0x07, 0x38, 0x1C, 0x07, 0x38, 0x1C, 0x07, 0x38, 0x1C, 0x07,
  0xF8, 0x1C, 0x07, 0xF8, 0x1C, 0x07, 0x38, 0x1C, 0x07, 0x38, 0x1C, 0x07, 0x38, 0x1C, 0x77, 0x38,
  0x1F, 0xF7, 0x38, 0x1F, 0xF7, 0x38, 0x00, 0x07, 0x38, 0x00, 0x07, 0x38, 0x00, 0x07, 0x38, 0x00,
  0x07, 0x38, 0x00, 0x00, 0x38, 0x00, 0x00, 0x00, 0x00, 0x00, 0x00, 0x00, 0x07, 0x38, 0x00, 0x07,
  0x38, 0x1F, 0xF7, 0x38, 0x1F, 0xF7, 0x38, 0x1C, 0x07, 0x38, 0x1C, 0x07, 0x38, 0x1C, 0x07, 0xF8,
  0x1C, 0x07, 0xF8, 0x1C, 0x07, 0x38, 0x1C, 0x07, 0x38, 0x1F, 0xFF, 0x38, 0x1F, 0xFF, 0x38, 0x1F,
  0xC7, 0x38, 0x00, 0x07, 0x38, 0x03, 0x87, 0x38, 0x03, 0x87, 0x38, 0x03, 0x80, 0x00, 0x03, 0x80,
  0x00, 0x03, 0x80, 0x00, 0x03, 0xFF, 0xFC, 0x03, 0xFF, 0xFC, 0x03, 0xFF, 0xFC, 0x00, 0x00, 0x00,
  0x00, 0x00, 0x00, 0x00, 0x00, 0x38, 0x00, 0x00, 0x38, 0x1F, 0xF8, 0x38, 0x1F, 0xF8, 0x38, 0x1C,
  0x00, 0x38, 0x1C, 0x00, 0x38, 0x1C, 0x00, 0x38, 0x1C, 0x00, 0x78, 0x1C, 0x0F, 0xF8, 0x1C, 0x0F,
  0xF8, 0x1C, 0x00, 0x38, 0x1C, 0x00, 0x38, 0x1C, 0x00, 0x38, 0x1C, 0x04, 0x38, 0x1F, 0xFE, 0x38,
  0x1F, 0xFE, 0x38, 0x1F, 0xE0, 0x38, 0x00, 0x00, 0x38, 0x00, 0x00, 0x38, 0x00, 0x00, 0x38, 0x00,
  0x00, 0x38, 0x00, 0x00, 0x38, 0x00, 0x00, 0x00, 0x00, 0x00, 0x00, 0x00, 0x00, 0x70, 0x00, 0x00,
  0x70, 0x1F, 0xF8, 0x70, 0x1F, 0xF8, 0x70, 0x1C, 0x00, 0x70, 0x1C, 0x00, 0x70, 0x1C, 0x0F, 0xF0,
  0x1C, 0x0F, 0xF0, 0x1C, 0x00, 0x70, 0x1C, 0x04, 0x70, 0x1F, 0xFC, 0x70, 0x1F, 0xFC, 0x70, 0x1F,
  0xF0, 0x70, 0x00, 0x00, 0x70, 0x07, 0xFF, 0xF0, 0x07, 0xFF, 0xF0, 0x00, 0x00, 0x70, 0x00, 0x00,
  0x70, 0x00, 0x00, 0x70, 0x00, 0x00, 0x70, 0x00, 0x00, 0x70, 0x00, 0x00, 0x70, 0x00, 0x00, 0x00,
  0x00, 0x00, 0x00, 0x00, 0x00, 0x70, 0x00, 0x00, 0x70, 0x1F, 0xF8, 0x70, 0x1F, 0xF8, 0x70, 0x1C,
  0x00, 0x70, 0x1C, 0x00, 0x70, 0x1C, 0x0F, 0xF0, 0x1C, 0x0F, 0xF0, 0x1C, 0x00, 0x70, 0x1C, 0x0C,
  0x70, 0x1F, 0xFC, 0x70, 0x1F, 0xFC, 0x70, 0x1F, 0x80, 0x70, 0x00, 0x00, 0x70, 0x00, 0xFF, 0xC0,
  0x03, 0xFF, 0xE0, 0x03, 0xC1, 0xF0, 0x07, 0x80, 0x70, 0x07, 0x80, 0x70, 0x03, 0xE1, 0xF0, 0x01,
  0xFF, 0xE0, 0x00, 0xFF, 0x80, 0x00, 0x00, 0x00, 0x00, 0x00, 0x00, 0x00, 0x03, 0xB8, 0x00, 0x03,
  0xB8, 0x00, 0x03, 0xB8, 0x1F, 0xF3, 0xB8, 0x1F, 0xF3, 0xB8, 0x1C, 0x03, 0xB8, 0x1C, 0x03, 0xB8,
  0x1C, 0x03, 0xB8, 0x1C, 0x3F, 0xB8, 0x1C, 0x3F, 0xB8, 0x1C, 0x03, 0xB8, 0x1C, 0x03, 0xB8, 0x1C,
  0x03, 0xB8, 0x1C, 0x03, 0xB8, 0x1C, 0x33, 0xB8, 0x1F, 0xFB, 0xB8, 0x1F, 0xFB, 0xB8, 0x1F, 0x03,
  0xB8, 0x00, 0x03, 0xB8, 0x00, 0x03, 0xB8, 0x00, 0x03, 0xB8, 0x00, 0x00, 0x38, 0x00, 0x00, 0x00,
  0x00, 0x00, 0x00, 0x00, 0x00, 0x00, 0x00, 0x00, 0x00, 0x0F, 0xFF, 0xE0, 0x0F, 0xFF, 0xE0, 0x0E,
  0x00, 0x00, 0x0E, 0x00, 0x00, 0x0E, 0x00, 0x00, 0x0E, 0x00, 0x00, 0x0E, 0x00, 0x00, 0x0E, 0x00,
  0x00, 0x0F, 0xFF, 0xF0, 0x0F, 0xFF, 0xF0, 0x00, 0x38, 0x00, 0x00, 0x38, 0x00, 0x00, 0x38, 0x00,
  0x00, 0x38, 0x00, 0x00, 0x38, 0x00, 0x7F, 0xFF, 0xFC, 0x7F, 0xFF, 0xFC, 0x3F, 0xFF, 0xFC, 0x00,
  0x00, 0x00, 0x00, 0x00, 0x00, 0x00, 0x00, 0x00, 0x00, 0x00, 0x00, 0x00, 0x00, 0x00, 0x0F, 0xFF,
  0xE0, 0x0F, 0xFF, 0xE0, 0x0E, 0x00, 0x00, 0x0E, 0x00, 0x00, 0x0E, 0x00, 0x00, 0x0F, 0xFF, 0xE0,
  0x0F, 0xFF, 0xE0, 0x0F, 0xFF, 0xE0, 0x00, 0x38, 0x00, 0x00, 0x38, 0x00, 0x7F, 0xFF, 0xFC, 0x7F,
  0xFF, 0xFC, 0x3F, 0xFF, 0xF8, 0x00, 0x00, 0x00, 0x1F, 0xFF, 0xE0, 0x1F, 0xFF, 0xE0, 0x00, 0x00,
  0xE0, 0x00, 0x00, 0xE0, 0x00, 0x00, 0xE0, 0x00, 0x00, 0xE0, 0x00, 0x00, 0xE0, 0x00, 0x00, 0x00,
  0x00, 0x00, 0x00, 0x0F, 0xFF, 0xE0, 0x0F, 0xFF, 0xE0, 0x0E, 0x00, 0x00, 0x0E, 0x00, 0x00, 0x0E,
  0x00, 0x00, 0x0F, 0xFF, 0xE0, 0x0F, 0xFF, 0xF0, 0x0F, 0xFF, 0xF0, 0x00, 0x38, 0x00, 0x00, 0x38,
  0x00, 0x7F, 0xFF, 0xFC, 0x7F, 0xFF, 0xFC, 0x00, 0x00, 0x00, 0x00, 0x00, 0x00, 0x0E, 0x00, 0x00,
  0x0E, 0x00, 0x00, 0x0E, 0x00, 0x00, 0x0E, 0x00, 0x00, 0x0F, 0xFF, 0xF0, 0x0F, 0xFF, 0xF0, 0x0F,
  0xFF, 0xF0, 0x00, 0x00, 0x00, 0x00, 0x00, 0x00, 0x00, 0x00, 0x00, 0x00, 0x00, 0x00, 0x0F, 0xFF,
  0xE0, 0x0F, 0xFF, 0xE0, 0x0E, 0x00, 0x00, 0x0E, 0x00, 0x00, 0x0F, 0xFF, 0xE0, 0x0F, 0xFF, 0xE0,
  0x00, 0x38, 0x00, 0x00, 0x38, 0x00, 0x7F, 0xFF, 0xFC, 0x7F, 0xFF, 0xFC, 0x00, 0x00, 0x00, 0x00,
  0x00, 0x00, 0x0F, 0xFF, 0xE0, 0x0F, 0xFF, 0xE0, 0x00, 0x00, 0xE0, 0x0F, 0xFF, 0xE0, 0x0F, 0xFF,
  0xE0, 0x0E, 0x00, 0x00, 0x0E, 0x00, 0x00, 0x0F, 0xFF, 0xF0, 0x0F, 0xFF, 0xF0, 0x00, 0x00, 0x00,
  0x00, 0x00, 0x00, 0x0F, 0xFF, 0xE0, 0x0F, 0xFF, 0xE0, 0x0E, 0x00, 0x00, 0x0E, 0x00, 0x00, 0x0E,
  0x00, 0x00, 0x0F, 0xFF, 0xE0, 0x0F, 0xFF, 0xE0, 0x0F, 0xFF, 0xE0, 0x00, 0x38, 0x00, 0x7F, 0xFF,
  0xFC, 0x7F, 0xFF, 0xFC, 0x3F, 0xFF, 0xF8, 0x00, 0x00, 0x00, 0x01, 0xFF, 0x00, 0x07, 0xFF, 0xC0,
  0x0F, 0xC7, 0xE0, 0x0E, 0x00, 0xE0, 0x0E, 0x00, 0xE0, 0x0F, 0x87, 0xE0, 0x07, 0xFF, 0xC0, 0x01,
  0xFF, 0x00, 0x00, 0x00, 0x00, 0x00, 0x00, 0x00, 0x00, 0x00, 0x00, 0x00, 0x03, 0x9C, 0x00, 0x03,
  0x9C, 0x1F, 0xF3, 0x9C, 0x1F, 0xF3, 0x9C, 0x1C, 0x03, 0x9C, 0x1C, 0x03, 0x9C, 0x1C, 0x03, 0x9C,
  0x1C, 0x03, 0x9C, 0x1C, 0x03, 0x9C, 0x1F, 0xFB, 0xFC, 0x1F, 0xFB, 0xFC, 0x1F, 0xF3, 0xFC, 0x03,
  0x83, 0x9C, 0x03, 0x83, 0x9C, 0x03, 0x83, 0x9C, 0x3F, 0xFB, 0x9C, 0x3F, 0xFB, 0x9C, 0x3F, 0xE3,
  0x9C, 0x00, 0x03, 0x9C, 0x00, 0x03, 0x9C, 0x00, 0x03, 0x9C, 0x00, 0x00, 0x1C, 0x00, 0x00, 0x00,
  0x00, 0x00, 0x00, 0x00, 0x03, 0xB8, 0x1F, 0xFB, 0xB8, 0x1F, 0xFB, 0xB8, 0x1C, 0x03, 0xB8, 0x1C,
  0x03, 0xB8, 0x1C, 0x03, 0xB8, 0x1F, 0xF3, 0xF8, 0x1F, 0xFB, 0xF8, 0x1F, 0xFB, 0xF8, 0x03, 0x83,
  0xB8, 0x03, 0x9B, 0xB8, 0x3F, 0xFB, 0xB8, 0x3F, 0xFB, 0xB8, 0x00, 0x03, 0xB8, 0x01, 0xC1, 0xC0,
  0x01, 0xC1, 0xC0, 0x01, 0xE1, 0xE0, 0x03, 0xE3, 0xE0, 0x07, 0xF7, 0xF0, 0x1F, 0x7F, 0x7C, 0x1E,
  0x3E, 0x3C, 0x0C, 0x1C, 0x08, 0x00, 0x00, 0x00, 0x00, 0x00, 0x00, 0x00, 0x00, 0x38, 0x00, 0x00,
  0x38, 0x0F, 0xFE, 0x38, 0x0F, 0xFE, 0x38, 0x0E, 0x00, 0x38, 0x0E, 0x00, 0x38, 0x0E, 0x00, 0x38,
  0x0E, 0x00, 0x38, 0x0E, 0x00, 0x38, 0x0F, 0xFF, 0x38, 0x0F, 0xFF, 0x38, 0x0F, 0xFE, 0x38, 0x00,
  0xE0, 0x38, 0x00, 0xE0, 0x38, 0x00, 0xE0, 0x38, 0x3F, 0xFF, 0xB8, 0x3F, 0xFF, 0xB8, 0x1F, 0xFC,
  0x38, 0x00, 0x00, 0x38, 0x00, 0x00, 0x38, 0x00, 0x00, 0x38, 0x00, 0x00, 0x38, 0x00, 0x00, 0x00,
  0x00, 0x00, 0x00, 0x00, 0x00, 0x70, 0x0F, 0xFE, 0x70, 0x0F, 0xFE, 0x70, 0x0F, 0xFE, 0x70, 0x0E,
  0x00, 0x70, 0x0E, 0x00, 0x70, 0x0E, 0x00, 0x70, 0x0F, 0xFE, 0x70, 0x0F, 0xFE, 0x70, 0x00, 0xE0,
  0x70, 0x00, 0xE0, 0x70, 0x0F, 0xFF, 0x70, 0x3F, 0xFF, 0x70, 0x3F, 0xFF, 0x70, 0x00, 0x00, 0x70,
  0x07, 0x80, 0x70, 0x07, 0x80, 0x70, 0x07, 0x80, 0x00, 0x07, 0x80, 0x00, 0x07, 0xFF, 0xF8, 0x07,
  0xFF, 0xF8, 0x07, 0xFF, 0xF8, 0x00, 0x00, 0x00, 0x00, 0x00, 0x00, 0x00, 0x00, 0x70, 0x0F, 0xFE,
  0x70, 0x0F, 0xFE, 0x70, 0x0F, 0xFC, 0x70, 0x0E, 0x00, 0x70, 0x0E, 0x00, 0x70, 0x0F, 0xFE, 0x70,
  0x0F, 0xFE, 0x70, 0x00, 0xE0, 0x70, 0x00, 0xE3, 0x70, 0x3F, 0xFF, 0x70, 0x3F, 0xFF, 0x70, 0x1F,
  0x00, 0x70, 0x00, 0x00, 0x00, 0x07, 0x80, 0x70, 0x07, 0x80, 0x70, 0x07, 0xFF, 0xF0, 0x07, 0xFF,
  0xF0, 0x07, 0x80, 0x70, 0x07, 0x80, 0x70, 0x07, 0xFF, 0xF0, 0x07, 0xFF, 0xF0, 0x00, 0x00, 0x00,
  0x00, 0x00, 0x00, 0x07, 0xFF, 0xF0, 0x07, 0xFF, 0xF0, 0x07, 0x00, 0x00, 0x07, 0x00, 0x00, 0x07,
  0x00, 0x00, 0x07, 0x00, 0x00, 0x07, 0x00, 0x00, 0x07, 0xFF, 0xF0, 0x07, 0xFF, 0xF0, 0x00, 0x00,
  0x00, 0x00, 0x00, 0x00, 0x1F, 0xFF, 0xFC, 0x3F, 0xFF, 0xFE, 0x3F, 0xFF, 0xFE, 0x00, 0x1C, 0x00,
  0x00, 0x1C, 0x00, 0x00, 0x1C, 0x00, 0x00, 0x1C, 0x00, 0x00, 0x1C, 0x00, 0x00, 0x1C, 0x00, 0x00,
  0x1C, 0x00, 0x00, 0x00, 0x00, 0x00, 0x00, 0x00, 0x00, 0x00, 0x00, 0x00, 0x00, 0x00, 0x0F, 0xFF,
  0xE0, 0x0F, 0xFF, 0xE0, 0x0E, 0x00, 0x00, 0x0E, 0x00, 0x00, 0x0E, 0x00, 0x00, 0x0F, 0xFF, 0xE0,
  0x0F, 0xFF, 0xE0, 0x00, 0x00, 0x00, 0x00, 0x00, 0x00, 0x00, 0x00, 0x00, 0x7F, 0xFF, 0xFC, 0x7F,
  0xFF, 0xFC, 0x00, 0x38, 0x00, 0x00, 0x38, 0x00, 0x0F, 0xFF, 0xE0, 0x0F, 0xFF, 0xE0, 0x00, 0x00,
  0xE0, 0x00, 0x00, 0xE0, 0x00, 0x00, 0xE0, 0x00, 0x00, 0xE0, 0x00, 0x00, 0xE0, 0x00, 0x00, 0x00,
  0x00, 0x00, 0x00, 0x0F, 0xFF, 0xE0, 0x0F, 0xFF, 0xE0, 0x0E, 0x00, 0x00, 0x0E, 0x00, 0x00, 0x0E,
  0x00, 0x00, 0x0F, 0xFF, 0xE0, 0x0F, 0xFF, 0xE0, 0x07, 0xFF, 0xE0, 0x00, 0x00, 0x00, 0x7F, 0xFF,
  0xFC, 0x7F, 0xFF, 0xFC, 0x00, 0x38, 0x00, 0x00, 0x38, 0x00, 0x01, 0xFF, 0x00, 0x07, 0xFF, 0xC0,
  0x0F, 0x83, 0xE0, 0x0E, 0x00, 0xE0, 0x0E, 0x00, 0xE0, 0x0F, 0xC7, 0xE0, 0x07, 0xFF, 0xC0, 0x01,
  0xFF, 0x00, 0x00, 0x00, 0x00, 0x00, 0x00, 0x00, 0x00, 0x00, 0x00, 0x00, 0x00, 0x38, 0x0F, 0xFE,
  0x38, 0x0F, 0xFE, 0x38, 0x0E, 0x00, 0x38, 0x0E, 0x00, 0x38, 0x0E, 0x00, 0x38, 0x0E, 0x00, 0x38,
  0x0F, 0xFE, 0x38, 0x0F, 0xFE, 0x38, 0x0F, 0xFC, 0x38, 0x00, 0x00, 0x38, 0x3F, 0xFF, 0xB8, 0x3F,
  0xFF, 0xB8, 0x3F, 0xFE, 0x38, 0x00, 0xE0, 0x38, 0x00, 0xE0, 0x38, 0x00, 0xE0, 0x38, 0x00, 0xE0,
  0x38, 0x00, 0xE0, 0x38, 0x00, 0xE0, 0x38, 0x00, 0xE0, 0x38, 0x00, 0x00, 0x38, 0x00, 0x00, 0x00,
  0x00, 0x00, 0x00, 0x00, 0x00, 0x00, 0x00, 0x00, 0x00, 0x0F, 0xFF, 0xF0, 0x0F, 0xFF, 0xF0, 0x0F,
  0x00, 0x00, 0x0E, 0x00, 0x00, 0x0E, 0x00, 0x00, 0x0E, 0x00, 0x00, 0x0E, 0x00, 0x00, 0x0E, 0x00,
  0x00, 0x0F, 0xFF, 0xF0, 0x0F, 0xFF, 0xF0, 0x07, 0xFF, 0xE0, 0x00, 0x00, 0x00, 0x00, 0x00, 0x00,
  0x00, 0x00, 0x00, 0x00, 0x00, 0x00, 0x3F, 0xFF, 0xFC, 0x3F, 0xFF, 0xFC, 0x00, 0x00, 0x00, 0x00,
  0x00, 0x00, 0x00, 0x00, 0x00, 0x00, 0x00, 0x00, 0x00, 0x00, 0x00, 0x00, 0x00, 0x00, 0x0F, 0xFF,
  0xF0, 0x0F, 0xFF, 0xF0, 0x0F, 0x00, 0x00, 0x0F, 0x00, 0x00, 0x0F, 0x00, 0x00, 0x0F, 0xFF, 0xF0,
  0x0F, 0xFF, 0xF0, 0x07, 0xFF, 0xE0, 0x00, 0x00, 0x00, 0x00, 0x00, 0x00, 0x3F, 0xFF, 0xFC, 0x3F,
  0xFF, 0xFC, 0x00, 0x00, 0x00, 0x00, 0x00, 0x00, 0x0F, 0xFF, 0xF0, 0x0F, 0xFF, 0xF0, 0x00, 0x00,
  0xF0, 0x00, 0x00, 0x70, 0x00, 0x00, 0x70, 0x00, 0x00, 0x70, 0x00, 0x00, 0x70, 0x00, 0x00, 0x00,
  0x00, 0x00, 0x00, 0x00, 0x00, 0x00, 0x0F, 0xFF, 0xF0, 0x0F, 0xFF, 0xF0, 0x0F, 0x00, 0x00, 0x0F,
  0x00, 0x00, 0x0F, 0x00, 0x00, 0x0F, 0x00, 0x00, 0x0F, 0xFF, 0xF0, 0x0F, 0xFF, 0xF0, 0x07, 0xFF,
  0xE0, 0x00, 0x00, 0x00, 0x3F, 0xFF, 0xFC, 0x3F, 0xFF, 0xFC, 0x00, 0x00, 0x00, 0x00, 0x00, 0x00,
  0x0F, 0x00, 0x00, 0x0F, 0x00, 0x00, 0x0F, 0x00, 0x00, 0x0F, 0x00, 0x00, 0x0F, 0xFF, 0xF0, 0x0F,
  0xFF, 0xF0, 0x0F, 0xFF, 0xF0, 0x00, 0x00, 0x00, 0x00, 0x00, 0x00, 0x00, 0x00, 0x00, 0x0F, 0xFF,
  0xF0, 0x0F, 0xFF, 0xF0, 0x0F, 0x00, 0x00, 0x0F, 0x00, 0x00, 0x0F, 0xFF, 0xF0, 0x0F, 0xFF, 0xF0,
  0x07, 0xFF, 0xE0, 0x00, 0x00, 0x00, 0x3F, 0xFF, 0xFC, 0x3F, 0xFF, 0xFC, 0x00, 0x00, 0x00, 0x00,
  0x00, 0x00, 0x0F, 0xFF, 0xF0, 0x0F, 0xFF, 0xF0, 0x00, 0x00, 0xF0, 0x0F, 0xFF, 0xF0, 0x0F, 0xFF,
  0xF0, 0x0E, 0x00, 0x00, 0x0F, 0xFF, 0xF0, 0x0F, 0xFF, 0xF0, 0x0F, 0xFF, 0xF0, 0x00, 0x00, 0x00,
  0x00, 0x00, 0x00, 0x00, 0x00, 0x00, 0x0F, 0xFF, 0xF0, 0x0F, 0xFF, 0xF0, 0x0F, 0x00, 0x00, 0x0F,
  0x00, 0x00, 0x0F, 0x00, 0x00, 0x0F, 0xFF, 0xF0, 0x0F, 0xFF, 0xF0, 0x00, 0x00, 0x00, 0x00, 0x00,
  0x00, 0x3F, 0xFF, 0xFC, 0x3F, 0xFF, 0xFC, 0x00, 0x00, 0x00, 0x00, 0x00, 0x00, 0x0F, 0xFF, 0xF0,
  0x0F, 0xFF, 0xF0, 0x0F, 0x00, 0xF0, 0x0E, 0x00, 0x70, 0x0E, 0x00, 0x70, 0x0F, 0x00, 0xF0, 0x0F,
  0xFF, 0xF0, 0x0F, 0xFF, 0xF0, 0x00, 0x00, 0x00, 0x00, 0x00, 0x00, 0x00, 0x00, 0x00, 0x0F, 0xFF,
  0xF0, 0x0F, 0xFF, 0xF0, 0x0F, 0x00, 0x00, 0x0F, 0x00, 0x00, 0x0F, 0x00, 0x00, 0x0F, 0xFF, 0xF0,
  0x0F, 0xFF, 0xF0, 0x00, 0x00, 0x00, 0x00, 0x00, 0x00, 0x3F, 0xFF, 0xFC, 0x3F, 0xFF, 0xFC, 0x00,
  0x00, 0x00, 0x00, 0x18, 0x00, 0x00, 0x3C, 0x00, 0x00, 0x3C, 0x00, 0x00, 0x7E, 0x00, 0x00, 0xFF,
  0x00, 0x03, 0xE7, 0xC0, 0x1F, 0xC3, 0xF8, 0x0F, 0x81, 0xF0, 0x0C, 0x00, 0x30, 0x00, 0x00, 0x00,
  0x00, 0x00, 0x00, 0x00, 0x00, 0x00, 0x0F, 0xFF, 0xF0, 0x0F, 0xFF, 0xF0, 0x0F, 0x00, 0x00, 0x0F,
  0x00, 0x00, 0x0F, 0x00, 0x00, 0x0F, 0xFF, 0xF0, 0x0F, 0xFF, 0xF0, 0x07, 0xFF, 0xE0, 0x00, 0x00,
  0x00, 0x3F, 0xFF, 0xFC, 0x3F, 0xFF, 0xFC, 0x00, 0x00, 0x00, 0x00, 0x00, 0x00, 0x01, 0xFF, 0x80,
  0x07, 0xFF, 0xC0, 0x07, 0xC3, 0xE0, 0x0F, 0x00, 0xF0, 0x0F, 0x00, 0xF0, 0x07, 0xC3, 0xE0, 0x07,
  0xFF, 0xC0, 0x01, 0xFF, 0x80, 0x00, 0x00, 0x00, 0x00, 0x00, 0x00, 0x00, 0x00, 0x70, 0x00, 0x00,
  0x70, 0x1F, 0xFC, 0x70, 0x1F, 0xFC, 0x70, 0x1C, 0x00, 0x70, 0x1C, 0x00, 0x70, 0x1C, 0x00, 0x70,
  0x1C, 0x00, 0x70, 0x1C, 0x00, 0x70, 0x1C, 0x00, 0x70, 0x1C, 0x00, 0x70, 0x1C, 0x00, 0x70, 0x1C,
  0x00, 0x70, 0x1C, 0x06, 0x70, 0x1F, 0xFF, 0x70, 0x1F, 0xFF, 0x70, 0x1F, 0xF0, 0x70, 0x00, 0x00,
  0x70, 0x00, 0x00, 0x70, 0x00, 0x00, 0x70, 0x00, 0x00, 0x70, 0x00, 0x00, 0x70, 0x00, 0x00, 0x00,
  0x00, 0x00, 0x00, 0x00, 0x00, 0x70, 0x1F, 0xF8, 0x70, 0x1F, 0xF8, 0x70, 0x1F, 0xF8, 0x70, 0x1C,
  0x00, 0x70, 0x1C, 0x00, 0x70, 0x1C, 0x00, 0x70, 0x1C, 0x00, 0x70, 0x1C, 0x00, 0x70, 0x1C, 0x00,
  0x70, 0x1F, 0xFE, 0x70, 0x1F, 0xFE, 0x70, 0x1F, 0xF8, 0x70, 0x00, 0x00, 0x70, 0x03, 0x00, 0x70,
  0x07, 0x80, 0x70, 0x07, 0x80, 0x00, 0x07, 0x80, 0x00, 0x07, 0x80, 0x00, 0x07, 0xFF, 0xF8, 0x07,
  0xFF, 0xF8, 0x07, 0xFF, 0xF8, 0x00, 0x00, 0x00, 0x00, 0x00, 0x00, 0x00, 0x00, 0xE0, 0x00, 0x00,
  0xE0, 0x3F, 0x7E, 0xE0, 0x3F, 0x7E, 0xE0, 0x38, 0x70, 0xE0, 0x38, 0x70, 0xE0, 0x38, 0x70, 0xE0,
  0x38, 0x70, 0xE0, 0x38, 0x70, 0xFC, 0x38, 0x70, 0xFC, 0x38, 0x70, 0xFC, 0x38, 0x70, 0xE0, 0x38,
  0x70, 0xE0, 0x38, 0x70, 0xE0, 0x3F, 0x7F, 0xE0, 0x3F, 0x7F, 0xE0, 0x3C, 0x78, 0xE0, 0x00, 0x00,
  0xE0, 0x00, 0x00, 0xE0, 0x00, 0x00, 0xE0, 0x00, 0x00, 0xE0, 0x00, 0x00, 0xE0, 0x00, 0x00, 0x00,
  0x00, 0x00, 0x00, 0x00, 0x00, 0x70, 0x00, 0x00, 0x70, 0x3F, 0x7E, 0x70, 0x3F, 0x7E, 0x70, 0x38,
  0x70, 0x70, 0x38, 0x70, 0x7C, 0x38, 0x70, 0x7E, 0x38, 0x70, 0x7E, 0x38, 0x70, 0x70, 0x3B, 0x73,
  0x70, 0x3F, 0x7F, 0x70, 0x3F, 0xFF, 0x70, 0x00, 0x00, 0x70, 0x00, 0x00, 0x00, 0x07, 0xFF, 0xF0,
  0x07, 0xFF, 0xF0, 0x00, 0x00, 0x70, 0x00, 0x00, 0x70, 0x00, 0x00, 0x70, 0x00, 0x00, 0x70, 0x00,
  0x00, 0x70, 0x00, 0x00, 0x70, 0x00, 0x00, 0x00, 0x00, 0x00, 0x00, 0x00, 0x00, 0xE0, 0x00, 0x00,
  0xE0, 0x3F, 0x7E, 0xE0, 0x3F, 0x7E, 0xE0, 0x38, 0x70, 0xE0, 0x38, 0x70, 0xF8, 0x38, 0x70, 0xFC,
  0x38, 0x70, 0xFC, 0x38, 0x70, 0xE0, 0x3F, 0x7F, 0xE0, 0x3F, 0xFF, 0xE0, 0x3C, 0x78, 0xE0, 0x00,
  0x00, 0xE0, 0x00, 0x00, 0xE0, 0x01, 0xFF, 0x80, 0x07, 0xFF, 0xC0, 0x07, 0x83, 0xE0, 0x0F, 0x00,
  0xE0, 0x0F, 0x00, 0xE0, 0x07, 0xC3, 0xE0, 0x03, 0xFF, 0xC0, 0x01, 0xFF, 0x00, 0x00, 0x00, 0x00,
  0x00, 0x00, 0x00, 0x00, 0x01, 0xB8, 0x00, 0x03, 0xB8, 0x00, 0x03, 0xB8, 0x3E, 0xFB, 0xB8, 0x3E,
  0xFB, 0xB8, 0x38, 0xE3, 0xB8, 0x38, 0xE3, 0xB8, 0x38, 0xE3, 0xB8, 0x38, 0xE3, 0xB8, 0x38, 0xE3,
  0xF8, 0x38, 0xE3, 0xF8, 0x38, 0xE3, 0xB8, 0x38, 0xE3, 0xB8, 0x38, 0xE3, 0xB8, 0x3E, 0xFF, 0xB8,
  0x3E, 0xFF, 0xB8, 0x00, 0x03, 0xB8, 0x00, 0x03, 0xB8, 0x00, 0x03, 0xB8, 0x00, 0x03, 0xB8, 0x00,
  0x03, 0xB8, 0x00, 0x00, 0x38, 0x00, 0x00, 0x00, 0x00, 0x00, 0x00, 0x00, 0x00, 0x70, 0x00, 0x00,
  0x70, 0x3F, 0x7E, 0x70, 0x3F, 0x7E, 0x70, 0x38, 0x70, 0x70, 0x38, 0x70, 0x70, 0x38, 0x70, 0x70,
  0x38, 0x70, 0x70, 0x38, 0x77, 0xF0, 0x38, 0x77, 0xF0, 0x38, 0x70, 0x70, 0x38, 0x70, 0x70, 0x38,
  0x70, 0x70, 0x38, 0x70, 0x70, 0x3F, 0x7F, 0x70, 0x3F, 0x7F, 0x70, 0x3C, 0x78, 0x70, 0x00, 0x00,
  0x70, 0x00, 0x00, 0x70, 0x00, 0x00, 0x70, 0x00, 0x00, 0x70, 0x00, 0x00, 0x70, 0x00, 0x00, 0x00,
  0x00, 0x00, 0x00, 0x00, 0x00, 0x70, 0x3F, 0x7E, 0x70, 0x3F, 0x7E, 0x70, 0x38, 0x70, 0x70, 0x38,
  0x70, 0x70, 0x38, 0x73, 0xF0, 0x38, 0x73, 0xF0, 0x38, 0x70, 0x70, 0x3F, 0x7F, 0x70, 0x3F, 0x7F,
  0x70, 0x3F, 0x7F, 0x70, 0x00, 0x00, 0x70, 0x07, 0xFF, 0xF0, 0x07, 0xFF, 0xF0, 0x00, 0x00, 0x70,
  0x00, 0x00, 0x70, 0x07, 0xFF, 0xF0, 0x07, 0xFF, 0xF0, 0x07, 0x00, 0x00, 0x07, 0x00, 0x00, 0x07,
  0xFF, 0xFC, 0x07, 0xFF, 0xFC, 0x00, 0x00, 0x00, 0x00, 0x00, 0x00, 0x00, 0x00, 0x00, 0x00, 0x00,
  0x00, 0x0F, 0xF7, 0xF8, 0x0F, 0xF7, 0xF8, 0x0E, 0x07, 0x00, 0x0E, 0x07, 0x00, 0x0E, 0x07, 0x00,
  0x0E, 0x07, 0x00, 0x0E, 0x07, 0x00, 0x0E, 0xF7, 0x00, 0x0F, 0xF7, 0xF8, 0x0F, 0xF7, 0xF8, 0x00,
  0x00, 0x00, 0x00, 0x1C, 0x00, 0x00, 0x1C, 0x00, 0x00, 0x1C, 0x00, 0x00, 0x1C, 0x00, 0x3F, 0xFF,
  0xFE, 0x3F, 0xFF, 0xFE, 0x1F, 0xFF, 0xFC, 0x00, 0x00, 0x00, 0x00, 0x00, 0x00, 0x00, 0x00, 0x00,
  0x00, 0x00, 0x00, 0x0F, 0xF7, 0xF8, 0x0F, 0xF7, 0xF8, 0x0E, 0x07, 0x00, 0x0E, 0x07, 0x00, 0x0E,
  0x07, 0x00, 0x0E, 0x07, 0x00, 0x0E, 0x37, 0x00, 0x0F, 0xF7, 0xF8, 0x0F, 0xF7, 0xF8, 0x0F, 0x07,
  0xF0, 0x00, 0x00, 0x00, 0x3F, 0xFF, 0xFE, 0x3F, 0xFF, 0xFE, 0x3F, 0xFF, 0xFE, 0x00, 0x1C, 0x00,
  0x00, 0x1C, 0x00, 0x00, 0x1C, 0x00, 0x00, 0x1C, 0x00, 0x00, 0x1C, 0x00, 0x00, 0x1C, 0x00, 0x00,
  0x1C, 0x00, 0x00, 0x00, 0x00, 0x00, 0x00, 0x00, 0x00, 0x00, 0x00, 0x00, 0x00, 0x38, 0x00, 0x00,
  0x38, 0x1F, 0xBF, 0x38, 0x1F, 0xBF, 0x38, 0x1C, 0x38, 0x38, 0x1C, 0x38, 0x38, 0x1C, 0x38, 0x38,
  0x1F, 0xBF, 0x38, 0x1F, 0xBF, 0x38, 0x00, 0x00, 0x38, 0x00, 0x00, 0x38, 0x00, 0x07, 0xB8, 0x3F,
  0xFF, 0xB8, 0x3F, 0xFF, 0xB8, 0x00, 0xE0, 0x38, 0x00, 0xE0, 0x38, 0x00, 0xE0, 0x38, 0x00, 0xE0,
  0x38, 0x00, 0xE0, 0x38, 0x00, 0xE0, 0x38, 0x00, 0xE0, 0x38, 0x00, 0xE0, 0x38, 0x00, 0x00, 0x00,
  0x00, 0x00, 0x00, 0x00, 0x00, 0x00, 0x00, 0x00, 0x00, 0x1F, 0xFF, 0xF8, 0x1F, 0xFF, 0xF8, 0x1E,
  0x0F, 0x00, 0x1E, 0x0F, 0x00, 0x1E, 0x0F, 0x00, 0x1E, 0x0F, 0x00, 0x1E, 0x0F, 0x00, 0x1E, 0x0F,
  0x00, 0x1F, 0xFF, 0xF8, 0x1F, 0xFF, 0xF8, 0x0F, 0xC7, 0xF8, 0x00, 0x00, 0x00, 0x00, 0x00, 0x00,
  0x00, 0x00, 0x00, 0x00, 0x00, 0x00, 0x3F, 0xFF, 0xFC, 0x3F, 0xFF, 0xFC, 0x00, 0x00, 0x00, 0x00,
  0x00, 0x00, 0x00, 0x00, 0x00, 0x00, 0x00, 0x00, 0x00, 0x00, 0x00, 0x00, 0x00, 0xE0, 0x00, 0x00,
  0xE0, 0x3F, 0xF0, 0xE0, 0x3F, 0xF0, 0xE0, 0x00, 0x70, 0xE0, 0x00, 0x70, 0xE0, 0x00, 0x70, 0xE0,
  0x00, 0x70, 0xE0, 0x3F, 0xF0, 0xFC, 0x3F, 0xF0, 0xFC, 0x3F, 0xF0, 0xFC, 0x38, 0x00, 0xE0, 0x38,
  0x00, 0xE0, 0x38, 0x0C, 0xE0, 0x3F, 0xFC, 0xE0, 0x3F, 0xFC, 0xE0, 0x3F, 0x80, 0xE0, 0x00, 0x00,
  0xE0, 0x00, 0x00, 0xE0, 0x00, 0x00, 0xE0, 0x00, 0x00, 0xE0, 0x00, 0x00, 0xE0, 0x00, 0x00, 0x00,
  0x00, 0x00, 0x00, 0x00, 0x00, 0x70, 0x00, 0x00, 0x70, 0x1F, 0xF8, 0x70, 0x1F, 0xF8, 0x70, 0x00,
  0x38, 0x70, 0x00, 0x38, 0x70, 0x1F, 0xF8, 0x7E, 0x1F, 0xF8, 0x7E, 0x1F, 0xF8, 0x7E, 0x1C, 0x00,
  0x70, 0x1C, 0x0E, 0x70, 0x1F, 0xFF, 0x70, 0x1F, 0xFE, 0x70, 0x1F, 0x80, 0x70, 0x00, 0x00, 0x70,
  0x07, 0x80, 0x70, 0x07, 0x80, 0x70, 0x07, 0x80, 0x00, 0x07, 0x80, 0x00, 0x07, 0xFF, 0xF0, 0x07,
  0xFF, 0xF0, 0x07, 0xFF, 0xF0, 0x00, 0x00, 0x00, 0x00, 0x00, 0x60, 0x00, 0x00, 0x70, 0x1F, 0xF8,
  0x70, 0x1F, 0xF8, 0x70, 0x00, 0x38, 0x70, 0x00, 0x38, 0x70, 0x1F, 0xF8, 0x7E, 0x1F, 0xF8, 0x7E,
  0x1F, 0xF8, 0x7E, 0x1C, 0x00, 0x70, 0x1C, 0x0E, 0x70, 0x1F, 0xFF, 0x70, 0x1F, 0xFE, 0x70, 0x00,
  0x00, 0x70, 0x00, 0x00, 0x00, 0x07, 0xFF, 0xF0, 0x07, 0xFF, 0xF0, 0x07, 0x00, 0x70, 0x07, 0x00,
  0x70, 0x07, 0x00, 0x70, 0x07, 0x00, 0x70, 0x07, 0xFF, 0xF0, 0x07, 0xFF, 0xF0, 0x00, 0x00, 0x00,
  0x00, 0x00, 0x00, 0x00, 0x00, 0x70, 0x1F, 0xF8, 0x70, 0x1F, 0xF8, 0x70, 0x00, 0x38, 0x70, 0x00,
  0x38, 0x70, 0x1F, 0xF8, 0x7E, 0x1F, 0xF8, 0x7E, 0x1C, 0x00, 0x70, 0x1C, 0x00, 0x70, 0x1F, 0xFE,
  0x70, 0x1F, 0xFE, 0x70, 0x1F, 0xFE, 0x70, 0x00, 0x00, 0x70, 0x01, 0xC1, 0xC0, 0x01, 0xC1, 0xC0,
  0x01, 0xC1, 0xC0, 0x03, 0xC3, 0xE0, 0x03, 0xE3, 0xE0, 0x07, 0xF7, 0xF0, 0x1F, 0x7F, 0x7C, 0x1E,
  0x3E, 0x3C, 0x08, 0x1C, 0x08, 0x00, 0x00, 0x00, 0x00, 0x00, 0x00, 0x00, 0x00, 0xF0, 0x1F, 0xF8,
  0xF0, 0x1F, 0xF8, 0xF0, 0x00, 0x38, 0xF0, 0x00, 0x38, 0xF0, 0x00, 0x38, 0xFE, 0x1F, 0xF8, 0xFE,
  0x1F, 0xF8, 0xFE, 0x1C, 0x00, 0xF0, 0x1C, 0x0E, 0xF0, 0x1F, 0xFE, 0xF0, 0x1F, 0xFE, 0xF0, 0x00,
  0x00, 0xF0, 0x00, 0x00, 0x00, 0x01, 0xFF, 0x80, 0x03, 0xFF, 0xE0, 0x07, 0xC1, 0xF0, 0x07, 0x00,
  0x70, 0x07, 0x00, 0x70, 0x07, 0xC3, 0xF0, 0x03, 0xFF, 0xE0, 0x00, 0xFF, 0x80, 0x00, 0x00, 0x00,
  0x00, 0x00, 0x18, 0x00, 0x07, 0x38, 0x00, 0x07, 0x38, 0x1F, 0xE7, 0x38, 0x1F, 0xE7, 0x38, 0x00,
  0xE7, 0x38, 0x00, 0xE7, 0x38, 0x00, 0xE7, 0x38, 0x00, 0xE7, 0x38, 0x1F, 0xE7, 0xF8, 0x1F, 0xE7,
  0xF8, 0x1C, 0x07, 0xF8, 0x1C, 0x07, 0x38, 0x1C, 0x07, 0x38, 0x1C, 0x07, 0x38, 0x1C, 0x17, 0x38,
  0x1F, 0xF7, 0x38, 0x1F, 0xF7, 0x38, 0x1F, 0x87, 0x38, 0x00, 0x07, 0x38, 0x00, 0x07, 0x38, 0x00,
  0x07, 0x38, 0x00, 0x00, 0x38, 0x00, 0x00, 0x00, 0x00, 0x00, 0x00, 0x00, 0x07, 0x38, 0x1F, 0xE7,
  0x38, 0x1F, 0xE7, 0x38, 0x00, 0xE7, 0x38, 0x00, 0xE7, 0x38, 0x1F, 0xE7, 0xF8, 0x1F, 0xE7, 0xF8,
  0x1C, 0x07, 0x38, 0x1C, 0x17, 0x38, 0x1F, 0xF7, 0x38, 0x1F, 0xF7, 0x38, 0x1E, 0x07, 0x38, 0x00,
  0x00, 0x00, 0x03, 0x00, 0x38, 0x03, 0x80, 0x38, 0x03, 0xFF, 0xF8, 0x03, 0xFF, 0xF8, 0x03, 0x80,
  0x38, 0x03, 0x80, 0x38, 0x03, 0x80, 0x38, 0x03, 0xFF, 0xF8, 0x03, 0xFF, 0xF8, 0x00, 0x00, 0x00,
  0x00, 0x00, 0x00, 0x00, 0x00, 0x38, 0x00, 0x00, 0x38, 0x1F, 0xF8, 0x38, 0x1F, 0xF8, 0x38, 0x00,
  0x38, 0x38, 0x00, 0x38, 0x38, 0x00, 0x38, 0x38, 0x1F, 0xF8, 0x38, 0x1F, 0xFB, 0xF8, 0x1F, 0xFB,
  0xF8, 0x1C, 0x00, 0x38, 0x1C, 0x00, 0x38, 0x1C, 0x00, 0x38, 0x1C, 0x00, 0x38, 0x1F, 0xFE, 0x38,
  0x1F, 0xFE, 0x38, 0x1F, 0xF8, 0x38, 0x00, 0x00, 0x38, 0x00, 0x00, 0x38, 0x00, 0x00, 0x38, 0x00,
  0x00, 0x38, 0x00, 0x00, 0x38, 0x00, 0x00, 0x00, 0x00, 0x00, 0x00, 0x00, 0x00, 0x38, 0x1F, 0xF8,
  0x38, 0x1F, 0xF8, 0x38, 0x00, 0x38, 0x38, 0x00, 0x38, 0x38, 0x00, 0x3B, 0xF8, 0x1F, 0xFB, 0xF8,
  0x1F, 0xFB, 0xF8, 0x1C, 0x00, 0x38, 0x1C, 0x00, 0x38, 0x1F, 0xFE, 0x38, 0x1F, 0xFE, 0x38, 0x1F,
  0xF8, 0x38, 0x00, 0x00, 0x38, 0x00, 0x00, 0x00, 0x07, 0xFF, 0xF8, 0x07, 0xFF, 0xF8, 0x00, 0x00,
  0x38, 0x00, 0x00, 0x38, 0x00, 0x00, 0x38, 0x00, 0x00, 0x38, 0x00, 0x00, 0x38, 0x00, 0x00, 0x00,
  0x00, 0x00, 0x00, 0x00, 0x00, 0x78, 0x00, 0x00, 0x78, 0x1F, 0xF8, 0x78, 0x1F, 0xF8, 0x78, 0x00,
  0x38, 0x78, 0x00, 0x3B, 0xF8, 0x1F, 0xFF, 0xF8, 0x1F, 0xFB, 0xF8, 0x1C, 0x00, 0x78, 0x1C, 0x00,
  0x78, 0x1C, 0x0C, 0x78, 0x1F, 0xFC, 0x78, 0x1F, 0xFC, 0x78, 0x1F, 0x80, 0x78, 0x00, 0x00, 0x78,
  0x03, 0x80, 0x78, 0x03, 0x80, 0x00, 0x03, 0x80, 0x00, 0x03, 0x80, 0x00, 0x03, 0xFF, 0xF8, 0x03,
  0xFF, 0xF8, 0x03, 0xFF, 0xF8, 0x00, 0x00, 0x00, 0x00, 0x00, 0x00, 0x00, 0x00, 0x38, 0x1F, 0xF8,
  0x38, 0x1F, 0xF8, 0x38, 0x00, 0x38, 0x38, 0x00, 0x38, 0x38, 0x00, 0x3B, 0xF8, 0x1F, 0xFB, 0xF8,
  0x1F, 0xF9, 0xF8, 0x1C, 0x00, 0x38, 0x1C, 0x06, 0x38, 0x1F, 0xFE, 0x38, 0x1F, 0xFE, 0x38, 0x1F,
  0x80, 0x38, 0x00, 0x00, 0x00, 0x03, 0xFF, 0xF8, 0x03, 0xFF, 0xF8, 0x03, 0x80, 0x38, 0x03, 0x80,
  0x38, 0x03, 0x80, 0x38, 0x03, 0x80, 0x38, 0x03, 0xFF, 0xF8, 0x03, 0xFF, 0xF8, 0x00, 0x00, 0x00,
  0x00, 0x00, 0x00, 0x00, 0x03, 0xB8, 0x00, 0x03, 0xB8, 0x1F, 0xE3, 0xB8, 0x1F, 0xE3, 0xB8, 0x00,
  0xE3, 0xB8, 0x00, 0xE3, 0xB8, 0x00, 0xE3, 0xB8, 0x00, 0xEF, 0xB8, 0x1F, 0xFF, 0xB8, 0x1F, 0xEF,
  0xB8, 0x1C, 0x03, 0xB8, 0x1C, 0x03, 0xB8, 0x1C, 0x03, 0xB8, 0x1C, 0x13, 0xB8, 0x1F, 0xFB, 0xB8,
  0x1F, 0xFB, 0xB8, 0x1F, 0x83, 0xB8, 0x00, 0x03, 0xB8, 0x00, 0x03, 0xB8, 0x00, 0x03, 0xB8, 0x00,
  0x03, 0xB8, 0x00, 0x00, 0x38, 0x00, 0x00, 0x00, 0x00, 0x00, 0x00, 0x00, 0x03, 0xB8, 0x1F, 0xE3,
  0xB8, 0x1F, 0xE3, 0xB8, 0x1F, 0xE3, 0xB8, 0x00, 0xE3, 0xB8, 0x00, 0xEF, 0xB8, 0x1F, 0xEF, 0xB8,
  0x1F, 0xEF, 0xB8, 0x1C, 0x03, 0xB8, 0x1C, 0x03, 0xB8, 0x1F, 0xFB, 0xB8, 0x1F, 0xFB, 0xB8, 0x1F,
  0xFB, 0xB8, 0x00, 0x03, 0xB8, 0x00, 0x00, 0x00, 0x03, 0xFF, 0xF8, 0x03, 0xFF, 0xF8, 0x00, 0x00,
  0x38, 0x00, 0x00, 0x38, 0x00, 0x00, 0x38, 0x00, 0x00, 0x38, 0x00, 0x00, 0x38, 0x00, 0x00, 0x00,
  0x00, 0x00, 0x00, 0x00, 0x07, 0x38, 0x1F, 0xE7, 0xB8, 0x1F, 0xE7, 0xB8, 0x1F, 0xE7, 0xB8, 0x00,
  0xE7, 0xB8, 0x00, 0xFF, 0xB8, 0x1F, 0xFF, 0xB8, 0x1F, 0xEF, 0xB8, 0x1C, 0x07, 0xB8, 0x1C, 0x07,
  0xB8, 0x1F, 0xF7, 0xB8, 0x1F, 0xF7, 0xB8, 0x1F, 0xF7, 0xB8, 0x00, 0x00, 0x38, 0x00, 0x1E, 0x38,
  0x00, 0x1E, 0x00, 0x00, 0x1E, 0x00, 0x00, 0x3F, 0x00, 0x00, 0xFF, 0xC0, 0x07, 0xF3, 0xFC, 0x07,
  0xE0, 0xFC, 0x07, 0x80, 0x38, 0x00, 0x00, 0x00, 0x00, 0x00, 0x00, 0x00, 0x00, 0x38, 0x00, 0x00,
  0x38, 0x1F, 0xF8, 0x38, 0x1F, 0xF8, 0x38, 0x00, 0x38, 0x38, 0x00, 0x3B, 0xF8, 0x00, 0x3B, 0xF8,
  0x00, 0x38, 0x38, 0x1F, 0xF8, 0x38, 0x1F, 0xF8, 0x38, 0x1F, 0xF0, 0x38, 0x1C, 0x03, 0xF8, 0x1C,
  0x03, 0xF8, 0x1C, 0x00, 0x38, 0x1C, 0x0C, 0x38, 0x1F, 0xFE, 0x38, 0x1F, 0xFE, 0x38, 0x1F, 0xF0,
  0x38, 0x00, 0x00, 0x38, 0x00, 0x00, 0x38, 0x00, 0x00, 0x38, 0x00, 0x00, 0x38, 0x00, 0x00, 0x00,
  0x00, 0x00, 0x00, 0x00, 0x00, 0x78, 0x1F, 0xF8, 0x78, 0x1F, 0xF8, 0x78, 0x00, 0x3F, 0xF8, 0x00,
  0x3F, 0xF8, 0x00, 0x3B, 0xF8, 0x1F, 0xF8, 0x78, 0x1F, 0xF8, 0x78, 0x1C, 0x07, 0xF8, 0x1C, 0x07,
  0xF8, 0x1F, 0xFC, 0x78, 0x1F, 0xFC, 0x78, 0x1F, 0xF8, 0x78, 0x00, 0x00, 0x70, 0x00, 0x00, 0x00,
  0x07, 0xFF, 0xF8, 0x07, 0xFF, 0xF8, 0x00, 0x00, 0x78, 0x00, 0x00, 0x78, 0x00, 0x00, 0x78, 0x00,
  0x00, 0x78, 0x00, 0x00, 0x78, 0x00, 0x00, 0x00, 0x00, 0x00, 0x00, 0x00, 0x00, 0x78, 0x00, 0x00,
  0x78, 0x1F, 0xF8, 0x78, 0x1F, 0xFB, 0xF8, 0x00, 0x3F, 0xF8, 0x00, 0x3B, 0xF8, 0x1F, 0xF8, 0x78,
  0x1F, 0xF8, 0x78, 0x1C, 0x07, 0xF8, 0x1C, 0x07, 0xF8, 0x1C, 0x1F, 0xF8, 0x1F, 0xFC, 0x78, 0x1F,
  0xFC, 0x78, 0x1F, 0x00, 0x78, 0x00, 0x00, 0x78, 0x03, 0x80, 0x78, 0x03, 0x80, 0x30, 0x03, 0x80,
  0x00, 0x03, 0x80, 0x00, 0x03, 0xFF, 0xF8, 0x03, 0xFF, 0xF8, 0x03, 0xFF, 0xF8, 0x00, 0x00, 0x00,
  0x00, 0x00, 0x00, 0x00, 0x00, 0x78, 0x1F, 0xF8, 0x78, 0x1F, 0xFB, 0xF8, 0x00, 0x7B, 0xF8, 0x00,
  0x3B, 0xF8, 0x00, 0x7B, 0xF8, 0x1F, 0xF8, 0x78, 0x1F, 0xF8, 0x78, 0x1C, 0x03, 0xF8, 0x1C, 0x0B,
  0xF8, 0x1F, 0xFC, 0x78, 0x1F, 0xFC, 0x78, 0x1F, 0x80, 0x78, 0x00, 0xC0, 0xC0, 0x01, 0xC1, 0xC0,
  0x01, 0xC1, 0xE0, 0x01, 0xE1, 0xE0, 0x03, 0xE3, 0xE0, 0x07, 0xF7, 0xF0, 0x0F, 0x7F, 0x7C, 0x1E,
  0x3E, 0x3C, 0x0C, 0x1C, 0x1C, 0x00, 0x00, 0x00, 0x00, 0x00, 0x00, 0x00, 0x03, 0xB8, 0x00, 0x03,
  0xB8, 0x1F, 0xE3, 0xB8, 0x1F, 0xE3, 0xB8, 0x00, 0xE3, 0xB8, 0x00, 0xFF, 0xB8, 0x00, 0xFF, 0xB8,
  0x00, 0xEF, 0xB8, 0x1F, 0xE3, 0xB8, 0x1F, 0xE3, 0xB8, 0x1C, 0x0F, 0xB8, 0x1C, 0x1F, 0xB8, 0x1C,
  0x1F, 0xB8, 0x1C, 0x03, 0xB8, 0x1F, 0xF3, 0xB8, 0x1F, 0xF3, 0xB8, 0x1F, 0xC3, 0xB8, 0x00, 0x03,
  0xB8, 0x00, 0x03, 0xB8, 0x00, 0x03, 0xB8, 0x00, 0x03, 0xB8, 0x00, 0x00, 0x38, 0x00, 0x00, 0x00,
  0x00, 0x00, 0x00, 0x00, 0x00, 0x00, 0x00, 0x00, 0x00, 0x0F, 0xFF, 0xF0, 0x0F, 0xFF, 0xF0, 0x00,
  0x00, 0x70, 0x00, 0x00, 0x70, 0x00, 0x00, 0x70, 0x0F, 0xFF, 0xF0, 0x0F, 0xFF, 0xF0, 0x0E, 0x00,
  0x00, 0x0E, 0x00, 0x00, 0x0F, 0xFF, 0xF0, 0x0F, 0xFF, 0xF0, 0x0F, 0xFF, 0xF0, 0x00, 0x38, 0x00,
  0x00, 0x38, 0x00, 0x00, 0x38, 0x00, 0x7F, 0xFF, 0xFC, 0x7F, 0xFF, 0xFC, 0x3F, 0xFF, 0xF8, 0x00,
  0x00, 0x00, 0x00, 0x00, 0x00, 0x00, 0x00, 0x00, 0x00, 0x00, 0x00, 0x00, 0x00, 0x00, 0x0F, 0xFF,
  0xE0, 0x0F, 0xFF, 0xE0, 0x00, 0x00, 0xE0, 0x0F, 0xFF, 0xE0, 0x0F, 0xFF, 0xE0, 0x0E, 0x00, 0x00,
  0x0E, 0x00, 0x00, 0x0F, 0xFF, 0xF0, 0x0F, 0xFF, 0xF0, 0x00, 0x38, 0x00, 0x00, 0x38, 0x00, 0x7F,
  0xFF, 0xFC, 0x7F, 0xFF, 0xFC, 0x00, 0x00, 0x00, 0x00, 0x00, 0x00, 0x1F, 0xFF, 0xE0, 0x1F, 0xFF,
  0xE0, 0x00, 0x00, 0xE0, 0x00, 0x00, 0xE0, 0x00, 0x00, 0xE0, 0x00, 0x00, 0xE0, 0x00, 0x00, 0x00,
  0x00, 0x00, 0x00, 0x00, 0x00, 0x00, 0x07, 0xFF, 0xF0, 0x07, 0xFF, 0xF0, 0x00, 0x00, 0x70, 0x07,
  0xFF, 0xF0, 0x07, 0xFF, 0xF0, 0x07, 0x00, 0x00, 0x07, 0x00, 0x00, 0x07, 0xFF, 0xF8, 0x07, 0xFF,
  0xF8, 0x00, 0x1C, 0x00, 0x00, 0x1C, 0x00, 0x3F, 0xFF, 0xFE, 0x3F, 0xFF, 0xFE, 0x1F, 0xFF, 0xFC,
  0x00, 0x00, 0x00, 0x07, 0x00, 0x00, 0x07, 0x00, 0x00, 0x07, 0x00, 0x00, 0x07, 0x00, 0x00, 0x07,
  0xFF, 0xF8, 0x07, 0xFF, 0xF8, 0x00, 0x00, 0x00, 0x00, 0x00, 0x00, 0x00, 0x00, 0x00, 0x0F, 0xFF,
  0xE0, 0x0F, 0xFF, 0xE0, 0x00, 0x00, 0xE0, 0x0F, 0xFF, 0xE0, 0x0F, 0xFF, 0xE0, 0x0E, 0x00, 0x00,
  0x0F, 0xFF, 0xE0, 0x0F, 0xFF, 0xF0, 0x0F, 0xFF, 0xF0, 0x00, 0x38, 0x00, 0x3F, 0xFF, 0xF8, 0x7F,
  0xFF, 0xFC, 0x7F, 0xFF, 0xFC, 0x00, 0x00, 0x00, 0x03, 0xFF, 0x80, 0x07, 0xFF, 0xC0, 0x0F, 0x81,
  0xE0, 0x0E, 0x00, 0xE0, 0x0F, 0x83, 0xE0, 0x07, 0xFF, 0xC0, 0x01, 0xFF, 0x80, 0x00, 0x00, 0x00,
  0x00, 0x00, 0x00, 0x00, 0x00, 0x00, 0x00, 0x00, 0x00, 0x0F, 0xFF, 0xF0, 0x0F, 0xFF, 0xF0, 0x00,
  0x00, 0xF0, 0x00, 0x00, 0xF0, 0x0F, 0xFF, 0xF0, 0x0F, 0xFF, 0xF0, 0x0E, 0x00, 0x00, 0x0E, 0x00,
  0x00, 0x0E, 0x00, 0x00, 0x0F, 0xFF, 0xF0, 0x0F, 0xFF, 0xF0, 0x0F, 0xFF, 0xF0, 0x01, 0xC3, 0x80,
  0x01, 0xC3, 0x80, 0x01, 0xC3, 0x80, 0x3F, 0xFF, 0xFC, 0x3F, 0xFF, 0xFC, 0x3F, 0xFF, 0xFC, 0x00,
  0x00, 0x00, 0x00, 0x00, 0x00, 0x00, 0x00, 0x00, 0x00, 0x00, 0x00, 0x00, 0x00, 0x00, 0x0F, 0xFF,
  0xE0, 0x0F, 0xFF, 0xE0, 0x00, 0x00, 0xE0, 0x00, 0x00, 0xE0, 0x0F, 0xFF, 0xE0, 0x0F, 0xFF, 0xE0,
  0x0E, 0x00, 0x00, 0x0E, 0x00, 0x00, 0x0F, 0xFF, 0xF0, 0x0F, 0xFF, 0xF0, 0x00, 0x00, 0x00, 0x00,
  0x00, 0x00, 0x7F, 0xFF, 0xFC, 0x7F, 0xFF, 0xFC, 0x3F, 0xFF, 0xFC, 0x00, 0x38, 0x00, 0x00, 0x38,
  0x00, 0x00, 0x38, 0x00, 0x00, 0x38, 0x00, 0x00, 0x38, 0x00, 0x00, 0x38, 0x00, 0x00, 0x00, 0x00,
  0x00, 0x00, 0x00, 0x0F, 0xFF, 0xE0, 0x0F, 0xFF, 0xE0, 0x00, 0x00, 0xE0, 0x00, 0x00, 0xE0, 0x0F,
  0xFF, 0xE0, 0x0F, 0xFF, 0xE0, 0x0E, 0x00, 0x00, 0x0F, 0xFF, 0xF0, 0x0F, 0xFF, 0xF0, 0x00, 0x00,
  0x00, 0x00, 0x00, 0x00, 0x7F, 0xFF, 0xFC, 0x7F, 0xFF, 0xFC, 0x00, 0x38, 0x00, 0x0E, 0x38, 0xE0,
  0x0E, 0x00, 0xE0, 0x0F, 0xFF, 0xE0, 0x0F, 0xFF, 0xE0, 0x0E, 0x00, 0xE0, 0x0E, 0x00, 0xE0, 0x0F,
  0xFF, 0xE0, 0x0F, 0xFF, 0xE0, 0x00, 0x00, 0x00, 0x00, 0x00, 0x00, 0x00, 0x00, 0x00, 0x0F, 0xFF,
  0xF0, 0x0F, 0xFF, 0xF0, 0x00, 0x00, 0xF0, 0x00, 0x00, 0xF0, 0x0F, 0xFF, 0xF0, 0x0F, 0xFF, 0xF0,
  0x0E, 0x00, 0x00, 0x0E, 0x00, 0x00, 0x0F, 0xFF, 0xF0, 0x0F, 0xFF, 0xF0, 0x07, 0xFF, 0xE0, 0x00,
  0x00, 0x00, 0x3F, 0xFF, 0xFC, 0x3F, 0xFF, 0xFC, 0x03, 0xC3, 0x80, 0x03, 0xC3, 0x80, 0x03, 0xC3,
  0x80, 0x03, 0xC3, 0x80, 0x03, 0xC3, 0x80, 0x03, 0xC3, 0x80, 0x03, 0xC3, 0x80, 0x00, 0x00, 0x00,
  0x00, 0x00, 0x00, 0x00, 0x00, 0x00, 0x0F, 0xFF, 0xE0, 0x0F, 0xFF, 0xE0, 0x00, 0x00, 0xE0, 0x0F,
  0xFF, 0xE0, 0x0F, 0xFF, 0xE0, 0x0E, 0x00, 0x00, 0x0E, 0x00, 0x00, 0x0F, 0xFF, 0xF0, 0x0F, 0xFF,
  0xF0, 0x00, 0x00, 0x00, 0x00, 0x00, 0x00, 0x3F, 0xFF, 0xFC, 0x3F, 0xFF, 0xFC, 0x03, 0xC3, 0x80,
  0x03, 0xC3, 0x80, 0x0F, 0xFF, 0xF0, 0x0F, 0xFF, 0xF0, 0x07, 0xFF, 0xF0, 0x00, 0x00, 0xF0, 0x00,
  0x00, 0xF0, 0x00, 0x00, 0xF0, 0x00, 0x00, 0x00, 0x00, 0x00, 0x00, 0x00, 0x00, 0x00, 0x00, 0x00,
  0x00, 0x0F, 0xFF, 0xF0, 0x0F, 0xFF, 0xF0, 0x00, 0x00, 0x70, 0x00, 0x00, 0x70, 0x00, 0x00, 0x70,
  0x0F, 0xFF, 0xF0, 0x0F, 0xFF, 0xF0, 0x0E, 0x00, 0x00, 0x0E, 0x00, 0x00, 0x0F, 0x00, 0x00, 0x0F,
  0xFF, 0xF0, 0x0F, 0xFF, 0xF0, 0x00, 0x00, 0x00, 0x00, 0x00, 0x00, 0x00, 0x00, 0x00, 0x3F, 0xFF,
  0xFC, 0x3F, 0xFF, 0xFC, 0x3F, 0xFF, 0xFC, 0x00, 0x00, 0x00, 0x00, 0x00, 0x00, 0x00, 0x00, 0x00,
  0x00, 0x00, 0x00, 0x00, 0x00, 0x00, 0x0F, 0xFF, 0xF0, 0x0F, 0xFF, 0xF0, 0x00, 0x00, 0x70, 0x0F,
  0xFF, 0xF0, 0x0F, 0xFF, 0xF0, 0x0F, 0x00, 0x00, 0x0F, 0x00, 0x00, 0x0F, 0xFF, 0xF0, 0x0F, 0xFF,
  0xF0, 0x07, 0xFF, 0xF0, 0x00, 0x00, 0x00, 0x3F, 0xFF, 0xFC, 0x3F, 0xFF, 0xFC, 0x00, 0x00, 0x00,
  0x0F, 0x00, 0x00, 0x0F, 0x00, 0x00, 0x0F, 0x00, 0x00, 0x0F, 0x00, 0x00, 0x0F, 0xFF, 0xF0, 0x0F,
  0xFF, 0xF0, 0x0F, 0xFF, 0xF0, 0x00, 0x00, 0x00, 0x00, 0x00, 0x00, 0x0F, 0xFF, 0xF0, 0x0F, 0xFF,
  0xF0, 0x00, 0x00, 0x70, 0x00, 0x00, 0x70, 0x0F, 0xFF, 0xF0, 0x0F, 0xFF, 0xF0, 0x0F, 0x00, 0x00,
  0x0F, 0xFF, 0xF0, 0x0F, 0xFF, 0xF0, 0x00, 0x00, 0x00, 0x3F, 0xFF, 0xFC, 0x3F, 0xFF, 0xFC, 0x00,
  0x00, 0x00, 0x0F, 0xFF, 0xF0, 0x0F, 0xFF, 0xF0, 0x00, 0x00, 0x70, 0x00, 0x00, 0x70, 0x0F, 0xFF,
  0xF0, 0x0F, 0xFF, 0xF0, 0x0E, 0x00, 0x00, 0x0F, 0xFF, 0xF0, 0x0F, 0xFF, 0xF0, 0x00, 0x00, 0x00,
  0x00, 0x00, 0x00, 0x00, 0x00, 0x00, 0x0F, 0xFF, 0xF0, 0x0F, 0xFF, 0xF0, 0x00, 0x00, 0x70, 0x0F,
  0xFF, 0xF0, 0x0F, 0xFF, 0xF0, 0x0F, 0x00, 0x00, 0x0F, 0x00, 0x00, 0x0F, 0xFF, 0xF0, 0x0F, 0xFF,
  0xF0, 0x00, 0x00, 0x00, 0x3F, 0xFF, 0xFC, 0x3F, 0xFF, 0xFC, 0x00, 0x00, 0x00, 0x00, 0x00, 0x00,
  0x0F, 0xFF, 0xF0, 0x0F, 0xFF, 0xF0, 0x0F, 0x00, 0xF0, 0x0F, 0x00, 0x70, 0x0F, 0x00, 0xF0, 0x0F,
  0xFF, 0xF0, 0x0F, 0xFF, 0xF0, 0x00, 0x00, 0x00, 0x00, 0x00, 0x00, 0x00, 0x00, 0x00, 0x0F, 0xFF,
  0xF0, 0x0F, 0xFF, 0xF0, 0x00, 0x00, 0x70, 0x0F, 0xFF, 0xF0, 0x0F, 0xFF, 0xF0, 0x0F, 0x00, 0x00,
  0x0F, 0x00, 0x00, 0x0F, 0xFF, 0xF0, 0x0F, 0xFF, 0xF0, 0x00, 0x00, 0x00, 0x3F, 0xFF, 0xFC, 0x3F,
  0xFF, 0xFC, 0x00, 0x00, 0x00, 0x00, 0x00, 0x00, 0x0F, 0xFF, 0xF0, 0x0F, 0xFF, 0xF0, 0x01, 0xC3,
  0x80, 0x01, 0xC3, 0x80, 0x0F, 0xFF, 0xF0, 0x0F, 0xFF, 0xF0, 0x0F, 0xFF, 0xF0, 0x00, 0x00, 0x00,
  0x00, 0x00, 0x00, 0x00, 0x00, 0x70, 0x00, 0x00, 0x70, 0x1F, 0xF8, 0x70, 0x1F, 0xF8, 0x70, 0x00,
  0x38, 0x70, 0x00, 0x38, 0x70, 0x00, 0x38, 0x70, 0x00, 0x38, 0x70, 0x1F, 0xF8, 0x70, 0x1F, 0xF8,
  0x70, 0x1C, 0x00, 0x70, 0x1C, 0x00, 0x70, 0x1C, 0x00, 0x70, 0x1C, 0x06, 0x70, 0x1F, 0xFF, 0x70,
  0x1F, 0xFF, 0x70, 0x1F, 0xE0, 0x70, 0x00, 0x00, 0x70, 0x00, 0x00, 0x70, 0x00, 0x00, 0x70, 0x00,
  0x00, 0x70, 0x00, 0x00, 0x70, 0x00, 0x00, 0x00, 0x00, 0x00, 0x00, 0x00, 0x00, 0x70, 0x1F, 0xF8,
  0x70, 0x1F, 0xF8, 0x70, 0x1F, 0xF8, 0x70, 0x00, 0x38, 0x70, 0x0F, 0xF8, 0x70, 0x1F, 0xF8, 0x70,
  0x1F, 0xF8, 0x70, 0x1C, 0x00, 0x70, 0x1C, 0x02, 0x70, 0x1F, 0xFE, 0x70, 0x1F, 0xFF, 0x70, 0x1F,
  0xF0, 0x70, 0x00, 0x00, 0x70, 0x00, 0x00, 0x00, 0x07, 0xFF, 0xF0, 0x07, 0xFF, 0xF0, 0x00, 0x00,
  0x70, 0x00, 0x00, 0x70, 0x00, 0x00, 0x70, 0x00, 0x00, 0x70, 0x00, 0x00, 0x70, 0x00, 0x00, 0x00,
  0x00, 0x00, 0x00, 0x00, 0x00, 0x70, 0x1F, 0xF8, 0x70, 0x1F, 0xF8, 0x70, 0x1F, 0xF8, 0x70, 0x00,
  0x38, 0x70, 0x00, 0x38, 0x70, 0x1F, 0xF8, 0x70, 0x1F, 0xF8, 0x70, 0x1F, 0xF8, 0x70, 0x1C, 0x00,
  0x70, 0x1C, 0x06, 0x70, 0x1F, 0xFF, 0x70, 0x1F, 0xFE, 0x70, 0x1F, 0x80, 0x70, 0x03, 0x00, 0x70,
  0x07, 0x80, 0x70, 0x07, 0x80, 0x00, 0x07, 0x80, 0x00, 0x07, 0x80, 0x00, 0x07, 0xFF, 0xF8, 0x07,
  0xFF, 0xF8, 0x07, 0xFF, 0xF8, 0x00, 0x00, 0x00, 0x00, 0x00, 0x00, 0x00, 0x00, 0x70, 0x1F, 0xF8,
  0x70, 0x1F, 0xF8, 0x70, 0x00, 0x38, 0x70, 0x00, 0x38, 0x70, 0x1F, 0xF8, 0x70, 0x1F, 0xF8, 0x70,
  0x1C, 0x00, 0x70, 0x1C, 0x0E, 0x70, 0x1F, 0xFE, 0x70, 0x1F, 0xFE, 0x70, 0x00, 0x00, 0x70, 0x03,
  0xFF, 0xF0, 0x03, 0xFF, 0xF0, 0x00, 0x00, 0x70, 0x00, 0x00, 0x70, 0x03, 0xFF, 0xF0, 0x03, 0xFF,
  0xF0, 0x03, 0x80, 0x00, 0x03, 0x80, 0x00, 0x07, 0xFF, 0xF8, 0x03, 0xFF, 0xF8, 0x00, 0x00, 0x00,
  0x00, 0x00, 0x00, 0x00, 0x00, 0x70, 0x1F, 0xF8, 0x70, 0x1F, 0xF8, 0x70, 0x0F, 0xF8, 0x70, 0x00,
  0x38, 0x70, 0x1F, 0xF8, 0x70, 0x1F, 0xF8, 0x70, 0x1F, 0xF8, 0x70, 0x1C, 0x00, 0x70, 0x1F, 0xFE,
  0x70, 0x1F, 0xFF, 0x70, 0x1F, 0xFE, 0x70, 0x00, 0x00, 0x00, 0x03, 0x00, 0x70, 0x03, 0x80, 0x70,
  0x03, 0xFF, 0xF0, 0x03, 0xFF, 0xF0, 0x03, 0x80, 0x70, 0x03, 0x80, 0x70, 0x03, 0x80, 0x70, 0x03,
  0xFF, 0xF0, 0x03, 0xFF, 0xF0, 0x00, 0x00, 0x00, 0x00, 0x00, 0x00, 0x00, 0x00, 0x70, 0x1F, 0xF8,
  0x70, 0x1F, 0xF8, 0x70, 0x1F, 0xF8, 0x70, 0x00, 0x38, 0x70, 0x00, 0x38, 0x70, 0x1F, 0xF8, 0x70,
  0x1F, 0xF8, 0x70, 0x1C, 0x00, 0x70, 0x1C, 0x00, 0x70, 0x1F, 0xFF, 0x70, 0x1F, 0xFF, 0x70, 0x1F,
  0xFC, 0x70, 0x00, 0x00, 0x70, 0x00, 0x1E, 0x70, 0x00, 0x1E, 0x00, 0x00, 0x1E, 0x00, 0x00, 0x3F,
  0x00, 0x00, 0xF7, 0xC0, 0x07, 0xF3, 0xF8, 0x0F, 0xC1, 0xF8, 0x07, 0x00, 0x78, 0x00, 0x00, 0x00,
  0x00, 0x00, 0x30, 0x00, 0x00, 0x70, 0x1F, 0xF8, 0x70, 0x1F, 0xF8, 0x70, 0x00, 0x38, 0x70, 0x00,
  0x38, 0x70, 0x00, 0x38, 0x70, 0x1F, 0xF8, 0x70, 0x1F, 0xF8, 0x70, 0x1C, 0x00, 0x70, 0x1C, 0x06,
  0x70, 0x1F, 0xFE, 0x70, 0x1F, 0xFE, 0x70, 0x1F, 0x80, 0x70, 0x00, 0x00, 0x70, 0x00, 0xFF, 0xC0,
  0x03, 0xFF, 0xE0, 0x03, 0xC1, 0xF0, 0x07, 0x00, 0x70, 0x07, 0x80, 0x70, 0x03, 0xE1, 0xF0, 0x01,
  0xFF, 0xE0, 0x00, 0xFF, 0x80, 0x00, 0x00, 0x00, 0x00, 0x00, 0x00, 0x00, 0x00, 0xE0, 0x00, 0x00,
  0xE0, 0x3F, 0xF8, 0xE0, 0x3F, 0xF8, 0xE0, 0x38, 0x38, 0xE0, 0x38, 0x38, 0xE0, 0x38, 0x38, 0xE0,
  0x38, 0x38, 0xE0, 0x38, 0x38, 0xFC, 0x38, 0x38, 0xFC, 0x38, 0x38, 0xFC, 0x38, 0x38, 0xE0, 0x38,
  0x38, 0xE0, 0x38, 0x38, 0xE0, 0x3F, 0xF8, 0xE0, 0x3F, 0xF8, 0xE0, 0x00, 0x00, 0xE0, 0x00, 0x00,
  0xE0, 0x00, 0x00, 0xE0, 0x00, 0x00, 0xE0, 0x00, 0x00, 0xE0, 0x00, 0x00, 0xE0, 0x00, 0x00, 0x00,
  0x00, 0x00, 0x00, 0x00, 0x00, 0x70, 0x00, 0x00, 0x70, 0x1F, 0xFC, 0x70, 0x1F, 0xFC, 0x70, 0x1C,
  0x1C, 0x70, 0x1C, 0x1C, 0x70, 0x1C, 0x1C, 0x7E, 0x1C, 0x1C, 0x7E, 0x1C, 0x1C, 0x7E, 0x1C, 0x1C,
  0x70, 0x1F, 0xFC, 0x70, 0x1F, 0xFC, 0x70, 0x00, 0x00, 0x70, 0x00, 0x00, 0x70, 0x07, 0x80, 0x70,
  0x07, 0x80, 0x70, 0x07, 0x80, 0x60, 0x07, 0x80, 0x00, 0x07, 0x80, 0x00, 0x07, 0xFF, 0xF0, 0x07,
  0xFF, 0xF0, 0x07, 0xFF, 0xF0, 0x00, 0x00, 0x00, 0x00, 0x00, 0x00, 0x00, 0x00, 0xF0, 0x1F, 0xFC,
  0xF0, 0x1F, 0xFC, 0xF0, 0x1C, 0x1C, 0xF0, 0x1C, 0x1C, 0xFC, 0x1C, 0x1C, 0xFE, 0x1C, 0x1C, 0xFC,
  0x1C, 0x1C, 0xF0, 0x1F, 0xFC, 0xF0, 0x1F, 0xFC, 0xF0, 0x00, 0x00, 0xF0, 0x00, 0x01, 0x80, 0x00,
  0x01, 0x80, 0x0E, 0x1F, 0xF8, 0x0E, 0x1F, 0xF8, 0x0E, 0x1F, 0xF8, 0x0E, 0x07, 0xE0, 0x0E, 0x0F,
  0xF0, 0x0E, 0x2E, 0x70, 0x0F, 0xFE, 0x70, 0x0F, 0xFF, 0xF0, 0x0F, 0xE7, 0xE0, 0x00, 0x00, 0x00,
  0x00, 0x00, 0x00, 0x00, 0x00, 0x70, 0x1F, 0xFC, 0x70, 0x1F, 0xFC, 0x70, 0x1C, 0x1C, 0x70, 0x1C,
  0x1C, 0x70, 0x1C, 0x1C, 0x7E, 0x1C, 0x1C, 0x7E, 0x1C, 0x1C, 0x70, 0x1F, 0xFC, 0x70, 0x1F, 0xFC,
  0x70, 0x00, 0x00, 0x70, 0x00, 0x00, 0x70, 0x07, 0xFF, 0xF0, 0x07, 0xFF, 0xF0, 0x00, 0x00, 0x70,
  0x00, 0x00, 0x70, 0x07, 0xFF, 0xF0, 0x07, 0xFF, 0xF0, 0x07, 0x00, 0x00, 0x07, 0x80, 0x00, 0x07,
  0xFF, 0xF0, 0x07, 0xFF, 0xF0, 0x00, 0x00, 0x00, 0x00, 0x00, 0x70, 0x00, 0x00, 0x70, 0x1F, 0xF8,
  0x70, 0x1F, 0xF8, 0x70, 0x1C, 0x38, 0x70, 0x1C, 0x38, 0x70, 0x1C, 0x38, 0x7E, 0x1C, 0x38, 0x7E,
  0x1C, 0x38, 0x70, 0x1C, 0x38, 0x70, 0x1F, 0xF8, 0x70, 0x1F, 0xF8, 0x70, 0x00, 0x00, 0x70, 0x00,
  0x1C, 0x70, 0x00, 0x1C, 0x70, 0x00, 0x1C, 0x00, 0x00, 0x3E, 0x00, 0x00, 0x7F, 0x00, 0x00, 0xF7,
  0x80, 0x07, 0xE3, 0xF8, 0x0F, 0xC1, 0xF8, 0x07, 0x00, 0x78, 0x00, 0x00, 0x00, 0x00, 0x00, 0x00,
  0x00, 0x00, 0x00, 0x00, 0x00, 0x70, 0x00, 0x00, 0x70, 0x1F, 0xFC, 0x70, 0x1F, 0xFC, 0x70, 0x1C,
  0x1C, 0x70, 0x1C, 0x1C, 0x7E, 0x1C, 0x1C, 0x7E, 0x1C, 0x1C, 0x70, 0x1C, 0x1C, 0x70, 0x1F, 0xFC,
  0x70, 0x1F, 0xFC, 0x70, 0x00, 0x00, 0x70, 0x00, 0x00, 0x70, 0x00, 0x00, 0x00, 0x00, 0xFF, 0x80,
  0x03, 0xFF, 0xE0, 0x07, 0xC1, 0xF0, 0x07, 0x00, 0x70, 0x07, 0x00, 0x70, 0x07, 0xE3, 0xF0, 0x03,
  0xFF, 0xE0, 0x00, 0xFF, 0x80, 0x00, 0x00, 0x00, 0x00, 0x00, 0x70, 0x00, 0x00, 0x70, 0x1F, 0xFC,
  0x70, 0x1F, 0xFC, 0x70, 0x1C, 0x1C, 0x70, 0x1C, 0x1C, 0x7E, 0x1C, 0x1C, 0x7E, 0x1C, 0x1C, 0x70,
  0x1C, 0x1C, 0x70, 0x1F, 0xFC, 0x70, 0x1F, 0xFC, 0x70, 0x00, 0x00, 0x70, 0x00, 0x00, 0x60, 0x00,
  0x00, 0x00, 0x07, 0xFF, 0xF0, 0x07, 0xFF, 0xF0, 0x00, 0x3C, 0x00, 0x00, 0x3E, 0x00, 0x00, 0xFF,
  0x80, 0x03, 0xF7, 0xE0, 0x0F, 0xE3, 0xF8, 0x07, 0x80, 0xF8, 0x00, 0x00, 0x00, 0x00, 0x00, 0x00,
  0x00, 0x00, 0x00, 0x00, 0x01, 0x1C, 0x00, 0x03, 0x9C, 0x1F, 0xF3, 0x9C, 0x1F, 0xF3, 0x9C, 0x1C,
  0x73, 0x9C, 0x1C, 0x73, 0x9C, 0x1C, 0x73, 0x9C, 0x1C, 0x73, 0x9C, 0x1C, 0x73, 0x9C, 0x1C, 0x73,
  0xFC, 0x1C, 0x73, 0xFC, 0x1C, 0x73, 0x9C, 0x1C, 0x73, 0x9C, 0x1C, 0x73, 0x9C, 0x1F, 0xF3, 0x9C,
  0x1F, 0xF3, 0x9C, 0x00, 0x03, 0x9C, 0x00, 0x03, 0x9C, 0x00, 0x03, 0x9C, 0x00, 0x03, 0x9C, 0x00,
  0x03, 0x9C, 0x00, 0x00, 0x1C, 0x00, 0x00, 0x00, 0x00, 0x00, 0x10, 0x00, 0x07, 0x38, 0x00, 0x07,
  0x38, 0x1F, 0xF7, 0x38, 0x1F, 0xF7, 0x38, 0x1C, 0x77, 0x38, 0x1C, 0x77, 0x38, 0x1C, 0x77, 0xF8,
  0x1C, 0x77, 0xF8, 0x1C, 0x77, 0x38, 0x1C, 0x77, 0x38, 0x1F, 0xF7, 0x38, 0x1F, 0xF7, 0x38, 0x00,
  0x07, 0x38, 0x00, 0x07, 0x38, 0x03, 0x87, 0x38, 0x03, 0x80, 0x38, 0x03, 0x80, 0x00, 0x03, 0x80,
  0x00, 0x03, 0x80, 0x00, 0x03, 0xFF, 0xFC, 0x03, 0xFF, 0xFC, 0x03, 0xFF, 0xFC, 0x00, 0x00, 0x00,
  0x00, 0x00, 0x00, 0x00, 0x00, 0x38, 0x00, 0x07, 0x38, 0x1F, 0xF7, 0x38, 0x1F, 0xF7, 0x38, 0x1C,
  0x77, 0x38, 0x1C, 0x77, 0x38, 0x1C, 0x77, 0xF8, 0x1C, 0x77, 0xF8, 0x1C, 0x77, 0x38, 0x1C, 0x77,
  0x38, 0x1F, 0xF7, 0x38, 0x1F, 0xF7, 0x38, 0x00, 0x07, 0x38, 0x00, 0x00, 0x38, 0x00, 0x7F, 0xE0,
  0x01, 0xFF, 0xF0, 0x03, 0xE0, 0xF8, 0x03, 0x80, 0x38, 0x03, 0x80, 0x38, 0x03, 0xF1, 0xF8, 0x01,
  0xFF, 0xF0, 0x00, 0x7F, 0xC0, 0x00, 0x00, 0x00, 0x00, 0x00, 0x00, 0x00, 0x00, 0x38, 0x00, 0x00,
  0x38, 0x1F, 0xFC, 0x38, 0x1F, 0xFC, 0x38, 0x1C, 0x3C, 0x38, 0x1C, 0x3C, 0x38, 0x1C, 0x3C, 0x38,
  0x1C, 0x3C, 0x78, 0x1C, 0x3F, 0xF8, 0x1C, 0x3F, 0xF8, 0x1C, 0x3C, 0x38, 0x1C, 0x3C, 0x38, 0x1C,
  0x3C, 0x38, 0x1C, 0x3C, 0x38, 0x1C, 0x3C, 0x38, 0x1F, 0xFC, 0x38, 0x1F, 0xFC, 0x38, 0x00, 0x00,
  0x38, 0x00, 0x00, 0x38, 0x00, 0x00, 0x38, 0x00, 0x00, 0x38, 0x00, 0x00, 0x38, 0x00, 0x00, 0x00,
  0x00, 0x00, 0x38, 0x00, 0x00, 0x38, 0x00, 0x00, 0x38, 0x1F, 0xFC, 0x38, 0x1F, 0xFC, 0x38, 0x1C,
  0x3C, 0x38, 0x1C, 0x3F, 0xF8, 0x1C, 0x3F, 0xF8, 0x1C, 0x3C, 0x38, 0x1C, 0x3C, 0x38, 0x1C, 0x3C,
  0x38, 0x1F, 0xFC, 0x38, 0x1F, 0xFC, 0x38, 0x00, 0x00, 0x38, 0x00, 0x00, 0x00, 0x03, 0xFF, 0xF8,
  0x03, 0xFF, 0xF8, 0x00, 0x00, 0x38, 0x00, 0x00, 0x38, 0x00, 0x00, 0x38, 0x00, 0x00, 0x38, 0x00,
  0x00, 0x38, 0x00, 0x00, 0x38, 0x00, 0x00, 0x00, 0x00, 0x00, 0x00, 0x00, 0x00, 0x70, 0x00, 0x00,
  0x70, 0x1F, 0xF8, 0x70, 0x1F, 0xF8, 0x70, 0x1C, 0x38, 0x70, 0x1C, 0x38, 0x70, 0x1C, 0x3F, 0xF0,
  0x1C, 0x3F, 0xF0, 0x1C, 0x38, 0x70, 0x1C, 0x38, 0x70, 0x1F, 0xF8, 0x70, 0x1F, 0xF8, 0x70, 0x00,
  0x00, 0x70, 0x00, 0x00, 0x70, 0x03, 0x80, 0x70, 0x03, 0x80, 0x70, 0x03, 0x80, 0x00, 0x03, 0x80,
  0x00, 0x03, 0x80, 0x00, 0x03, 0xFF, 0xF8, 0x03, 0xFF, 0xF8, 0x03, 0xFF, 0xF8, 0x00, 0x00, 0x00,
  0x00, 0x00, 0x30, 0x00, 0x00, 0x70, 0x00, 0x00, 0x70, 0x1F, 0xF8, 0x70, 0x1F, 0xF8, 0x70, 0x1C,
  0x38, 0x70, 0x1C, 0x3F, 0xF0, 0x1C, 0x3F, 0xF0, 0x1C, 0x3C, 0x70, 0x1C, 0x38, 0x70, 0x1C, 0x38,
  0x70, 0x1F, 0xF8, 0x70, 0x1F, 0xF8, 0x70, 0x00, 0x00, 0x70, 0x00, 0x0E, 0x70, 0x00, 0x1E, 0x70,
  0x00, 0x1E, 0x00, 0x00, 0x3F, 0x00, 0x00, 0x7F, 0x80, 0x01, 0xF3, 0xE0, 0x07, 0xE1, 0xF8, 0x07,
  0xC0, 0xF8, 0x02, 0x00, 0x10, 0x00, 0x00, 0x00, 0x00, 0x00, 0x30, 0x00, 0x00, 0x70, 0x00, 0x00,
  0x70, 0x1F, 0xFC, 0x70, 0x1F, 0xFC, 0x70, 0x1C, 0x1C, 0x70, 0x1C, 0x1F, 0xF0, 0x1C, 0x1F, 0xF0,
  0x1C, 0x1C, 0x70, 0x1C, 0x1C, 0x70, 0x1F, 0xFC, 0x70, 0x1F, 0xFC, 0x70, 0x00, 0x00, 0x70, 0x00,
  0x00, 0x70, 0x00, 0x00, 0x00, 0x00, 0xFF, 0xC0, 0x03, 0xFF, 0xE0, 0x03, 0xC0, 0xF0, 0x07, 0x80,
  0x70, 0x07, 0x80, 0x70, 0x03, 0xE1, 0xF0, 0x01, 0xFF, 0xE0, 0x00, 0xFF, 0xC0, 0x00, 0x00, 0x00,
  0x00, 0x00, 0x00, 0x00, 0x03, 0xB8, 0x00, 0x03, 0xB8, 0x1F, 0xF3, 0xB8, 0x1F, 0xF3, 0xB8, 0x1C,
  0x73, 0xB8, 0x1C, 0x73, 0xB8, 0x1C, 0x73, 0xB8, 0x1C, 0x73, 0xB8, 0x1C, 0x7F, 0xB8, 0x1C, 0x7F,
  0xB8, 0x1C, 0x73, 0xB8, 0x1C, 0x73, 0xB8, 0x1C, 0x73, 0xB8, 0x1C, 0x73, 0xB8, 0x1F, 0xF3, 0xB8,
  0x1F, 0xF3, 0xB8, 0x00, 0x03, 0xB8, 0x00, 0x03, 0xB8, 0x00, 0x03, 0xB8, 0x00, 0x03, 0xB8, 0x00,
  0x03, 0xB8, 0x00, 0x00, 0x38, 0x00, 0x00, 0x00, 0x00, 0x00, 0x00, 0x00, 0x00, 0x38, 0x00, 0x00,
  0x38, 0x1F, 0xFC, 0x38, 0x1F, 0xFC, 0x38, 0x1F, 0xFF, 0xF8, 0x1C, 0x1F, 0xF8, 0x1C, 0x1C, 0x38,
  0x1C, 0x1C, 0x38, 0x1C, 0x1F, 0xF8, 0x1C, 0x1F, 0xF8, 0x1F, 0xFF, 0xF8, 0x1F, 0xFC, 0x38, 0x00,
  0x00, 0x38, 0x00, 0x00, 0x38, 0x03, 0x80, 0x38, 0x03, 0x80, 0x38, 0x03, 0x80, 0x00, 0x03, 0x80,
  0x00, 0x03, 0x80, 0x00, 0x03, 0xFF, 0xF8, 0x03, 0xFF, 0xF8, 0x03, 0xFF, 0xF8, 0x00, 0x00, 0x00,
  0x00, 0x00, 0x30, 0x00, 0x00, 0x38, 0x1F, 0xFC, 0x38, 0x1F, 0xFC, 0x38, 0x1F, 0xFF, 0xF8, 0x1C,
  0x1F, 0xF8, 0x1C, 0x1C, 0x38, 0x1C, 0x1C, 0x38, 0x1C, 0x1C, 0x38, 0x1C, 0x1F, 0xF8, 0x1C, 0x3F,
  0xF8, 0x1F, 0xFF, 0xF8, 0x1F, 0xFC, 0x38, 0x00, 0x00, 0x38, 0x00, 0x00, 0x00, 0x00, 0xFF, 0xC0,
  0x01, 0xFF, 0xF0, 0x03, 0xE0, 0xF8, 0x07, 0x80, 0x38, 0x07, 0x80, 0x38, 0x03, 0xE1, 0xF8, 0x01,
  0xFF, 0xF0, 0x00, 0xFF, 0xC0, 0x00, 0x00, 0x00, 0x00, 0x00, 0x00, 0x00, 0x00, 0x00, 0x00, 0x00,
  0x00, 0x0F, 0xFF, 0xF0, 0x0F, 0xFF, 0xF0, 0x0E, 0x00, 0x70, 0x0E, 0x00, 0x70, 0x0E, 0x00, 0x70,
  0x0E, 0x00, 0x70, 0x0E, 0x00, 0x70, 0x0E, 0x00, 0x70, 0x0F, 0xFF, 0xF0, 0x0F, 0xFF, 0xF0, 0x0F,
  0xFF, 0xF0, 0x00, 0x38, 0x00, 0x00, 0x38, 0x00, 0x00, 0x38, 0x00, 0x00, 0x38, 0x00, 0x7F, 0xFF,
  0xFC, 0x7F, 0xFF, 0xFC, 0x3F, 0xFF, 0xFC, 0x00, 0x00, 0x00, 0x00, 0x00, 0x00, 0x00, 0x00, 0x00,
  0x00, 0x00, 0x00, 0x00, 0x00, 0x00, 0x0F, 0xFF, 0xE0, 0x0F, 0xFF, 0xE0, 0x0E, 0x00, 0xE0, 0x0E,
  0x00, 0xE0, 0x0E, 0x00, 0xE0, 0x0F, 0xFF, 0xE0, 0x0F, 0xFF, 0xE0, 0x0F, 0xFF, 0xE0, 0x00, 0x38,
  0x00, 0x00, 0x38, 0x00, 0x7F, 0xFF, 0xFC, 0x7F, 0xFF, 0xFC, 0x3F, 0xFF, 0xF8, 0x00, 0x00, 0x00,
  0x0F, 0xFF, 0xE0, 0x0F, 0xFF, 0xE0, 0x00, 0x00, 0xE0, 0x00, 0x00, 0xE0, 0x00, 0x00, 0xE0, 0x00,
  0x00, 0xE0, 0x00, 0x00, 0xE0, 0x00, 0x00, 0x00, 0x00, 0x00, 0x00, 0x0F, 0xFF, 0xE0, 0x0F, 0xFF,
  0xE0, 0x0E, 0x00, 0xE0, 0x0E, 0x00, 0xE0, 0x0E, 0x00, 0xE0, 0x0E, 0x00, 0xE0, 0x0F, 0xFF, 0xE0,
  0x0F, 0xFF, 0xE0, 0x00, 0x38, 0x00, 0x00, 0x38, 0x00, 0x7F, 0xFF, 0xFC, 0x7F, 0xFF, 0xFC, 0x3F,
  0xFF, 0xF8, 0x00, 0x00, 0x00, 0x0E, 0x00, 0x00, 0x0E, 0x00, 0x00, 0x0E, 0x00, 0x00, 0x0E, 0x00,
  0x00, 0x0F, 0xFF, 0xF0, 0x0F, 0xFF, 0xF0, 0x0F, 0xFF, 0xF0, 0x00, 0x00, 0x00, 0x00, 0x00, 0x00,
  0x00, 0x00, 0x00, 0x00, 0x00, 0x00, 0x0F, 0xFF, 0xE0, 0x0F, 0xFF, 0xE0, 0x0E, 0x00, 0xE0, 0x0E,
  0x00, 0xE0, 0x0E, 0x00, 0xE0, 0x0F, 0xFF, 0xE0, 0x0F, 0xFF, 0xE0, 0x0F, 0xFF, 0xE0, 0x00, 0x38,
  0x00, 0x7F, 0xFF, 0xFC, 0x7F, 0xFF, 0xFC, 0x3F, 0xFF, 0xF8, 0x00, 0x00, 0x00, 0x0F, 0xFF, 0xE0,
  0x0F, 0xFF, 0xE0, 0x0E, 0x00, 0xE0, 0x0E, 0x00, 0xE0, 0x0E, 0x00, 0xE0, 0x0E, 0x00, 0xE0, 0x0F,
  0xFF, 0xE0, 0x0F, 0xFF, 0xE0, 0x00, 0x00, 0x00, 0x00, 0x00, 0x00, 0x00, 0x00, 0x00, 0x0F, 0xFF,
  0xE0, 0x0F, 0xFF, 0xE0, 0x0E, 0x00, 0xE0, 0x0E, 0x00, 0xE0, 0x0E, 0x00, 0xE0, 0x0F, 0xFF, 0xE0,
  0x0F, 0xFF, 0xE0, 0x0F, 0xFF, 0xE0, 0x00, 0x38, 0x00, 0x7F, 0xFF, 0xFC, 0x7F, 0xFF, 0xFC, 0x3F,
  0xFF, 0xF8, 0x00, 0x38, 0x00, 0x00, 0x38, 0x00, 0x00, 0x3C, 0x00, 0x00, 0x7C, 0x00, 0x00, 0xFE,
  0x00, 0x03, 0xEF, 0x80, 0x1F, 0xC7, 0xF0, 0x1F, 0x01, 0xF0, 0x08, 0x00, 0x20, 0x00, 0x00, 0x00,
  0x00, 0x00, 0x00, 0x00, 0x00, 0x00, 0x0F, 0xFF, 0xE0, 0x0F, 0xFF, 0xE0, 0x0E, 0x00, 0xE0, 0x0E,
  0x00, 0xE0, 0x0E, 0x00, 0xE0, 0x0F, 0xFF, 0xE0, 0x0F, 0xFF, 0xE0, 0x0F, 0xFF, 0xE0, 0x00, 0x38,
  0x00, 0x7F, 0xFF, 0xFC, 0x7F, 0xFF, 0xFC, 0x3F, 0xFF, 0xF8, 0x00, 0x00, 0x00, 0x01, 0xFF, 0x00,
  0x07, 0xFF, 0xC0, 0x0F, 0xC3, 0xE0, 0x0E, 0x00, 0xE0, 0x0E, 0x00, 0xE0, 0x0F, 0xC3, 0xE0, 0x07,
  0xFF, 0xC0, 0x01, 0xFF, 0x00, 0x00, 0x00, 0x00, 0x00, 0x00, 0x00, 0x0F, 0xFF, 0xE0, 0x0F, 0xFF,
  0xE0, 0x0E, 0x00, 0xE0, 0x0E, 0x00, 0xE0, 0x0E, 0x00, 0xE0, 0x0E, 0x00, 0xE0, 0x0E, 0x00, 0xE0,
  0x0F, 0xFF, 0xE0, 0x0F, 0xFF, 0xE0, 0x00, 0x00, 0x00, 0x00, 0x00, 0x00, 0x3F, 0xFF, 0xFC, 0x7F,
  0xFF, 0xFC, 0x7F, 0xFF, 0xFC, 0x00, 0x38, 0x00, 0x00, 0x38, 0x00, 0x00, 0x38, 0x00, 0x00, 0x38,
  0x00, 0x00, 0x38, 0x00, 0x00, 0x38, 0x00, 0x00, 0x38, 0x00, 0x00, 0x00, 0x00, 0x00, 0x00, 0x00,
  0x00, 0x00, 0x00, 0x00, 0x00, 0x00, 0x0F, 0xFF, 0xE0, 0x0F, 0xFF, 0xE0, 0x0E, 0x00, 0xE0, 0x0E,
  0x00, 0xE0, 0x0E, 0x00, 0xE0, 0x0E, 0x00, 0xE0, 0x0F, 0xFF, 0xE0, 0x0F, 0xFF, 0xE0, 0x00, 0x00,
  0x00, 0x3F, 0xFF, 0xF8, 0x7F, 0xFF, 0xFC, 0x7F, 0xFF, 0xFC, 0x00, 0x38, 0x00, 0x00, 0x38, 0x00,
  0x0E, 0x38, 0x00, 0x0E, 0x38, 0x00, 0x0E, 0x00, 0x00, 0x0E, 0x00, 0x00, 0x0F, 0xFF, 0xF0, 0x0F,
  0xFF, 0xF0, 0x0F, 0xFF, 0xF0, 0x00, 0x00, 0x00, 0x00, 0x00, 0x00, 0x00, 0x00, 0x00, 0x0F, 0xFF,
  0xE0, 0x0F, 0xFF, 0xE0, 0x0E, 0x00, 0xE0, 0x0E, 0x00, 0xE0, 0x0F, 0xFF, 0xE0, 0x0F, 0xFF, 0xE0,
  0x00, 0x00, 0x00, 0x3F, 0xFF, 0xF8, 0x7F, 0xFF, 0xFC, 0x7F, 0xFF, 0xFC, 0x00, 0x38, 0x00, 0x00,
  0x38, 0x00, 0x0F, 0xFF, 0xE0, 0x0F, 0xFF, 0xE0, 0x00, 0x00, 0xE0, 0x0F, 0xFF, 0xE0, 0x0F, 0xFF,
  0xE0, 0x0E, 0x00, 0x00, 0x0E, 0x00, 0x00, 0x0F, 0xFF, 0xF0, 0x0F, 0xFF, 0xF0, 0x00, 0x00, 0x00,
  0x00, 0x00, 0x00, 0x00, 0x00, 0x00, 0x0F, 0xFF, 0xE0, 0x0F, 0xFF, 0xE0, 0x0E, 0x00, 0xE0, 0x0E,
  0x00, 0xE0, 0x0E, 0x00, 0xE0, 0x0F, 0xFF, 0xE0, 0x0F, 0xFF, 0xE0, 0x00, 0x00, 0x00, 0x00, 0x00,
  0x00, 0x7F, 0xFF, 0xFC, 0x7F, 0xFF, 0xFC, 0x00, 0x38, 0x00, 0x00, 0x38, 0x00, 0x01, 0xFF, 0x00,
  0x07, 0xFF, 0xC0, 0x0F, 0xEF, 0xE0, 0x0E, 0x00, 0xE0, 0x0E, 0x00, 0xE0, 0x0F, 0xC3, 0xE0, 0x07,
  0xFF, 0xC0, 0x01, 0xFF, 0x00, 0x00, 0x00, 0x00, 0x00, 0x00, 0x00, 0x0F, 0xFF, 0xE0, 0x0F, 0xFF,
  0xE0, 0x0E, 0x00, 0xE0, 0x0E, 0x00, 0xE0, 0x0E, 0x00, 0xE0, 0x0E, 0x00, 0xE0, 0x0E, 0x00, 0xE0,
  0x0F, 0xFF, 0xE0, 0x0F, 0xFF, 0xE0, 0x00, 0x00, 0x00, 0x00, 0x00, 0x00, 0x3F, 0xFF, 0xFC, 0x3F,
  0xFF, 0xFC, 0x3F, 0xFF, 0xFC, 0x03, 0xC3, 0x80, 0x03, 0xC3, 0x80, 0x03, 0xC3, 0x80, 0x03, 0xC3,
  0x80, 0x03, 0xC3, 0x80, 0x03, 0xC3, 0x80, 0x03, 0xC3, 0x80, 0x00, 0x00, 0x00, 0x00, 0x00, 0x00,
  0x00, 0x00, 0x00, 0x00, 0x00, 0x70, 0x00, 0x00, 0x70, 0x1F, 0xFC, 0x70, 0x1F, 0xFC, 0x70, 0x1C,
  0x1C, 0x70, 0x1C, 0x1C, 0x70, 0x1C, 0x1C, 0x70, 0x1C, 0x1C, 0x70, 0x1C, 0x1C, 0x70, 0x1C, 0x1C,
  0x70, 0x1C, 0x1C, 0x70, 0x1C, 0x1C, 0x70, 0x1C, 0x1C, 0x70, 0x1C, 0x1C, 0x70, 0x1C, 0x1C, 0x70,
  0x1F, 0xFC, 0x70, 0x1F, 0xFC, 0x70, 0x00, 0x00, 0x70, 0x00, 0x00, 0x70, 0x00, 0x00, 0x70, 0x00,
  0x00, 0x70, 0x00, 0x00, 0x70, 0x00, 0x00, 0x00, 0x00, 0x00, 0x00, 0x00, 0x00, 0x70, 0x1F, 0xFC,
  0x70, 0x1F, 0xFC, 0x70, 0x1C, 0x1C, 0x70, 0x1C, 0x1C, 0x70, 0x1C, 0x1C, 0x70, 0x1C, 0x1C, 0x70,
  0x1C, 0x1C, 0x70, 0x1F, 0xFC, 0x70, 0x1F, 0xFC, 0x70, 0x00, 0x00, 0x70, 0x00, 0x00, 0x00, 0x03,
  0xFF, 0xF0, 0x03, 0xFF, 0xF0, 0x00, 0x00, 0x70, 0x00, 0x00, 0x70, 0x03, 0xFF, 0xF0, 0x03, 0xFF,
  0xF0, 0x03, 0x80, 0x00, 0x03, 0x80, 0x00, 0x07, 0xFF, 0xF8, 0x03, 0xFF, 0xF8, 0x00, 0x00, 0x00,
  0x00, 0x00, 0x00, 0x00, 0x00, 0x70, 0x00, 0x00, 0x70, 0x1F, 0xFC, 0x70, 0x1F, 0xFC, 0x70, 0x1C,
  0x1C, 0x70, 0x1C, 0x1C, 0x70, 0x1C, 0x1C, 0x70, 0x1C, 0x1C, 0x70, 0x1C, 0x1C, 0x70, 0x1F, 0xFC,
  0x70, 0x1F, 0xFC, 0x70, 0x00, 0x00, 0x70, 0x00, 0x00, 0x70, 0x00, 0x00, 0x70, 0x00, 0xFF, 0xC0,
  0x03, 0xFF, 0xE0, 0x03, 0xC1, 0xF0, 0x07, 0x80, 0x70, 0x07, 0x80, 0x70, 0x03, 0xE1, 0xF0, 0x01,
  0xFF, 0xE0, 0x00, 0xFF, 0x80, 0x00, 0x00, 0x00, 0x00, 0x00, 0x00, 0x00, 0x00, 0xE0, 0x00, 0x00,
  0xE0, 0x38, 0x38, 0xE0, 0x38, 0x38, 0xE0, 0x38, 0x38, 0xE0, 0x38, 0x38, 0xE0, 0x38, 0x38, 0xE0,
  0x3F, 0xF8, 0xE0, 0x3F, 0xF8, 0xFC, 0x3F, 0xF8, 0xFC, 0x38, 0x38, 0xFC, 0x38, 0x38, 0xE0, 0x38,
  0x38, 0xE0, 0x38, 0x38, 0xE0, 0x38, 0x38, 0xE0, 0x3F, 0xF8, 0xE0, 0x3F, 0xF8, 0xE0, 0x00, 0x00,
  0xE0, 0x00, 0x00, 0xE0, 0x00, 0x00, 0xE0, 0x00, 0x00, 0xE0, 0x00, 0x00, 0xE0, 0x00, 0x00, 0x00,
  0x00, 0x00, 0x00, 0x00, 0x00, 0x70, 0x1C, 0x1C, 0x70, 0x1C, 0x1C, 0x70, 0x1C, 0x1C, 0x70, 0x1F,
  0xFC, 0x70, 0x1F, 0xFC, 0x7E, 0x1F, 0xFC, 0x7E, 0x1C, 0x1C, 0x7E, 0x1C, 0x1C, 0x70, 0x1C, 0x1C,
  0x70, 0x1F, 0xFC, 0x70, 0x1F, 0xFC, 0x70, 0x00, 0x00, 0x70, 0x00, 0x00, 0x70, 0x07, 0xFF, 0xF0,
  0x07, 0xFF, 0xF0, 0x00, 0x00, 0x70, 0x00, 0x00, 0x70, 0x00, 0x00, 0x70, 0x00, 0x00, 0x70, 0x00,
  0x00, 0x70, 0x00, 0x00, 0x70, 0x00, 0x00, 0x00, 0x00, 0x00, 0x60, 0x00, 0x00, 0x70, 0x00, 0x00,
  0x70, 0x1C, 0x1C, 0x70, 0x1C, 0x1C, 0x70, 0x1C, 0x1C, 0x70, 0x1F, 0xFC, 0x70, 0x1F, 0xFC, 0x7E,
  0x1C, 0x1C, 0x7E, 0x1C, 0x1C, 0x7E, 0x1C, 0x1C, 0x70, 0x1C, 0x1C, 0x70, 0x1F, 0xFC, 0x70, 0x1F,
  0xFC, 0x70, 0x00, 0x00, 0x70, 0x03, 0x80, 0x70, 0x07, 0x80, 0x70, 0x07, 0x80, 0x00, 0x07, 0x80,
  0x00, 0x07, 0x80, 0x00, 0x07, 0xFF, 0xF0, 0x07, 0xFF, 0xF0, 0x07, 0xFF, 0xF0, 0x00, 0x00, 0x00,
  0x00, 0x00, 0x00, 0x00, 0x00, 0x70, 0x1C, 0x1C, 0x70, 0x1C, 0x1C, 0x70, 0x1C, 0x1C, 0x70, 0x1F,
  0xFC, 0x70, 0x1F, 0xFC, 0x7E, 0x1F, 0xFC, 0x7E, 0x1C, 0x1C, 0x7E, 0x1C, 0x1C, 0x70, 0x1C, 0x1C,
  0x70, 0x1F, 0xFC, 0x70, 0x1F, 0xFC, 0x70, 0x00, 0x00, 0x70, 0x00, 0x00, 0x00, 0x07, 0xFF, 0xF0,
  0x07, 0xFF, 0xF0, 0x07, 0x80, 0x00, 0x07, 0x80, 0x00, 0x07, 0x80, 0x00, 0x07, 0xFF, 0xF0, 0x07,
  0xFF, 0xF0, 0x07, 0xFF, 0xF0, 0x00, 0x00, 0x00, 0x00, 0x00, 0x00, 0x1C, 0x1C, 0x70, 0x1C, 0x1C,
  0x70, 0x1C, 0x1C, 0x70, 0x1C, 0x1C, 0x70, 0x1F, 0xFC, 0x70, 0x1F, 0xFC, 0x7E, 0x1C, 0x1C, 0x7E,
  0x1C, 0x1C, 0x70, 0x1F, 0xFC, 0x70, 0x1F, 0xFC, 0x70, 0x00, 0x00, 0x70, 0x00, 0x00, 0x70, 0x07,
  0xFF, 0xF0, 0x07, 0xFF, 0xF0, 0x00, 0x00, 0x70, 0x00, 0x00, 0x70, 0x07, 0xFF, 0xF0, 0x07, 0xFF,
  0xF0, 0x07, 0x00, 0x00, 0x07, 0x80, 0x00, 0x07, 0xFF, 0xF0, 0x07, 0xFF, 0xF0, 0x00, 0x00, 0x00,
  0x00, 0x00, 0x00, 0x00, 0x00, 0x70, 0x1C, 0x1C, 0xF0, 0x1C, 0x3C, 0xF0, 0x1C, 0x3C, 0xF0, 0x1F,
  0xFC, 0xFC, 0x1F, 0xFC, 0xFE, 0x1C, 0x3C, 0xFE, 0x1C, 0x3C, 0xF0, 0x1C, 0x3C, 0xF0, 0x1F, 0xFC,
  0xF0, 0x1F, 0xFC, 0xF0, 0x00, 0x00, 0x70, 0x00, 0x00, 0x00, 0x0F, 0xEE, 0x70, 0x0F, 0xEE, 0x70,
  0x00, 0xEF, 0xF0, 0x0F, 0xEF, 0xF0, 0x0F, 0xEE, 0x70, 0x0E, 0x0E, 0x70, 0x0E, 0x2E, 0x70, 0x0F,
  0xFF, 0xF0, 0x0F, 0xFF, 0xF0, 0x00, 0x00, 0x00, 0x00, 0x00, 0x00, 0x00, 0x00, 0x70, 0x1C, 0x1C,
  0x70, 0x1C, 0x1C, 0x70, 0x1C, 0x1C, 0x70, 0x1F, 0xFC, 0x70, 0x1F, 0xFC, 0x7E, 0x1C, 0x1C, 0x7E,
  0x1C, 0x1C, 0x7C, 0x1C, 0x1C, 0x70, 0x1F, 0xFC, 0x70, 0x1F, 0xFC, 0x70, 0x00, 0x00, 0x70, 0x00,
  0x00, 0x70, 0x00, 0x00, 0x00, 0x07, 0xFF, 0xF0, 0x07, 0xFF, 0xF0, 0x07, 0x80, 0x70, 0x07, 0x80,
  0x70, 0x07, 0x80, 0x70, 0x07, 0x80, 0x70, 0x07, 0xFF, 0xF0, 0x07, 0xFF, 0xF0, 0x00, 0x00, 0x00,
  0x00, 0x00, 0x00, 0x00, 0x00, 0x70, 0x00, 0x00, 0x70, 0x1C, 0x1C, 0x70, 0x1C, 0x1C, 0x70, 0x1F,
  0xFC, 0x70, 0x1F, 0xFC, 0x7E, 0x1C, 0x1C, 0x7E, 0x1C, 0x1C, 0x7C, 0x1C, 0x1C, 0x70, 0x1C, 0x1C,
  0x70, 0x1F, 0xFC, 0x70, 0x1F, 0xFC, 0x70, 0x00, 0x00, 0x70, 0x00, 0x00, 0x00, 0x00, 0xFF, 0x80,
  0x03, 0xFF, 0xE0, 0x07, 0xC1, 0xF0, 0x07, 0x00, 0x70, 0x07, 0x00, 0x70, 0x07, 0xE3, 0xF0, 0x03,
  0xFF, 0xE0, 0x00, 0xFF, 0x80, 0x00, 0x00, 0x00, 0x00, 0x00, 0x00, 0x00, 0x01, 0x1C, 0x00, 0x03,
  0x9C, 0x1C, 0x73, 0x9C, 0x1C, 0x73, 0x9C, 0x1C, 0x73, 0x9C, 0x1C, 0x73, 0x9C, 0x1C, 0x73, 0x9C,
  0x1F, 0xF3, 0x9C, 0x1F, 0xF3, 0x9C, 0x1F, 0xF3, 0xFC, 0x1C, 0x73, 0xFC, 0x1C, 0x73, 0x9C, 0x1C,
  0x73, 0x9C, 0x1C, 0x73, 0x9C, 0x1C, 0x73, 0x9C, 0x1F, 0xF3, 0x9C, 0x1F, 0xF3, 0x9C, 0x00, 0x03,
  0x9C, 0x00, 0x03, 0x9C, 0x00, 0x03, 0x9C, 0x00, 0x03, 0x9C, 0x00, 0x00, 0x1C, 0x00, 0x00, 0x00,
  0x00, 0x00, 0x38, 0x1C, 0x77, 0x38, 0x1C, 0x77, 0x38, 0x1C, 0x77, 0x38, 0x1C, 0x77, 0x38, 0x1F,
  0xF7, 0x38, 0x1F, 0xF7, 0xF8, 0x1C, 0x77, 0xF8, 0x1C, 0x77, 0x38, 0x1C, 0x77, 0x38, 0x1F, 0xF7,
  0x38, 0x1F, 0xF7, 0x38, 0x00, 0x07, 0x38, 0x00, 0x03, 0x38, 0x00, 0x0E, 0x38, 0x00, 0x0E, 0x00,
  0x00, 0x1E, 0x00, 0x00, 0x3F, 0x00, 0x00, 0x7F, 0x80, 0x01, 0xF3, 0xF0, 0x07, 0xE1, 0xFC, 0x07,
  0xC0, 0x78, 0x00, 0x00, 0x00, 0x00, 0x00, 0x00, 0x00, 0x00, 0x00, 0x00, 0x00, 0x38, 0x00, 0x00,
  0x38, 0x1C, 0x1C, 0x38, 0x1C, 0x1C, 0x38, 0x1C, 0x1C, 0x38, 0x1C, 0x1C, 0x38, 0x1C, 0x1C, 0x38,
  0x1F, 0xFC, 0x38, 0x1F, 0xFF, 0xF8, 0x1F, 0xFF, 0xF8, 0x1C, 0x1C, 0x38, 0x1C, 0x1C, 0x38, 0x1C,
  0x1C, 0x38, 0x1C, 0x1C, 0x38, 0x1C, 0x1C, 0x38, 0x1F, 0xFC, 0x38, 0x1F, 0xFC, 0x38, 0x00, 0x00,
  0x38, 0x00, 0x00, 0x38, 0x00, 0x00, 0x38, 0x00, 0x00, 0x38, 0x00, 0x00, 0x38, 0x00, 0x00, 0x00,
  0x00, 0x00, 0x00, 0x00, 0x00, 0x38, 0x18, 0x38, 0x38, 0x1C, 0x38, 0x38, 0x1C, 0x38, 0x38, 0x1C,
  0x38, 0x38, 0x1F, 0xF8, 0x38, 0x1F, 0xFF, 0xF8, 0x1C, 0x3F, 0xF8, 0x1C, 0x38, 0x38, 0x1C, 0x38,
  0x38, 0x1F, 0xF8, 0x38, 0x1F, 0xF8, 0x38, 0x00, 0x00, 0x38, 0x00, 0x00, 0x38, 0x03, 0xFF, 0xF8,
  0x03, 0xFF, 0xF8, 0x00, 0x00, 0x38, 0x00, 0x00, 0x38, 0x00, 0x00, 0x38, 0x00, 0x00, 0x38, 0x00,
  0x00, 0x38, 0x00, 0x00, 0x38, 0x00, 0x00, 0x00, 0x00, 0x00, 0x00, 0x00, 0x00, 0x70, 0x1C, 0x38,
  0x70, 0x1C, 0x38, 0x70, 0x1C, 0x38, 0x70, 0x1C, 0x38, 0x70, 0x1F, 0xF8, 0x70, 0x1F, 0xFF, 0xF0,
  0x1C, 0x3F, 0xF0, 0x1C, 0x38, 0x70, 0x1C, 0x38, 0x70, 0x1C, 0x38, 0x70, 0x1F, 0xF8, 0x70, 0x1F,
  0xF8, 0x70, 0x00, 0x00, 0x70, 0x00, 0x00, 0x70, 0x03, 0x80, 0x70, 0x03, 0x80, 0x00, 0x03, 0x80,
  0x00, 0x03, 0x80, 0x00, 0x03, 0x80, 0x00, 0x03, 0xFF, 0xF8, 0x03, 0xFF, 0xF8, 0x00, 0x00, 0x00,
  0x00, 0x00, 0x00, 0x00, 0x00, 0x38, 0x1C, 0x38, 0x38, 0x1C, 0x38, 0x38, 0x1C, 0x38, 0x38, 0x1F,
  0xF8, 0x38, 0x1F, 0xFF, 0xF8, 0x1C, 0x3F, 0xF8, 0x1C, 0x38, 0x38, 0x1C, 0x38, 0x38, 0x1F, 0xF8,
  0x38, 0x1F, 0xF8, 0x38, 0x00, 0x00, 0x30, 0x03, 0xFF, 0xF8, 0x03, 0xFF, 0xF8, 0x00, 0x00, 0x38,
  0x00, 0x00, 0x38, 0x03, 0xFF, 0xF8, 0x03, 0xFF, 0xF8, 0x03, 0x80, 0x00, 0x03, 0x80, 0x00, 0x03,
  0xFF, 0xF8, 0x03, 0xFF, 0xF8, 0x00, 0x00, 0x00, 0x00, 0x00, 0x00, 0x00, 0x00, 0x70, 0x1C, 0x38,
  0x70, 0x1C, 0x38, 0x70, 0x1C, 0x38, 0x70, 0x1F, 0xF8, 0x70, 0x1F, 0xFF, 0xF0, 0x1C, 0x3F, 0xF0,
  0x1C, 0x38, 0x70, 0x1C, 0x38, 0x70, 0x1F, 0xF8, 0x70, 0x1F, 0xF8, 0x70, 0x00, 0x00, 0x70, 0x00,
  0x00, 0x00, 0x03, 0x80, 0x70, 0x03, 0x80, 0x70, 0x03, 0xFF, 0xF0, 0x03, 0xFF, 0xF0, 0x03, 0x80,
  0x70, 0x03, 0x80, 0x70, 0x03, 0x80, 0x70, 0x03, 0xFF, 0xF0, 0x03, 0xFF, 0xF0, 0x00, 0x00, 0x00,
  0x00, 0x00, 0x00, 0x00, 0x03, 0xB8, 0x00, 0x03, 0xB8, 0x1C, 0x73, 0xB8, 0x1C, 0x73, 0xB8, 0x1C,
  0x73, 0xB8, 0x1C, 0x73, 0xB8, 0x1C, 0x73, 0xB8, 0x1F, 0xF3, 0xB8, 0x1F, 0xFF, 0xB8, 0x1C, 0x7F,
  0xB8, 0x1C, 0x73, 0xB8, 0x1C, 0x73, 0xB8, 0x1C, 0x73, 0xB8, 0x1C, 0x73, 0xB8, 0x1C, 0x73, 0xB8,
  0x1F, 0xF3, 0xB8, 0x1F, 0xF3, 0xB8, 0x00, 0x03, 0xB8, 0x00, 0x03, 0xB8, 0x00, 0x03, 0xB8, 0x00,
  0x03, 0xB8, 0x00, 0x00, 0x38, 0x00, 0x00, 0x00, 0x00, 0x00, 0x00, 0x00, 0x03, 0xB8, 0x18, 0x63,
  0xB8, 0x1C, 0x73, 0xB8, 0x1C, 0x73, 0xB8, 0x1C, 0x73, 0xB8, 0x1F, 0xF3, 0xB8, 0x1F, 0xFF, 0xB8,
  0x1F, 0xFF, 0xB8, 0x1C, 0x7F, 0xB8, 0x1C, 0x73, 0xB8, 0x1C, 0x73, 0xB8, 0x1F, 0xF3, 0xB8, 0x1F,
  0xF3, 0xB8, 0x00, 0x03, 0xB8, 0x00, 0x03, 0xB8, 0x03, 0x83, 0xB8, 0x03, 0x80, 0x38, 0x03, 0x80,
  0x00, 0x03, 0x80, 0x00, 0x03, 0xC0, 0x00, 0x03, 0xFF, 0xFC, 0x03, 0xFF, 0xFC, 0x00, 0x00, 0x00,
  0x00, 0x00, 0x00, 0x00, 0x03, 0xB8, 0x1C, 0x73, 0xB8, 0x1C, 0x73, 0xB8, 0x1C, 0x73, 0xB8, 0x1F,
  0xF3, 0xB8, 0x1F, 0xFF, 0xB8, 0x1C, 0x7F, 0xB8, 0x1C, 0x73, 0xB8, 0x1C, 0x73, 0xB8, 0x1F, 0xF3,
  0xB8, 0x1F, 0xF3, 0xB8, 0x00, 0x03, 0x38, 0x03, 0xFF, 0xF8, 0x03, 0xFF, 0xF8, 0x00, 0x00, 0x38,
  0x00, 0x00, 0x38, 0x03, 0xFF, 0xF8, 0x03, 0xFF, 0xF8, 0x03, 0x80, 0x00, 0x03, 0x80, 0x00, 0x03,
  0xFF, 0xFC, 0x03, 0xFF, 0xFC, 0x00, 0x00, 0x00, 0x00, 0x00, 0x00, 0x00, 0x00, 0x38, 0x1C, 0x1C,
  0x38, 0x1C, 0x1C, 0x38, 0x1C, 0x1C, 0x78, 0x1C, 0x3F, 0xF8, 0x1F, 0xFF, 0xF8, 0x1F, 0xFC, 0x38,
  0x1C, 0x3C, 0x38, 0x1C, 0x1F, 0xF8, 0x1C, 0x1F, 0xF8, 0x1C, 0x3F, 0xF8, 0x1F, 0xFC, 0x38, 0x1F,
  0xFC, 0x38, 0x00, 0x00, 0x38, 0x00, 0x00, 0x38, 0x03, 0x80, 0x38, 0x03, 0x80, 0x30, 0x03, 0x80,
  0x00, 0x03, 0x80, 0x00, 0x03, 0x80, 0x00, 0x03, 0xFF, 0xF8, 0x03, 0xFF, 0xF8, 0x00, 0x00, 0x00,
  0x00, 0x00, 0x00, 0x00, 0x00, 0x78, 0x1C, 0x38, 0x78, 0x1C, 0x38, 0x78, 0x1C, 0x3F, 0xF8, 0x1F,
  0xFF, 0xF8, 0x1F, 0xF8, 0x78, 0x1C, 0x38, 0x78, 0x1C, 0x3F, 0xF8, 0x1C, 0x3F, 0xF8, 0x1F, 0xFF,
  0xF8, 0x1F, 0xF8, 0x78, 0x00, 0x00, 0x30, 0x03, 0xFF, 0xF8, 0x03, 0xFF, 0xF8, 0x00, 0x00, 0x78,
  0x00, 0x00, 0x78, 0x03, 0xFF, 0xF8, 0x03, 0xFF, 0xF8, 0x03, 0x80, 0x00, 0x03, 0xFF, 0xF8, 0x03,
  0xFF, 0xF8, 0x03, 0xFF, 0xF8, 0x00, 0x00, 0x00, 0x00, 0x00, 0x00, 0x00, 0x00, 0x00, 0x0E, 0x00,
  0x70, 0x0E, 0x00, 0x70, 0x0E, 0x00, 0x70, 0x0E, 0x00, 0x70, 0x0F, 0xFF, 0xF0, 0x0F, 0xFF, 0xF0,
  0x0E, 0x00, 0x70, 0x0E, 0x00, 0x70, 0x0E, 0x00, 0x70, 0x0F, 0xFF, 0xF0, 0x0F, 0xFF, 0xF0, 0x0F,
  0xFF, 0xF0, 0x00, 0x38, 0x00, 0x00, 0x38, 0x00, 0x00, 0x38, 0x00, 0x00, 0x38, 0x00, 0x7F, 0xFF,
  0xFC, 0x7F, 0xFF, 0xFC, 0x3F, 0xFF, 0xFC, 0x00, 0x00, 0x00, 0x00, 0x00, 0x00, 0x00, 0x00, 0x00,
  0x00, 0x00, 0x00, 0x07, 0x00, 0x70, 0x07, 0x00, 0x70, 0x07, 0x00, 0x70, 0x07, 0xFF, 0xF0, 0x07,
  0xFF, 0xF0, 0x07, 0x00, 0x70, 0x07, 0x00, 0x70, 0x07, 0xFF, 0xF0, 0x07, 0xFF, 0xF0, 0x00, 0x1C,
  0x00, 0x00, 0x1C, 0x00, 0x3F, 0xFF, 0xFE, 0x3F, 0xFF, 0xFE, 0x1F, 0xFF, 0xFC, 0x00, 0x00, 0x00,
  0x0F, 0xFF, 0xF0, 0x0F, 0xFF, 0xF0, 0x00, 0x00, 0x70, 0x00, 0x00, 0x70, 0x00, 0x00, 0x70, 0x00,
  0x00, 0x70, 0x00, 0x00, 0x70, 0x00, 0x00, 0x00, 0x00, 0x00, 0x00, 0x07, 0x00, 0x70, 0x07, 0x00,
  0x70, 0x07, 0xFF, 0xF0, 0x07, 0xFF, 0xF0, 0x07, 0x00, 0x70, 0x07, 0x00, 0x70, 0x07, 0x00, 0x70,
  0x07, 0xFF, 0xF0, 0x07, 0xFF, 0xF0, 0x00, 0x1C, 0x00, 0x00, 0x1C, 0x00, 0x3F, 0xFF, 0xFE, 0x3F,
  0xFF, 0xFE, 0x1F, 0xFF, 0xFC, 0x07, 0x00, 0x00, 0x07, 0x00, 0x00, 0x07, 0x00, 0x00, 0x07, 0x00,
  0x00, 0x07, 0xFF, 0xF0, 0x07, 0xFF, 0xF0, 0x07, 0xFF, 0xF0, 0x00, 0x00, 0x00, 0x00, 0x00, 0x00,
  0x00, 0x00, 0x00, 0x06, 0x00, 0xE0, 0x0E, 0x00, 0xE0, 0x0F, 0xFF, 0xE0, 0x0F, 0xFF, 0xE0, 0x0E,
  0x00, 0xE0, 0x0F, 0x00, 0xE0, 0x0F, 0xFF, 0xE0, 0x0F, 0xFF, 0xE0, 0x00, 0x38, 0x00, 0x7F, 0xFF,
  0xFC, 0x7F, 0xFF, 0xFC, 0x3F, 0xFF, 0xFC, 0x00, 0x00, 0x00, 0x0F, 0xFF, 0xE0, 0x0F, 0xFF, 0xE0,
  0x00, 0x00, 0xE0, 0x0F, 0xFF, 0xE0, 0x0F, 0xFF, 0xE0, 0x0E, 0x00, 0x00, 0x0E, 0x00, 0x00, 0x0F,
  0xFF, 0xF0, 0x0F, 0xFF, 0xF0, 0x00, 0x00, 0x00, 0x00, 0x00, 0x00, 0x0E, 0x00, 0xE0, 0x0E, 0x00,
  0xE0, 0x0F, 0x00, 0xE0, 0x0F, 0xFF, 0xE0, 0x0F, 0xFF, 0xE0, 0x0E, 0x00, 0xE0, 0x0F, 0xFF, 0xE0,
  0x0F, 0xFF, 0xE0, 0x0F, 0xFF, 0xE0, 0x00, 0x38, 0x00, 0x00, 0x38, 0x00, 0x7F, 0xFF, 0xFC, 0x7F,
  0xFF, 0xFC, 0x3F, 0xFF, 0xF8, 0x00, 0x00, 0x00, 0x0F, 0xFF, 0xE0, 0x0F, 0xFF, 0xE0, 0x0E, 0x00,
  0xE0, 0x0E, 0x00, 0xE0, 0x0E, 0x00, 0xE0, 0x0F, 0xFF, 0xE0, 0x0F, 0xFF, 0xE0, 0x00, 0x00, 0x00,
  0x00, 0x00, 0x00, 0x06, 0x00, 0xE0, 0x0E, 0x00, 0xE0, 0x0F, 0x00, 0xE0, 0x0F, 0xFF, 0xE0, 0x0F,
  0xFF, 0xE0, 0x0E, 0x00, 0xE0, 0x0F, 0xFF, 0xE0, 0x0F, 0xFF, 0xE0, 0x0F, 0xFF, 0xE0, 0x00, 0x38,
  0x00, 0x00, 0x38, 0x00, 0x7F, 0xFF, 0xFC, 0x7F, 0xFF, 0xFC, 0x3F, 0xFF, 0xF8, 0x01, 0xFF, 0x00,
  0x07, 0xFF, 0xC0, 0x0F, 0xC7, 0xE0, 0x0E, 0x00, 0xE0, 0x0E, 0x00, 0xE0, 0x0F, 0xC3, 0xE0, 0x07,
  0xFF, 0xC0, 0x01, 0xFF, 0x00, 0x00, 0x00, 0x00, 0x00, 0x00, 0x00, 0x00, 0x00, 0xE0, 0x0C, 0x0C,
  0xE0, 0x1C, 0x1C, 0xE0, 0x1C, 0x1C, 0xE0, 0x1C, 0x1C, 0xE0, 0x1F, 0xFC, 0xE0, 0x1F, 0xFC, 0xE0,
  0x1C, 0x1C, 0xE0, 0x1C, 0x1C, 0xE0, 0x1F, 0xFC, 0xFC, 0x1F, 0xFC, 0xFC, 0x1F, 0xFC, 0xE0, 0x01,
  0xC0, 0xE0, 0x01, 0xC0, 0xE0, 0x01, 0xC0, 0xE0, 0x3F, 0xFE, 0xE0, 0x3F, 0xFE, 0xE0, 0x3F, 0xF0,
  0xE0, 0x00, 0x00, 0xE0, 0x00, 0x00, 0xE0, 0x00, 0x00, 0xE0, 0x00, 0x00, 0xE0, 0x00, 0x00, 0x00,
  0x00, 0x00, 0x00, 0x0E, 0x00, 0xE0, 0x0E, 0x00, 0xE0, 0x0E, 0x00, 0xE0, 0x0E, 0x00, 0xE0, 0x0F,
  0xFF, 0xE0, 0x0F, 0xFF, 0xE0, 0x0E, 0x00, 0xE0, 0x0E, 0x00, 0xE0, 0x0F, 0xFF, 0xE0, 0x0F, 0xFF,
  0xE0, 0x00, 0x00, 0x00, 0x00, 0x00, 0x00, 0x00, 0x00, 0x00, 0x7F, 0xFF, 0xFC, 0x7F, 0xFF, 0xFC,
  0x00, 0x38, 0x00, 0x00, 0x38, 0x00, 0x00, 0x38, 0x00, 0x00, 0x38, 0x00, 0x00, 0x38, 0x00, 0x00,
  0x38, 0x00, 0x00, 0x38, 0x00, 0x00, 0x00, 0x00, 0x00, 0x00, 0x00, 0x07, 0x00, 0x70, 0x07, 0x00,
  0x70, 0x07, 0x00, 0x70, 0x07, 0xFF, 0xF0, 0x07, 0xFF, 0xF0, 0x07, 0x00, 0x70, 0x07, 0x00, 0x70,
  0x07, 0xFF, 0xF0, 0x07, 0xFF, 0xF0, 0x00, 0x00, 0x00, 0x1F, 0xFF, 0xFC, 0x3F, 0xFF, 0xFE, 0x3F,
  0xFF, 0xFE, 0x00, 0x1C, 0x00, 0x00, 0x1C, 0x00, 0x0F, 0xFF, 0xF0, 0x0F, 0xFF, 0xF0, 0x07, 0xFF,
  0xF0, 0x00, 0x00, 0x70, 0x00, 0x00, 0x70, 0x00, 0x00, 0x70, 0x00, 0x00, 0x70, 0x00, 0x00, 0x00,
  0x00, 0x00, 0x00, 0x0E, 0x00, 0xE0, 0x0E, 0x00, 0xE0, 0x0F, 0xFF, 0xE0, 0x0F, 0xFF, 0xE0, 0x0F,
  0x00, 0xE0, 0x0E, 0x00, 0xE0, 0x0F, 0x00, 0xE0, 0x0F, 0xFF, 0xE0, 0x0F, 0xFF, 0xE0, 0x00, 0x00,
  0x00, 0x1F, 0xFF, 0xFC, 0x3F, 0xFF, 0xFC, 0x3F, 0xFF, 0xFC, 0x00, 0x1C, 0x00, 0x0E, 0x1C, 0x00,
  0x0E, 0x1C, 0x00, 0x0E, 0x1C, 0x00, 0x0E, 0x00, 0x00, 0x0F, 0xFF, 0xF0, 0x0F, 0xFF, 0xF0, 0x0F,
  0xFF, 0xF0, 0x00, 0x00, 0x00, 0x00, 0x00, 0x00, 0x00, 0x00, 0x00, 0x06, 0x00, 0xE0, 0x0E, 0x00,
  0xE0, 0x0F, 0xFF, 0xE0, 0x0F, 0xFF, 0xE0, 0x0E, 0x00, 0xE0, 0x0F, 0x00, 0xE0, 0x0F, 0xFF, 0xE0,
  0x0F, 0xFF, 0xE0, 0x3F, 0xFF, 0xF8, 0x7F, 0xFF, 0xFC, 0x7F, 0xFF, 0xFC, 0x00, 0x38, 0x00, 0x00,
  0x38, 0x00, 0x0F, 0xFF, 0xE0, 0x0F, 0xFF, 0xE0, 0x00, 0x00, 0xE0, 0x0F, 0xFF, 0xE0, 0x0F, 0xFF,
  0xE0, 0x0E, 0x00, 0x00, 0x0E, 0x00, 0x00, 0x0F, 0xFF, 0xF0, 0x0F, 0xFF, 0xF0, 0x00, 0x00, 0x00,
  0x00, 0x00, 0x00, 0x00, 0x00, 0x00, 0x0E, 0x00, 0xE0, 0x0F, 0x00, 0xE0, 0x0F, 0xFF, 0xE0, 0x0F,
  0xFF, 0xE0, 0x0E, 0x00, 0xE0, 0x0F, 0x00, 0xE0, 0x0F, 0xFF, 0xE0, 0x0F, 0xFF, 0xE0, 0x00, 0x00,
  0x00, 0x3F, 0xFF, 0xF8, 0x7F, 0xFF, 0xFC, 0x7F, 0xFF, 0xFC, 0x00, 0x38, 0x00, 0x0F, 0xFF, 0xE0,
  0x0F, 0xFF, 0xE0, 0x0F, 0xFF, 0xE0, 0x0E, 0x00, 0xE0, 0x0E, 0x00, 0xE0, 0x0E, 0x00, 0xE0, 0x0F,
  0xFF, 0xE0, 0x0F, 0xFF, 0xE0, 0x00, 0x00, 0x00, 0x00, 0x00, 0x00, 0x00, 0x00, 0x00, 0x0E, 0x00,
  0xE0, 0x0F, 0x00, 0xE0, 0x0F, 0xFF, 0xE0, 0x0F, 0xFF, 0xE0, 0x0E, 0x00, 0xE0, 0x0F, 0x00, 0xE0,
  0x0F, 0xFF, 0xE0, 0x0F, 0xFF, 0xE0, 0x00, 0x00, 0x00, 0x00, 0x00, 0x00, 0x7F, 0xFF, 0xFC, 0x7F,
  0xFF, 0xFC, 0x00, 0x38, 0x00, 0x01, 0xFF, 0x00, 0x07, 0xFF, 0xC0, 0x0F, 0xFF, 0xE0, 0x0F, 0x00,
  0xE0, 0x0E, 0x00, 0xE0, 0x0F, 0x83, 0xE0, 0x07, 0xFF, 0xC0, 0x01, 0xFF, 0x00, 0x00, 0x00, 0x00,
  0x00, 0x00, 0x00, 0x0E, 0x00, 0xE0, 0x0E, 0x00, 0xE0, 0x0F, 0xFF, 0xE0, 0x0F, 0xFF, 0xE0, 0x0E,
  0x00, 0xE0, 0x0E, 0x00, 0xE0, 0x0F, 0xFF, 0xE0, 0x0F, 0xFF, 0xE0, 0x00, 0x00, 0x00, 0x3F, 0xFF,
  0xF8, 0x7F, 0xFF, 0xFC, 0x7F, 0xFF, 0xFC, 0x00, 0x38, 0x00, 0x0F, 0xFF, 0xE0, 0x0F, 0xFF, 0xF0,
  0x0F, 0xFF, 0xE0, 0x0F, 0xFF, 0xE0, 0x0F, 0xFF, 0xE0, 0x0E, 0x00, 0x00, 0x0E, 0x00, 0x00, 0x0F,
  0xFF, 0xF0, 0x0F, 0xFF, 0xF0, 0x00, 0x00, 0x00, 0x00, 0x00, 0x00, 0x00, 0x00, 0x00, 0x0E, 0x00,
  0x70, 0x0E, 0x00, 0x70, 0x0E, 0x00, 0x70, 0x0E, 0x00, 0x70, 0x0F, 0xFF, 0xF0, 0x0F, 0xFF, 0xF0,
  0x0E, 0x00, 0x70, 0x0E, 0x00, 0x70, 0x0E, 0x00, 0x70, 0x0E, 0x00, 0x70, 0x0F, 0xFF, 0xF0, 0x0F,
  0xFF, 0xF0, 0x00, 0x00, 0x00, 0x00, 0x00, 0x00, 0x00, 0x00, 0x00, 0x00, 0x00, 0x00, 0x3F, 0xFF,
  0xFC, 0x3F, 0xFF, 0xFC, 0x3F, 0xFF, 0xFC, 0x00, 0x00, 0x00, 0x00, 0x00, 0x00, 0x00, 0x00, 0x00,
  0x00, 0x00, 0x00, 0x06, 0x00, 0x60, 0x0F, 0x00, 0xF0, 0x0F, 0xFF, 0xF0, 0x0F, 0xFF, 0xF0, 0x0F,
  0x00, 0xF0, 0x0F, 0x00, 0xF0, 0x0F, 0xFF, 0xF0, 0x0F, 0xFF, 0xF0, 0x00, 0x00, 0x00, 0x3F, 0xFF,
  0xFC, 0x3F, 0xFF, 0xFC, 0x00, 0x00, 0x00, 0x00, 0x00, 0x00, 0x0F, 0xFF, 0xF0, 0x0F, 0xFF, 0xF0,
  0x00, 0x00, 0xF0, 0x0F, 0xFF, 0xF0, 0x0F, 0xFF, 0xF0, 0x0E, 0x00, 0x00, 0x0E, 0x00, 0x00, 0x0F,
  0xFF, 0xF0, 0x0F, 0xFF, 0xF0, 0x00, 0x00, 0x00, 0x00, 0x00, 0x00, 0x00, 0x00, 0x70, 0x00, 0x00,
  0x70, 0x1C, 0x1C, 0x70, 0x1C, 0x1C, 0x70, 0x1C, 0x1C, 0x70, 0x1C, 0x1C, 0x70, 0x1C, 0x1C, 0x70,
  0x1F, 0xFC, 0x70, 0x1F, 0xFC, 0x70, 0x1C, 0x1C, 0x70, 0x1C, 0x1C, 0x70, 0x1C, 0x1C, 0x70, 0x1C,
  0x1C, 0x70, 0x1C, 0x1C, 0x70, 0x1C, 0x1C, 0x70, 0x1F, 0xFC, 0x70, 0x1F, 0xFC, 0x70, 0x00, 0x00,
  0x70, 0x00, 0x00, 0x70, 0x00, 0x00, 0x70, 0x00, 0x00, 0x70, 0x00, 0x00, 0x70, 0x00, 0x00, 0x00,
  0x00, 0x00, 0x00, 0x00, 0x00, 0x70, 0x1C, 0x1C, 0x70, 0x1C, 0x1C, 0x70, 0x1C, 0x1C, 0x70, 0x1F,
  0xFC, 0x70, 0x1F, 0xFC, 0x70, 0x1F, 0xFC, 0x70, 0x1C, 0x1C, 0x70, 0x1C, 0x1C, 0x70, 0x1F, 0xFC,
  0x70, 0x1F, 0xFC, 0x70, 0x1F, 0xFC, 0x70, 0x00, 0x00, 0x70, 0x00, 0x00, 0x00, 0x03, 0xFF, 0xF0,
  0x03, 0xFF, 0xF0, 0x03, 0x80, 0x70, 0x03, 0x80, 0x70, 0x03, 0x80, 0x70, 0x03, 0x80, 0x70, 0x03,
  0xFF, 0xF0, 0x03, 0xFF, 0xF0, 0x00, 0x00, 0x00, 0x00, 0x00, 0x00, 0x00, 0x00, 0x70, 0x1C, 0x1C,
  0x70, 0x1C, 0x1C, 0x70, 0x1C, 0x1C, 0x70, 0x1F, 0xFC, 0x70, 0x1F, 0xFC, 0x70, 0x1F, 0xFC, 0x70,
  0x1C, 0x1C, 0x70, 0x1C, 0x1C, 0x70, 0x1F, 0xFC, 0x70, 0x1F, 0xFC, 0x70, 0x1F, 0xFC, 0x70, 0x00,
  0x00, 0x70, 0x00, 0x0C, 0x70, 0x00, 0x1E, 0x70, 0x00, 0x1E, 0x00, 0x00, 0x3E, 0x00, 0x00, 0x3F,
  0x00, 0x00, 0xFF, 0xC0, 0x07, 0xF3, 0xF8, 0x07, 0xC1, 0xF8, 0x07, 0x00, 0x78, 0x00, 0x00, 0x00,
  0x00, 0x00, 0x00, 0x00, 0x00, 0x70, 0x00, 0x00, 0x70, 0x33, 0x63, 0x70, 0x3B, 0x67, 0x70, 0x3B,
  0x67, 0x70, 0x3B, 0x67, 0x70, 0x3B, 0x67, 0x70, 0x3F, 0x7F, 0x70, 0x3F, 0x7F, 0x7E, 0x3B, 0x77,
  0x7E, 0x3B, 0x67, 0x7C, 0x3B, 0x67, 0x70, 0x3B, 0x67, 0x70, 0x3B, 0x67, 0x70, 0x3B, 0x77, 0x70,
  0x3F, 0x7F, 0x70, 0x3F, 0x7F, 0x70, 0x00, 0x00, 0x70, 0x00, 0x00, 0x70, 0x00, 0x00, 0x70, 0x00,
  0x00, 0x70, 0x00, 0x00, 0x70, 0x00, 0x00, 0x00, 0x00, 0x00, 0x00, 0x19, 0xB3, 0x38, 0x39, 0xBB,
  0x38, 0x39, 0xBB, 0x38, 0x3B, 0xBB, 0x38, 0x3F, 0xBF, 0x38, 0x3F, 0xBF, 0x3E, 0x39, 0xBB, 0x3E,
  0x39, 0xBB, 0x38, 0x3F, 0xBF, 0x38, 0x3F, 0xBF, 0x38, 0x00, 0x00, 0x38, 0x00, 0x00, 0x38, 0x07,
  0xFF, 0xF8, 0x07, 0xFF, 0xF8, 0x00, 0x00, 0x38, 0x00, 0x00, 0x38, 0x07, 0xFF, 0xF8, 0x07, 0xFF,
  0xF8, 0x07, 0x80, 0x00, 0x07, 0x80, 0x00, 0x07, 0xFF, 0xF8, 0x07, 0xFF, 0xF8, 0x00, 0x00, 0x00,
  0x00, 0x00, 0x00, 0x00, 0x00, 0x1C, 0x00, 0x00, 0x1C, 0x19, 0xBB, 0x9C, 0x19, 0xBB, 0x9C, 0x19,
  0xBB, 0x9C, 0x19, 0xBB, 0x9C, 0x19, 0xBB, 0x9C, 0x1F, 0xBF, 0x9C, 0x1F, 0xBF, 0xFC, 0x1F, 0xBF,
  0xFC, 0x19, 0xBB, 0x9C, 0x19, 0xBB, 0x9C, 0x19, 0xBB, 0x9C, 0x19, 0xBB, 0x9C, 0x19, 0xBB, 0x9C,
  0x1F, 0xBF, 0x9C, 0x1F, 0xBF, 0x9C, 0x00, 0x00, 0x1C, 0x00, 0x00, 0x1C, 0x00, 0x00, 0x1C, 0x00,
  0x00, 0x1C, 0x00, 0x00, 0x1C, 0x00, 0x00, 0x00, 0x00, 0x00, 0x00, 0x00, 0x00, 0x1C, 0x00, 0x00,
  0x1C, 0x19, 0xBB, 0x9C, 0x19, 0xBB, 0x9C, 0x19, 0xBB, 0x9C, 0x19, 0xBB, 0xFC, 0x19, 0xBB, 0xFC,
  0x1F, 0xBF, 0xFC, 0x1F, 0xBF, 0x9C, 0x19, 0xBB, 0x9C, 0x19, 0xBB, 0x9C, 0x19, 0xBB, 0xFC, 0x19,
  0xBB, 0xFC, 0x19, 0xBB, 0x9C, 0x19, 0xBB, 0x9C, 0x1F, 0xBF, 0x9C, 0x1F, 0xBF, 0x9C, 0x00, 0x00,
  0x1C, 0x00, 0x00, 0x1C, 0x00, 0x00, 0x1C, 0x00, 0x00, 0x1C, 0x00, 0x00, 0x1C, 0x00, 0x00, 0x00,
  0x00, 0x00, 0x00, 0x0E, 0x77, 0x38, 0x0E, 0x77, 0x38, 0x0E, 0x77, 0x38, 0x0F, 0xF7, 0xF8, 0x0F,
  0xF7, 0xF8, 0x0E, 0x77, 0x38, 0x0F, 0xF7, 0xF8, 0x0F, 0xF7, 0xF8, 0x0F, 0xF7, 0xF8, 0x01, 0xC1,
  0xC0, 0x01, 0xC1, 0xC0, 0x3F, 0xFF, 0xFE, 0x3F, 0xFF, 0xFE, 0x1F, 0xFF, 0xFC, 0x00, 0x00, 0x00,
  0x01, 0xFF, 0xC0, 0x07, 0xFF, 0xE0, 0x07, 0x80, 0xF0, 0x07, 0x00, 0x70, 0x07, 0xC1, 0xF0, 0x03,
  0xFF, 0xE0, 0x01, 0xFF, 0xC0, 0x00, 0x00, 0x00, 0x00, 0x00, 0x00, 0x1C, 0xEE, 0x70, 0x1C, 0xEE,
  0x70, 0x1C, 0xEE, 0x70, 0x1C, 0xEE, 0x70, 0x1F, 0xEF, 0xF0, 0x1F, 0xEF, 0xF0, 0x1C, 0xEE, 0x70,
  0x1C, 0xEE, 0x70, 0x1F, 0xEF, 0xF0, 0x1F, 0xEF, 0xF0, 0x00, 0x00, 0x00, 0x00, 0x00, 0x00, 0x3F,
  0xFF, 0xFC, 0x3F, 0xFF, 0xFC, 0x3F, 0xFF, 0xFC, 0x00, 0x38, 0x00, 0x00, 0x38, 0x00, 0x00, 0x38,
  0x00, 0x00, 0x38, 0x00, 0x00, 0x38, 0x00, 0x00, 0x38, 0x00, 0x00, 0x38, 0x00, 0x00, 0x00, 0x00,
  0x00, 0x00, 0x00, 0x0E, 0x77, 0x38, 0x0E, 0x77, 0x38, 0x0F, 0xF7, 0xF8, 0x0F, 0xF7, 0xF8, 0x0E,
  0x77, 0x38, 0x0E, 0x77, 0x38, 0x0F, 0xF7, 0xF8, 0x0F, 0xF7, 0xF8, 0x1F, 0xFF, 0xFC, 0x3F, 0xFF,
  0xFC, 0x3F, 0xFF, 0xFC, 0x00, 0x1C, 0x00, 0x00, 0x1C, 0x00, 0x0F, 0xFF, 0xF0, 0x0F, 0xFF, 0xF0,
  0x00, 0x00, 0x70, 0x07, 0xFF, 0xF0, 0x07, 0xFF, 0xF0, 0x07, 0x00, 0x00, 0x07, 0x00, 0x00, 0x0F,
  0xFF, 0xF8, 0x07, 0xFF, 0xF8, 0x00, 0x00, 0x00, 0x00, 0x00, 0x00, 0x00, 0x00, 0x00, 0x00, 0x00,
  0x00, 0x1C, 0xE7, 0x38, 0x1C, 0xE7, 0x38, 0x1C, 0xE7, 0x38, 0x1F, 0xE7, 0xF8, 0x1F, 0xE7, 0xF8,
  0x1C, 0xE7, 0x38, 0x1C, 0xE7, 0x38, 0x1C, 0xE7, 0x38, 0x1C, 0xE7, 0x38, 0x1F, 0xE7, 0xF8, 0x1F,
  0xE7, 0xF8, 0x00, 0x00, 0x00, 0x00, 0x00, 0x00, 0x00, 0x00, 0x00, 0x00, 0x00, 0x00, 0x3F, 0xFF,
  0xFC, 0x3F, 0xFF, 0xFC, 0x00, 0x00, 0x00, 0x00, 0x00, 0x00, 0x00, 0x00, 0x00, 0x00, 0x00, 0x00,
  0x00, 0x00, 0x00, 0x00, 0x00, 0x38, 0x00, 0x00, 0x38, 0x19, 0x99, 0xB8, 0x39, 0x99, 0xB8, 0x39,
  0x99, 0xB8, 0x39, 0x99, 0xB8, 0x39, 0x99, 0xB8, 0x3F, 0x9F, 0xB8, 0x3F, 0x9F, 0xB8, 0x3B, 0x9B,
  0xB8, 0x39, 0x99, 0xB8, 0x39, 0x99, 0xB8, 0x39, 0x99, 0xB8, 0x39, 0x99, 0xB8, 0x3B, 0x9B, 0xB8,
  0x3F, 0x9F, 0xB8, 0x3F, 0x9F, 0xB8, 0x00, 0x00, 0x38, 0x00, 0x00, 0x38, 0x00, 0x00, 0x38, 0x00,
  0x00, 0x38, 0x00, 0x00, 0x38, 0x00, 0x00, 0x00, 0x00, 0x00, 0x00, 0x00, 0x00, 0xE0, 0x01, 0x80,
  0xE0, 0x03, 0xC0, 0xE0, 0x03, 0xC0, 0xE0, 0x03, 0xC0, 0xE0, 0x03, 0xC0, 0xE0, 0x03, 0xC0, 0xE0,
  0x03, 0xC0, 0xE0, 0x03, 0xC0, 0xFC, 0x07, 0xC0, 0xFC, 0x07, 0xE0, 0xFC, 0x07, 0xE0, 0xE0, 0x0F,
  0xF0, 0xE0, 0x1E, 0x78, 0xE0, 0x3C, 0x3C, 0xE0, 0x78, 0x1C, 0xE0, 0x30, 0x0C, 0xE0, 0x00, 0x00,
  0xE0, 0x00, 0x00, 0xE0, 0x00, 0x00, 0xE0, 0x00, 0x00, 0xE0, 0x00, 0x00, 0xE0, 0x00, 0x00, 0x00,
  0x00, 0x00, 0x00, 0x00, 0xC0, 0x70, 0x01, 0xE0, 0x70, 0x01, 0xE0, 0x70, 0x01, 0xE0, 0x70, 0x01,
  0xE0, 0x70, 0x01, 0xE0, 0x7E, 0x03, 0xE0, 0x7E, 0x03, 0xF0, 0x7E, 0x07, 0xF8, 0x70, 0x0F, 0x3E,
  0x70, 0x3E, 0x1E, 0x70, 0x1C, 0x0E, 0x70, 0x00, 0x00, 0x70, 0x00, 0x00, 0x70, 0x07, 0xFF, 0xF0,
  0x07, 0xFF, 0xF0, 0x00, 0x00, 0x70, 0x00, 0x00, 0x70, 0x00, 0x00, 0x70, 0x00, 0x00, 0x70, 0x00,
  0x00, 0x70, 0x00, 0x00, 0x70, 0x00, 0x00, 0x00, 0x00, 0x00, 0x00, 0x00, 0x00, 0xE0, 0x01, 0xC0,
  0xE0, 0x01, 0xC0, 0xE0, 0x01, 0xC0, 0xE0, 0x01, 0xC0, 0xE0, 0x01, 0xC0, 0xE0, 0x03, 0xE0, 0xFC,
  0x03, 0xE0, 0xFC, 0x07, 0xF0, 0xFC, 0x0F, 0x78, 0xE0, 0x3E, 0x3E, 0xE0, 0x3C, 0x1E, 0xE0, 0x18,
  0x04, 0xE0, 0x00, 0x00, 0xE0, 0x07, 0x00, 0xE0, 0x07, 0x00, 0xE0, 0x07, 0x00, 0x60, 0x07, 0x00,
  0x00, 0x07, 0x00, 0x00, 0x07, 0xFF, 0xF0, 0x07, 0xFF, 0xF0, 0x07, 0xFF, 0xF0, 0x00, 0x00, 0x00,
  0x00, 0x00, 0x00, 0x01, 0xC0, 0xE0, 0x01, 0xC0, 0xE0, 0x01, 0xC0, 0xE0, 0x01, 0xC0, 0xE0, 0x03,
  0xE0, 0xFC, 0x03, 0xE0, 0xFE, 0x07, 0xF0, 0xFE, 0x07, 0x78, 0xE0, 0x1F, 0x3E, 0xE0, 0x3E, 0x1E,
  0xE0, 0x3C, 0x0C, 0xE0, 0x10, 0x00, 0xE0, 0x07, 0xFF, 0xE0, 0x07, 0xFF, 0xE0, 0x00, 0x00, 0xE0,
  0x00, 0x00, 0xE0, 0x07, 0xFF, 0xE0, 0x07, 0xFF, 0xE0, 0x07, 0x00, 0x00, 0x07, 0x00, 0x00, 0x07,
  0xFF, 0xF0, 0x07, 0xFF, 0xF0, 0x00, 0x00, 0x00, 0x00, 0x00, 0x00, 0x00, 0x00, 0xF0, 0x01, 0xC0,
  0xF0, 0x01, 0xC0, 0xF0, 0x01, 0xC0, 0xF0, 0x01, 0xC0, 0xF0, 0x03, 0xE0, 0xFE, 0x03, 0xE0, 0xFE,
  0x07, 0xF0, 0xFC, 0x07, 0x78, 0xF0, 0x1F, 0x3E, 0xF0, 0x3E, 0x1E, 0xF0, 0x1C, 0x0C, 0xF0, 0x10,
  0x00, 0x70, 0x00, 0x00, 0x00, 0x01, 0xFF, 0x80, 0x03, 0xFF, 0xE0, 0x07, 0xC1, 0xF0, 0x07, 0x00,
  0x70, 0x07, 0x00, 0x70, 0x07, 0xE3, 0xF0, 0x03, 0xFF, 0xE0, 0x00, 0xFF, 0x80, 0x00, 0x00, 0x00,
  0x00, 0x00, 0x00, 0x00, 0x03, 0xB8, 0x00, 0x03, 0xB8, 0x03, 0xC3, 0xB8, 0x03, 0xC3, 0xB8, 0x03,
  0xC3, 0xB8, 0x03, 0xC3, 0xB8, 0x03, 0xC3, 0xB8, 0x03, 0xC3, 0xB8, 0x03, 0xC3, 0xB8, 0x03, 0xC3,
  0xF8, 0x07, 0xC3, 0xF8, 0x07, 0xE3, 0xB8, 0x07, 0xF3, 0xB8, 0x0E, 0xFB, 0xB8, 0x1E, 0x7F, 0xB8,
  0x3C, 0x3F, 0xB8, 0x38, 0x1B, 0xB8, 0x10, 0x03, 0xB8, 0x00, 0x03, 0xB8, 0x00, 0x03, 0xB8, 0x00,
  0x03, 0xB8, 0x00, 0x00, 0x38, 0x00, 0x00, 0x00, 0x00, 0x00, 0x00, 0x00, 0x00, 0x38, 0x01, 0x87,
  0x38, 0x03, 0xC7, 0x38, 0x03, 0xC7, 0x38, 0x03, 0xC7, 0x38, 0x03, 0xC7, 0x38, 0x03, 0xC7, 0xF8,
  0x07, 0xC7, 0xF8, 0x07, 0xE7, 0x38, 0x0F, 0xF7, 0x38, 0x3E, 0x7F, 0x38, 0x3C, 0x37, 0x38, 0x18,
  0x07, 0x38, 0x00, 0x07, 0x38, 0x00, 0x00, 0x00, 0x03, 0xFF, 0xF8, 0x03, 0xFF, 0xF8, 0x00, 0x00,
  0x38, 0x00, 0x00, 0x38, 0x00, 0x00, 0x38, 0x00, 0x00, 0x38, 0x00, 0x00, 0x38, 0x00, 0x00, 0x00,
  0x00, 0x00, 0x00, 0x00, 0x00, 0x38, 0x01, 0x87, 0x38, 0x03, 0x87, 0x38, 0x03, 0x87, 0x38, 0x03,
  0x87, 0x38, 0x03, 0x87, 0x38, 0x03, 0xC7, 0xF8, 0x07, 0xC7, 0xF8, 0x07, 0xE7, 0x38, 0x0F, 0xF7,
  0x38, 0x3E, 0x7F, 0x38, 0x3C, 0x37, 0x38, 0x18, 0x07, 0x38, 0x00, 0x00, 0x38, 0x00, 0x7F, 0xC0,
  0x01, 0xFF, 0xF0, 0x03, 0xE0, 0xF8, 0x03, 0x80, 0x38, 0x03, 0x80, 0x38, 0x03, 0xF1, 0xF8, 0x01,
  0xFF, 0xF0, 0x00, 0x7F, 0xC0, 0x00, 0x00, 0x00, 0x00, 0x00, 0x00, 0x00, 0x00, 0x70, 0x00, 0xC0,
  0x70, 0x01, 0xE0, 0x70, 0x01, 0xE0, 0x70, 0x01, 0xE0, 0x70, 0x01, 0xE0, 0x7E, 0x01, 0xE0, 0x7E,
  0x01, 0xE0, 0x7E, 0x01, 0xE0, 0x70, 0x03, 0xE0, 0x70, 0x03, 0xF0, 0x70, 0x03, 0xF0, 0x7E, 0x07,
  0x78, 0x7E, 0x0F, 0x3C, 0x7E, 0x1E, 0x1F, 0x70, 0x3E, 0x0E, 0x70, 0x1C, 0x06, 0x70, 0x00, 0x00,
  0x70, 0x00, 0x00, 0x70, 0x00, 0x00, 0x70, 0x00, 0x00, 0x70, 0x00, 0x00, 0x70, 0x00, 0x00, 0x00,
  0x00, 0x00, 0x00, 0x00, 0x03, 0x38, 0x00, 0x07, 0x38, 0x03, 0xC7, 0x38, 0x03, 0xC7, 0x38, 0x03,
  0xC7, 0x38, 0x03, 0xC7, 0x38, 0x03, 0xC7, 0xF8, 0x03, 0xC7, 0xF8, 0x03, 0xC7, 0x38, 0x03, 0xC7,
  0x38, 0x03, 0xC7, 0x38, 0x07, 0xE7, 0x38, 0x07, 0xE7, 0xF8, 0x0F, 0xF7, 0xF8, 0x1E, 0x7F, 0x38,
  0x3C, 0x3F, 0x38, 0x38, 0x17, 0x38, 0x10, 0x07, 0x38, 0x00, 0x07, 0x38, 0x00, 0x07, 0x38, 0x00,
  0x07, 0x38, 0x00, 0x00, 0x38, 0x00, 0x00, 0x00, 0x00, 0x00, 0x00, 0x00, 0x00, 0x38, 0x00, 0xC0,
  0x38, 0x01, 0xE0, 0x38, 0x01, 0xE0, 0x38, 0x01, 0xE0, 0x38, 0x01, 0xE0, 0x38, 0x01, 0xE0, 0x38,
  0x01, 0xE7, 0xF8, 0x01, 0xE7, 0xF8, 0x03, 0xE0, 0x78, 0x03, 0xF0, 0x38, 0x07, 0xF0, 0x38, 0x07,
  0x78, 0x38, 0x0F, 0x3C, 0x38, 0x1E, 0x1F, 0x38, 0x3C, 0x0E, 0x38, 0x18, 0x06, 0x38, 0x00, 0x00,
  0x38, 0x00, 0x00, 0x38, 0x00, 0x00, 0x38, 0x00, 0x00, 0x38, 0x00, 0x00, 0x38, 0x00, 0x00, 0x00,
  0x00, 0x00, 0x00, 0x00, 0x00, 0x38, 0x01, 0xE0, 0x38, 0x01, 0xE0, 0x38, 0x01, 0xE0, 0x38, 0x01,
  0xE7, 0xF8, 0x01, 0xE7, 0xF8, 0x03, 0xE0, 0x38, 0x03, 0xF0, 0x38, 0x07, 0xF8, 0x38, 0x1F, 0x3E,
  0x38, 0x3E, 0x1E, 0x38, 0x1C, 0x0C, 0x38, 0x00, 0x00, 0x38, 0x00, 0x00, 0x00, 0x03, 0xFF, 0xF8,
  0x03, 0xFF, 0xF8, 0x00, 0x00, 0x38, 0x00, 0x00, 0x38, 0x00, 0x00, 0x38, 0x00, 0x00, 0x38, 0x00,
  0x00, 0x38, 0x00, 0x00, 0x38, 0x00, 0x00, 0x00, 0x00, 0x00, 0x00, 0x00, 0x00, 0x38, 0x01, 0xC0,
  0x38, 0x01, 0xC0, 0x38, 0x01, 0xC0, 0x38, 0x01, 0xC0, 0x38, 0x01, 0xE3, 0xF8, 0x03, 0xE3, 0xF8,
  0x03, 0xF0, 0x38, 0x07, 0xF0, 0x38, 0x0F, 0x3C, 0x38, 0x1E, 0x3E, 0x38, 0x3E, 0x0E, 0x38, 0x18,
  0x04, 0x38, 0x00, 0x00, 0x38, 0x03, 0x80, 0x38, 0x03, 0x80, 0x38, 0x03, 0x80, 0x00, 0x03, 0x80,
  0x00, 0x03, 0x80, 0x00, 0x03, 0xFF, 0xF8, 0x03, 0xFF, 0xF8, 0x03, 0xFF, 0xF8, 0x00, 0x00, 0x00,
  0x00, 0x00, 0x00, 0x01, 0xC0, 0x38, 0x01, 0xC0, 0x38, 0x01, 0xC0, 0x38, 0x01, 0xC0, 0x78, 0x01,
  0xE7, 0xF8, 0x03, 0xE7, 0xF8, 0x03, 0xF0, 0x38, 0x07, 0x78, 0x38, 0x1F, 0x3E, 0x38, 0x3E, 0x1E,
  0x38, 0x3C, 0x0E, 0x38, 0x10, 0x00, 0x30, 0x03, 0xFF, 0xF8, 0x03, 0xFF, 0xF8, 0x00, 0x00, 0x38,
  0x00, 0x00, 0x38, 0x03, 0xFF, 0xF8, 0x03, 0xFF, 0xF8, 0x03, 0x80, 0x00, 0x03, 0xFF, 0xF8, 0x03,
  0xFF, 0xF8, 0x03, 0xFF, 0xF8, 0x00, 0x00, 0x00, 0x00, 0x00, 0x00, 0x00, 0x00, 0x70, 0x01, 0xC0,
  0x70, 0x01, 0xC0, 0x70, 0x01, 0xC0, 0x70, 0x01, 0xE7, 0xF0, 0x01, 0xE7, 0xF0, 0x03, 0xE0, 0x70,
  0x07, 0xF0, 0x70, 0x0F, 0x78, 0x70, 0x1F, 0x3E, 0x70, 0x3E, 0x1C, 0x70, 0x38, 0x0C, 0x70, 0x00,
  0x00, 0x70, 0x00, 0x00, 0x00, 0x00, 0xFF, 0xC0, 0x03, 0xFF, 0xE0, 0x07, 0xC1, 0xF0, 0x07, 0x00,
  0x70, 0x07, 0x00, 0x70, 0x07, 0xE1, 0xF0, 0x03, 0xFF, 0xE0, 0x00, 0xFF, 0x80, 0x00, 0x00, 0x00,
  0x00, 0x00, 0x00, 0x00, 0x03, 0x38, 0x00, 0x03, 0xB8, 0x03, 0x83, 0xB8, 0x03, 0x83, 0xB8, 0x03,
  0x83, 0xB8, 0x03, 0x83, 0xB8, 0x03, 0x83, 0xB8, 0x03, 0x83, 0xB8, 0x03, 0xDF, 0xB8, 0x03, 0xDF,
  0xB8, 0x07, 0xC3, 0xB8, 0x07, 0xE3, 0xB8, 0x07, 0xE3, 0xB8, 0x0E, 0xF3, 0xB8, 0x1E, 0x7B, 0xB8,
  0x3C, 0x3B, 0xB8, 0x38, 0x13, 0xB8, 0x10, 0x03, 0xB8, 0x00, 0x03, 0xB8, 0x00, 0x03, 0xB8, 0x00,
  0x03, 0xB8, 0x00, 0x00, 0x38, 0x00, 0x00, 0x00, 0x00, 0x00, 0x00, 0x00, 0x03, 0xB8, 0x01, 0x83,
  0xB8, 0x03, 0xC3, 0xB8, 0x03, 0xC3, 0xB8, 0x03, 0xC3, 0xB8, 0x03, 0xDF, 0xB8, 0x03, 0xDF, 0xB8,
  0x07, 0xC3, 0xB8, 0x07, 0xE3, 0xB8, 0x0F, 0xF3, 0xB8, 0x3E, 0x7B, 0xB8, 0x3C, 0x3B, 0xB8, 0x10,
  0x03, 0xB8, 0x00, 0x00, 0x38, 0x00, 0x00, 0x00, 0x03, 0xFF, 0xF8, 0x03, 0xFF, 0xF8, 0x00, 0x00,
  0x38, 0x00, 0x00, 0x38, 0x00, 0x00, 0x38, 0x00, 0x00, 0x38, 0x00, 0x00, 0x38, 0x00, 0x00, 0x00,
  0x00, 0x00, 0x00, 0x00, 0x03, 0xB8, 0x03, 0x83, 0xB8, 0x03, 0x83, 0xB8, 0x03, 0x83, 0xB8, 0x03,
  0x83, 0xB8, 0x03, 0x9F, 0xB8, 0x03, 0x9F, 0xB8, 0x07, 0xDF, 0xB8, 0x07, 0xC3, 0xB8, 0x0F, 0xE3,
  0xB8, 0x1E, 0xFB, 0xB8, 0x3C, 0x7B, 0xB8, 0x38, 0x33, 0xB8, 0x10, 0x03, 0xB8, 0x03, 0x83, 0xB8,
  0x03, 0x83, 0xB8, 0x03, 0x80, 0x38, 0x03, 0x80, 0x00, 0x03, 0x80, 0x00, 0x03, 0xFF, 0xF8, 0x03,
  0xFF, 0xFC, 0x03, 0xFF, 0xFC, 0x00, 0x00, 0x00, 0x00, 0x00, 0x00, 0x00, 0x03, 0xB8, 0x03, 0x83,
  0xB8, 0x03, 0x83, 0xB8, 0x03, 0x83, 0xB8, 0x03, 0x9F, 0xB8, 0x07, 0xDF, 0xB8, 0x07, 0xC3, 0xB8,
  0x0F, 0xE3, 0xB8, 0x1E, 0xFB, 0xB8, 0x3C, 0x7B, 0xB8, 0x38, 0x33, 0xB8, 0x10, 0x03, 0x38, 0x00,
  0x00, 0x00, 0x03, 0xFF, 0xF8, 0x03, 0xFF, 0xF8, 0x00, 0x00, 0x38, 0x03, 0xFF, 0xF8, 0x03, 0xFF,
  0xF8, 0x03, 0x80, 0x00, 0x03, 0x80, 0x00, 0x07, 0xFF, 0xFC, 0x03, 0xFF, 0xFC, 0x00, 0x00, 0x00,
  0x00, 0x00, 0x00, 0x00, 0x00, 0x00, 0x00, 0x38, 0x00, 0x00, 0x38, 0x00, 0x00, 0x38, 0x00, 0x00,
  0x3C, 0x00, 0x00, 0x7C, 0x00, 0x00, 0x7E, 0x00, 0x00, 0xFF, 0x00, 0x03, 0xEF, 0x80, 0x0F, 0xC7,
  0xE0, 0x3F, 0x83, 0xF8, 0x1E, 0x00, 0xF8, 0x18, 0x38, 0x10, 0x00, 0x38, 0x00, 0x00, 0x38, 0x00,
  0x00, 0x38, 0x00, 0x00, 0x38, 0x00, 0x7F, 0xFF, 0xFC, 0x7F, 0xFF, 0xFC, 0x3F, 0xFF, 0xFC, 0x00,
  0x00, 0x00, 0x00, 0x00, 0x00, 0x00, 0x00, 0x00, 0x00, 0x00, 0x00, 0x00, 0x38, 0x00, 0x00, 0x38,
  0x00, 0x00, 0x38, 0x00, 0x00, 0x7C, 0x00, 0x00, 0xFE, 0x00, 0x01, 0xEF, 0x00, 0x0F, 0xC7, 0xE0,
  0x1F, 0x83, 0xF0, 0x1E, 0x38, 0xF0, 0x00, 0x38, 0x00, 0x00, 0x38, 0x00, 0x7F, 0xFF, 0xFC, 0x7F,
  0xFF, 0xFC, 0x00, 0x00, 0x00, 0x00, 0x00, 0x00, 0x1F, 0xFF, 0xE0, 0x1F, 0xFF, 0xE0, 0x00, 0x00,
  0xE0, 0x00, 0x00, 0xE0, 0x00, 0x00, 0xE0, 0x00, 0x00, 0xE0, 0x00, 0x00, 0xE0, 0x00, 0x00, 0x00,
  0x00, 0x00, 0x00, 0x00, 0x38, 0x00, 0x00, 0x38, 0x00, 0x00, 0x7C, 0x00, 0x00, 0xFE, 0x00, 0x01,
  0xEF, 0x80, 0x1F, 0xC7, 0xF0, 0x1F, 0xBB, 0xF0, 0x1C, 0x38, 0x70, 0x00, 0x38, 0x00, 0x7F, 0xFF,
  0xFC, 0x7F, 0xFF, 0xFC, 0x3F, 0xFF, 0xF8, 0x00, 0x00, 0x00, 0x0F, 0xFF, 0xE0, 0x0F, 0xFF, 0xE0,
  0x00, 0x00, 0xE0, 0x0F, 0xFF, 0xE0, 0x0F, 0xFF, 0xE0, 0x0E, 0x00, 0x00, 0x0E, 0x00, 0x00, 0x0F,
  0xFF, 0xF0, 0x0F, 0xFF, 0xF0, 0x00, 0x00, 0x00, 0x00, 0x00, 0x00, 0x00, 0x00, 0x00, 0x00, 0x3C,
  0x00, 0x00, 0x3C, 0x00, 0x00, 0x3C, 0x00, 0x00, 0x3C, 0x00, 0x00, 0x7C, 0x00, 0x00, 0x7E, 0x00,
  0x00, 0xFF, 0x00, 0x03, 0xE7, 0xC0, 0x1F, 0xC3, 0xF8, 0x1F, 0x81, 0xF8, 0x1E, 0x00, 0x78, 0x01,
  0xC3, 0x80, 0x01, 0xC3, 0x80, 0x01, 0xC3, 0x80, 0x01, 0xC3, 0x80, 0x01, 0xC3, 0x80, 0x3F, 0xFF,
  0xFC, 0x3F, 0xFF, 0xFC, 0x00, 0x00, 0x00, 0x00, 0x00, 0x00, 0x00, 0x00, 0x00, 0x00, 0x00, 0x00,
  0x00, 0x00, 0x00, 0x00, 0x1C, 0x00, 0x00, 0x1C, 0x00, 0x00, 0x1C, 0x00, 0x00, 0x3E, 0x00, 0x00,
  0x3E, 0x00, 0x00, 0x7F, 0x00, 0x00, 0xF7, 0xC0, 0x07, 0xE3, 0xF0, 0x1F, 0xC1, 0xFC, 0x0F, 0x00,
  0x78, 0x00, 0x00, 0x00, 0x00, 0x00, 0x00, 0x3F, 0xFF, 0xFE, 0x3F, 0xFF, 0xFE, 0x3F, 0xFF, 0xFE,
  0x00, 0x1C, 0x00, 0x00, 0x1C, 0x00, 0x00, 0x1C, 0x00, 0x00, 0x1C, 0x00, 0x00, 0x1C, 0x00, 0x00,
  0x1C, 0x00, 0x00, 0x1C, 0x00, 0x00, 0x00, 0x00, 0x00, 0x00, 0x00, 0x00, 0x1C, 0x00, 0x00, 0x3C,
  0x00, 0x00, 0x3C, 0x00, 0x00, 0x3E, 0x00, 0x00, 0x7F, 0x00, 0x01, 0xF7, 0x80, 0x07, 0xE7, 0xF0,
  0x1F, 0xC1, 0xF8, 0x1F, 0x00, 0xF0, 0x00, 0x00, 0x00, 0x1F, 0xFF, 0xFC, 0x3F, 0xFF, 0xFC, 0x3F,
  0xFF, 0xFC, 0x00, 0x1C, 0x00, 0x00, 0x1C, 0x00, 0x0E, 0x1C, 0x00, 0x0E, 0x1C, 0x00, 0x0E, 0x00,
  0x00, 0x0E, 0x00, 0x00, 0x0F, 0xFF, 0xF0, 0x0F, 0xFF, 0xF0, 0x0F, 0xFF, 0xF0, 0x00, 0x00, 0x00,
  0x00, 0x10, 0x00, 0x00, 0x38, 0x00, 0x00, 0x38, 0x00, 0x00, 0x7C, 0x00, 0x00, 0xFE, 0x00, 0x03,
  0xEF, 0xC0, 0x1F, 0xC7, 0xF8, 0x1F, 0x01, 0xF0, 0x08, 0x00, 0x10, 0x3F, 0xFF, 0xF8, 0x7F, 0xFF,
  0xFC, 0x7F, 0xFF, 0xFC, 0x00, 0x38, 0x00, 0x00, 0x38, 0x00, 0x0F, 0xFF, 0xE0, 0x0F, 0xFF, 0xE0,
  0x00, 0x00, 0xE0, 0x0F, 0xFF, 0xE0, 0x0F, 0xFF, 0xE0, 0x0E, 0x00, 0x00, 0x0E, 0x00, 0x00, 0x0F,
  0xFF, 0xF0, 0x0F, 0xFF, 0xF0, 0x00, 0x00, 0x00, 0x00, 0x00, 0x00, 0x00, 0x38, 0x00, 0x00, 0x38,
  0x00, 0x00, 0x7C, 0x00, 0x00, 0x7E, 0x00, 0x01, 0xFF, 0x00, 0x07, 0xEF, 0xC0, 0x1F, 0xC3, 0xF0,
  0x1F, 0x01, 0xF0, 0x08, 0x00, 0x00, 0x3F, 0xFF, 0xF8, 0x7F, 0xFF, 0xFC, 0x7F, 0xFF, 0xFC, 0x00,
  0x38, 0x00, 0x00, 0x38, 0x00, 0x0F, 0xFF, 0xE0, 0x0F, 0xFF, 0xE0, 0x0F, 0xFF, 0xE0, 0x0E, 0x00,
  0xE0, 0x0E, 0x00, 0xE0, 0x0E, 0x00, 0xE0, 0x0F, 0xFF, 0xE0, 0x0F, 0xFF, 0xE0, 0x00, 0x00, 0x00,
  0x00, 0x00, 0x00, 0x00, 0x38, 0x00, 0x00, 0x38, 0x00, 0x00, 0x7C, 0x00, 0x00, 0x7C, 0x00, 0x01,
  0xFF, 0x00, 0x07, 0xEF, 0xC0, 0x1F, 0xC3, 0xF0, 0x1F, 0x01, 0xF0, 0x08, 0x00, 0x20, 0x3F, 0xFF,
  0xF8, 0x7F, 0xFF, 0xFC, 0x7F, 0xFF, 0xFC, 0x00, 0x38, 0x00, 0x00, 0x38, 0x00, 0x01, 0xFF, 0x00,
  0x07, 0xFF, 0xC0, 0x0F, 0xEF, 0xE0, 0x0E, 0x00, 0xE0, 0x0E, 0x00, 0xE0, 0x0F, 0xC3, 0xE0, 0x07,
  0xFF, 0xC0, 0x01, 0xFF, 0x00, 0x00, 0x00, 0x00, 0x00, 0x00, 0x00, 0x00, 0x00, 0x38, 0x00, 0xE0,
  0x38, 0x00, 0xE0, 0x38, 0x00, 0xE0, 0x38, 0x01, 0xF0, 0x38, 0x01, 0xF8, 0x38, 0x03, 0xFC, 0x38,
  0x1F, 0xBF, 0x38, 0x1F, 0x0F, 0x38, 0x1C, 0x02, 0x38, 0x00, 0x00, 0x38, 0x1F, 0xFF, 0xB8, 0x3F,
  0xFF, 0xB8, 0x3F, 0xFE, 0x38, 0x00, 0xE0, 0x38, 0x00, 0xE0, 0x38, 0x00, 0xE0, 0x38, 0x00, 0xE0,
  0x38, 0x00, 0xE0, 0x38, 0x00, 0xE0, 0x38, 0x00, 0xE0, 0x38, 0x00, 0xE0, 0x38, 0x00, 0x00, 0x00,
  0x00, 0x00, 0x00, 0x00, 0xE0, 0x70, 0x01, 0xE0, 0x70, 0x01, 0xE0, 0x70, 0x03, 0xF0, 0x70, 0x07,
  0xFC, 0x70, 0x1F, 0x3F, 0x70, 0x1E, 0x0E, 0x70, 0x18, 0x00, 0x70, 0x3F, 0xFF, 0x70, 0x3F, 0xFF,
  0x70, 0x3F, 0xFC, 0x70, 0x00, 0xE0, 0x70, 0x00, 0xE0, 0x00, 0x07, 0xFF, 0xF0, 0x07, 0xFF, 0xF0,
  0x00, 0x00, 0x70, 0x07, 0xFF, 0xF0, 0x07, 0xFF, 0xF0, 0x07, 0x00, 0x00, 0x07, 0xFF, 0xF8, 0x07,
  0xFF, 0xF8, 0x07, 0xFF, 0xF8, 0x00, 0x00, 0x00, 0x00, 0x00, 0x00, 0x00, 0x18, 0x00, 0x00, 0x3C,
  0x00, 0x00, 0x3C, 0x00, 0x00, 0x3C, 0x00, 0x00, 0x7E, 0x00, 0x00, 0xFF, 0x00, 0x01, 0xF7, 0x80,
  0x0F, 0xE3, 0xF0, 0x1F, 0x81, 0xFC, 0x0F, 0x00, 0x78, 0x00, 0x00, 0x00, 0x00, 0x00, 0x00, 0x3F,
  0xFF, 0xFE, 0x3F, 0xFF, 0xFE, 0x3F, 0xFF, 0xFC, 0x01, 0xC1, 0xC0, 0x01, 0xC1, 0xC0, 0x01, 0xC1,
  0xC0, 0x01, 0xC1, 0xC0, 0x01, 0xC1, 0xC0, 0x01, 0xC1, 0xC0, 0x01, 0xC1, 0xC0, 0x00, 0x00, 0x00,
  0x00, 0x00, 0x00, 0x00, 0x00, 0x00, 0x00, 0x3C, 0x00, 0x00, 0x3C, 0x00, 0x00, 0x3C, 0x00, 0x00,
  0x3C, 0x00, 0x00, 0x3C, 0x00, 0x00, 0x7E, 0x00, 0x00, 0xFF, 0x00, 0x01, 0xE7, 0x80, 0x07, 0xC7,
  0xC0, 0x1F, 0x83, 0xF8, 0x1F, 0x00, 0xF8, 0x1C, 0x00, 0x30, 0x00, 0x00, 0x00, 0x00, 0x00, 0x00,
  0x00, 0x00, 0x00, 0x00, 0x00, 0x00, 0x3F, 0xFF, 0xFC, 0x3F, 0xFF, 0xFC, 0x00, 0x00, 0x00, 0x00,
  0x00, 0x00, 0x00, 0x00, 0x00, 0x00, 0x00, 0x00, 0x00, 0x00, 0x00, 0x00, 0x3C, 0x00, 0x00, 0x3C,
  0x00, 0x00, 0x3C, 0x00, 0x00, 0x7E, 0x00, 0x01, 0xFF, 0x80, 0x1F, 0xE7, 0xF8, 0x1F, 0x81, 0xF8,
  0x0E, 0x00, 0x70, 0x00, 0x00, 0x00, 0x3F, 0xFF, 0xFC, 0x3F, 0xFF, 0xFC, 0x00, 0x00, 0x00, 0x00,
  0x00, 0x00, 0x0F, 0xFF, 0xF0, 0x0F, 0xFF, 0xF0, 0x00, 0x00, 0xF0, 0x0F, 0xFF, 0xF0, 0x0F, 0xFF,
  0xF0, 0x0E, 0x00, 0x00, 0x0F, 0xFF, 0xF0, 0x0F, 0xFF, 0xF0, 0x0F, 0xFF, 0xF0, 0x00, 0x00, 0x00,
  0x00, 0x00, 0x00, 0x00, 0x3C, 0x00, 0x00, 0x3C, 0x00, 0x00, 0x3C, 0x00, 0x00, 0x7E, 0x00, 0x00,
  0xFF, 0x00, 0x03, 0xE7, 0xC0, 0x1F, 0xC3, 0xF8, 0x1F, 0x81, 0xF8, 0x0C, 0x00, 0x30, 0x00, 0x00,
  0x00, 0x3F, 0xFF, 0xFC, 0x3F, 0xFF, 0xFC, 0x00, 0x00, 0x00, 0x0E, 0x00, 0x60, 0x0E, 0x00, 0xF0,
  0x0F, 0xFF, 0xF0, 0x0F, 0xFF, 0xF0, 0x0F, 0x00, 0xF0, 0x0E, 0x00, 0xF0, 0x0F, 0x00, 0xF0, 0x0F,
  0xFF, 0xF0, 0x0F, 0xFF, 0xF0, 0x00, 0x00, 0x00, 0x00, 0x00, 0x00, 0x00, 0x3C, 0x00, 0x00, 0x3C,
  0x00, 0x00, 0x3C, 0x00, 0x00, 0x7E, 0x00, 0x00, 0xFF, 0x00, 0x03, 0xE7, 0xC0, 0x1F, 0xC3, 0xF8,
  0x1F, 0x81, 0xF8, 0x0C, 0x00, 0x30, 0x00, 0x00, 0x00, 0x3F, 0xFF, 0xFC, 0x3F, 0xFF, 0xFC, 0x00,
  0x00, 0x00, 0x00, 0x00, 0x00, 0x01, 0xFF, 0x80, 0x07, 0xFF, 0xE0, 0x07, 0xC3, 0xE0, 0x0F, 0x00,
  0xF0, 0x0F, 0x00, 0xF0, 0x07, 0xC3, 0xE0, 0x07, 0xFF, 0xE0, 0x01, 0xFF, 0x80, 0x00, 0x00, 0x00,
  0x00, 0x00, 0x00, 0x00, 0x00, 0x70, 0x00, 0xC0, 0x70, 0x01, 0xE0, 0x70, 0x01, 0xE0, 0x70, 0x01,
  0xE0, 0x70, 0x01, 0xE0, 0x70, 0x01, 0xE0, 0x70, 0x01, 0xE0, 0x70, 0x01, 0xE0, 0x70, 0x03, 0xE0,
  0x70, 0x03, 0xF0, 0x70, 0x03, 0xF0, 0x70, 0x07, 0x78, 0x70, 0x0F, 0x3C, 0x70, 0x1E, 0x1F, 0x70,
  0x3C, 0x0E, 0x70, 0x38, 0x06, 0x70, 0x10, 0x00, 0x70, 0x00, 0x00, 0x70, 0x00, 0x00, 0x70, 0x00,
  0x00, 0x70, 0x00, 0x00, 0x70, 0x00, 0x00, 0x00, 0x00, 0x00, 0x00, 0x00, 0xC0, 0x70, 0x01, 0xE0,
  0x70, 0x01, 0xE0, 0x70, 0x01, 0xE0, 0x70, 0x01, 0xE0, 0x70, 0x01, 0xE0, 0x70, 0x03, 0xF0, 0x70,
  0x07, 0xF0, 0x70, 0x0F, 0x7C, 0x70, 0x3F, 0x3E, 0x70, 0x3E, 0x1E, 0x70, 0x38, 0x04, 0x70, 0x00,
  0x00, 0x70, 0x00, 0x00, 0x00, 0x07, 0xFF, 0xF0, 0x07, 0xFF, 0xF0, 0x00, 0x00, 0x70, 0x00, 0x00,
  0x70, 0x00, 0x00, 0x70, 0x00, 0x00, 0x70, 0x00, 0x00, 0x70, 0x00, 0x00, 0x70, 0x00, 0x00, 0x00,
  0x00, 0x00, 0x00, 0x00, 0x00, 0x38, 0x01, 0xC0, 0x38, 0x01, 0xC0, 0x38, 0x01, 0xE0, 0x38, 0x01,
  0xE0, 0x38, 0x01, 0xE0, 0x38, 0x03, 0xE0, 0x38, 0x03, 0xF0, 0x38, 0x07, 0xF8, 0x38, 0x0F, 0x3E,
  0x38, 0x3E, 0x1F, 0x38, 0x1C, 0x0E, 0x38, 0x18, 0x00, 0x38, 0x00, 0x00, 0x38, 0x03, 0x80, 0x38,
  0x03, 0x80, 0x38, 0x03, 0x80, 0x00, 0x03, 0x80, 0x00, 0x03, 0x80, 0x00, 0x03, 0xFF, 0xF8, 0x03,
  0xFF, 0xF8, 0x03, 0xFF, 0xF8, 0x00, 0x00, 0x00, 0x00, 0x00, 0x00, 0x01, 0xC0, 0x38, 0x01, 0xC0,
  0x38, 0x01, 0xE0, 0x38, 0x01, 0xE0, 0x38, 0x01, 0xE0, 0x38, 0x03, 0xF0, 0x38, 0x07, 0xF8, 0x38,
  0x0F, 0x3C, 0x38, 0x3F, 0x1F, 0x38, 0x1E, 0x0E, 0x38, 0x18, 0x02, 0x38, 0x00, 0x00, 0x00, 0x03,
  0xFF, 0xF8, 0x03, 0xFF, 0xF8, 0x00, 0x00, 0x38, 0x00, 0x00, 0x38, 0x03, 0xFF, 0xF8, 0x03, 0xFF,
  0xF8, 0x03, 0x80, 0x00, 0x03, 0x80, 0x00, 0x03, 0xFF, 0xF8, 0x03, 0xFF, 0xF8, 0x00, 0x00, 0x00,
  0x00, 0x00, 0x00, 0x00, 0x00, 0x70, 0x00, 0x00, 0x70, 0x07, 0x1C, 0x70, 0x07, 0x1C, 0x70, 0x07,
  0x1C, 0x70, 0x07, 0x1C, 0x70, 0x07, 0x1C, 0x70, 0x07, 0x1C, 0x70, 0x07, 0x1C, 0x7C, 0x0F, 0x3C,
  0x7E, 0x0F, 0x3C, 0x7E, 0x0F, 0xBE, 0x70, 0x0F, 0xBE, 0x70, 0x1F, 0xFF, 0x70, 0x3D, 0xF7, 0xF0,
  0x39, 0xE7, 0xF0, 0x18, 0xE3, 0x70, 0x00, 0x40, 0x70, 0x00, 0x00, 0x70, 0x00, 0x00, 0x70, 0x00,
  0x00, 0x70, 0x00, 0x00, 0x70, 0x00, 0x00, 0x00, 0x00, 0x00, 0x18, 0x00, 0x03, 0xB8, 0x0E, 0x73,
  0xB8, 0x0E, 0x73, 0xB8, 0x0E, 0x73, 0xB8, 0x0E, 0x73, 0xB8, 0x0E, 0x73, 0xF8, 0x0E, 0x73, 0xF8,
  0x1F, 0xFB, 0xB8, 0x1F, 0xFB, 0xB8, 0x3B, 0xDF, 0xB8, 0x3B, 0xDF, 0xB8, 0x11, 0x8B, 0xB8, 0x00,
  0x01, 0xB8, 0x00, 0x00, 0x00, 0x00, 0xFF, 0xE0, 0x01, 0xFF, 0xF0, 0x03, 0xE0, 0xF8, 0x03, 0x80,
  0x38, 0x03, 0x80, 0x38, 0x03, 0xE1, 0xF8, 0x01, 0xFF, 0xF0, 0x00, 0x7F, 0xC0, 0x00, 0x00, 0x00,
  0x00, 0x00, 0x00, 0x00, 0x00, 0x38, 0x07, 0x1C, 0x38, 0x07, 0x1C, 0x38, 0x07, 0x1C, 0x38, 0x07,
  0x1C, 0x38, 0x07, 0x1D, 0xF8, 0x0F, 0x3D, 0xF8, 0x0F, 0x3E, 0x38, 0x1F, 0xBE, 0x38, 0x1F, 0xFF,
  0x38, 0x3D, 0xF7, 0xB8, 0x38, 0xE3, 0x38, 0x10, 0x40, 0x38, 0x00, 0x00, 0x38, 0x03, 0x80, 0x38,
  0x07, 0x80, 0x38, 0x07, 0x80, 0x00, 0x07, 0x80, 0x00, 0x07, 0x80, 0x00, 0x07, 0xFF, 0xFC, 0x07,
  0xFF, 0xFC, 0x07, 0xFF, 0xFC, 0x00, 0x00, 0x00, 0x00, 0x00, 0x00, 0x00, 0x00, 0x00, 0x03, 0x81,
  0xC0, 0x03, 0x81, 0xC0, 0x03, 0x81, 0xC0, 0x03, 0x81, 0xC0, 0x03, 0xC1, 0xC0, 0x03, 0xC3, 0xE0,
  0x07, 0xE3, 0xE0, 0x0F, 0xF7, 0xF0, 0x1E, 0x7F, 0x7C, 0x3C, 0x7E, 0x3C, 0x18, 0x1C, 0x1C, 0x00,
  0x00, 0x00, 0x00, 0x1C, 0x00, 0x00, 0x1C, 0x00, 0x00, 0x1C, 0x00, 0x00, 0x1C, 0x00, 0x3F, 0xFF,
  0xFE, 0x3F, 0xFF, 0xFE, 0x1F, 0xFF, 0xFC, 0x00, 0x00, 0x00, 0x00, 0x00, 0x00, 0x00, 0x00, 0x00,
  0x00, 0x00, 0x00, 0x00, 0x00, 0x00, 0x03, 0x81, 0xC0, 0x03, 0x81, 0xC0, 0x03, 0x81, 0xC0, 0x03,
  0x81, 0xC0, 0x03, 0x81, 0xC0, 0x03, 0xC3, 0xC0, 0x07, 0xC3, 0xE0, 0x07, 0xE7, 0xE0, 0x0E, 0xE7,
  0x70, 0x3E, 0xFF, 0x7C, 0x3C, 0x7E, 0x3C, 0x18, 0x3C, 0x18, 0x00, 0x00, 0x00, 0x00, 0x00, 0x00,
  0x00, 0x00, 0x00, 0x00, 0x00, 0x00, 0x3F, 0xFF, 0xFC, 0x3F, 0xFF, 0xFC, 0x3F, 0xFF, 0xFC, 0x00,
  0x00, 0x00, 0x00, 0x00, 0x00, 0x00, 0x00, 0x00, 0x00, 0x00, 0x00, 0x00, 0x00, 0x38, 0x06, 0x18,
  0x38, 0x07, 0x1C, 0x38, 0x07, 0x1C, 0x38, 0x07, 0x1C, 0x38, 0x07, 0x1C, 0x38, 0x07, 0x1C, 0x38,
  0x07, 0x1C, 0x38, 0x07, 0x1C, 0x38, 0x0F, 0x3C, 0x38, 0x0F, 0x3C, 0x38, 0x0F, 0xBE, 0x38, 0x1F,
  0xBE, 0x38, 0x1F, 0xF7, 0x38, 0x3D, 0xF7, 0xB8, 0x39, 0xE3, 0xB8, 0x10, 0xE3, 0x38, 0x00, 0x00,
  0x38, 0x00, 0x00, 0x38, 0x00, 0x00, 0x38, 0x00, 0x00, 0x38, 0x00, 0x00, 0x38, 0x00, 0x00, 0x00,
  0x00, 0x00, 0x00, 0x00, 0x00, 0x38, 0x07, 0x1C, 0x38, 0x07, 0x1C, 0x38, 0x07, 0x1C, 0x38, 0x07,
  0x1C, 0x38, 0x0F, 0x1C, 0x38, 0x0F, 0x3C, 0x38, 0x0F, 0xBE, 0x38, 0x1F, 0xFF, 0x38, 0x3D, 0xF7,
  0xB8, 0x39, 0xE7, 0xB8, 0x10, 0xE3, 0x38, 0x00, 0x00, 0x38, 0x00, 0x0E, 0x38, 0x00, 0x0E, 0x38,
  0x00, 0x1E, 0x00, 0x00, 0x1F, 0x00, 0x00, 0x3F, 0x80, 0x00, 0xFB, 0xC0, 0x07, 0xF1, 0xFC, 0x07,
  0xE0, 0xFC, 0x07, 0x80, 0x38, 0x00, 0x00, 0x00, 0x00, 0x00, 0x00, 0x00, 0x00, 0xE0, 0x03, 0xC0,
  0xE0, 0x07, 0xE0, 0xE0, 0x0F, 0xF0, 0xE0, 0x1E, 0x78, 0xE0, 0x1C, 0x38, 0xE0, 0x3C, 0x3C, 0xE0,
  0x38, 0x1C, 0xE0, 0x38, 0x1C, 0xFC, 0x38, 0x1C, 0xFE, 0x38, 0x1C, 0xFE, 0x38, 0x1C, 0xE0, 0x3C,
  0x3C, 0xE0, 0x1C, 0x38, 0xE0, 0x1F, 0xF8, 0xE0, 0x0F, 0xF0, 0xE0, 0x07, 0xE0, 0xE0, 0x00, 0x00,
  0xE0, 0x00, 0x00, 0xE0, 0x00, 0x00, 0xE0, 0x00, 0x00, 0xE0, 0x00, 0x00, 0xE0, 0x00, 0x00, 0x00,
  0x00, 0x00, 0x60, 0x00, 0x00, 0xE0, 0x07, 0xE0, 0xE0, 0x0F, 0xF0, 0xE0, 0x1F, 0xF8, 0xE0, 0x3C,
  0x3C, 0xE0, 0x38, 0x1C, 0xFC, 0x38, 0x1C, 0xFC, 0x38, 0x1C, 0xFC, 0x3C, 0x3C, 0xE0, 0x1F, 0xF8,
  0xE0, 0x0F, 0xF0, 0xE0, 0x07, 0xE0, 0xE0, 0x00, 0x00, 0xE0, 0x00, 0x00, 0x00, 0x0F, 0xFF, 0xE0,
  0x0F, 0xFF, 0xE0, 0x00, 0x00, 0xE0, 0x00, 0x00, 0xE0, 0x00, 0x00, 0xE0, 0x00, 0x00, 0xE0, 0x00,
  0x00, 0xE0, 0x00, 0x00, 0xE0, 0x00, 0x00, 0x00, 0x00, 0x00, 0x00, 0x00, 0x00, 0xE0, 0x01, 0xC0,
  0xE0, 0x0F, 0xF0, 0xE0, 0x1F, 0xF8, 0xE0, 0x1E, 0x7C, 0xE0, 0x3C, 0x1C, 0xE0, 0x38, 0x1C, 0xFC,
  0x38, 0x1C, 0xFC, 0x3C, 0x1C, 0xFC, 0x1E, 0x7C, 0xE0, 0x1F, 0xF8, 0xE0, 0x0F, 0xF0, 0xE0, 0x03,
  0xC0, 0xE0, 0x00, 0x00, 0xE0, 0x07, 0x00, 0xE0, 0x07, 0x00, 0xE0, 0x07, 0x00, 0xE0, 0x07, 0x00,
  0x00, 0x07, 0x00, 0x00, 0x07, 0xFF, 0xF0, 0x07, 0xFF, 0xF0, 0x07, 0xFF, 0xF0, 0x00, 0x00, 0x00,
  0x00, 0x00, 0xF0, 0x07, 0xE0, 0xF0, 0x0F, 0xF0, 0xF0, 0x1E, 0x78, 0xF0, 0x3C, 0x3C, 0xFC, 0x38,
  0x1C, 0xFE, 0x38, 0x1C, 0xFE, 0x3C, 0x3C, 0xF0, 0x1E, 0x78, 0xF0, 0x1F, 0xF8, 0xF0, 0x07, 0xE0,
  0xF0, 0x00, 0x03, 0x80, 0x00, 0x03, 0x80, 0x0E, 0x3F, 0xF8, 0x0E, 0x3F, 0xF8, 0x0E, 0x3F, 0xF8,
  0x0E, 0x07, 0xE0, 0x0E, 0x0F, 0xF0, 0x0E, 0x1C, 0x70, 0x0F, 0xFC, 0x70, 0x0F, 0xEF, 0xF0, 0x0F,
  0xC7, 0xE0, 0x00, 0x00, 0x00, 0x00, 0x00, 0x00, 0x00, 0x00, 0x00, 0x00, 0x00, 0xE0, 0x07, 0xE0,
  0xE0, 0x1F, 0xF8, 0xE0, 0x3E, 0x7C, 0xE0, 0x38, 0x1C, 0xE0, 0x38, 0x1C, 0xFE, 0x38, 0x1C, 0xFE,
  0x3E, 0x7C, 0xE0, 0x1F, 0xF8, 0xE0, 0x07, 0xE0, 0xE0, 0x00, 0x00, 0xE0, 0x00, 0x00, 0xE0, 0x07,
  0xFF, 0xE0, 0x07, 0xFF, 0xE0, 0x00, 0x00, 0xE0, 0x00, 0x00, 0xE0, 0x07, 0xFF, 0xE0, 0x07, 0xFF,
  0xE0, 0x07, 0x00, 0x00, 0x07, 0x00, 0x00, 0x07, 0xFF, 0xF0, 0x07, 0xFF, 0xF0, 0x00, 0x00, 0x00,
  0x00, 0x00, 0x00, 0x00, 0x00, 0xE0, 0x07, 0xE0, 0xE0, 0x0F, 0xF0, 0xE0, 0x1F, 0xF8, 0xE0, 0x3C,
  0x3C, 0xE0, 0x38, 0x1C, 0xFC, 0x38, 0x1C, 0xFC, 0x38, 0x1C, 0xE0, 0x3C, 0x3C, 0xE0, 0x1F, 0xF8,
  0xE0, 0x0F, 0xF0, 0xE0, 0x07, 0xE0, 0xE0, 0x00, 0x00, 0xE0, 0x00, 0x00, 0x00, 0x07, 0xFF, 0xE0,
  0x07, 0xFF, 0xE0, 0x07, 0x00, 0xE0, 0x07, 0x00, 0xE0, 0x07, 0x00, 0xE0, 0x07, 0x00, 0xE0, 0x07,
  0xFF, 0xE0, 0x07, 0xFF, 0xE0, 0x00, 0x00, 0x00, 0x00, 0x00, 0x00, 0x00, 0x00, 0xE0, 0x07, 0xE0,
  0xE0, 0x0F, 0xF0, 0xE0, 0x1F, 0xF8, 0xE0, 0x3C, 0x3C, 0xE0, 0x38, 0x1C, 0xFC, 0x38, 0x1C, 0xFC,
  0x38, 0x1C, 0xE0, 0x3C, 0x3C, 0xE0, 0x1F, 0xF8, 0xE0, 0x0F, 0xF0, 0xE0, 0x07, 0xE0, 0xE0, 0x00,
  0x00, 0x60, 0x01, 0xC1, 0xC0, 0x01, 0xC1, 0xC0, 0x03, 0xC1, 0xC0, 0x03, 0xC3, 0xC0, 0x07, 0xE3,
  0xE0, 0x0F, 0xF7, 0xF0, 0x1E, 0x7F, 0x78, 0x1C, 0x3E, 0x38, 0x08, 0x18, 0x18, 0x00, 0x00, 0x00,
  0x00, 0x00, 0x00, 0x00, 0x00, 0xE0, 0x07, 0xE0, 0xE0, 0x0F, 0xF8, 0xE0, 0x1F, 0xF8, 0xE0, 0x3C,
  0x1C, 0xE0, 0x38, 0x1C, 0xFC, 0x38, 0x1C, 0xFC, 0x3C, 0x1C, 0xE0, 0x1E, 0x3C, 0xE0, 0x1F, 0xF8,
  0xE0, 0x0F, 0xF0, 0xE0, 0x01, 0x80, 0xE0, 0x00, 0x00, 0x00, 0x07, 0xFF, 0xF0, 0x07, 0xFF, 0xF0,
  0x07, 0xFF, 0xF0, 0x00, 0xE3, 0x80, 0x00, 0xE3, 0x80, 0x00, 0xE3, 0x80, 0x00, 0xE3, 0x80, 0x07,
  0xFF, 0xF0, 0x07, 0xFF, 0xF0, 0x00, 0x00, 0x00, 0x00, 0x00, 0x00, 0x00, 0x00, 0x38, 0x03, 0x07,
  0x38, 0x0F, 0xC7, 0x38, 0x1F, 0xE7, 0x38, 0x3C, 0xF7, 0x38, 0x38, 0x77, 0x38, 0x38, 0x77, 0xF8,
  0x38, 0x77, 0xF8, 0x38, 0x77, 0x38, 0x3F, 0xF7, 0x38, 0x1F, 0xE7, 0x38, 0x0F, 0xC7, 0x38, 0x00,
  0x07, 0x38, 0x00, 0x03, 0x38, 0x07, 0xFF, 0xF8, 0x07, 0xFF, 0xF8, 0x00, 0x00, 0x78, 0x00, 0x00,
  0x38, 0x00, 0x00, 0x38, 0x00, 0x00, 0x38, 0x00, 0x00, 0x38, 0x00, 0x00, 0x38, 0x00, 0x00, 0x00,
  0x00, 0x00, 0x00, 0x00, 0x00, 0xE0, 0x03, 0xC0, 0xE0, 0x07, 0xE0, 0xE0, 0x0F, 0xF0, 0xE0, 0x1E,
  0x78, 0xE0, 0x1C, 0x38, 0xFC, 0x3C, 0x3C, 0xFC, 0x38, 0x1C, 0xFC, 0x38, 0x1C, 0xE0, 0x38, 0x1C,
  0xE0, 0x38, 0x1C, 0xE0, 0x38, 0x1C, 0xFC, 0x3C, 0x3C, 0xFC, 0x1C, 0x38, 0xFC, 0x1F, 0xF8, 0xE0,
  0x0F, 0xF0, 0xE0, 0x07, 0xE0, 0xE0, 0x00, 0x00, 0xE0, 0x00, 0x00, 0xE0, 0x00, 0x00, 0xE0, 0x00,
  0x00, 0xE0, 0x00, 0x00, 0xE0, 0x00, 0x00, 0x00, 0x00, 0x00, 0x00, 0x00, 0x00, 0xF0, 0x03, 0xC0,
  0xF0, 0x0F, 0xF0, 0xF0, 0x1F, 0xF8, 0xFE, 0x3C, 0x3C, 0xFE, 0x38, 0x1C, 0xF0, 0x38, 0x1C, 0xF0,
  0x38, 0x1C, 0xFC, 0x3C, 0x3C, 0xFE, 0x1F, 0xF8, 0xFE, 0x0F, 0xF8, 0xF0, 0x07, 0xE0, 0xF0, 0x00,
  0x00, 0xF0, 0x00, 0x00, 0x00, 0x01, 0xFF, 0x80, 0x03, 0xFF, 0xE0, 0x07, 0x81, 0xF0, 0x07, 0x00,
  0x70, 0x07, 0x00, 0x70, 0x07, 0xC3, 0xF0, 0x03, 0xFF, 0xE0, 0x00, 0xFF, 0x80, 0x00, 0x00, 0x00,
  0x00, 0x00, 0x00, 0x00, 0x00, 0x38, 0x03, 0xC0, 0x38, 0x07, 0xE0, 0x38, 0x0F, 0xF0, 0x38, 0x1E,
  0x78, 0x38, 0x1C, 0x38, 0x38, 0x3C, 0x1C, 0x38, 0x38, 0x1C, 0x38, 0x38, 0x1F, 0xF8, 0x38, 0x1F,
  0xF8, 0x38, 0x1C, 0x78, 0x38, 0x1C, 0x38, 0x3C, 0x3C, 0x38, 0x1C, 0x38, 0x38, 0x1F, 0xF8, 0x38,
  0x0F, 0xF0, 0x38, 0x07, 0xE0, 0x38, 0x00, 0x00, 0x38, 0x00, 0x00, 0x38, 0x00, 0x00, 0x38, 0x00,
  0x00, 0x38, 0x00, 0x00, 0x38, 0x00, 0x00, 0x00, 0x00, 0x00, 0x00, 0x00, 0x00, 0x70, 0x07, 0xE0,
  0x70, 0x0F, 0xF0, 0x70, 0x1F, 0xF8, 0x70, 0x3C, 0x3C, 0x70, 0x38, 0x1C, 0x70, 0x38, 0x1F, 0xF0,
  0x38, 0x1F, 0xF0, 0x3C, 0x3C, 0x70, 0x1F, 0xF8, 0x70, 0x0F, 0xF0, 0x70, 0x07, 0xE0, 0x70, 0x00,
  0x00, 0x70, 0x00, 0x00, 0x30, 0x07, 0xFF, 0xF0, 0x07, 0xFF, 0xF0, 0x00, 0x00, 0x70, 0x00, 0x00,
  0x70, 0x00, 0x00, 0x70, 0x00, 0x00, 0x70, 0x00, 0x00, 0x70, 0x00, 0x00, 0x70, 0x00, 0x00, 0x00,
  0x00, 0x00, 0x00, 0x00, 0x00, 0x38, 0x03, 0xC0, 0x38, 0x0F, 0xF0, 0x38, 0x1F, 0xF8, 0x38, 0x1E,
  0x78, 0x38, 0x3C, 0x3C, 0x38, 0x38, 0x1F, 0xF8, 0x38, 0x1F, 0xF8, 0x3C, 0x3C, 0x38, 0x1E, 0x78,
  0x38, 0x1F, 0xF8, 0x38, 0x0F, 0xF0, 0x38, 0x03, 0xC0, 0x38, 0x00, 0x00, 0x38, 0x03, 0x80, 0x38,
  0x03, 0x80, 0x38, 0x03, 0x80, 0x00, 0x03, 0x80, 0x00, 0x03, 0x80, 0x00, 0x03, 0xFF, 0xF8, 0x03,
  0xFF, 0xF8, 0x03, 0xFF, 0xF8, 0x00, 0x00, 0x00, 0x00, 0x00, 0x00, 0x00, 0x00, 0x70, 0x07, 0xE0,
  0x70, 0x0F, 0xF0, 0x70, 0x1F, 0xF8, 0x70, 0x3C, 0x3C, 0x70, 0x38, 0x1F, 0xF0, 0x38, 0x1F, 0xF0,
  0x38, 0x1C, 0x70, 0x3C, 0x3C, 0x70, 0x1F, 0xF8, 0x70, 0x0F, 0xF0, 0x70, 0x07, 0xE0, 0x70, 0x00,
  0x00, 0x00, 0x00, 0x00, 0x00, 0x03, 0xFF, 0xF8, 0x03, 0xFF, 0xF8, 0x03, 0x80, 0x00, 0x03, 0x80,
  0x00, 0x03, 0x80, 0x00, 0x03, 0x80, 0x00, 0x07, 0xFF, 0xF8, 0x03, 0xFF, 0xF8, 0x00, 0x00, 0x00,
  0x00, 0x00, 0x00, 0x00, 0x00, 0x38, 0x07, 0xE0, 0x38, 0x1F, 0xF8, 0x38, 0x1E, 0x38, 0x38, 0x3C,
  0x1C, 0x78, 0x38, 0x1F, 0xF8, 0x38, 0x1F, 0xF8, 0x3C, 0x1C, 0x38, 0x1E, 0x78, 0x38, 0x0F, 0xF8,
  0x38, 0x07, 0xE0, 0x38, 0x00, 0x00, 0x00, 0x03, 0xFF, 0xF8, 0x03, 0xFF, 0xF8, 0x00, 0x00, 0x38,
  0x00, 0x00, 0x38, 0x03, 0xFF, 0xF8, 0x03, 0xFF, 0xF8, 0x03, 0x80, 0x00, 0x03, 0x80, 0x00, 0x03,
  0xFF, 0xF8, 0x03, 0xFF, 0xF8, 0x00, 0x00, 0x00, 0x00, 0x00, 0x30, 0x00, 0x00, 0x70, 0x07, 0xE0,
  0x70, 0x0F, 0xF0, 0x70, 0x1F, 0xF8, 0x70, 0x3C, 0x3C, 0x70, 0x38, 0x1F, 0xF0, 0x38, 0x1F, 0xF0,
  0x38, 0x1C, 0x70, 0x3C, 0x3C, 0x70, 0x1F, 0xF8, 0x70, 0x0F, 0xF0, 0x70, 0x07, 0xE0, 0x70, 0x00,
  0x00, 0x00, 0x00, 0x00, 0x00, 0x03, 0xFF, 0xF0, 0x03, 0xFF, 0xF0, 0x03, 0x80, 0x70, 0x03, 0x80,
  0x70, 0x03, 0x80, 0x70, 0x03, 0x80, 0x70, 0x03, 0xFF, 0xF0, 0x03, 0xFF, 0xF0, 0x00, 0x00, 0x00,
  0x00, 0x00, 0x78, 0x07, 0xE0, 0x78, 0x1F, 0xF8, 0x78, 0x1E, 0x78, 0x78, 0x3C, 0x3C, 0x78, 0x38,
  0x1F, 0xF8, 0x38, 0x1F, 0xF8, 0x3C, 0x1C, 0x78, 0x1E, 0x78, 0x78, 0x1F, 0xF8, 0x78, 0x07, 0xE0,
  0x78, 0x00, 0x00, 0x70, 0x00, 0x00, 0x00, 0x0E, 0x38, 0xE0, 0x0E, 0x38, 0xE0, 0x0F, 0xF8, 0xE0,
  0x0F, 0xF9, 0xE0, 0x0E, 0x39, 0xF0, 0x0E, 0x3B, 0xF0, 0x0F, 0x3F, 0xBC, 0x0F, 0xFF, 0x3E, 0x0F,
  0xFE, 0x0C, 0x00, 0x00, 0x00, 0x00, 0x00, 0x00, 0x00, 0x00, 0x00, 0x00, 0x00, 0x70, 0x01, 0x80,
  0x70, 0x0F, 0xF0, 0x70, 0x1F, 0xF8, 0x70, 0x1E, 0x78, 0x70, 0x3C, 0x3C, 0x70, 0x38, 0x1F, 0xF0,
  0x38, 0x1F, 0xF0, 0x3C, 0x3C, 0x70, 0x1E, 0x78, 0x70, 0x1F, 0xF8, 0x70, 0x07, 0xE0, 0x70, 0x00,
  0x00, 0x70, 0x00, 0x1E, 0x70, 0x00, 0x1E, 0x70, 0x00, 0x1E, 0x00, 0x00, 0x3F, 0x00, 0x00, 0x7F,
  0x80, 0x00, 0xFF, 0xC0, 0x07, 0xF3, 0xF8, 0x07, 0xC0, 0xF8, 0x07, 0x00, 0x38, 0x00, 0x00, 0x00,
  0x00, 0x00, 0x00, 0x00, 0x03, 0xB8, 0x07, 0x83, 0xB8, 0x0F, 0xC3, 0xB8, 0x1F, 0xE3, 0xB8, 0x1C,
  0xE3, 0xB8, 0x1C, 0x73, 0xB8, 0x38, 0x73, 0xB8, 0x38, 0x73, 0xB8, 0x38, 0x7F, 0xB8, 0x38, 0x7F,
  0xB8, 0x38, 0x73, 0xB8, 0x38, 0x73, 0xB8, 0x38, 0x73, 0xB8, 0x1C, 0x73, 0xB8, 0x1C, 0xE3, 0xB8,
  0x1F, 0xE3, 0xB8, 0x0F, 0xC3, 0xB8, 0x07, 0x83, 0xB8, 0x00, 0x03, 0xB8, 0x00, 0x03, 0xB8, 0x00,
  0x03, 0xB8, 0x00, 0x00, 0x38, 0x00, 0x00, 0x00, 0x00, 0x00, 0x00, 0x00, 0x00, 0x78, 0x00, 0x00,
  0x78, 0x07, 0xE0, 0x78, 0x0F, 0xF0, 0x78, 0x1F, 0xF8, 0x78, 0x1C, 0x3F, 0xF8, 0x3C, 0x3F, 0xF8,
  0x38, 0x1C, 0x78, 0x38, 0x1C, 0x78, 0x38, 0x1C, 0x78, 0x38, 0x1C, 0x78, 0x38, 0x1F, 0xF8, 0x3C,
  0x3F, 0xF8, 0x1C, 0x3F, 0xF8, 0x1F, 0xF8, 0x78, 0x0F, 0xF0, 0x78, 0x07, 0xE0, 0x78, 0x00, 0x00,
  0x78, 0x00, 0x00, 0x78, 0x00, 0x00, 0x78, 0x00, 0x00, 0x78, 0x00, 0x00, 0x78, 0x00, 0x00, 0x00,
  0x00, 0x00, 0x00, 0x00, 0x00, 0x70, 0x07, 0xE0, 0x70, 0x0F, 0xF0, 0x70, 0x1F, 0xFF, 0xF0, 0x3C,
  0x3F, 0xF0, 0x38, 0x1C, 0x70, 0x38, 0x1C, 0x70, 0x38, 0x1C, 0x70, 0x3C, 0x3F, 0xF0, 0x1F, 0xFF,
  0xF0, 0x0F, 0xF8, 0x70, 0x07, 0xE0, 0x70, 0x00, 0x00, 0x70, 0x00, 0x00, 0x00, 0x07, 0xFF, 0xF0,
  0x07, 0xFF, 0xF0, 0x00, 0x00, 0x70, 0x00, 0x00, 0x70, 0x00, 0x00, 0x70, 0x00, 0x00, 0x70, 0x00,
  0x00, 0x70, 0x00, 0x00, 0x70, 0x00, 0x00, 0x00, 0x00, 0x00, 0x00, 0x00, 0x00, 0x70, 0x07, 0xE0,
  0x70, 0x0F, 0xF0, 0x70, 0x1F, 0xFF, 0xF0, 0x3C, 0x3F, 0xF0, 0x38, 0x1C, 0x70, 0x38, 0x1C, 0x70,
  0x38, 0x1C, 0x70, 0x3C, 0x3F, 0xF0, 0x1E, 0x7F, 0xF0, 0x1F, 0xFF, 0xF0, 0x0F, 0xF0, 0x70, 0x03,
  0xC0, 0x70, 0x00, 0x00, 0x70, 0x03, 0x80, 0x70, 0x03, 0x80, 0x70, 0x03, 0x80, 0x00, 0x03, 0x80,
  0x00, 0x03, 0x80, 0x00, 0x03, 0xFF, 0xF8, 0x03, 0xFF, 0xF8, 0x03, 0xFF, 0xF8, 0x00, 0x00, 0x00,
  0x00, 0x00, 0x30, 0x03, 0xC0, 0x78, 0x0F, 0xF0, 0x78, 0x1F, 0xFF, 0xF8, 0x3C, 0x3F, 0xF8, 0x38,
  0x3C, 0x78, 0x38, 0x1C, 0x78, 0x38, 0x1C, 0x78, 0x3C, 0x3F, 0xF8, 0x1E, 0x7F, 0xF8, 0x0F, 0xFF,
  0xF8, 0x07, 0xE0, 0x78, 0x00, 0x00, 0x00, 0x03, 0xFF, 0xF8, 0x03, 0xFF, 0xF8, 0x00, 0x00, 0x78,
  0x00, 0x00, 0x78, 0x03, 0xFF, 0xF8, 0x03, 0xFF, 0xF8, 0x03, 0x80, 0x00, 0x03, 0x80, 0x00, 0x03,
  0xFF, 0xF8, 0x03, 0xFF, 0xF8, 0x00, 0x00, 0x00, 0x00, 0x00, 0x00, 0x00, 0x00, 0x70, 0x03, 0xE0,
  0x70, 0x0F, 0xF0, 0x70, 0x1F, 0xFF, 0xF0, 0x3C, 0x3F, 0xF0, 0x38, 0x1C, 0x70, 0x38, 0x1C, 0x70,
  0x38, 0x1C, 0x70, 0x3C, 0x3F, 0xF0, 0x1F, 0xFF, 0xF0, 0x0F, 0xFF, 0xF0, 0x07, 0xE0, 0x70, 0x00,
  0x00, 0x70, 0x00, 0x00, 0x00, 0x03, 0xFF, 0xF0, 0x03, 0xFF, 0xF0, 0x03, 0x80, 0x70, 0x03, 0x80,
  0x70, 0x03, 0x80, 0x70, 0x03, 0x80, 0x70, 0x03, 0xFF, 0xF0, 0x03, 0xFF, 0xF0, 0x00, 0x00, 0x00,
  0x00, 0x00, 0x00, 0x00, 0x00, 0x78, 0x07, 0xE0, 0x78, 0x0F, 0xF8, 0x78, 0x1F, 0xFF, 0xF8, 0x3C,
  0x3F, 0xF8, 0x38, 0x1C, 0x78, 0x38, 0x1C, 0x78, 0x3C, 0x1F, 0xF8, 0x1E, 0x3F, 0xF8, 0x1F, 0xFF,
  0xF8, 0x0F, 0xF0, 0x78, 0x01, 0x80, 0x78, 0x00, 0x00, 0x30, 0x01, 0xC1, 0xC0, 0x01, 0xC1, 0xC0,
  0x01, 0xC1, 0xE0, 0x03, 0xE1, 0xE0, 0x03, 0xE3, 0xE0, 0x07, 0xF7, 0xF0, 0x1F, 0x7F, 0x7C, 0x1E,
  0x3E, 0x3C, 0x0C, 0x1C, 0x08, 0x00, 0x00, 0x00, 0x00, 0x00, 0x00, 0x00, 0x00, 0x78, 0x03, 0xE0,
  0x78, 0x0F, 0xF8, 0x78, 0x1F, 0xFF, 0xF8, 0x3C, 0x3F, 0xF8, 0x38, 0x1C, 0x78, 0x38, 0x1C, 0x78,
  0x3C, 0x1F, 0xF8, 0x1E, 0x7F, 0xF8, 0x1F, 0xFF, 0xF8, 0x0F, 0xF0, 0x78, 0x01, 0x80, 0x78, 0x00,
  0x00, 0x00, 0x07, 0xFF, 0xF8, 0x07, 0xFF, 0xF8, 0x03, 0xFF, 0xF0, 0x00, 0xE1, 0xC0, 0x00, 0xE1,
  0xC0, 0x00, 0xE1, 0xC0, 0x00, 0xE1, 0xC0, 0x07, 0xFF, 0xF8, 0x07, 0xFF, 0xF8, 0x00, 0x00, 0x00,
  0x00, 0x00, 0x00, 0x00, 0x03, 0xB8, 0x01, 0x03, 0xB8, 0x07, 0xC3, 0xB8, 0x0F, 0xE3, 0xB8, 0x1F,
  0xE3, 0xB8, 0x1C, 0xFF, 0xB8, 0x1C, 0x7F, 0xB8, 0x38, 0x73, 0xB8, 0x38, 0x73, 0xB8, 0x38, 0x73,
  0xB8, 0x38, 0x73, 0xB8, 0x38, 0x73, 0xB8, 0x38, 0x7F, 0xB8, 0x1C, 0x7F, 0xB8, 0x1C, 0xF3, 0xB8,
  0x1F, 0xE3, 0xB8, 0x0F, 0xC3, 0xB8, 0x07, 0x83, 0xB8, 0x00, 0x03, 0xB8, 0x00, 0x03, 0xB8, 0x00,
  0x03, 0xB8, 0x00, 0x00, 0x38, 0x00, 0x00, 0x00, 0x00, 0x00, 0x00, 0x00, 0x00, 0x00, 0x00, 0xFF,
  0x00, 0x03, 0xFF, 0xC0, 0x07, 0xE7, 0xE0, 0x0F, 0x00, 0xF0, 0x0E, 0x00, 0x70, 0x0E, 0x00, 0x70,
  0x0E, 0x00, 0x70, 0x0E, 0x00, 0x70, 0x0F, 0x00, 0xF0, 0x07, 0xFF, 0xE0, 0x03, 0xFF, 0xC0, 0x00,
  0xFF, 0x00, 0x00, 0x1C, 0x00, 0x00, 0x1C, 0x00, 0x00, 0x1C, 0x00, 0x00, 0x1C, 0x00, 0x3F, 0xFF,
  0xFE, 0x3F, 0xFF, 0xFE, 0x3F, 0xFF, 0xFC, 0x00, 0x00, 0x00, 0x00, 0x00, 0x00, 0x00, 0x00, 0x00,
  0x00, 0x00, 0x00, 0x00, 0x00, 0x00, 0x01, 0xFF, 0x80, 0x07, 0xFF, 0xE0, 0x0F, 0x81, 0xF0, 0x0E,
  0x00, 0x70, 0x0F, 0x00, 0x70, 0x0F, 0xE7, 0xF0, 0x07, 0xFF, 0xE0, 0x01, 0xFF, 0x80, 0x00, 0x38,
  0x00, 0x00, 0x38, 0x00, 0x7F, 0xFF, 0xFC, 0x7F, 0xFF, 0xFC, 0x3F, 0xFF, 0xF8, 0x00, 0x00, 0x00,
  0x0F, 0xFF, 0xF0, 0x0F, 0xFF, 0xF0, 0x00, 0x00, 0x70, 0x00, 0x00, 0x70, 0x00, 0x00, 0x70, 0x00,
  0x00, 0x70, 0x00, 0x00, 0x70, 0x00, 0x00, 0x00, 0x00, 0x00, 0x00, 0x00, 0x00, 0x00, 0x01, 0xFF,
  0x80, 0x07, 0xFF, 0xE0, 0x0F, 0x81, 0xF0, 0x0E, 0x00, 0x70, 0x0E, 0x00, 0x70, 0x0F, 0x81, 0xF0,
  0x07, 0xFF, 0xE0, 0x01, 0xFF, 0x80, 0x00, 0x38, 0x00, 0x00, 0x38, 0x00, 0x7F, 0xFF, 0xFC, 0x7F,
  0xFF, 0xFC, 0x3F, 0xFF, 0xF8, 0x00, 0x00, 0x00, 0x0E, 0x00, 0x00, 0x0F, 0x00, 0x00, 0x0F, 0x00,
  0x00, 0x0F, 0x00, 0x00, 0x0F, 0xFF, 0xF0, 0x0F, 0xFF, 0xF0, 0x0F, 0xFF, 0xF0, 0x00, 0x00, 0x00,
  0x00, 0x00, 0x00, 0x01, 0xFF, 0x80, 0x07, 0xFF, 0xE0, 0x0F, 0x81, 0xF0, 0x0E, 0x00, 0x70, 0x0F,
  0x00, 0x70, 0x0F, 0xFF, 0xF0, 0x07, 0xFF, 0xE0, 0x00, 0xFF, 0x80, 0x00, 0x38, 0x00, 0x7F, 0xFF,
  0xFC, 0x7F, 0xFF, 0xFC, 0x3F, 0xFF, 0xF8, 0x00, 0x00, 0x00, 0x0F, 0xFF, 0xF0, 0x0F, 0xFF, 0xF0,
  0x00, 0x00, 0x70, 0x0F, 0xFF, 0xF0, 0x0F, 0xFF, 0xF0, 0x0E, 0x00, 0x00, 0x0E, 0x00, 0x00, 0x0F,
  0xFF, 0xF8, 0x0F, 0xFF, 0xF8, 0x00, 0x00, 0x00, 0x00, 0x00, 0x00, 0x01, 0xFF, 0x80, 0x07, 0xFF,
  0xE0, 0x07, 0xC3, 0xF0, 0x0F, 0x00, 0x70, 0x0E, 0x00, 0x70, 0x0F, 0x00, 0x70, 0x07, 0xFF, 0xF0,
  0x03, 0xFF, 0xE0, 0x00, 0xFF, 0x00, 0x00, 0x38, 0x00, 0x7F, 0xFF, 0xFC, 0x7F, 0xFF, 0xFC, 0x3F,
  0xFF, 0xF8, 0x00, 0x00, 0x00, 0x01, 0xFF, 0x80, 0x07, 0xFF, 0xE0, 0x07, 0xC3, 0xF0, 0x0F, 0x00,
  0x70, 0x0F, 0x00, 0x70, 0x07, 0xC3, 0xF0, 0x07, 0xFF, 0xE0, 0x01, 0xFF, 0x80, 0x00, 0x00, 0x00,
  0x00, 0x00, 0x00, 0x00, 0x00, 0x70, 0x00, 0xC0, 0x70, 0x07, 0xF8, 0x70, 0x0F, 0xFC, 0x70, 0x1F,
  0x1E, 0x70, 0x1C, 0x0E, 0x70, 0x1C, 0x0E, 0x70, 0x1C, 0x0E, 0x70, 0x1E, 0x0E, 0x70, 0x0F, 0xFE,
  0x7E, 0x0F, 0xFC, 0x7E, 0x03, 0xF0, 0x70, 0x00, 0xE0, 0x70, 0x00, 0xE0, 0x70, 0x00, 0xE3, 0x70,
  0x3F, 0xFF, 0x70, 0x3F, 0xFF, 0x70, 0x1E, 0x00, 0x70, 0x00, 0x00, 0x70, 0x00, 0x00, 0x70, 0x00,
  0x00, 0x70, 0x00, 0x00, 0x70, 0x00, 0x00, 0x00, 0x00, 0x00, 0x00, 0x00, 0x00, 0xE0, 0x07, 0xF0,
  0xE0, 0x0F, 0xF8, 0xE0, 0x1E, 0x3C, 0xE0, 0x1C, 0x1C, 0xE0, 0x1C, 0x1C, 0xE0, 0x1C, 0x1C, 0xE0,
  0x1F, 0xFC, 0xFC, 0x0F, 0xF8, 0xFC, 0x03, 0xE0, 0xFC, 0x01, 0xC0, 0xE0, 0x3F, 0xFE, 0xE0, 0x3F,
  0xFE, 0xE0, 0x3F, 0xC0, 0xE0, 0x00, 0x00, 0xE0, 0x07, 0x00, 0xE0, 0x07, 0x00, 0xE0, 0x07, 0x00,
  0x00, 0x07, 0x00, 0x00, 0x07, 0xFF, 0xF0, 0x07, 0xFF, 0xF0, 0x07, 0xFF, 0xF0, 0x00, 0x00, 0x00,
  0x00, 0x00, 0x00, 0x00, 0x00, 0xE0, 0x07, 0xF0, 0xE0, 0x0F, 0xF8, 0xE0, 0x1E, 0x3C, 0xE0, 0x1C,
  0x1C, 0xE0, 0x1C, 0x1C, 0xFC, 0x1F, 0x7C, 0xFC, 0x0F, 0xF8, 0xFC, 0x07, 0xF0, 0xE0, 0x01, 0xC2,
  0xE0, 0x3F, 0xFF, 0xE0, 0x3F, 0xFF, 0xE0, 0x3E, 0x00, 0xE0, 0x00, 0x00, 0x00, 0x01, 0xC1, 0xC0,
  0x03, 0xC1, 0xC0, 0x03, 0xC3, 0xC0, 0x03, 0xE3, 0xE0, 0x07, 0xE7, 0xF0, 0x1E, 0x7F, 0x78, 0x1E,
  0x7E, 0x38, 0x08, 0x18, 0x10, 0x00, 0x00, 0x00, 0x00, 0x00, 0x00, 0x00, 0x00, 0xE0, 0x07, 0xF0,
  0xE0, 0x0F, 0xF8, 0xE0, 0x1E, 0x3C, 0xE0, 0x1C, 0x1C, 0xE0, 0x1C, 0x1C, 0xE0, 0x1E, 0x3C, 0xFC,
  0x0F, 0xF8, 0xFC, 0x07, 0xF0, 0xE0, 0x01, 0xC0, 0xE0, 0x01, 0xCE, 0xE0, 0x3F, 0xFE, 0xE0, 0x3F,
  0xFE, 0xE0, 0x00, 0x00, 0xE0, 0x01, 0xFF, 0x00, 0x03, 0xFF, 0xC0, 0x07, 0xC3, 0xE0, 0x07, 0x00,
  0xE0, 0x07, 0x00, 0xE0, 0x07, 0xC3, 0xE0, 0x03, 0xFF, 0xC0, 0x01, 0xFF, 0x00, 0x00, 0x00, 0x00,
  0x00, 0x00, 0x00, 0x00, 0x00, 0x70, 0x00, 0xE0, 0x70, 0x07, 0xF8, 0x70, 0x0F, 0xFC, 0x70, 0x1F,
  0x3E, 0x70, 0x1C, 0x0E, 0x70, 0x1C, 0x0E, 0x70, 0x1C, 0x0E, 0x70, 0x1E, 0x1E, 0x70, 0x0F, 0xFC,
  0x70, 0x0F, 0xFC, 0x70, 0x03, 0xF0, 0x70, 0x00, 0xE0, 0x70, 0x00, 0xE0, 0x70, 0x00, 0xE3, 0x70,
  0x3F, 0xFF, 0x70, 0x3F, 0xFF, 0x70, 0x3F, 0xE0, 0x70, 0x00, 0x00, 0x70, 0x00, 0x00, 0x70, 0x00,
  0x00, 0x70, 0x00, 0x00, 0x70, 0x00, 0x00, 0x00, 0x00, 0x00, 0x00, 0x00, 0x00, 0x00, 0x00, 0xFF,
  0x00, 0x03, 0xFF, 0xC0, 0x07, 0xE3, 0xE0, 0x0F, 0x00, 0xF0, 0x0E, 0x00, 0x78, 0x0E, 0x00, 0x78,
  0x0E, 0x00, 0x78, 0x0E, 0x00, 0x78, 0x0F, 0x00, 0xF0, 0x07, 0xE3, 0xE0, 0x03, 0xFF, 0xC0, 0x01,
  0xFF, 0xC0, 0x01, 0xC1, 0xC0, 0x01, 0xC1, 0xC0, 0x01, 0xC1, 0xC0, 0x01, 0xC1, 0xC0, 0x3F, 0xFF,
  0xFE, 0x3F, 0xFF, 0xFE, 0x3F, 0xFF, 0xFC, 0x00, 0x00, 0x00, 0x00, 0x00, 0x00, 0x00, 0x00, 0x00,
  0x00, 0x00, 0x00, 0x00, 0x00, 0x00, 0x01, 0xFF, 0x80, 0x07, 0xFF, 0xE0, 0x0F, 0x81, 0xE0, 0x0E,
  0x00, 0xF0, 0x0E, 0x00, 0xF0, 0x0F, 0xC3, 0xE0, 0x07, 0xFF, 0xC0, 0x03, 0xFF, 0x80, 0x03, 0xC3,
  0x80, 0x03, 0xC3, 0x80, 0x3F, 0xFF, 0xFC, 0x3F, 0xFF, 0xFC, 0x3F, 0xFF, 0xF8, 0x00, 0x00, 0x00,
  0x0F, 0xFF, 0xE0, 0x0F, 0xFF, 0xE0, 0x00, 0x00, 0xE0, 0x00, 0x00, 0xE0, 0x00, 0x00, 0xE0, 0x00,
  0x00, 0xE0, 0x00, 0x00, 0xE0, 0x00, 0x00, 0x00, 0x00, 0x00, 0x00, 0x01, 0xFF, 0x00, 0x07, 0xFF,
  0xC0, 0x07, 0xC3, 0xE0, 0x0F, 0x00, 0xF0, 0x0E, 0x00, 0xF0, 0x0F, 0x00, 0xF0, 0x07, 0xC3, 0xE0,
  0x07, 0xFF, 0xC0, 0x03, 0xFF, 0x80, 0x03, 0xC3, 0x80, 0x03, 0xC3, 0x80, 0x3F, 0xFF, 0xFC, 0x3F,
  0xFF, 0xFC, 0x00, 0x00, 0x00, 0x01, 0xFF, 0x80, 0x07, 0xFF, 0xC0, 0x0F, 0xC3, 0xE0, 0x0F, 0x00,
  0xE0, 0x0F, 0x00, 0xE0, 0x07, 0xC3, 0xE0, 0x07, 0xFF, 0xC0, 0x01, 0xFF, 0x00, 0x00, 0x00, 0x00,
  0x00, 0x00, 0x00, 0x00, 0x00, 0x00, 0x01, 0xFF, 0x80, 0x07, 0xFF, 0xE0, 0x07, 0xC1, 0xE0, 0x0F,
  0x00, 0xF0, 0x0E, 0x00, 0x70, 0x0F, 0x00, 0xF0, 0x07, 0xC1, 0xE0, 0x07, 0xFF, 0xE0, 0x01, 0xFF,
  0x80, 0x00, 0x00, 0x00, 0x00, 0x00, 0x00, 0x3F, 0xFF, 0xFC, 0x7F, 0xFF, 0xFC, 0x7F, 0xFF, 0xFC,
  0x00, 0x38, 0x00, 0x00, 0x38, 0x00, 0x00, 0x38, 0x00, 0x00, 0x38, 0x00, 0x00, 0x38, 0x00, 0x00,
  0x38, 0x00, 0x00, 0x38, 0x00, 0x00, 0x00, 0x00, 0x00, 0x00, 0x00, 0x00, 0x00, 0x00, 0x01, 0xFF,
  0x80, 0x07, 0xFF, 0xE0, 0x0F, 0x81, 0xF0, 0x0E, 0x00, 0x70, 0x0E, 0x00, 0x70, 0x0F, 0x81, 0xF0,
  0x07, 0xFF, 0xE0, 0x01, 0xFF, 0x80, 0x00, 0x00, 0x00, 0x1F, 0xFF, 0xFC, 0x3F, 0xFF, 0xFE, 0x3F,
  0xFF, 0xFE, 0x00, 0x1C, 0x00, 0x00, 0x1C, 0x00, 0x0E, 0x1C, 0x00, 0x0E, 0x1C, 0x00, 0x0E, 0x00,
  0x00, 0x0E, 0x00, 0x00, 0x0F, 0xFF, 0xF0, 0x0F, 0xFF, 0xF0, 0x0F, 0xFF, 0xF0, 0x00, 0x00, 0x00,
  0x00, 0x00, 0x00, 0x01, 0xFF, 0x80, 0x07, 0xFF, 0xE0, 0x0F, 0x81, 0xF0, 0x0E, 0x00, 0x70, 0x0E,
  0x00, 0x70, 0x0F, 0xC1, 0xF0, 0x07, 0xFF, 0xE0, 0x01, 0xFF, 0x80, 0x3F, 0xFF, 0xF8, 0x7F, 0xFF,
  0xFC, 0x7F, 0xFF, 0xFC, 0x00, 0x38, 0x00, 0x00, 0x38, 0x00, 0x0F, 0xFF, 0xF0, 0x0F, 0xFF, 0xF0,
  0x00, 0x00, 0x70, 0x0F, 0xFF, 0xF0, 0x0F, 0xFF, 0xF0, 0x0E, 0x00, 0x00, 0x0E, 0x00, 0x00, 0x0F,
  0xFF, 0xF8, 0x0F, 0xFF, 0xF8, 0x00, 0x00, 0x00, 0x00, 0x00, 0x00, 0x01, 0xFF, 0x80, 0x03, 0xFF,
  0xE0, 0x07, 0xC3, 0xF0, 0x0F, 0x00, 0x70, 0x0E, 0x00, 0x70, 0x0F, 0x00, 0x70, 0x07, 0xC3, 0xF0,
  0x03, 0xFF, 0xE0, 0x01, 0xFF, 0x80, 0x3F, 0xFF, 0xF8, 0x7F, 0xFF, 0xFC, 0x7F, 0xFF, 0xFC, 0x00,
  0x38, 0x00, 0x00, 0x38, 0x00, 0x0F, 0xFF, 0xF0, 0x0F, 0xFF, 0xF0, 0x0F, 0xFF, 0xF0, 0x0E, 0x00,
  0x70, 0x0E, 0x00, 0x70, 0x0E, 0x00, 0x70, 0x0F, 0xFF, 0xF0, 0x0F, 0xFF, 0xF0, 0x00, 0x00, 0x00,
  0x00, 0x00, 0x00, 0x00, 0x00, 0x70, 0x03, 0xF0, 0x70, 0x0F, 0xFC, 0x70, 0x1F, 0x3E, 0x70, 0x1C,
  0x0E, 0x70, 0x1C, 0x0E, 0x70, 0x1E, 0x1E, 0x70, 0x0F, 0x3C, 0x70, 0x0F, 0xFC, 0x70, 0x03, 0xF0,
  0x70, 0x00, 0x3F, 0x70, 0x7F, 0xFF, 0x70, 0x3F, 0xFF, 0x70, 0x01, 0xC0, 0x70, 0x01, 0xC0, 0x70,
  0x01, 0xCF, 0xF0, 0x01, 0xCF, 0xF0, 0x01, 0xC0, 0x70, 0x01, 0xC0, 0x70, 0x01, 0xC0, 0x70, 0x01,
  0xC0, 0x70, 0x00, 0x00, 0x70, 0x00, 0x00, 0x00, 0x00, 0x00, 0x00, 0x00, 0x00, 0x70, 0x07, 0xF0,
  0x70, 0x0F, 0xF8, 0x70, 0x1E, 0x3C, 0x70, 0x1C, 0x1C, 0x70, 0x1C, 0x1C, 0x70, 0x1F, 0x3C, 0x70,
  0x0F, 0xF8, 0x70, 0x07, 0xF0, 0x70, 0x00, 0x7F, 0x70, 0x7F, 0xFF, 0x70, 0x3F, 0xFF, 0x70, 0x00,
  0xE0, 0x70, 0x00, 0xE7, 0xF0, 0x00, 0xE7, 0xF0, 0x0F, 0xE0, 0x70, 0x0F, 0x00, 0x70, 0x0F, 0x00,
  0x00, 0x0F, 0x00, 0x00, 0x0F, 0xFF, 0xF8, 0x0F, 0xFF, 0xF8, 0x0F, 0xFF, 0xF8, 0x00, 0x00, 0x00,
  0x07, 0xF0, 0x78, 0x0F, 0xF8, 0x78, 0x1E, 0x3C, 0x78, 0x1C, 0x1C, 0x78, 0x1E, 0x3C, 0x78, 0x0F,
  0xF8, 0x78, 0x07, 0xF0, 0x78, 0x00, 0x03, 0x78, 0x3F, 0xFF, 0x78, 0x3F, 0xFF, 0x78, 0x3F, 0xE0,
  0x78, 0x01, 0xC7, 0xF8, 0x01, 0xC7, 0xF8, 0x01, 0xC0, 0x78, 0x01, 0x81, 0x80, 0x01, 0xC1, 0xC0,
  0x03, 0xC3, 0xC0, 0x03, 0xE3, 0xE0, 0x07, 0xE7, 0xF0, 0x1F, 0x7F, 0x7C, 0x1E, 0x7E, 0x3C, 0x08,
  0x1C, 0x18, 0x00, 0x00, 0x00, 0x00, 0x00, 0x00, 0x00, 0x00, 0x00, 0x00, 0x03, 0xB8, 0x07, 0xC3,
  0xB8, 0x1F, 0xE3, 0xB8, 0x1C, 0xF3, 0xB8, 0x38, 0x73, 0xB8, 0x38, 0x73, 0xB8, 0x38, 0x73, 0xB8,
  0x1C, 0xF3, 0xB8, 0x1F, 0xE3, 0xB8, 0x07, 0xC3, 0xB8, 0x00, 0x7B, 0xB8, 0x7F, 0xFB, 0xB8, 0x3F,
  0xFB, 0xB8, 0x03, 0x83, 0xB8, 0x03, 0xBF, 0xB8, 0x03, 0xBF, 0xB8, 0x03, 0x83, 0xB8, 0x03, 0x83,
  0xB8, 0x03, 0x83, 0xB8, 0x03, 0x83, 0xB8, 0x03, 0x03, 0xB8, 0x00, 0x00, 0x38, 0x00, 0x00, 0x00,
  0x00, 0x00, 0x00, 0x00, 0x03, 0xB8, 0x0F, 0xE3, 0xB8, 0x1F, 0xF3, 0xB8, 0x1C, 0x3B, 0xB8, 0x1C,
  0x3B, 0xB8, 0x1F, 0xF3, 0xB8, 0x0F, 0xE3, 0xB8, 0x01, 0x03, 0xB8, 0x3F, 0xFB, 0xB8, 0x3F, 0xFB,
  0xB8, 0x3F, 0xC3, 0xB8, 0x03, 0xBF, 0xB8, 0x03, 0xBF, 0xB8, 0x01, 0x83, 0xB8, 0x03, 0x00, 0x38,
  0x07, 0x80, 0x38, 0x07, 0xFF, 0xF8, 0x07, 0xFF, 0xF8, 0x07, 0x80, 0x38, 0x07, 0x80, 0x38, 0x07,
  0xFF, 0xF8, 0x07, 0xFF, 0xF8, 0x00, 0x00, 0x00, 0x00, 0x00, 0x00, 0x00, 0x00, 0x70, 0x03, 0xF0,
  0x70, 0x0F, 0xFC, 0x70, 0x0F, 0x3C, 0x70, 0x1E, 0x1E, 0x70, 0x1C, 0x0E, 0x70, 0x1C, 0x0E, 0x70,
  0x1F, 0x3E, 0x70, 0x0F, 0xFC, 0x70, 0x07, 0xF8, 0x70, 0x00, 0x00, 0x70, 0x07, 0xFF, 0x70, 0x3F,
  0xFF, 0x70, 0x3F, 0xFE, 0x70, 0x00, 0xE0, 0x70, 0x00, 0xE0, 0x70, 0x00, 0xE0, 0x70, 0x00, 0xE0,
  0x70, 0x00, 0xE0, 0x70, 0x00, 0xE0, 0x70, 0x00, 0xE0, 0x70, 0x00, 0xE0, 0x70, 0x00, 0x00, 0x00,
  0x00, 0x00, 0x00, 0x00, 0x00, 0x70, 0x07, 0xF8, 0x70, 0x0F, 0xFC, 0x70, 0x1E, 0x1E, 0x70, 0x1C,
  0x0E, 0x70, 0x1C, 0x0E, 0x70, 0x1E, 0x1E, 0x70, 0x0F, 0xFC, 0x70, 0x07, 0xF8, 0x70, 0x00, 0x00,
  0x70, 0x3F, 0xFF, 0x70, 0x3F, 0xFF, 0x70, 0x3F, 0xE0, 0x70, 0x00, 0xE0, 0x70, 0x00, 0xE0, 0x70,
  0x0F, 0xE0, 0x70, 0x0F, 0x00, 0x70, 0x0F, 0x00, 0x00, 0x0F, 0x00, 0x00, 0x0F, 0xFF, 0xF8, 0x0F,
  0xFF, 0xF8, 0x0F, 0xFF, 0xF8, 0x00, 0x00, 0x00, 0x00, 0x00, 0x00, 0x00, 0x00, 0x00, 0x01, 0xFF,
  0x80, 0x07, 0xFF, 0xC0, 0x07, 0x83, 0xE0, 0x0F, 0x00, 0xF0, 0x0E, 0x00, 0xF0, 0x0F, 0x00, 0xF0,
  0x07, 0x83, 0xE0, 0x07, 0xFF, 0xC0, 0x01, 0xFF, 0x80, 0x00, 0x00, 0x00, 0x00, 0x00, 0x00, 0x3F,
  0xFF, 0xFC, 0x3F, 0xFF, 0xFC, 0x3F, 0xFF, 0xFC, 0x03, 0xC3, 0x80, 0x03, 0xC3, 0x80, 0x03, 0xC3,
  0x80, 0x03, 0xC3, 0x80, 0x03, 0xC3, 0x80, 0x03, 0xC3, 0x80, 0x03, 0xC3, 0x80, 0x00, 0x00, 0x00,
  0x00, 0x00, 0x00, 0x00, 0x00, 0x00, 0x01, 0xFF, 0x80, 0x07, 0xFF, 0xE0, 0x0F, 0x81, 0xF0, 0x0E,
  0x00, 0x70, 0x0E, 0x00, 0xF0, 0x0F, 0xC3, 0xF0, 0x07, 0xFF, 0xE0, 0x01, 0xFF, 0x80, 0x00, 0x00,
  0x00, 0x00, 0x00, 0x00, 0x3F, 0xFF, 0xFC, 0x3F, 0xFF, 0xFC, 0x01, 0xC3, 0x80, 0x01, 0xC3, 0x80,
  0x0F, 0xFF, 0xF0, 0x0F, 0xFF, 0xF0, 0x00, 0x00, 0xF0, 0x00, 0x00, 0xF0, 0x00, 0x00, 0xF0, 0x00,
  0x00, 0xF0, 0x00, 0x00, 0xF0, 0x00, 0x00, 0x00, 0x00, 0x00, 0x00, 0x00, 0x00, 0x00, 0x01, 0xFF,
  0x80, 0x07, 0xFF, 0xE0, 0x0F, 0x83, 0xE0, 0x0E, 0x00, 0xF0, 0x0E, 0x00, 0xF0, 0x0F, 0x81, 0xE0,
  0x07, 0xFF, 0xE0, 0x01, 0xFF, 0x80, 0x00, 0x00, 0x00, 0x00, 0x00, 0x00, 0x3F, 0xFF, 0xFC, 0x3F,
  0xFF, 0xFC, 0x00, 0x73, 0x80, 0x00, 0x73, 0x80, 0x00, 0x73, 0x80, 0x0E, 0x73, 0x80, 0x0E, 0x00,
  0x00, 0x0E, 0x00, 0x00, 0x0E, 0x00, 0x00, 0x0F, 0xFF, 0xF0, 0x0F, 0xFF, 0xF0, 0x00, 0x00, 0x00,
  0x00, 0x00, 0x00, 0x00, 0x00, 0x00, 0x00, 0xFF, 0x00, 0x03, 0xFF, 0xC0, 0x07, 0xE7, 0xE0, 0x0F,
  0x00, 0xF0, 0x0E, 0x00, 0x70, 0x0E, 0x00, 0x70, 0x0E, 0x00, 0x70, 0x0E, 0x00, 0x70, 0x0E, 0x00,
  0x70, 0x0F, 0x00, 0xF0, 0x07, 0xE7, 0xE0, 0x03, 0xFF, 0xC0, 0x00, 0xFF, 0x00, 0x00, 0x00, 0x00,
  0x00, 0x00, 0x00, 0x00, 0x00, 0x00, 0x3F, 0xFF, 0xFC, 0x3F, 0xFF, 0xFC, 0x3F, 0xFF, 0xFC, 0x00,
  0x00, 0x00, 0x00, 0x00, 0x00, 0x00, 0x00, 0x00, 0x00, 0x00, 0x00, 0x00, 0x00, 0x00, 0x01, 0xFF,
  0x80, 0x07, 0xFF, 0xE0, 0x07, 0x81, 0xF0, 0x0F, 0x00, 0xF0, 0x0E, 0x00, 0x70, 0x0F, 0x00, 0xF0,
  0x07, 0xC3, 0xE0, 0x03, 0xFF, 0xC0, 0x01, 0xFF, 0x80, 0x00, 0x00, 0x00, 0x3F, 0xFF, 0xFC, 0x3F,
  0xFF, 0xFC, 0x00, 0x00, 0x00, 0x00, 0x00, 0x00, 0x0F, 0x00, 0x00, 0x0F, 0x00, 0x00, 0x0F, 0x00,
  0x00, 0x0F, 0x00, 0x00, 0x0F, 0xFF, 0xF0, 0x0F, 0xFF, 0xF0, 0x0F, 0xFF, 0xF0, 0x00, 0x00, 0x00,
  0x00, 0x00, 0x00, 0x01, 0xFF, 0x80, 0x07, 0xFF, 0xE0, 0x0F, 0xC3, 0xF0, 0x0E, 0x00, 0x70, 0x0E,
  0x00, 0x70, 0x0F, 0xC3, 0xF0, 0x07, 0xFF, 0xE0, 0x01, 0xFF, 0x80, 0x00, 0x00, 0x00, 0x3F, 0xFF,
  0xFC, 0x3F, 0xFF, 0xFC, 0x00, 0x00, 0x00, 0x00, 0x00, 0x00, 0x0F, 0xFF, 0xF0, 0x0F, 0xFF, 0xF0,
  0x00, 0x00, 0xF0, 0x0F, 0xFF, 0xF0, 0x0F, 0xFF, 0xF0, 0x0E, 0x00, 0x00, 0x0E, 0x00, 0x00, 0x0F,
  0xFF, 0xF0, 0x0F, 0xFF, 0xF0, 0x00, 0x00, 0x00, 0x00, 0x00, 0x00, 0x00, 0x00, 0x00, 0x01, 0xFF,
  0x80, 0x07, 0xFF, 0xE0, 0x0F, 0x81, 0xF0, 0x0E, 0x00, 0x70, 0x0E, 0x00, 0x70, 0x0F, 0xC3, 0xF0,
  0x07, 0xFF, 0xE0, 0x01, 0xFF, 0x80, 0x00, 0x00, 0x00, 0x00, 0x00, 0x00, 0x3F, 0xFF, 0xFC, 0x3F,
  0xFF, 0xFC, 0x00, 0x00, 0x00, 0x0F, 0xFF, 0xF0, 0x0F, 0xFF, 0xF0, 0x0F, 0x00, 0xF0, 0x0E, 0x00,
  0x70, 0x0E, 0x00, 0x70, 0x0F, 0x00, 0xF0, 0x0F, 0xFF, 0xF0, 0x0F, 0xFF, 0xF0, 0x00, 0x00, 0x00,
  0x00, 0x00, 0x00, 0x00, 0x00, 0x70, 0x00, 0xC0, 0x70, 0x07, 0xF8, 0x70, 0x0F, 0xFC, 0x70, 0x1F,
  0x3E, 0x70, 0x1C, 0x0E, 0x70, 0x1C, 0x0E, 0x70, 0x1C, 0x0E, 0x70, 0x1E, 0x1E, 0x70, 0x0F, 0x3C,
  0x70, 0x0F, 0xFC, 0x70, 0x03, 0xF0, 0x70, 0x00, 0x00, 0x70, 0x00, 0x00, 0x70, 0x00, 0x07, 0x70,
  0x3F, 0xFF, 0x70, 0x3F, 0xFF, 0x70, 0x3F, 0xC0, 0x70, 0x00, 0x00, 0x70, 0x00, 0x00, 0x70, 0x00,
  0x00, 0x70, 0x00, 0x00, 0x70, 0x00, 0x00, 0x00, 0x00, 0x00, 0x00, 0x00, 0x00, 0x38, 0x01, 0xE0,
  0x38, 0x07, 0xF0, 0x38, 0x0F, 0xF8, 0x38, 0x0F, 0x3C, 0x38, 0x1E, 0x1C, 0x38, 0x1C, 0x1E, 0x38,
  0x1C, 0x0E, 0x38, 0x1C, 0x0E, 0x38, 0x1C, 0x0E, 0x38, 0x1C, 0x0E, 0x38, 0x1C, 0x0E, 0x38, 0x1E,
  0x1E, 0x38, 0x0E, 0x1C, 0x38, 0x0F, 0xFC, 0x38, 0x07, 0xF8, 0x38, 0x03, 0xE0, 0x38, 0x00, 0x00,
  0x38, 0x00, 0x00, 0x38, 0x00, 0x00, 0x38, 0x00, 0x00, 0x38, 0x00, 0x00, 0x38, 0x00, 0x00, 0x00,
  0x00, 0x00, 0x00, 0x00, 0x00, 0x70, 0x03, 0xC0, 0x70, 0x0F, 0xF0, 0x70, 0x1F, 0xF8, 0x70, 0x3C,
  0x3C, 0x70, 0x3C, 0x1C, 0x70, 0x38, 0x1C, 0x70, 0x38, 0x1C, 0x70, 0x3C, 0x3C, 0x70, 0x1E, 0x78,
  0x70, 0x1F, 0xF8, 0x70, 0x07, 0xF0, 0x70, 0x00, 0x00, 0x70, 0x00, 0x00, 0x70, 0x07, 0x80, 0x70,
  0x07, 0x80, 0x70, 0x07, 0x80, 0x00, 0x07, 0x80, 0x00, 0x07, 0x80, 0x00, 0x07, 0xFF, 0xF8, 0x07,
  0xFF, 0xF8, 0x07, 0xFF, 0xF8, 0x00, 0x00, 0x00, 0x00, 0x00, 0x00, 0x00, 0x00, 0x70, 0x07, 0xE0,
  0x70, 0x1F, 0xF8, 0x70, 0x1E, 0x78, 0x70, 0x3C, 0x3C, 0x70, 0x38, 0x1C, 0x70, 0x38, 0x1C, 0x70,
  0x3C, 0x3C, 0x70, 0x1E, 0x78, 0x70, 0x1F, 0xF0, 0x70, 0x07, 0xE0, 0x70, 0x00, 0x00, 0x30, 0x07,
  0xFF, 0xF0, 0x07, 0xFF, 0xF0, 0x00, 0x00, 0x70, 0x00, 0x00, 0x70, 0x07, 0xFF, 0xF0, 0x07, 0xFF,
  0xF0, 0x07, 0x80, 0x00, 0x07, 0x80, 0x00, 0x07, 0xFF, 0xF8, 0x07, 0xFF, 0xF8, 0x00, 0x00, 0x00,
  0x00, 0x00, 0x70, 0x07, 0xE0, 0x70, 0x1F, 0xF8, 0x70, 0x1E, 0x78, 0x70, 0x3C, 0x1C, 0x70, 0x38,
  0x1C, 0x70, 0x38, 0x1C, 0x70, 0x3C, 0x3C, 0x70, 0x1E, 0x78, 0x70, 0x1F, 0xF8, 0x70, 0x07, 0xE0,
  0x70, 0x00, 0x00, 0x70, 0x0F, 0xF7, 0xF0, 0x0F, 0xF7, 0xF0, 0x00, 0x77, 0xF0, 0x00, 0x70, 0x70,
  0x0F, 0xF0, 0x70, 0x0F, 0xF0, 0x70, 0x0E, 0x00, 0x70, 0x0F, 0x18, 0x70, 0x0F, 0xFC, 0x70, 0x0F,
  0xF8, 0x70, 0x00, 0x00, 0x00, 0x00, 0x00, 0x00, 0x00, 0x00, 0x00, 0x00, 0x00, 0x70, 0x07, 0xE0,
  0x70, 0x0F, 0xF8, 0x70, 0x1F, 0xF8, 0x70, 0x3C, 0x3C, 0x70, 0x38, 0x1C, 0x70, 0x38, 0x1C, 0x70,
  0x38, 0x1C, 0x70, 0x3C, 0x3C, 0x70, 0x1F, 0xF8, 0x70, 0x0F, 0xF0, 0x70, 0x03, 0xC0, 0x70, 0x00,
  0x00, 0x70, 0x00, 0x00, 0x00, 0x07, 0xFF, 0xF0, 0x07, 0xFF, 0xF0, 0x07, 0x00, 0x70, 0x07, 0x00,
  0x70, 0x07, 0x00, 0x70, 0x07, 0x80, 0x70, 0x07, 0xFF, 0xF0, 0x07, 0xFF, 0xF0, 0x00, 0x00, 0x00,
  0x00, 0x00, 0x00, 0x00, 0x00, 0x70, 0x07, 0xE0, 0x70, 0x1F, 0xF8, 0x70, 0x1F, 0xF8, 0x70, 0x3C,
  0x3C, 0x70, 0x38, 0x1C, 0x70, 0x38, 0x1C, 0x70, 0x3C, 0x1C, 0x70, 0x1E, 0x7C, 0x70, 0x1F, 0xF8,
  0x70, 0x0F, 0xF0, 0x70, 0x00, 0x00, 0x70, 0x00, 0x00, 0x00, 0x07, 0x00, 0x70, 0x07, 0x80, 0x70,
  0x07, 0xFF, 0xF0, 0x07, 0xFF, 0xF0, 0x07, 0x80, 0x70, 0x07, 0x80, 0x70, 0x07, 0x80, 0x70, 0x07,
  0xFF, 0xF0, 0x07, 0xFF, 0xF0, 0x00, 0x00, 0x00, 0x00, 0x00, 0x00, 0x00, 0x00, 0x70, 0x07, 0xE0,
  0x70, 0x0F, 0xF0, 0x70, 0x1F, 0xF8, 0x70, 0x3C, 0x3C, 0x70, 0x38, 0x1C, 0x70, 0x38, 0x1C, 0x70,
  0x38, 0x1C, 0x70, 0x3C, 0x3C, 0x70, 0x1F, 0xF8, 0x70, 0x0F, 0xF0, 0x70, 0x03, 0xC0, 0x70, 0x00,
  0x00, 0x70, 0x01, 0xC1, 0xC0, 0x01, 0xC1, 0xC0, 0x01, 0xC1, 0xC0, 0x03, 0xC3, 0xE0, 0x03, 0xE3,
  0xE0, 0x07, 0xF7, 0xF0, 0x1F, 0x7F, 0x7C, 0x1E, 0x3E, 0x3C, 0x08, 0x1C, 0x08, 0x00, 0x00, 0x00,
  0x00, 0x00, 0x30, 0x00, 0x00, 0x70, 0x07, 0xE0, 0x70, 0x0F, 0xF0, 0x70, 0x1F, 0xF8, 0x70, 0x3C,
  0x3C, 0x70, 0x38, 0x1C, 0x70, 0x38, 0x1C, 0x70, 0x38, 0x1C, 0x70, 0x3C, 0x3C, 0x70, 0x1F, 0xF8,
  0x70, 0x0F, 0xF0, 0x70, 0x07, 0xE0, 0x70, 0x00, 0x00, 0x70, 0x00, 0x00, 0x70, 0x00, 0xFF, 0xC0,
  0x03, 0xFF, 0xE0, 0x07, 0xC1, 0xF0, 0x07, 0x00, 0x70, 0x07, 0x00, 0x70, 0x07, 0xE1, 0xF0, 0x03,
  0xFF, 0xE0, 0x00, 0xFF, 0x80, 0x00, 0x00, 0x00, 0x00, 0x00, 0x00, 0x00, 0x00, 0x78, 0x07, 0xE0,
  0x78, 0x0F, 0xF8, 0x78, 0x1F, 0xFC, 0x78, 0x3C, 0x3C, 0x78, 0x38, 0x1C, 0x78, 0x38, 0x1C, 0x78,
  0x3C, 0x1C, 0x78, 0x1C, 0x3C, 0x78, 0x1F, 0xF8, 0x78, 0x0F, 0xF0, 0x78, 0x01, 0xC0, 0x78, 0x00,
  0x00, 0x00, 0x07, 0xFF, 0xF8, 0x07, 0xFF, 0xF8, 0x07, 0xFF, 0xF8, 0x00, 0xE1, 0xC0, 0x00, 0xE1,
  0xC0, 0x00, 0xE1, 0xC0, 0x00, 0xE1, 0xC0, 0x07, 0xFF, 0xF8, 0x07, 0xFF, 0xF8, 0x00, 0x00, 0x00,
  0x00, 0x00, 0x00, 0x00, 0x00, 0xE0, 0x00, 0x00, 0xE0, 0x7F, 0xFC, 0xE0, 0x7F, 0xFC, 0xE0, 0x03,
  0xC0, 0xE0, 0x03, 0xC0, 0xE0, 0x03, 0xC0, 0xE0, 0x03, 0xC0, 0xE0, 0x03, 0xC0, 0xFC, 0x03, 0xC0,
  0xFC, 0x07, 0xE0, 0xFC, 0x07, 0xE0, 0xE0, 0x0F, 0xF0, 0xE0, 0x1E, 0x78, 0xE0, 0x3E, 0x3C, 0xE0,
  0x7C, 0x3E, 0xE0, 0x78, 0x0C, 0xE0, 0x30, 0x00, 0xE0, 0x00, 0x00, 0xE0, 0x00, 0x00, 0xE0, 0x00,
  0x00, 0xE0, 0x00, 0x00, 0xE0, 0x00, 0x00, 0x00, 0x00, 0x00, 0x00, 0x00, 0x00, 0x70, 0x1F, 0xFE,
  0x70, 0x1F, 0xFE, 0x70, 0x1F, 0xFE, 0x70, 0x01, 0xE0, 0x70, 0x01, 0xE0, 0x7E, 0x01, 0xE0, 0x7E,
  0x03, 0xF0, 0x7E, 0x07, 0xF8, 0x70, 0x0F, 0x3C, 0x70, 0x3F, 0x3F, 0x70, 0x3E, 0x0E, 0x70, 0x18,
  0x04, 0x70, 0x00, 0x00, 0x70, 0x07, 0xFF, 0xF0, 0x07, 0xFF, 0xF0, 0x00, 0x00, 0x70, 0x00, 0x00,
  0x70, 0x00, 0x00, 0x70, 0x00, 0x00, 0x70, 0x00, 0x00, 0x70, 0x00, 0x00, 0x70, 0x00, 0x00, 0x00,
  0x00, 0x00, 0x00, 0x1F, 0xFC, 0xE0, 0x3F, 0xFC, 0xE0, 0x3F, 0xFC, 0xE0, 0x01, 0xC0, 0xE0, 0x01,
  0xC0, 0xE0, 0x03, 0xE0, 0xFE, 0x03, 0xE0, 0xFE, 0x07, 0xF0, 0xE0, 0x0F, 0x7C, 0xE0, 0x3E, 0x3E,
  0xE0, 0x3C, 0x1C, 0xE0, 0x10, 0x00, 0xE0, 0x07, 0xFF, 0xE0, 0x07, 0xFF, 0xE0, 0x00, 0x00, 0xE0,
  0x00, 0x00, 0xE0, 0x07, 0xFF, 0xE0, 0x07, 0xFF, 0xE0, 0x07, 0x00, 0x00, 0x07, 0x00, 0x00, 0x07,
  0xFF, 0xF0, 0x07, 0xFF, 0xF0, 0x00, 0x00, 0x00, 0x00, 0x00, 0x00, 0x00, 0x00, 0xE0, 0x3F, 0xFC,
  0xE0, 0x3F, 0xFC, 0xE0, 0x1F, 0xFC, 0xE0, 0x01, 0xC0, 0xE0, 0x01, 0xC0, 0xFC, 0x03, 0xE0, 0xFC,
  0x03, 0xF0, 0xE0, 0x07, 0x78, 0xE0, 0x1F, 0x7E, 0xE0, 0x3E, 0x3E, 0xE0, 0x3C, 0x0C, 0xE0, 0x10,
  0x00, 0xE0, 0x00, 0x00, 0x00, 0x07, 0xFF, 0xE0, 0x07, 0xFF, 0xE0, 0x07, 0x00, 0xE0, 0x07, 0x00,
  0xE0, 0x07, 0x00, 0xE0, 0x07, 0x00, 0xE0, 0x07, 0xFF, 0xE0, 0x07, 0xFF, 0xE0, 0x00, 0x00, 0x00,
  0x00, 0x00, 0x00, 0x00, 0x00, 0xE0, 0x3F, 0xFC, 0xE0, 0x3F, 0xFC, 0xE0, 0x1F, 0xFC, 0xE0, 0x01,
  0xC0, 0xE0, 0x03, 0xE0, 0xFC, 0x03, 0xE0, 0xFC, 0x07, 0xF0, 0xE0, 0x0F, 0x78, 0xE0, 0x1F, 0x3E,
  0xE0, 0x3E, 0x1E, 0xE0, 0x38, 0x0C, 0xE0, 0x00, 0x00, 0x00, 0x07, 0x00, 0xE0, 0x07, 0x00, 0xE0,
  0x07, 0xFF, 0xE0, 0x07, 0xFF, 0xE0, 0x07, 0x00, 0xE0, 0x07, 0x00, 0xE0, 0x07, 0x00, 0xE0, 0x07,
  0xFF, 0xE0, 0x07, 0xFF, 0xE0, 0x00, 0x00, 0x00, 0x00, 0x00, 0x00, 0x00, 0x00, 0xF0, 0x1F, 0xFC,
  0xF0, 0x3F, 0xFE, 0xF0, 0x3F, 0xFE, 0xF0, 0x01, 0xC0, 0xF0, 0x01, 0xC0, 0xFE, 0x03, 0xE0, 0xFE,
  0x03, 0xE0, 0xFC, 0x07, 0xF8, 0xF0, 0x0F, 0x3E, 0xF0, 0x3E, 0x3E, 0xF0, 0x3C, 0x0E, 0xF0, 0x18,
  0x00, 0xF0, 0x00, 0x00, 0x00, 0x01, 0xFF, 0x80, 0x03, 0xFF, 0xE0, 0x07, 0xC1, 0xF0, 0x07, 0x00,
  0x70, 0x07, 0x00, 0x70, 0x07, 0xE3, 0xF0, 0x03, 0xFF, 0xE0, 0x00, 0xFF, 0x80, 0x00, 0x00, 0x00,
  0x00, 0x00, 0x00, 0x00, 0x03, 0x9C, 0x00, 0x03, 0x9C, 0x00, 0x03, 0x9C, 0x3F, 0xFB, 0x9C, 0x3F,
  0xFB, 0x9C, 0x03, 0x83, 0x9C, 0x03, 0x83, 0x9C, 0x03, 0x83, 0x9C, 0x03, 0xC3, 0x9C, 0x03, 0xC3,
  0xFC, 0x03, 0xC3, 0xFC, 0x07, 0xE3, 0x9C, 0x07, 0xE3, 0x9C, 0x0F, 0xF3, 0x9C, 0x1E, 0x7F, 0x9C,
  0x3C, 0x3F, 0x9C, 0x3C, 0x1B, 0x9C, 0x18, 0x03, 0x9C, 0x00, 0x03, 0x9C, 0x00, 0x03, 0x9C, 0x00,
  0x03, 0x9C, 0x00, 0x00, 0x1C, 0x00, 0x00, 0x00, 0x00, 0x00, 0x00, 0x00, 0x00, 0x38, 0x00, 0x00,
  0x38, 0x3F, 0xFE, 0x38, 0x3F, 0xFE, 0x38, 0x01, 0xE0, 0x38, 0x01, 0xC0, 0x38, 0x01, 0xE0, 0x38,
  0x01, 0xE0, 0x38, 0x01, 0xE3, 0xF8, 0x03, 0xE3, 0xF8, 0x03, 0xF0, 0x38, 0x03, 0xF0, 0x38, 0x07,
  0x78, 0x38, 0x0F, 0x3C, 0x38, 0x1E, 0x1E, 0x38, 0x3E, 0x1F, 0x38, 0x3C, 0x06, 0x38, 0x10, 0x00,
  0x38, 0x00, 0x00, 0x38, 0x00, 0x00, 0x38, 0x00, 0x00, 0x38, 0x00, 0x00, 0x38, 0x00, 0x00, 0x00,
  0x00, 0x00, 0x00, 0x00, 0x00, 0x78, 0x1F, 0xFC, 0x78, 0x1F, 0xFE, 0x78, 0x1F, 0xFE, 0x78, 0x01,
  0xC0, 0x78, 0x01, 0xC0, 0x78, 0x01, 0xE3, 0xF8, 0x03, 0xE3, 0xF8, 0x03, 0xF0, 0x78, 0x07, 0xF8,
  0x78, 0x0F, 0x3C, 0x78, 0x3E, 0x3E, 0x78, 0x3C, 0x0E, 0x78, 0x18, 0x04, 0x78, 0x00, 0x00, 0x78,
  0x03, 0x80, 0x78, 0x03, 0x80, 0x00, 0x03, 0x80, 0x00, 0x03, 0x80, 0x00, 0x03, 0x80, 0x00, 0x03,
  0xFF, 0xF8, 0x03, 0xFF, 0xF8, 0x00, 0x00, 0x00, 0x00, 0x00, 0x00, 0x00, 0x00, 0x38, 0x3F, 0xFE,
  0x38, 0x3F, 0xFE, 0x38, 0x01, 0xC0, 0x38, 0x01, 0xE0, 0x38, 0x03, 0xE3, 0xF8, 0x03, 0xF3, 0xF8,
  0x07, 0xF8, 0x38, 0x0F, 0x7E, 0x38, 0x3E, 0x3F, 0x38, 0x3C, 0x0E, 0x38, 0x10, 0x00, 0x30, 0x03,
  0xFF, 0xF8, 0x03, 0xFF, 0xF8, 0x00, 0x00, 0x38, 0x00, 0x00, 0x38, 0x03, 0xFF, 0xF8, 0x03, 0xFF,
  0xF8, 0x03, 0x80, 0x00, 0x03, 0x80, 0x00, 0x03, 0xFF, 0xF8, 0x03, 0xFF, 0xF8, 0x00, 0x00, 0x00,
  0x00, 0x00, 0x00, 0x00, 0x00, 0x38, 0x1F, 0xFE, 0x38, 0x1F, 0xFE, 0x38, 0x1F, 0xFE, 0x38, 0x01,
  0xE0, 0x38, 0x01, 0xE3, 0xF8, 0x03, 0xE3, 0xF8, 0x03, 0xF0, 0x38, 0x07, 0xF8, 0x38, 0x1F, 0x3E,
  0x38, 0x3E, 0x1E, 0x38, 0x1C, 0x06, 0x38, 0x00, 0x00, 0x38, 0x00, 0x00, 0x00, 0x03, 0xFF, 0xF8,
  0x03, 0xFF, 0xF8, 0x03, 0x80, 0x38, 0x03, 0x80, 0x38, 0x03, 0x80, 0x38, 0x03, 0x80, 0x38, 0x03,
  0xFF, 0xF8, 0x03, 0xFF, 0xF8, 0x00, 0x00, 0x00, 0x00, 0x00, 0x00, 0x00, 0x00, 0x70, 0x1F, 0xFC,
  0x70, 0x1F, 0xFC, 0x70, 0x1F, 0xFC, 0x70, 0x01, 0xC0, 0x70, 0x01, 0xE0, 0x70, 0x03, 0xE7, 0xF0,
  0x03, 0xF7, 0xF0, 0x07, 0xF0, 0x70, 0x0F, 0x78, 0x70, 0x1E, 0x3E, 0x70, 0x3E, 0x1C, 0x70, 0x18,
  0x04, 0x70, 0x00, 0x00, 0x70, 0x00, 0xFF, 0xC0, 0x03, 0xFF, 0xE0, 0x07, 0xC1, 0xF0, 0x07, 0x00,
  0x70, 0x07, 0x00, 0x70, 0x07, 0xE1, 0xF0, 0x03, 0xFF, 0xE0, 0x00, 0xFF, 0x80, 0x00, 0x00, 0x00,
  0x00, 0x00, 0x00, 0x00, 0x03, 0x38, 0x00, 0x03, 0xB8, 0x1F, 0xF3, 0xB8, 0x3F, 0xFB, 0xB8, 0x3F,
  0xFB, 0xB8, 0x03, 0x83, 0xB8, 0x03, 0x83, 0xB8, 0x03, 0x83, 0xB8, 0x03, 0xDF, 0xB8, 0x03, 0xDF,
  0xB8, 0x07, 0xC3, 0xB8, 0x07, 0xC3, 0xB8, 0x07, 0xE3, 0xB8, 0x0E, 0xF3, 0xB8, 0x1E, 0x7B, 0xB8,
  0x3C, 0x7B, 0xB8, 0x38, 0x3B, 0xB8, 0x10, 0x03, 0xB8, 0x00, 0x03, 0xB8, 0x00, 0x03, 0xB8, 0x00,
  0x03, 0xB8, 0x00, 0x00, 0x38, 0x00, 0x00, 0x00, 0x00, 0x00, 0x00, 0x00, 0x00, 0x38, 0x00, 0x00,
  0x38, 0x3F, 0xFE, 0x38, 0x3F, 0xFE, 0x38, 0x01, 0xE0, 0x38, 0x01, 0xC0, 0x38, 0x01, 0xE3, 0xF8,
  0x01, 0xE3, 0xF8, 0x01, 0xE3, 0xF8, 0x03, 0xE0, 0x38, 0x03, 0xF1, 0xF8, 0x03, 0xF3, 0xF8, 0x07,
  0x3B, 0xF8, 0x0F, 0x3C, 0x38, 0x1E, 0x1E, 0x38, 0x3E, 0x0F, 0x38, 0x3C, 0x06, 0x38, 0x18, 0x00,
  0x38, 0x00, 0x00, 0x38, 0x00, 0x00, 0x38, 0x00, 0x00, 0x38, 0x00, 0x00, 0x38, 0x00, 0x00, 0x00,
  0x00, 0x00, 0x00, 0x00, 0x00, 0x78, 0x1F, 0xFE, 0x78, 0x1F, 0xFE, 0x78, 0x1F, 0xFE, 0x78, 0x01,
  0xE3, 0xF8, 0x01, 0xE3, 0xF8, 0x01, 0xE0, 0x78, 0x03, 0xF0, 0x78, 0x07, 0xF3, 0xF8, 0x0F, 0x7F,
  0xF8, 0x1F, 0x3E, 0x78, 0x3E, 0x1E, 0x78, 0x18, 0x04, 0x78, 0x00, 0xC1, 0xC0, 0x01, 0xE1, 0xC0,
  0x01, 0xE1, 0xE0, 0x01, 0xE1, 0xE0, 0x03, 0xE3, 0xF0, 0x07, 0xF7, 0xF8, 0x1F, 0x7F, 0x7C, 0x0E,
  0x3E, 0x3C, 0x0C, 0x0C, 0x08, 0x00, 0x00, 0x00, 0x00, 0x00, 0x00, 0x00, 0x00, 0x00, 0x00, 0x00,
  0x00, 0x0F, 0xFF, 0xF8, 0x0F, 0xFF, 0xF8, 0x00, 0x1C, 0x00, 0x00, 0x3C, 0x00, 0x00, 0x3E, 0x00,
  0x00, 0x7F, 0x00, 0x00, 0xF7, 0x80, 0x03, 0xE3, 0xE0, 0x0F, 0xC1, 0xFC, 0x1F, 0x80, 0xF8, 0x0E,
  0x1C, 0x38, 0x00, 0x1C, 0x00, 0x00, 0x1C, 0x00, 0x00, 0x1C, 0x00, 0x00, 0x1C, 0x00, 0x3F, 0xFF,
  0xFE, 0x3F, 0xFF, 0xFE, 0x1F, 0xFF, 0xFC, 0x00, 0x00, 0x00, 0x00, 0x00, 0x00, 0x00, 0x00, 0x00,
  0x00, 0x00, 0x00, 0x00, 0x00, 0x00, 0x1F, 0xFF, 0xF0, 0x1F, 0xFF, 0xF0, 0x00, 0x7C, 0x00, 0x00,
  0x7E, 0x00, 0x01, 0xFF, 0x00, 0x0F, 0xEF, 0xE0, 0x1F, 0xC3, 0xF8, 0x1F, 0x39, 0xF0, 0x00, 0x38,
  0x00, 0x00, 0x38, 0x00, 0x7F, 0xFF, 0xFC, 0x7F, 0xFF, 0xFC, 0x00, 0x00, 0x00, 0x01, 0xFF, 0x00,
  0x07, 0xFF, 0xC0, 0x0F, 0xC7, 0xE0, 0x0E, 0x00, 0xE0, 0x0E, 0x00, 0xE0, 0x0F, 0x83, 0xE0, 0x07,
  0xFF, 0xC0, 0x01, 0xFF, 0x00, 0x00, 0x00, 0x00, 0x00, 0x00, 0x00, 0x00, 0x00, 0x00, 0x1F, 0xFF,
  0xF0, 0x1F, 0xFF, 0xF0, 0x00, 0x7C, 0x00, 0x00, 0xFF, 0x00, 0x07, 0xEF, 0xE0, 0x1F, 0xC3, 0xF8,
  0x1F, 0x38, 0xF8, 0x00, 0x38, 0x00, 0x7F, 0xFF, 0xFC, 0x7F, 0xFF, 0xFC, 0x00, 0x00, 0x00, 0x00,
  0x38, 0x00, 0x00, 0x38, 0x00, 0x1F, 0xFF, 0xF0, 0x1F, 0xFF, 0xF0, 0x01, 0xFF, 0x80, 0x03, 0xFF,
  0xC0, 0x07, 0x81, 0xE0, 0x07, 0x81, 0xE0, 0x07, 0xFF, 0xC0, 0x01, 0xFF, 0x80, 0x00, 0x00, 0x00,
  0x00, 0x00, 0x00, 0x00, 0x00, 0x00, 0x1F, 0xFF, 0xF0, 0x1F, 0xFF, 0xF0, 0x00, 0x7C, 0x00, 0x00,
  0x7C, 0x00, 0x00, 0xFF, 0x00, 0x07, 0xEF, 0xC0, 0x1F, 0xC3, 0xF0, 0x1F, 0x01, 0xF0, 0x09, 0xC7,
  0x30, 0x01, 0xC7, 0x00, 0x3F, 0xFF, 0xF8, 0x3F, 0xFF, 0xF8, 0x3F, 0xFF, 0xF8, 0x00, 0x00, 0x00,
  0x0E, 0x00, 0x00, 0x0E, 0x00, 0x00, 0x0E, 0x00, 0x00, 0x0E, 0x00, 0x00, 0x0F, 0xFF, 0xF0, 0x0F,
  0xFF, 0xF0, 0x0F, 0xFF, 0xF0, 0x00, 0x00, 0x00, 0x00, 0x00, 0x00, 0x00, 0x00, 0x00, 0x1F, 0xFF,
  0xF0, 0x1F, 0xFF, 0xF0, 0x00, 0x3C, 0x00, 0x00, 0x7C, 0x00, 0x00, 0x7E, 0x00, 0x00, 0xFF, 0x00,
  0x03, 0xEF, 0xC0, 0x1F, 0xC7, 0xF0, 0x1F, 0x01, 0xF0, 0x1C, 0x00, 0x70, 0x00, 0x00, 0x00, 0x3F,
  0xFF, 0xFC, 0x7F, 0xFF, 0xFC, 0x3F, 0xFF, 0xFC, 0x00, 0x38, 0x00, 0x00, 0x38, 0x00, 0x00, 0x38,
  0x00, 0x00, 0x38, 0x00, 0x00, 0x38, 0x00, 0x00, 0x38, 0x00, 0x00, 0x38, 0x00, 0x00, 0x00, 0x00,
  0x00, 0x00, 0x00, 0x00, 0x00, 0x00, 0x1F, 0xFF, 0xF0, 0x1F, 0xFF, 0xF0, 0x00, 0x3E, 0x00, 0x00,
  0x7E, 0x00, 0x00, 0xFF, 0x00, 0x03, 0xE7, 0xC0, 0x1F, 0xC3, 0xF8, 0x1F, 0x80, 0xF8, 0x08, 0x00,
  0x30, 0x1F, 0xFF, 0xFC, 0x3F, 0xFF, 0xFC, 0x3F, 0xFF, 0xFC, 0x00, 0x1C, 0x00, 0x00, 0x1C, 0x00,
  0x0E, 0x1C, 0x00, 0x0E, 0x1C, 0x00, 0x0E, 0x00, 0x00, 0x0E, 0x00, 0x00, 0x0F, 0xFF, 0xF0, 0x0F,
  0xFF, 0xF0, 0x0F, 0xFF, 0xF0, 0x00, 0x00, 0x00, 0x00, 0x00, 0x00, 0x00, 0x00, 0x00, 0x1F, 0xFF,
  0xF0, 0x1F, 0xFF, 0xF0, 0x00, 0x7C, 0x00, 0x00, 0xFF, 0x00, 0x1F, 0xEF, 0xF0, 0x1F, 0xC3, 0xF8,
  0x1E, 0x00, 0xF0, 0x3F, 0xFF, 0xF8, 0x7F, 0xFF, 0xFC, 0x7F, 0xFF, 0xFC, 0x00, 0x38, 0x00, 0x00,
  0x38, 0x00, 0x0F, 0xFF, 0xE0, 0x0F, 0xFF, 0xE0, 0x00, 0x00, 0xE0, 0x0F, 0xFF, 0xE0, 0x0F, 0xFF,
  0xE0, 0x0E, 0x00, 0x00, 0x0E, 0x00, 0x00, 0x0F, 0xFF, 0xF0, 0x0F, 0xFF, 0xF0, 0x00, 0x00, 0x00,
  0x00, 0x00, 0x00, 0x00, 0x00, 0x00, 0x1F, 0xFF, 0xF0, 0x1F, 0xFF, 0xF0, 0x00, 0x7C, 0x00, 0x00,
  0xFE, 0x00, 0x01, 0xFF, 0x00, 0x1F, 0xE7, 0xF0, 0x1F, 0x83, 0xF0, 0x1E, 0x00, 0xF0, 0x00, 0x00,
  0x00, 0x7F, 0xFF, 0xFC, 0x7F, 0xFF, 0xFC, 0x00, 0x38, 0x00, 0x00, 0x38, 0x00, 0x01, 0xFF, 0x00,
  0x07, 0xFF, 0xC0, 0x0F, 0xFF, 0xE0, 0x0E, 0x00, 0xE0, 0x0E, 0x00, 0xE0, 0x0F, 0xC7, 0xE0, 0x07,
  0xFF, 0xC0, 0x01, 0xFF, 0x00, 0x00, 0x00, 0x00, 0x00, 0x00, 0x00, 0x00, 0x00, 0x38, 0x00, 0x00,
  0x38, 0x1F, 0xFE, 0x38, 0x1F, 0xFE, 0x38, 0x00, 0xE0, 0x38, 0x01, 0xF0, 0x38, 0x03, 0xF8, 0x38,
  0x0F, 0xFE, 0x38, 0x1F, 0x1F, 0x38, 0x1E, 0x0E, 0x38, 0x00, 0x00, 0x38, 0x1F, 0xFF, 0xB8, 0x3F,
  0xFF, 0xB8, 0x3F, 0xFE, 0x38, 0x00, 0xE0, 0x38, 0x00, 0xE7, 0xF8, 0x00, 0xE7, 0xF8, 0x00, 0xE0,
  0x38, 0x00, 0xE0, 0x38, 0x00, 0xE0, 0x38, 0x00, 0xE0, 0x38, 0x00, 0xE0, 0x38, 0x00, 0x00, 0x00,
  0x00, 0x00, 0x00, 0x00, 0x00, 0x00, 0x0F, 0xFF, 0xF8, 0x0F, 0xFF, 0xF8, 0x00, 0x3C, 0x00, 0x00,
  0x3C, 0x00, 0x00, 0x7E, 0x00, 0x00, 0xFF, 0x00, 0x03, 0xE7, 0xC0, 0x1F, 0xC3, 0xF8, 0x1F, 0x80,
  0xF8, 0x0E, 0x00, 0x38, 0x00, 0x00, 0x00, 0x3F, 0xFF, 0xFE, 0x3F, 0xFF, 0xFE, 0x3F, 0xFF, 0xFE,
  0x01, 0xC1, 0xC0, 0x01, 0xC1, 0xC0, 0x01, 0xC1, 0xC0, 0x01, 0xC1, 0xC0, 0x01, 0xC1, 0xC0, 0x01,
  0xC1, 0xC0, 0x01, 0xC1, 0xC0, 0x00, 0x00, 0x00, 0x00, 0x00, 0x00, 0x00, 0x00, 0x00, 0x0F, 0xFF,
  0xF0, 0x0F, 0xFF, 0xF0, 0x00, 0x3C, 0x00, 0x00, 0xFF, 0x00, 0x03, 0xFF, 0xC0, 0x1F, 0xE3, 0xF8,
  0x1F, 0x81, 0xF8, 0x00, 0x00, 0x00, 0x3F, 0xFF, 0xFC, 0x3F, 0xFF, 0xFC, 0x00, 0x00, 0x00, 0x00,
  0x00, 0x00, 0x0F, 0xFF, 0xF0, 0x0F, 0xFF, 0xF0, 0x00, 0x00, 0xF0, 0x0F, 0xFF, 0xF0, 0x0F, 0xFF,
  0xF0, 0x0E, 0x00, 0x00, 0x0E, 0x00, 0x00, 0x0F, 0xFF, 0xF0, 0x0F, 0xFF, 0xF0, 0x00, 0x00, 0x00,
  0x00, 0x00, 0x00, 0x00, 0x00, 0x70, 0x00, 0x00, 0x70, 0x3F, 0xFE, 0x70, 0x3F, 0xFE, 0x70, 0x01,
  0xE0, 0x70, 0x01, 0xE0, 0x70, 0x01, 0xE0, 0x70, 0x01, 0xE0, 0x70, 0x01, 0xE0, 0x70, 0x01, 0xE0,
  0x70, 0x03, 0xF0, 0x70, 0x03, 0xF0, 0x70, 0x07, 0xF8, 0x70, 0x0F, 0x3C, 0x70, 0x1E, 0x1E, 0x70,
  0x3E, 0x0F, 0x70, 0x3C, 0x06, 0x70, 0x10, 0x00, 0x70, 0x00, 0x00, 0x70, 0x00, 0x00, 0x70, 0x00,
  0x00, 0x70, 0x00, 0x00, 0x70, 0x00, 0x00, 0x00, 0x00, 0x00, 0x30, 0x00, 0x00, 0x70, 0x1F, 0xFE,
  0x70, 0x1F, 0xFE, 0x70, 0x1F, 0xFE, 0x70, 0x01, 0xE0, 0x70, 0x01, 0xE0, 0x70, 0x01, 0xF0, 0x70,
  0x03, 0xF0, 0x70, 0x07, 0xF8, 0x70, 0x0F, 0x3E, 0x70, 0x3E, 0x1E, 0x70, 0x1C, 0x0E, 0x70, 0x10,
  0x00, 0x70, 0x00, 0x00, 0x00, 0x07, 0xFF, 0xF0, 0x07, 0xFF, 0xF0, 0x00, 0x00, 0x70, 0x00, 0x00,
  0x70, 0x00, 0x00, 0x70, 0x00, 0x00, 0x70, 0x00, 0x00, 0x70, 0x00, 0x00, 0x70, 0x00, 0x00, 0x00,
  0x00, 0x00, 0x00, 0x00, 0x00, 0x38, 0x1F, 0xFE, 0x38, 0x1F, 0xFF, 0x38, 0x1F, 0xFE, 0x38, 0x01,
  0xE0, 0x38, 0x01, 0xE0, 0x38, 0x01, 0xE0, 0x38, 0x03, 0xF0, 0x38, 0x03, 0xF8, 0x38, 0x07, 0xBC,
  0x38, 0x1F, 0x1F, 0x38, 0x3E, 0x0F, 0x38, 0x1C, 0x06, 0x38, 0x00, 0x00, 0x38, 0x03, 0x80, 0x38,
  0x03, 0x80, 0x38, 0x03, 0x80, 0x00, 0x03, 0x80, 0x00, 0x03, 0x80, 0x00, 0x03, 0xFF, 0xF8, 0x03,
  0xFF, 0xF8, 0x03, 0xFF, 0xF8, 0x00, 0x00, 0x00, 0x00, 0x00, 0x00, 0x00, 0x00, 0x38, 0x1F, 0xFF,
  0x38, 0x1F, 0xFF, 0x38, 0x01, 0xE0, 0x38, 0x01, 0xE0, 0x38, 0x01, 0xE0, 0x38, 0x03, 0xF0, 0x38,
  0x07, 0xBC, 0x38, 0x1F, 0x3F, 0x38, 0x3E, 0x0F, 0x38, 0x1C, 0x06, 0x38, 0x00, 0x00, 0x00, 0x03,
  0xFF, 0xF8, 0x03, 0xFF, 0xF8, 0x00, 0x00, 0x38, 0x00, 0x00, 0x38, 0x03, 0xFF, 0xF8, 0x03, 0xFF,
  0xF8, 0x03, 0x80, 0x00, 0x03, 0x80, 0x00, 0x03, 0xFF, 0xF8, 0x03, 0xFF, 0xF8, 0x00, 0x00, 0x00,
  0x00, 0x00, 0x00, 0x00, 0x00, 0x38, 0x1F, 0xFE, 0x38, 0x1F, 0xFF, 0x38, 0x1F, 0xFE, 0x38, 0x01,
  0xE0, 0x38, 0x01, 0xE0, 0x38, 0x03, 0xF0, 0x38, 0x03, 0xF8, 0x38, 0x07, 0xBC, 0x38, 0x1F, 0x1F,
  0x38, 0x3E, 0x0F, 0x38, 0x18, 0x02, 0x38, 0x00, 0x00, 0x00, 0x03, 0x80, 0x38, 0x03, 0x80, 0x38,
  0x03, 0xFF, 0xF8, 0x03, 0xFF, 0xF8, 0x03, 0x80, 0x38, 0x03, 0x80, 0x38, 0x03, 0x80, 0x38, 0x03,
  0xFF, 0xF8, 0x03, 0xFF, 0xF8, 0x00, 0x00, 0x00, 0x00, 0x00, 0x00, 0x00, 0x00, 0x70, 0x1F, 0xFE,
  0x70, 0x1F, 0xFE, 0x70, 0x1F, 0xFE, 0x70, 0x01, 0xE0, 0x70, 0x01, 0xE0, 0x70, 0x01, 0xE0, 0x70,
  0x03, 0xF0, 0x70, 0x07, 0xF8, 0x70, 0x0F, 0xBE, 0x70, 0x3F, 0x1F, 0x70, 0x3E, 0x0E, 0x70, 0x18,
  0x00, 0x70, 0x00, 0x0C, 0x70, 0x00, 0x1E, 0x70, 0x00, 0x1E, 0x00, 0x00, 0x3E, 0x00, 0x00, 0x3F,
  0x00, 0x00, 0xFF, 0xC0, 0x07, 0xF3, 0xF8, 0x07, 0xC1, 0xF8, 0x07, 0x00, 0x78, 0x00, 0x00, 0x00,
  0x00, 0x00, 0x00, 0x00, 0x00, 0x70, 0x00, 0x00, 0x70, 0x3F, 0xBF, 0x70, 0x3F, 0xBF, 0x70, 0x07,
  0x1C, 0x70, 0x07, 0x1C, 0x7C, 0x07, 0x1C, 0x7E, 0x0F, 0x3E, 0x7E, 0x0F, 0xBE, 0x70, 0x1F, 0xFF,
  0x70, 0x3D, 0xF7, 0xF0, 0x38, 0xE3, 0xF0, 0x10, 0xC1, 0x70, 0x00, 0x00, 0x70, 0x07, 0xFF, 0xF0,
  0x07, 0xFF, 0xF0, 0x00, 0x00, 0x70, 0x00, 0x00, 0x70, 0x00, 0x00, 0x70, 0x00, 0x00, 0x70, 0x00,
  0x00, 0x70, 0x00, 0x00, 0x70, 0x00, 0x00, 0x00, 0x00, 0x00, 0x00, 0x00, 0x00, 0x70, 0x3F, 0xFF,
  0x70, 0x3F, 0xFF, 0x70, 0x0F, 0x1C, 0x70, 0x0F, 0x1C, 0x7C, 0x0F, 0x3C, 0x7C, 0x0F, 0x3C, 0x7C,
  0x1F, 0xBE, 0x70, 0x3F, 0xFF, 0x70, 0x79, 0xE7, 0xF0, 0x39, 0xE7, 0xF0, 0x00, 0xC0, 0x70, 0x00,
  0x00, 0x00, 0x0F, 0xEE, 0x70, 0x0F, 0xEE, 0x70, 0x00, 0xEF, 0xF0, 0x0F, 0xEF, 0xF0, 0x0F, 0xEE,
  0x70, 0x0E, 0x0E, 0x70, 0x0E, 0x2E, 0x70, 0x0F, 0xFF, 0xF0, 0x0F, 0xFF, 0xF0, 0x00, 0x00, 0x00,
  0x00, 0x00, 0x00, 0x00, 0x00, 0x00, 0x1F, 0xE7, 0xF8, 0x1F, 0xFF, 0xFC, 0x1F, 0xFF, 0xFC, 0x03,
  0x81, 0xC0, 0x03, 0x81, 0xC0, 0x03, 0xC3, 0xC0, 0x07, 0xC3, 0xE0, 0x07, 0xE7, 0xF0, 0x0E, 0xFF,
  0x78, 0x3C, 0x7E, 0x3C, 0x18, 0x3C, 0x1C, 0x00, 0x00, 0x08, 0x00, 0x1C, 0x00, 0x00, 0x1C, 0x00,
  0x00, 0x1C, 0x00, 0x00, 0x1C, 0x00, 0x3F, 0xFF, 0xFE, 0x3F, 0xFF, 0xFE, 0x1F, 0xFF, 0xFC, 0x00,
  0x00, 0x00, 0x00, 0x00, 0x00, 0x00, 0x00, 0x00, 0x00, 0x00, 0x00, 0x00, 0x00, 0x38, 0x1F, 0xBF,
  0x38, 0x3F, 0xBF, 0x38, 0x3F, 0xBF, 0x38, 0x07, 0x1C, 0x38, 0x07, 0x1C, 0x38, 0x07, 0x1C, 0x38,
  0x07, 0x1C, 0x38, 0x07, 0x1C, 0x38, 0x0F, 0x1E, 0x38, 0x0F, 0x1E, 0x38, 0x0F, 0xBE, 0x38, 0x0F,
  0xBF, 0x38, 0x1D, 0xF7, 0x38, 0x3D, 0xF7, 0xB8, 0x38, 0xF3, 0xB8, 0x10, 0xE1, 0x38, 0x00, 0x40,
  0x38, 0x00, 0x00, 0x38, 0x00, 0x00, 0x38, 0x00, 0x00, 0x38, 0x00, 0x00, 0x38, 0x00, 0x00, 0x00,
  0x00, 0x00, 0x00, 0x00, 0x00, 0x38, 0x00, 0x00, 0x38, 0x3F, 0xBF, 0x38, 0x3F, 0xBF, 0x38, 0x07,
  0x1C, 0x38, 0x07, 0x1C, 0x38, 0x07, 0x1C, 0x38, 0x0F, 0x1E, 0x38, 0x0F, 0xBE, 0x38, 0x1D, 0xF7,
  0x38, 0x3D, 0xF7, 0xB8, 0x38, 0xE3, 0xB8, 0x00, 0x40, 0x38, 0x00, 0x00, 0x00, 0x07, 0xFF, 0xF8,
  0x07, 0xFF, 0xF8, 0x00, 0x00, 0x38, 0x00, 0x00, 0x38, 0x00, 0x00, 0x38, 0x00, 0x00, 0x38, 0x00,
  0x00, 0x38, 0x00, 0x00, 0x38, 0x00, 0x00, 0x00, 0x00, 0x00, 0x00, 0x00, 0x00, 0x38, 0x1F, 0xFF,
  0x38, 0x1F, 0xFF, 0x38, 0x07, 0x9C, 0x38, 0x07, 0x1C, 0x38, 0x07, 0x1C, 0x38, 0x0F, 0x9E, 0x38,
  0x0F, 0xBF, 0x38, 0x3D, 0xF7, 0xB8, 0x3D, 0xF3, 0xB8, 0x18, 0xE1, 0xB8, 0x00, 0x00, 0x38, 0x00,
  0x00, 0x00, 0x03, 0xFF, 0xF8, 0x03, 0xFF, 0xF8, 0x00, 0x00, 0x38, 0x03, 0xFF, 0xF8, 0x03, 0xFF,
  0xF8, 0x03, 0x80, 0x00, 0x03, 0x80, 0x00, 0x07, 0xFF, 0xFC, 0x03, 0xFF, 0xFC, 0x00, 0x00, 0x00,
  0x00, 0x00, 0x00, 0x00, 0x00, 0x38, 0x1F, 0xBF, 0x38, 0x1F, 0xBF, 0x38, 0x1F, 0xBF, 0x38, 0x07,
  0x1C, 0x38, 0x07, 0x1C, 0x38, 0x0F, 0x9E, 0x38, 0x0F, 0xBE, 0x38, 0x1F, 0xFF, 0x38, 0x3D, 0xF7,
  0xB8, 0x38, 0xE3, 0xB8, 0x10, 0x41, 0x38, 0x00, 0x00, 0x00, 0x03, 0x80, 0x38, 0x03, 0x80, 0x38,
  0x03, 0xFF, 0xF8, 0x03, 0xFF, 0xF8, 0x03, 0x80, 0x38, 0x03, 0x80, 0x38, 0x03, 0x80, 0x38, 0x03,
  0xFF, 0xF8, 0x03, 0xFF, 0xF8, 0x00, 0x00, 0x00, 0x00, 0x00, 0x00, 0x01, 0xC0, 0xE0, 0x01, 0xC0,
  0xE0, 0x01, 0xC0, 0xE0, 0x3F, 0xFC, 0xE0, 0x3F, 0xFE, 0xE0, 0x3F, 0xFE, 0xE0, 0x01, 0xC0, 0xE0,
  0x01, 0xC0, 0xE0, 0x01, 0xC0, 0xFC, 0x03, 0xC0, 0xFE, 0x03, 0xE0, 0xFE, 0x03, 0xE0, 0xE0, 0x07,
  0x70, 0xE0, 0x0F, 0x78, 0xE0, 0x1E, 0x3C, 0xE0, 0x3C, 0x1E, 0xE0, 0x3C, 0x0C, 0xE0, 0x10, 0x00,
  0xE0, 0x00, 0x00, 0xE0, 0x00, 0x00, 0xE0, 0x00, 0x00, 0xE0, 0x00, 0x00, 0xE0, 0x00, 0x00, 0x00,
  0x00, 0x00, 0x00, 0x01, 0xC0, 0xE0, 0x01, 0xC0, 0xE0, 0x1F, 0xFC, 0xE0, 0x3F, 0xFE, 0xE0, 0x1F,
  0xFE, 0xE0, 0x01, 0xC0, 0xFC, 0x01, 0xE0, 0xFC, 0x03, 0xE0, 0xFC, 0x03, 0xF0, 0xE0, 0x07, 0x78,
  0xE0, 0x1F, 0x3E, 0xE0, 0x3E, 0x1E, 0xE0, 0x18, 0x0C, 0xE0, 0x00, 0x00, 0xE0, 0x00, 0x00, 0x00,
  0x0F, 0xFF, 0xE0, 0x0F, 0xFF, 0xE0, 0x00, 0x00, 0xE0, 0x00, 0x00, 0xE0, 0x00, 0x00, 0xE0, 0x00,
  0x00, 0xE0, 0x00, 0x00, 0xE0, 0x00, 0x00, 0x00, 0x01, 0xC0, 0x00, 0x01, 0xC0, 0xE0, 0x01, 0xC0,
  0xE0, 0x3F, 0xFE, 0xE0, 0x3F, 0xFE, 0xE0, 0x1F, 0xFC, 0xE0, 0x01, 0xC0, 0xFC, 0x03, 0xE0, 0xFC,
  0x03, 0xE0, 0xFC, 0x07, 0xF8, 0xE0, 0x1F, 0x7E, 0xE0, 0x3E, 0x3E, 0xE0, 0x3C, 0x0C, 0xE0, 0x10,
  0x00, 0xE0, 0x00, 0x00, 0x00, 0x07, 0xFF, 0xE0, 0x07, 0xFF, 0xE0, 0x07, 0x00, 0xE0, 0x07, 0x00,
  0xE0, 0x07, 0x00, 0xE0, 0x07, 0x00, 0xE0, 0x07, 0xFF, 0xE0, 0x07, 0xFF, 0xE0, 0x00, 0x00, 0x00,
  0x01, 0xC0, 0x00, 0x01, 0xC0, 0xE0, 0x01, 0xC0, 0xE0, 0x3F, 0xFE, 0xE0, 0x3F, 0xFE, 0xE0, 0x01,
  0xE0, 0xE0, 0x01, 0xC0, 0xFC, 0x03, 0xE0, 0xFC, 0x03, 0xE0, 0xFC, 0x07, 0xF8, 0xE0, 0x1F, 0x7E,
  0xE0, 0x3E, 0x3E, 0xE0, 0x3C, 0x0C, 0xE0, 0x10, 0x00, 0xE0, 0x01, 0xC1, 0xC0, 0x01, 0xC1, 0xC0,
  0x03, 0xC1, 0xC0, 0x03, 0xC3, 0xC0, 0x07, 0xE3, 0xE0, 0x0F, 0xF7, 0xF0, 0x1E, 0x7E, 0x78, 0x1C,
  0x3E, 0x38, 0x08, 0x18, 0x00, 0x00, 0x00, 0x00, 0x01, 0xC0, 0x00, 0x01, 0xC0, 0xE0, 0x01, 0xC0,
  0xE0, 0x3F, 0xFE, 0xE0, 0x3F, 0xFE, 0xE0, 0x1F, 0xFC, 0xE0, 0x01, 0xC0, 0xFC, 0x03, 0xE0, 0xFC,
  0x03, 0xE0, 0xFC, 0x07, 0xF0, 0xE0, 0x1F, 0x7C, 0xE0, 0x3E, 0x3E, 0xE0, 0x3C, 0x0C, 0xE0, 0x10,
  0x00, 0xE0, 0x00, 0x00, 0x00, 0x0F, 0xFF, 0xF0, 0x0F, 0xFF, 0xF0, 0x00, 0x3C, 0x00, 0x00, 0x7E,
  0x00, 0x00, 0xFF, 0x00, 0x07, 0xE7, 0xE0, 0x0F, 0xC3, 0xF0, 0x0F, 0x00, 0xF0, 0x00, 0x00, 0x00,
  0x00, 0x00, 0x00, 0x00, 0x03, 0x38, 0x03, 0x87, 0x38, 0x03, 0x87, 0x38, 0x03, 0x87, 0x38, 0x3F,
  0xFF, 0x38, 0x3F, 0xFF, 0x38, 0x3F, 0xFF, 0x38, 0x03, 0x87, 0x38, 0x03, 0x87, 0x38, 0x07, 0x87,
  0xF8, 0x07, 0xC7, 0xF8, 0x07, 0xC7, 0x38, 0x0F, 0xE7, 0x38, 0x0E, 0xE7, 0x38, 0x1E, 0xF7, 0x38,
  0x3C, 0x7F, 0x38, 0x38, 0x37, 0x38, 0x10, 0x07, 0x38, 0x00, 0x07, 0x38, 0x00, 0x07, 0x38, 0x00,
  0x07, 0x38, 0x00, 0x00, 0x38, 0x00, 0x00, 0x00, 0x00, 0x00, 0x00, 0x03, 0x87, 0x38, 0x03, 0x87,
  0x38, 0x1F, 0xF7, 0x38, 0x3F, 0xFF, 0x38, 0x3F, 0xFF, 0x38, 0x03, 0x87, 0x38, 0x03, 0x87, 0xF8,
  0x07, 0xC7, 0xF8, 0x07, 0xC7, 0x38, 0x0F, 0xE7, 0x38, 0x3E, 0xFF, 0x38, 0x3C, 0x7F, 0x38, 0x18,
  0x17, 0x38, 0x00, 0x07, 0x38, 0x00, 0x00, 0x00, 0x07, 0xFF, 0xF8, 0x07, 0xFF, 0xF8, 0x00, 0x00,
  0x38, 0x00, 0x00, 0x38, 0x00, 0x00, 0x38, 0x00, 0x00, 0x38, 0x00, 0x00, 0x38, 0x00, 0x00, 0x00,
  0x00, 0x00, 0x00, 0x01, 0x83, 0x38, 0x03, 0x87, 0x38, 0x03, 0x87, 0x38, 0x3F, 0xFF, 0x38, 0x3F,
  0xFF, 0x38, 0x03, 0x87, 0x38, 0x03, 0x87, 0xF8, 0x03, 0xC7, 0xF8, 0x07, 0xC7, 0x38, 0x0F, 0xE7,
  0x38, 0x1E, 0xFF, 0x38, 0x3C, 0x7F, 0x38, 0x18, 0x17, 0x38, 0x00, 0x00, 0x38, 0x00, 0x7F, 0xC0,
  0x01, 0xFF, 0xF0, 0x03, 0xE0, 0xF8, 0x03, 0x80, 0x38, 0x03, 0x80, 0x38, 0x03, 0xF1, 0xF8, 0x01,
  0xFF, 0xF0, 0x00, 0x7F, 0xC0, 0x00, 0x00, 0x00, 0x00, 0x00, 0x00, 0x01, 0xC0, 0x70, 0x01, 0xC0,
  0x70, 0x01, 0xC0, 0x70, 0x1F, 0xFE, 0x70, 0x3F, 0xFE, 0x70, 0x3F, 0xFE, 0x70, 0x01, 0xC0, 0x70,
  0x01, 0xC0, 0x70, 0x01, 0xC0, 0x70, 0x01, 0xE7, 0xF0, 0x03, 0xE7, 0xF0, 0x03, 0xE0, 0x70, 0x07,
  0x70, 0x70, 0x0F, 0x78, 0x70, 0x1E, 0x3C, 0x70, 0x3E, 0x1E, 0x70, 0x3C, 0x0E, 0x70, 0x10, 0x04,
  0x70, 0x00, 0x00, 0x70, 0x00, 0x00, 0x70, 0x00, 0x00, 0x70, 0x00, 0x00, 0x70, 0x00, 0x00, 0x00,
  0x00, 0x00, 0x00, 0x01, 0xC0, 0x78, 0x01, 0xC0, 0x78, 0x1F, 0xFC, 0x78, 0x3F, 0xFE, 0x78, 0x3F,
  0xFE, 0x78, 0x01, 0xC0, 0x78, 0x01, 0xC3, 0xF8, 0x01, 0xE3, 0xF8, 0x03, 0xE3, 0xF8, 0x07, 0xF0,
  0x78, 0x0F, 0x78, 0x78, 0x3F, 0x3E, 0x78, 0x3E, 0x1E, 0x78, 0x18, 0x04, 0x78, 0x00, 0x00, 0x78,
  0x03, 0x80, 0x78, 0x03, 0x80, 0x30, 0x03, 0x80, 0x00, 0x03, 0x80, 0x00, 0x03, 0xFF, 0xF8, 0x03,
  0xFF, 0xF8, 0x03, 0xFF, 0xF8, 0x00, 0x00, 0x00, 0x00, 0x00, 0x00, 0x01, 0xC0, 0x38, 0x01, 0xC0,
  0x38, 0x3F, 0xFE, 0x38, 0x3F, 0xFE, 0x38, 0x01, 0xC0, 0x38, 0x01, 0xE3, 0xF8, 0x03, 0xE3, 0xF8,
  0x07, 0xF0, 0x38, 0x1F, 0x7E, 0x38, 0x3E, 0x3E, 0x38, 0x3C, 0x0E, 0x38, 0x00, 0x00, 0x00, 0x03,
  0xFF, 0xF8, 0x03, 0xFF, 0xF8, 0x00, 0x00, 0x38, 0x00, 0x00, 0x38, 0x03, 0xFF, 0xF8, 0x03, 0xFF,
  0xF8, 0x03, 0x80, 0x00, 0x03, 0x80, 0x00, 0x03, 0xFF, 0xF8, 0x03, 0xFF, 0xF8, 0x00, 0x00, 0x00,
  0x00, 0x00, 0x00, 0x01, 0xC0, 0x70, 0x01, 0xC0, 0x70, 0x1F, 0xFC, 0x70, 0x3F, 0xFE, 0x70, 0x1F,
  0xFE, 0x70, 0x01, 0xC0, 0x70, 0x01, 0xE7, 0xF0, 0x03, 0xE7, 0xF0, 0x03, 0xF0, 0x70, 0x0F, 0x78,
  0x70, 0x1F, 0x3E, 0x70, 0x3E, 0x1C, 0x70, 0x18, 0x04, 0x70, 0x00, 0x0C, 0x70, 0x00, 0x1E, 0x70,
  0x00, 0x1E, 0x00, 0x00, 0x3F, 0x00, 0x00, 0x7F, 0x80, 0x00, 0xF7, 0xC0, 0x07, 0xF3, 0xF8, 0x07,
  0xC0, 0xF8, 0x07, 0x00, 0x38, 0x00, 0x00, 0x00, 0x00, 0x00, 0x00, 0x01, 0xC0, 0x70, 0x01, 0xC0,
  0x70, 0x1F, 0xFC, 0x70, 0x3F, 0xFE, 0x70, 0x1F, 0xFE, 0x70, 0x03, 0xC0, 0x70, 0x03, 0xC7, 0xF0,
  0x03, 0xE7, 0xF0, 0x07, 0xF0, 0x70, 0x0F, 0x7C, 0x70, 0x3E, 0x3E, 0x70, 0x3C, 0x1C, 0x70, 0x18,
  0x00, 0x70, 0x00, 0x00, 0x00, 0x00, 0xFF, 0xC0, 0x03, 0xFF, 0xE0, 0x07, 0xC1, 0xF0, 0x07, 0x00,
  0x70, 0x07, 0x00, 0x70, 0x07, 0xE1, 0xF0, 0x03, 0xFF, 0xE0, 0x00, 0xFF, 0x80, 0x00, 0x00, 0x00,
  0x00, 0x00, 0x00, 0x00, 0x00, 0x38, 0x03, 0x83, 0xB8, 0x03, 0x83, 0xB8, 0x03, 0x83, 0xB8, 0x3F,
  0xFB, 0xB8, 0x3F, 0xFB, 0xB8, 0x3F, 0xFB, 0xB8, 0x03, 0x83, 0xB8, 0x03, 0x83, 0xB8, 0x07, 0x9F,
  0xB8, 0x07, 0xDF, 0xB8, 0x07, 0xC3, 0xB8, 0x0F, 0xE3, 0xB8, 0x0E, 0xE3, 0xB8, 0x1E, 0xF3, 0xB8,
  0x3C, 0x7B, 0xB8, 0x38, 0x3B, 0xB8, 0x10, 0x13, 0xB8, 0x00, 0x03, 0xB8, 0x00, 0x03, 0xB8, 0x00,
  0x03, 0xB8, 0x00, 0x00, 0x38, 0x00, 0x00, 0x00, 0x01, 0xC0, 0x30, 0x01, 0xC0, 0x78, 0x01, 0xC0,
  0x78, 0x3F, 0xFE, 0x78, 0x3F, 0xFE, 0x78, 0x3F, 0xFF, 0xF8, 0x01, 0xC3, 0xF8, 0x03, 0xC3, 0xF8,
  0x03, 0xE0, 0x78, 0x07, 0xF0, 0x78, 0x0F, 0x7B, 0xF8, 0x1E, 0x3F, 0xF8, 0x3E, 0x1E, 0x78, 0x38,
  0x0C, 0x78, 0x00, 0x00, 0x70, 0x01, 0xC1, 0xC0, 0x01, 0xC1, 0xC0, 0x01, 0xC1, 0xE0, 0x03, 0xE3,
  0xE0, 0x03, 0xF3, 0xF0, 0x0F, 0x7F, 0x78, 0x1E, 0x3F, 0x3C, 0x0C, 0x1E, 0x1C, 0x00, 0x08, 0x00,
  0x00, 0x00, 0x00, 0x00, 0x00, 0x00, 0x00, 0x1C, 0x00, 0x00, 0x1C, 0x00, 0x00, 0x1C, 0x00, 0x0F,
  0xFF, 0xF8, 0x0F, 0xFF, 0xF8, 0x00, 0x1C, 0x00, 0x00, 0x3E, 0x00, 0x00, 0x3E, 0x00, 0x00, 0x7F,
  0x00, 0x01, 0xF7, 0xC0, 0x07, 0xE3, 0xF0, 0x1F, 0xC1, 0xFC, 0x0F, 0x1C, 0x78, 0x00, 0x1C, 0x00,
  0x00, 0x1C, 0x00, 0x00, 0x1C, 0x00, 0x00, 0x1C, 0x00, 0x3F, 0xFF, 0xFE, 0x3F, 0xFF, 0xFE, 0x1F,
  0xFF, 0xFC, 0x00, 0x00, 0x00, 0x00, 0x00, 0x00, 0x00, 0x00, 0x00, 0x00, 0x38, 0x00, 0x00, 0x38,
  0x00, 0x1F, 0xFF, 0xF0, 0x1F, 0xFF, 0xF0, 0x00, 0x7C, 0x00, 0x00, 0xFE, 0x00, 0x07, 0xFF, 0xC0,
  0x3F, 0xC7, 0xF8, 0x1F, 0x19, 0xF0, 0x00, 0x38, 0x00, 0x00, 0x38, 0x00, 0x7F, 0xFF, 0xFC, 0x7F,
  0xFF, 0xFC, 0x00, 0x00, 0x00, 0x0E, 0x00, 0xE0, 0x0E, 0x00, 0xE0, 0x0F, 0xFF, 0xE0, 0x0F, 0xFF,
  0xE0, 0x0E, 0x00, 0xE0, 0x0E, 0x00, 0xE0, 0x0F, 0xFF, 0xE0, 0x0F, 0xFF, 0xE0, 0x00, 0x00, 0x00,
  0x00, 0x00, 0x00, 0x00, 0x38, 0x00, 0x00, 0x38, 0x00, 0x1F, 0xFF, 0xF0, 0x1F, 0xFF, 0xF0, 0x00,
  0x7C, 0x00, 0x00, 0x7C, 0x00, 0x01, 0xFF, 0x00, 0x1F, 0xEF, 0xF0, 0x1F, 0x83, 0xF0, 0x1C, 0x38,
  0x70, 0x00, 0x38, 0x00, 0x7F, 0xFF, 0xFC, 0x7F, 0xFF, 0xFC, 0x00, 0x00, 0x00, 0x00, 0x00, 0x00,
  0x03, 0xFF, 0x80, 0x07, 0xFF, 0xC0, 0x0F, 0x01, 0xE0, 0x0E, 0x00, 0xE0, 0x0F, 0x83, 0xE0, 0x07,
  0xFF, 0xC0, 0x01, 0xFF, 0x80, 0x00, 0x00, 0x00, 0x00, 0x00, 0x00, 0x00, 0xE0, 0x38, 0x00, 0xE0,
  0x38, 0x0F, 0xFE, 0x38, 0x1F, 0xFF, 0x38, 0x1F, 0xFF, 0x38, 0x00, 0xE0, 0x38, 0x01, 0xF0, 0x38,
  0x01, 0xF0, 0x38, 0x03, 0xF8, 0x38, 0x0F, 0xBF, 0x38, 0x1F, 0x1F, 0x38, 0x1C, 0xE6, 0x38, 0x00,
  0xE0, 0x38, 0x00, 0xE0, 0x38, 0x00, 0xE3, 0x38, 0x3F, 0xFF, 0xB8, 0x3F, 0xFF, 0xB8, 0x1F, 0xE0,
  0x38, 0x00, 0x00, 0x38, 0x00, 0x00, 0x38, 0x00, 0x00, 0x38, 0x00, 0x00, 0x38, 0x00, 0x00, 0x00,
  0x00, 0x00, 0x00, 0x00, 0x00, 0x00, 0x00, 0x38, 0x00, 0x00, 0x3C, 0x00, 0x00, 0x3C, 0x00, 0x0F,
  0xFF, 0xF0, 0x0F, 0xFF, 0xF0, 0x00, 0x3C, 0x00, 0x00, 0x3C, 0x00, 0x00, 0x7E, 0x00, 0x00, 0xFF,
  0x00, 0x03, 0xE7, 0xC0, 0x1F, 0xC3, 0xF8, 0x1F, 0x81, 0xF8, 0x1E, 0x00, 0x78, 0x01, 0xC3, 0x80,
  0x01, 0xC3, 0x80, 0x01, 0xC3, 0x80, 0x01, 0xC3, 0x80, 0x3F, 0xFF, 0xFC, 0x3F, 0xFF, 0xFC, 0x3F,
  0xFF, 0xFC, 0x00, 0x00, 0x00, 0x00, 0x00, 0x00, 0x00, 0x00, 0x00, 0x00, 0x1C, 0x00, 0x00, 0x1C,
  0x00, 0x07, 0xFF, 0xF0, 0x0F, 0xFF, 0xF8, 0x0F, 0xFF, 0xF8, 0x00, 0x1C, 0x00, 0x00, 0x3E, 0x00,
  0x00, 0x7F, 0x00, 0x01, 0xF7, 0xC0, 0x0F, 0xE3, 0xF8, 0x0F, 0xC1, 0xF8, 0x0E, 0x00, 0x38, 0x00,
  0x00, 0x00, 0x3F, 0xFF, 0xFE, 0x3F, 0xFF, 0xFE, 0x1F, 0xFF, 0xFC, 0x00, 0x1C, 0x00, 0x00, 0x1C,
  0x00, 0x00, 0x1C, 0x00, 0x00, 0x1C, 0x00, 0x00, 0x1C, 0x00, 0x00, 0x1C, 0x00, 0x00, 0x00, 0x00,
  0x00, 0x00, 0x00, 0x00, 0x38, 0x00, 0x00, 0x38, 0x00, 0x1F, 0xFF, 0xF0, 0x1F, 0xFF, 0xF0, 0x00,
  0x7C, 0x00, 0x00, 0xFE, 0x00, 0x07, 0xEF, 0xC0, 0x1F, 0xC7, 0xF8, 0x1F, 0x01, 0xF0, 0x3F, 0xFF,
  0xFC, 0x7F, 0xFF, 0xFC, 0x3F, 0xFF, 0xFC, 0x00, 0x38, 0x00, 0x0F, 0xFF, 0xE0, 0x0F, 0xFF, 0xE0,
  0x00, 0x00, 0xE0, 0x0F, 0xFF, 0xE0, 0x0F, 0xFF, 0xE0, 0x0E, 0x00, 0x00, 0x0E, 0x00, 0x00, 0x0F,
  0xFF, 0xF0, 0x0F, 0xFF, 0xF0, 0x00, 0x00, 0x00, 0x00, 0x00, 0x00, 0x00, 0x38, 0x00, 0x00, 0x38,
  0x00, 0x1F, 0xFF, 0xF0, 0x1F, 0xFF, 0xF0, 0x00, 0x3C, 0x00, 0x00, 0x7C, 0x00, 0x01, 0xFF, 0x00,
  0x1F, 0xEF, 0xF0, 0x1F, 0x83, 0xF8, 0x1E, 0x00, 0x70, 0x3F, 0xFF, 0xF8, 0x7F, 0xFF, 0xFC, 0x7F,
  0xFF, 0xFC, 0x00, 0x38, 0x00, 0x01, 0xFF, 0x00, 0x07, 0xFF, 0xC0, 0x0F, 0xFF, 0xE0, 0x0E, 0x00,
  0xE0, 0x0E, 0x00, 0xE0, 0x0F, 0x83, 0xE0, 0x07, 0xFF, 0xC0, 0x01, 0xFF, 0x00, 0x00, 0x00, 0x00,
  0x00, 0x00, 0x00, 0x00, 0xE0, 0x38, 0x00, 0xE0, 0x38, 0x1F, 0xFE, 0x38, 0x1F, 0xFF, 0x38, 0x1F,
  0xFE, 0x38, 0x00, 0xE0, 0x38, 0x01, 0xF0, 0x38, 0x03, 0xF8, 0x38, 0x07, 0xBE, 0x38, 0x1F, 0x1F,
  0x38, 0x1E, 0x0E, 0x38, 0x08, 0x00, 0x38, 0x1F, 0xFF, 0xB8, 0x3F, 0xFF, 0xB8, 0x3F, 0xFE, 0x38,
  0x00, 0xE0, 0x38, 0x00, 0xE0, 0x38, 0x00, 0xE0, 0x38, 0x00, 0xE0, 0x38, 0x00, 0xE0, 0x38, 0x00,
  0xE0, 0x38, 0x00, 0xE0, 0x38, 0x00, 0x00, 0x00, 0x00, 0x00, 0x00, 0x00, 0x1C, 0x00, 0x00, 0x1C,
  0x00, 0x0F, 0xFF, 0xF0, 0x0F, 0xFF, 0xF8, 0x0F, 0xFF, 0xF8, 0x00, 0x3C, 0x00, 0x00, 0x3E, 0x00,
  0x00, 0x7F, 0x00, 0x01, 0xF7, 0xC0, 0x0F, 0xE3, 0xF8, 0x0F, 0x81, 0xF8, 0x0E, 0x00, 0x38, 0x00,
  0x00, 0x00, 0x3F, 0xFF, 0xFE, 0x3F, 0xFF, 0xFE, 0x3F, 0xFF, 0xFC, 0x01, 0xC1, 0xC0, 0x01, 0xC1,
  0xC0, 0x01, 0xC1, 0xC0, 0x01, 0xC1, 0xC0, 0x01, 0xC1, 0xC0, 0x01, 0xC1, 0xC0, 0x00, 0x00, 0x00,
  0x00, 0x00, 0x00, 0x00, 0x00, 0x00, 0x00, 0x18, 0x00, 0x00, 0x3C, 0x00, 0x00, 0x3C, 0x00, 0x0F,
  0xFF, 0xF0, 0x0F, 0xFF, 0xF0, 0x0F, 0xFF, 0xF0, 0x00, 0x3C, 0x00, 0x00, 0x3C, 0x00, 0x00, 0x7E,
  0x00, 0x00, 0xFF, 0x00, 0x01, 0xE7, 0x80, 0x1F, 0xC3, 0xF8, 0x1F, 0x81, 0xF8, 0x1E, 0x00, 0x78,
  0x00, 0x00, 0x00, 0x00, 0x00, 0x00, 0x00, 0x00, 0x00, 0x3F, 0xFF, 0xFC, 0x3F, 0xFF, 0xFC, 0x00,
  0x00, 0x00, 0x00, 0x00, 0x00, 0x00, 0x00, 0x00, 0x00, 0x00, 0x00, 0x00, 0xE0, 0x38, 0x00, 0xE0,
  0x38, 0x00, 0xE0, 0x38, 0x1F, 0xFF, 0x38, 0x1F, 0xFF, 0x38, 0x1F, 0xFF, 0x38, 0x00, 0xE0, 0x38,
  0x00, 0xE0, 0x38, 0x00, 0xE0, 0x38, 0x01, 0xF0, 0x38, 0x01, 0xF0, 0x38, 0x01, 0xF0, 0x38, 0x03,
  0xB8, 0x38, 0x07, 0xBC, 0x38, 0x0F, 0x1E, 0x38, 0x1E, 0x0F, 0x38, 0x1E, 0x07, 0x38, 0x08, 0x02,
  0x38, 0x00, 0x00, 0x38, 0x00, 0x00, 0x38, 0x00, 0x00, 0x38, 0x00, 0x00, 0x38, 0x00, 0x00, 0x00,
  0x00, 0x00, 0x00, 0x00, 0xE0, 0x38, 0x00, 0xE0, 0x38, 0x1F, 0xFE, 0x38, 0x1F, 0xFE, 0x38, 0x1F,
  0xFE, 0x38, 0x00, 0xE0, 0x38, 0x01, 0xE0, 0x38, 0x01, 0xE0, 0x38, 0x01, 0xF0, 0x38, 0x03, 0xF8,
  0x38, 0x07, 0xBC, 0x38, 0x1F, 0x3F, 0x38, 0x3E, 0x0F, 0x38, 0x1C, 0x06, 0x38, 0x00, 0x00, 0x38,
  0x03, 0x80, 0x38, 0x03, 0x80, 0x00, 0x03, 0x80, 0x00, 0x03, 0x80, 0x00, 0x03, 0x80, 0x00, 0x03,
  0xFF, 0xF8, 0x03, 0xFF, 0xF8, 0x00, 0x00, 0x00, 0x00, 0x00, 0x00, 0x00, 0xE0, 0x38, 0x00, 0xE0,
  0x38, 0x1F, 0xFE, 0x38, 0x1F, 0xFE, 0x38, 0x1F, 0xFE, 0x38, 0x00, 0xE0, 0x38, 0x01, 0xE0, 0x38,
  0x01, 0xF0, 0x38, 0x03, 0xF8, 0x38, 0x07, 0xBE, 0x38, 0x3F, 0x1F, 0x38, 0x1E, 0x0E, 0x38, 0x18,
  0x00, 0x38, 0x00, 0x00, 0x00, 0x03, 0xFF, 0xF8, 0x03, 0xFF, 0xF8, 0x03, 0x80, 0x38, 0x03, 0x80,
  0x38, 0x03, 0x80, 0x38, 0x03, 0x80, 0x38, 0x03, 0xFF, 0xF8, 0x03, 0xFF, 0xF8, 0x00, 0x00, 0x00,
  0x00, 0x00, 0x00, 0x00, 0x00, 0x70, 0x00, 0x00, 0x70, 0x1F, 0xFC, 0x70, 0x1F, 0xFC, 0x70, 0x00,
  0x1C, 0x70, 0x00, 0x1C, 0x70, 0x00, 0x3C, 0x70, 0x00, 0x7C, 0x70, 0x3F, 0xF8, 0x7E, 0x1F, 0xF8,
  0x7E, 0x1E, 0x78, 0x7E, 0x00, 0xF0, 0x70, 0x00, 0xE0, 0x70, 0x01, 0xE0, 0x70, 0x07, 0xC0, 0x70,
  0x0F, 0x80, 0x70, 0x3F, 0x00, 0x70, 0x1C, 0x00, 0x70, 0x08, 0x00, 0x70, 0x00, 0x00, 0x70, 0x00,
  0x00, 0x70, 0x00, 0x00, 0x70, 0x00, 0x00, 0x00, 0x00, 0x00, 0x00, 0x00, 0x00, 0x38, 0x00, 0x07,
  0x38, 0x00, 0x47, 0x38, 0x1F, 0xF7, 0x38, 0x1F, 0xF7, 0x38, 0x00, 0x77, 0x38, 0x00, 0x77, 0x38,
  0x00, 0xF7, 0x38, 0x3F, 0xE7, 0x38, 0x3F, 0xE7, 0xF8, 0x39, 0xE7, 0xF8, 0x01, 0xC7, 0x38, 0x03,
  0xC7, 0x38, 0x07, 0x87, 0x38, 0x0F, 0x07, 0x38, 0x3E, 0x07, 0x38, 0x3C, 0x07, 0x38, 0x18, 0x07,
  0x38, 0x00, 0x07, 0x38, 0x00, 0x07, 0x38, 0x00, 0x07, 0x38, 0x00, 0x00, 0x38, 0x00, 0x00, 0x00,
  0x00, 0x00, 0x00, 0x00, 0x02, 0x38, 0x00, 0x07, 0x38, 0x1F, 0xF7, 0x38, 0x1F, 0xF7, 0x38, 0x00,
  0x77, 0x38, 0x00, 0xF7, 0x38, 0x3F, 0xE7, 0x38, 0x3F, 0xE7, 0xF8, 0x3F, 0xE7, 0xF8, 0x03, 0xC7,
  0x38, 0x07, 0x87, 0x38, 0x0F, 0x07, 0x38, 0x3E, 0x07, 0x38, 0x3C, 0x07, 0x38, 0x10, 0x07, 0x38,
  0x03, 0x87, 0x38, 0x03, 0x80, 0x38, 0x03, 0x80, 0x00, 0x03, 0x80, 0x00, 0x03, 0xFF, 0xF8, 0x03,
  0xFF, 0xFC, 0x03, 0xFF, 0xFC, 0x00, 0x00, 0x00, 0x00, 0x00, 0x00, 0x00, 0x00, 0x38, 0x00, 0x47,
  0x38, 0x1F, 0xF7, 0x38, 0x1F, 0xF7, 0x38, 0x00, 0x77, 0x38, 0x00, 0x77, 0x38, 0x3F, 0xE7, 0xF8,
  0x3F, 0xE7, 0xF8, 0x39, 0xC7, 0x38, 0x03, 0xC7, 0x38, 0x07, 0x87, 0x38, 0x1F, 0x07, 0x38, 0x3E,
  0x07, 0x38, 0x18, 0x00, 0x38, 0x00, 0x7F, 0xC0, 0x01, 0xFF, 0xF0, 0x03, 0xE0, 0xF8, 0x03, 0x80,
  0x38, 0x03, 0x80, 0x38, 0x03, 0xF1, 0xF8, 0x01, 0xFF, 0xF0, 0x00, 0x7F, 0xC0, 0x00, 0x00, 0x00,
  0x00, 0x00, 0x00, 0x00, 0x00, 0x70, 0x00, 0x00, 0x78, 0x1F, 0xF8, 0x78, 0x1F, 0xF8, 0x78, 0x00,
  0x38, 0x78, 0x00, 0x38, 0x78, 0x00, 0x38, 0x78, 0x00, 0x78, 0x78, 0x3F, 0xF0, 0x78, 0x3F, 0xF7,
  0xF8, 0x3C, 0xF7, 0xF8, 0x01, 0xE0, 0x78, 0x01, 0xE0, 0x78, 0x03, 0xC0, 0x78, 0x0F, 0x80, 0x78,
  0x1F, 0x00, 0x78, 0x3E, 0x00, 0x78, 0x38, 0x00, 0x78, 0x10, 0x00, 0x78, 0x00, 0x00, 0x78, 0x00,
  0x00, 0x78, 0x00, 0x00, 0x78, 0x00, 0x00, 0x00, 0x00, 0x00, 0x00, 0x00, 0x00, 0x78, 0x1F, 0xFC,
  0x78, 0x1F, 0xFC, 0x78, 0x00, 0x3C, 0x78, 0x00, 0x3C, 0x78, 0x3F, 0xFF, 0xF8, 0x1F, 0xFF, 0xF8,
  0x00, 0xF0, 0x78, 0x03, 0xE0, 0x78, 0x1F, 0xC0, 0x78, 0x1F, 0x00, 0x78, 0x1C, 0x00, 0x00, 0x03,
  0xFF, 0xF8, 0x03, 0xFF, 0xF8, 0x00, 0x00, 0x78, 0x00, 0x00, 0x78, 0x03, 0xFF, 0xF8, 0x03, 0xFF,
  0xF8, 0x03, 0x80, 0x00, 0x03, 0x80, 0x00, 0x03, 0xFF, 0xF8, 0x03, 0xFF, 0xF8, 0x00, 0x00, 0x00,
  0x00, 0x00, 0x00, 0x00, 0x00, 0x38, 0x00, 0x03, 0xB8, 0x00, 0x43, 0xB8, 0x1F, 0xF3, 0xB8, 0x1F,
  0xF3, 0xB8, 0x00, 0x73, 0xB8, 0x00, 0x73, 0xB8, 0x00, 0xF3, 0xB8, 0x3F, 0xE3, 0xB8, 0x3F, 0xFF,
  0xB8, 0x3F, 0xFF, 0xB8, 0x01, 0xC3, 0xB8, 0x03, 0xC3, 0xB8, 0x07, 0x83, 0xB8, 0x0F, 0x03, 0xB8,
  0x3E, 0x03, 0xB8, 0x3C, 0x03, 0xB8, 0x18, 0x03, 0xB8, 0x00, 0x03, 0xB8, 0x00, 0x03, 0xB8, 0x00,
  0x03, 0xB8, 0x00, 0x03, 0x38, 0x00, 0x00, 0x00, 0x00, 0x00, 0x00, 0x00, 0x03, 0xB8, 0x00, 0x43,
  0xB8, 0x1F, 0xF3, 0xB8, 0x1F, 0xF3, 0xB8, 0x00, 0x73, 0xB8, 0x00, 0xE3, 0xB8, 0x3F, 0xFF, 0xB8,
  0x3F, 0xFF, 0xB8, 0x11, 0xFF, 0xB8, 0x03, 0xC3, 0xB8, 0x0F, 0x83, 0xB8, 0x1F, 0x03, 0xB8, 0x3C,
  0x03, 0xB8, 0x18, 0x03, 0xB8, 0x03, 0x83, 0xB8, 0x03, 0x83, 0xB8, 0x03, 0x80, 0x38, 0x03, 0x80,
  0x00, 0x03, 0x80, 0x00, 0x03, 0xFF, 0xFC, 0x03, 0xFF, 0xFC, 0x03, 0xFF, 0xFC, 0x00, 0x00, 0x00,
  0x00, 0x00, 0x00, 0x00, 0x07, 0x38, 0x0F, 0xE7, 0xB8, 0x1F, 0xF7, 0xB8, 0x1F, 0xF7, 0xB8, 0x00,
  0x77, 0xB8, 0x00, 0xF7, 0xB8, 0x3F, 0xFF, 0xB8, 0x3F, 0xFF, 0xB8, 0x19, 0xFF, 0xB8, 0x03, 0xC7,
  0xB8, 0x07, 0x87, 0xB8, 0x1F, 0x07, 0xB8, 0x3E, 0x07, 0xB8, 0x18, 0x0C, 0x38, 0x00, 0x1E, 0x38,
  0x00, 0x1E, 0x00, 0x00, 0x1F, 0x00, 0x00, 0x3F, 0x80, 0x00, 0xFB, 0xC0, 0x07, 0xF1, 0xFC, 0x07,
  0xC0, 0xFC, 0x07, 0x00, 0x38, 0x00, 0x00, 0x00, 0x00, 0x00, 0x00, 0x00, 0x18, 0x70, 0x1F, 0xF8,
  0x70, 0x1F, 0xF8, 0x70, 0x00, 0x3F, 0xF0, 0x00, 0x3F, 0xF0, 0x1F, 0xF8, 0x70, 0x3F, 0xF0, 0x70,
  0x1F, 0xF0, 0x70, 0x01, 0xEF, 0xF0, 0x03, 0xCF, 0xF0, 0x1F, 0x80, 0x70, 0x3F, 0x00, 0x70, 0x1C,
  0x00, 0x70, 0x00, 0x00, 0x00, 0x03, 0xFF, 0xF0, 0x03, 0xFF, 0xF0, 0x03, 0x80, 0x70, 0x03, 0x80,
  0x70, 0x03, 0x80, 0x70, 0x03, 0x80, 0x70, 0x03, 0xFF, 0xF0, 0x03, 0xFF, 0xF0, 0x00, 0x00, 0x00,
  0x00, 0x00, 0x00, 0x00, 0x00, 0x00, 0x00, 0x00, 0x00, 0x0F, 0xFF, 0xF0, 0x0F, 0xFF, 0xF0, 0x00,
  0x00, 0x70, 0x00, 0x00, 0x70, 0x00, 0x00, 0x70, 0x00, 0x03, 0xF0, 0x1F, 0xFF, 0xF0, 0x0F, 0xFF,
  0xF0, 0x08, 0x00, 0x70, 0x00, 0x70, 0xF0, 0x00, 0x70, 0xF0, 0x00, 0x70, 0xE0, 0x00, 0x70, 0x20,
  0x00, 0x70, 0x00, 0x00, 0x70, 0x00, 0x3F, 0xFF, 0xFC, 0x3F, 0xFF, 0xFC, 0x3F, 0xFF, 0xFC, 0x00,
  0x00, 0x00, 0x00, 0x00, 0x00, 0x00, 0x00, 0x00, 0x00, 0x00, 0x00, 0x00, 0x00, 0x00, 0x0F, 0xFF,
  0xE0, 0x0F, 0xFF, 0xE0, 0x00, 0x00, 0xE0, 0x00, 0x00, 0xE0, 0x1F, 0xFF, 0xE0, 0x1F, 0xFF, 0xE0,
  0x0E, 0x00, 0xE0, 0x00, 0x30, 0xE0, 0x00, 0x71, 0xE0, 0x00, 0x70, 0x40, 0x3F, 0xFF, 0xF8, 0x7F,
  0xFF, 0xFC, 0x7F, 0xFF, 0xFC, 0x00, 0x00, 0x00, 0x0E, 0x00, 0x00, 0x0E, 0x00, 0x00, 0x0E, 0x00,
  0x00, 0x0E, 0x00, 0x00, 0x0F, 0xFF, 0xF0, 0x0F, 0xFF, 0xF0, 0x0F, 0xFF, 0xF0, 0x00, 0x00, 0x00,
  0x00, 0x00, 0x00, 0x07, 0xFF, 0xF0, 0x07, 0xFF, 0xF0, 0x00, 0x00, 0x70, 0x00, 0x00, 0x70, 0x00,
  0x00, 0x70, 0x0F, 0xFF, 0xF0, 0x0F, 0xFF, 0xF0, 0x07, 0x80, 0x70, 0x00, 0x00, 0x70, 0x00, 0x00,
  0xF0, 0x3F, 0xFF, 0xFC, 0x3F, 0xFF, 0xFE, 0x3F, 0xFF, 0xFE, 0x00, 0x1C, 0x00, 0x00, 0x1C, 0x00,
  0x00, 0x1C, 0x00, 0x00, 0x1C, 0x00, 0x00, 0x1C, 0x00, 0x00, 0x1C, 0x00, 0x00, 0x1C, 0x00, 0x00,
  0x1C, 0x00, 0x00, 0x00, 0x00, 0x00, 0x00, 0x00, 0x00, 0x00, 0x00, 0x00, 0x00, 0x38, 0x00, 0x08,
  0x38, 0x0F, 0xFE, 0x38, 0x0F, 0xFE, 0x38, 0x00, 0x0E, 0x38, 0x00, 0x0E, 0x38, 0x0F, 0xFE, 0x38,
  0x0F, 0xFE, 0x38, 0x0F, 0x0E, 0x38, 0x00, 0x1C, 0x38, 0x00, 0x1F, 0xB8, 0x3F, 0xFF, 0xB8, 0x3F,
  0xFF, 0xB8, 0x1C, 0xE0, 0x38, 0x00, 0xE0, 0x38, 0x00, 0xE0, 0x38, 0x00, 0xE0, 0x38, 0x00, 0xE0,
  0x38, 0x00, 0xE0, 0x38, 0x00, 0xE0, 0x38, 0x00, 0xE0, 0x38, 0x00, 0x00, 0x38, 0x00, 0x00, 0x00,
  0x00, 0x00, 0x00, 0x00, 0x00, 0x70, 0x0F, 0xFE, 0x70, 0x0F, 0xFE, 0x70, 0x0F, 0xFE, 0x70, 0x00,
  0x0E, 0x70, 0x0F, 0xFE, 0x70, 0x1F, 0xFE, 0x70, 0x0F, 0xFE, 0x70, 0x00, 0x1E, 0x70, 0x00, 0x1F,
  0x70, 0x3F, 0xFF, 0x70, 0x3F, 0xFF, 0x70, 0x1F, 0xE0, 0x70, 0x00, 0xE0, 0x70, 0x00, 0xE0, 0x70,
  0x07, 0xE0, 0x70, 0x07, 0x00, 0x70, 0x07, 0x00, 0x00, 0x07, 0x00, 0x00, 0x07, 0xFF, 0xF8, 0x07,
  0xFF, 0xF8, 0x07, 0xFF, 0xF8, 0x00, 0x00, 0x00, 0x00, 0x00, 0x00, 0x00, 0x00, 0x00, 0x00, 0x00,
  0x00, 0x0F, 0xFF, 0xF0, 0x0F, 0xFF, 0xF0, 0x00, 0x00, 0x70, 0x00, 0x00, 0x70, 0x00, 0x00, 0x70,
  0x00, 0x00, 0x70, 0x0F, 0xFF, 0xF0, 0x0F, 0xFF, 0xF0, 0x0F, 0x00, 0x70, 0x00, 0x00, 0xF0, 0x00,
  0x00, 0xF0, 0x00, 0x00, 0xE0, 0x00, 0x00, 0xE0, 0x00, 0x00, 0x60, 0x00, 0x00, 0x00, 0x3F, 0xFF,
  0xFC, 0x3F, 0xFF, 0xFC, 0x3F, 0xFF, 0xFC, 0x00, 0x00, 0x00, 0x00, 0x00, 0x00, 0x00, 0x00, 0x00,
  0x00, 0x00, 0x00, 0x0F, 0xFF, 0xF0, 0x0F, 0xFF, 0xF0, 0x00, 0x00, 0xF0, 0x00, 0x00, 0x70, 0x00,
  0x00, 0xF0, 0x0F, 0xFF, 0xF0, 0x0F, 0xFF, 0xF0, 0x00, 0x00, 0xF0, 0x00, 0x00, 0xE0, 0x00, 0x00,
  0xE0, 0x3F, 0xFF, 0xFC, 0x3F, 0xFF, 0xFC, 0x00, 0x00, 0x00, 0x0E, 0x00, 0x00, 0x0E, 0x00, 0x00,
  0x0E, 0x00, 0x00, 0x0E, 0x00, 0x00, 0x0E, 0x00, 0x00, 0x0F, 0xFF, 0xF0, 0x0F, 0xFF, 0xF0, 0x0F,
  0xFF, 0xF0, 0x00, 0x00, 0x00, 0x00, 0x00, 0x00, 0x00, 0x00, 0x00, 0x00, 0x00, 0x00, 0x0F, 0xFF,
  0xF0, 0x0F, 0xFF, 0xF0, 0x00, 0x00, 0x70, 0x00, 0x00, 0xF0, 0x0F, 0xFF, 0xF0, 0x0F, 0xFF, 0xF0,
  0x00, 0x00, 0xF0, 0x00, 0x00, 0xF0, 0x3F, 0xFF, 0xFC, 0x3F, 0xFF, 0xFC, 0x00, 0x00, 0x00, 0x0F,
  0xFF, 0xF0, 0x0F, 0xFF, 0xF0, 0x00, 0x00, 0x70, 0x00, 0x00, 0x70, 0x0F, 0xFF, 0xF0, 0x0F, 0xFF,
  0xF0, 0x0E, 0x00, 0x00, 0x0E, 0x00, 0x00, 0x0F, 0xFF, 0xF8, 0x0F, 0xFF, 0xF8, 0x00, 0x00, 0x00,
  0x00, 0x00, 0x00, 0x00, 0x00, 0x40, 0x0F, 0xFF, 0xF0, 0x0F, 0xFF, 0xF0, 0x00, 0x00, 0x70, 0x00,
  0x00, 0xF0, 0x0F, 0xFF, 0xF0, 0x0F, 0xFF, 0xF0, 0x0F, 0x00, 0xF0, 0x00, 0x00, 0xF0, 0x00, 0x00,
  0xE0, 0x3F, 0xFF, 0xFC, 0x3F, 0xFF, 0xFC, 0x00, 0x00, 0x00, 0x00, 0x00, 0x00, 0x0F, 0xFF, 0xF0,
  0x0F, 0xFF, 0xF0, 0x0F, 0x00, 0xF0, 0x0E, 0x00, 0x70, 0x0E, 0x00, 0x70, 0x0F, 0x00, 0xF0, 0x0F,
  0xFF, 0xF0, 0x0F, 0xFF, 0xF0, 0x00, 0x00, 0x00, 0x00, 0x00, 0x00, 0x00, 0x00, 0x70, 0x00, 0x00,
  0x70, 0x1F, 0xFC, 0x70, 0x1F, 0xFC, 0x70, 0x00, 0x1C, 0x70, 0x00, 0x1C, 0x70, 0x00, 0x3C, 0x70,
  0x07, 0xF8, 0x70, 0x3F, 0xF8, 0x70, 0x3F, 0xF8, 0x70, 0x00, 0x70, 0x70, 0x00, 0xF0, 0x70, 0x01,
  0xE0, 0x70, 0x03, 0xE0, 0x70, 0x07, 0xC0, 0x70, 0x1F, 0x80, 0x70, 0x3E, 0x00, 0x70, 0x1C, 0x00,
  0x70, 0x10, 0x00, 0x70, 0x00, 0x00, 0x70, 0x00, 0x00, 0x70, 0x00, 0x00, 0x70, 0x00, 0x00, 0x00,
  0x00, 0x00, 0x70, 0x00, 0x00, 0x70, 0x1F, 0xFC, 0x70, 0x1F, 0xF8, 0x70, 0x00, 0x38, 0x70, 0x00,
  0x38, 0x70, 0x1F, 0xF8, 0x70, 0x3F, 0xF8, 0x70, 0x3F, 0xF0, 0x70, 0x01, 0xE0, 0x70, 0x03, 0xE0,
  0x70, 0x0F, 0xC0, 0x70, 0x3F, 0x80, 0x70, 0x3E, 0x00, 0x70, 0x38, 0x00, 0x70, 0x00, 0xFF, 0xC0,
  0x03, 0xFF, 0xE0, 0x07, 0xC1, 0xF0, 0x07, 0x00, 0x70, 0x07, 0x00, 0x70, 0x07, 0xE1, 0xF0, 0x03,
  0xFF, 0xE0, 0x00, 0xFF, 0x80, 0x00, 0x00, 0x00, 0x00, 0x00, 0x00, 0x00, 0x00, 0xE0, 0x00, 0x00,
  0xE0, 0x1F, 0xFC, 0xE0, 0x1F, 0xFC, 0xE0, 0x1C, 0x00, 0xE0, 0x1C, 0x00, 0xE0, 0x1C, 0x00, 0xE0,
  0x1C, 0x00, 0xE0, 0x1F, 0xF8, 0xFC, 0x1F, 0xF8, 0xFE, 0x1F, 0xF8, 0xFE, 0x1C, 0x00, 0xE0, 0x1C,
  0x00, 0xE0, 0x1C, 0x00, 0xE0, 0x1C, 0x0E, 0xE0, 0x1F, 0xFE, 0xE0, 0x1F, 0xFE, 0xE0, 0x1F, 0x80,
  0xE0, 0x00, 0x00, 0xE0, 0x00, 0x00, 0xE0, 0x00, 0x00, 0xE0, 0x00, 0x00, 0xE0, 0x00, 0x00, 0x00,
  0x00, 0x00, 0x00, 0x00, 0x00, 0x70, 0x00, 0x00, 0x70, 0x1F, 0xFC, 0x70, 0x1F, 0xFC, 0x70, 0x1C,
  0x00, 0x70, 0x1C, 0x00, 0x70, 0x1F, 0xF8, 0x7E, 0x1F, 0xF8, 0x7E, 0x1F, 0xF8, 0x7E, 0x1C, 0x00,
  0x70, 0x1C, 0x06, 0x70, 0x1F, 0xFE, 0x70, 0x1F, 0xFE, 0x70, 0x1F, 0x00, 0x70, 0x00, 0x00, 0x70,
  0x07, 0x00, 0x70, 0x07, 0x00, 0x70, 0x07, 0x00, 0x00, 0x07, 0x00, 0x00, 0x07, 0xFF, 0xF0, 0x07,
  0xFF, 0xF0, 0x07, 0xFF, 0xF0, 0x00, 0x00, 0x00, 0x00, 0x00, 0x00, 0x00, 0x00, 0x70, 0x1F, 0xFC,
  0x70, 0x1F, 0xFC, 0x70, 0x1C, 0x00, 0x70, 0x1C, 0x00, 0x7C, 0x1F, 0xF8, 0x7E, 0x1F, 0xF8, 0x7C,
  0x1C, 0x00, 0x70, 0x1F, 0xFE, 0x70, 0x1F, 0xFE, 0x70, 0x1F, 0xFE, 0x70, 0x00, 0x00, 0x70, 0x07,
  0xFF, 0xF0, 0x07, 0xFF, 0xF0, 0x00, 0x00, 0x70, 0x00, 0x00, 0x70, 0x07, 0xFF, 0xF0, 0x07, 0xFF,
  0xF0, 0x07, 0x00, 0x00, 0x07, 0x00, 0x00, 0x07, 0xFF, 0xF0, 0x07, 0xFF, 0xF0, 0x00, 0x00, 0x00,
  0x00, 0x00, 0x00, 0x00, 0x00, 0x70, 0x1F, 0xFC, 0x70, 0x1F, 0xFC, 0x70, 0x1C, 0x00, 0x70, 0x1C,
  0x00, 0x70, 0x1C, 0x00, 0x7E, 0x1F, 0xF8, 0x7E, 0x1F, 0xF8, 0x7E, 0x1C, 0x00, 0x70, 0x1C, 0x06,
  0x70, 0x1F, 0xFE, 0x70, 0x1F, 0xFE, 0x70, 0x1E, 0x00, 0x70, 0x00, 0x00, 0x00, 0x07, 0xFF, 0xF0,
  0x07, 0xFF, 0xF0, 0x07, 0x00, 0x70, 0x07, 0x00, 0x70, 0x07, 0x00, 0x70, 0x07, 0x00, 0x70, 0x07,
  0xFF, 0xF0, 0x07, 0xFF, 0xF0, 0x00, 0x00, 0x00, 0x00, 0x00, 0x00, 0x00, 0x00, 0xF0, 0x00, 0x00,
  0xF0, 0x1F, 0xF8, 0xF0, 0x1F, 0xF8, 0xF0, 0x1C, 0x00, 0xF0, 0x1C, 0x00, 0xFE, 0x1F, 0xF8, 0xFE,
  0x1F, 0xF8, 0xFE, 0x1C, 0x00, 0xF0, 0x1C, 0x06, 0xF0, 0x1F, 0xFE, 0xF0, 0x1F, 0xFE, 0xF0, 0x1F,
  0x80, 0xF0, 0x00, 0x00, 0x60, 0x00, 0xFF, 0x80, 0x03, 0xFF, 0xE0, 0x07, 0xC1, 0xF0, 0x07, 0x00,
  0x70, 0x07, 0x00, 0x70, 0x07, 0xC3, 0xF0, 0x03, 0xFF, 0xE0, 0x00, 0xFF, 0x80, 0x00, 0x00, 0x00,
  0x00, 0x00, 0x00, 0x00, 0x07, 0x38, 0x00, 0x07, 0x38, 0x1F, 0xF7, 0x38, 0x1F, 0xF7, 0x38, 0x1C,
  0x07, 0x38, 0x1C, 0x07, 0x38, 0x1C, 0x07, 0x38, 0x1C, 0x07, 0x38, 0x1F, 0xF7, 0x38, 0x1F, 0xF7,
  0xF8, 0x1F, 0xE7, 0xF8, 0x1C, 0x07, 0x38, 0x1C, 0x07, 0x38, 0x1C, 0x07, 0x38, 0x1F, 0xFF, 0x38,
  0x1F, 0xFF, 0x38, 0x1F, 0xC7, 0x38, 0x00, 0x07, 0x38, 0x00, 0x07, 0x38, 0x00, 0x07, 0x38, 0x00,
  0x07, 0x38, 0x00, 0x00, 0x38, 0x00, 0x00, 0x00, 0x00, 0x00, 0x00, 0x00, 0x07, 0x38, 0x00, 0x07,
  0x38, 0x1F, 0xF7, 0x38, 0x1F, 0xF7, 0x38, 0x1C, 0x07, 0x38, 0x1C, 0x07, 0xF8, 0x1F, 0xF7, 0xF8,
  0x1F, 0xF7, 0xF8, 0x1C, 0x07, 0x38, 0x1C, 0x17, 0x38, 0x1F, 0xFF, 0x38, 0x1F, 0xFF, 0x38, 0x00,
  0x07, 0x38, 0x00, 0x03, 0x38, 0x00, 0x00, 0x00, 0x03, 0xFF, 0xF8, 0x03, 0xFF, 0xF8, 0x00, 0x00,
  0x38, 0x00, 0x00, 0x38, 0x00, 0x00, 0x38, 0x00, 0x00, 0x38, 0x00, 0x00, 0x38, 0x00, 0x00, 0x00,
  0x00, 0x00, 0x00, 0x00, 0x00, 0x78, 0x00, 0x00, 0x78, 0x1F, 0xFC, 0x78, 0x1F, 0xFC, 0x78, 0x1C,
  0x00, 0x78, 0x1C, 0x00, 0x78, 0x1C, 0x00, 0x78, 0x1C, 0x00, 0x78, 0x1F, 0xFF, 0xF8, 0x1F, 0xFF,
  0xF8, 0x1C, 0x00, 0x78, 0x1C, 0x00, 0x78, 0x1C, 0x00, 0x78, 0x1C, 0x00, 0x78, 0x1C, 0x0C, 0x78,
  0x1F, 0xFC, 0x78, 0x1F, 0xFC, 0x78, 0x1F, 0x80, 0x78, 0x00, 0x00, 0x78, 0x00, 0x00, 0x78, 0x00,
  0x00, 0x78, 0x00, 0x00, 0x78, 0x00, 0x00, 0x00, 0x00, 0x00, 0x30, 0x00, 0x00, 0x78, 0x1F, 0xF8,
  0x78, 0x1F, 0xF8, 0x78, 0x1C, 0x00, 0x78, 0x1C, 0x00, 0x78, 0x1F, 0xFF, 0xF8, 0x1F, 0xFF, 0xF8,
  0x1F, 0xF0, 0x78, 0x1C, 0x00, 0x78, 0x1C, 0x0C, 0x78, 0x1F, 0xFC, 0x78, 0x1F, 0xFC, 0x78, 0x1F,
  0x80, 0x70, 0x00, 0x00, 0x00, 0x03, 0xFF, 0xF8, 0x03, 0xFF, 0xF8, 0x03, 0x80, 0x78, 0x03, 0x80,
  0x78, 0x03, 0x80, 0x78, 0x03, 0x80, 0x78, 0x03, 0xFF, 0xF8, 0x03, 0xFF, 0xF8, 0x00, 0x00, 0x00,
  0x00, 0x00, 0x00, 0x00, 0x00, 0x78, 0x00, 0x00, 0x78, 0x1F, 0xF8, 0x78, 0x1F, 0xF8, 0x78, 0x1C,
  0x00, 0x78, 0x1C, 0x00, 0x78, 0x1F, 0xFF, 0xF8, 0x1F, 0xFF, 0xF8, 0x1C, 0x00, 0x78, 0x1C, 0x00,
  0x78, 0x1F, 0xFC, 0x78, 0x1F, 0xFC, 0x78, 0x1F, 0xE0, 0x78, 0x00, 0x00, 0x70, 0x00, 0xFF, 0xC0,
  0x03, 0xFF, 0xF0, 0x03, 0xC0, 0xF0, 0x07, 0x80, 0x78, 0x07, 0x80, 0x78, 0x03, 0xE1, 0xF0, 0x01,
  0xFF, 0xE0, 0x00, 0xFF, 0xC0, 0x00, 0x00, 0x00, 0x00, 0x00, 0x00, 0x00, 0x03, 0xB8, 0x00, 0x03,
  0xB8, 0x00, 0x03, 0xB8, 0x1F, 0xF3, 0xB8, 0x1F, 0xF3, 0xB8, 0x1C, 0x03, 0xB8, 0x1C, 0x03, 0xB8,
  0x1C, 0x03, 0xB8, 0x1C, 0x1F, 0xB8, 0x1F, 0xFF, 0xB8, 0x1F, 0xFF, 0xB8, 0x1C, 0x03, 0xB8, 0x1C,
  0x03, 0xB8, 0x1C, 0x03, 0xB8, 0x1C, 0x13, 0xB8, 0x1F, 0xF3, 0xB8, 0x1F, 0xF3, 0xB8, 0x1F, 0x03,
  0xB8, 0x00, 0x03, 0xB8, 0x00, 0x03, 0xB8, 0x00, 0x03, 0xB8, 0x00, 0x00, 0x38, 0x00, 0x00, 0x00,
  0x00, 0x00, 0x00, 0x00, 0x03, 0xB8, 0x1F, 0xF3, 0xB8, 0x1F, 0xF3, 0xB8, 0x1C, 0x03, 0xB8, 0x1C,
  0x03, 0xB8, 0x1C, 0x0F, 0xB8, 0x1F, 0xFF, 0xB8, 0x1F, 0xFF, 0xB8, 0x1C, 0x03, 0xB8, 0x1C, 0x33,
  0xB8, 0x1F, 0xFB, 0xB8, 0x1F, 0xFB, 0xB8, 0x00, 0x03, 0xB8, 0x00, 0x00, 0x00, 0x03, 0xFF, 0xF8,
  0x03, 0xFF, 0xF8, 0x03, 0x80, 0x38, 0x03, 0x80, 0x38, 0x03, 0x80, 0x38, 0x03, 0x80, 0x38, 0x03,
  0xFF, 0xF8, 0x03, 0xFF, 0xF8, 0x00, 0x00, 0x00, 0x00, 0x00, 0x00, 0x00, 0x00, 0x00, 0x00, 0x00,
  0x00, 0x0F, 0xFF, 0xE0, 0x0F, 0xFF, 0xE0, 0x0E, 0x00, 0x00, 0x0E, 0x00, 0x00, 0x0F, 0xFF, 0xE0,
  0x0F, 0xFF, 0xE0, 0x0E, 0x00, 0x00, 0x0E, 0x00, 0x00, 0x0E, 0x00, 0x00, 0x0F, 0xFF, 0xF0, 0x0F,
  0xFF, 0xF0, 0x00, 0x38, 0x00, 0x00, 0x38, 0x00, 0x00, 0x38, 0x00, 0x00, 0x38, 0x00, 0x7F, 0xFF,
  0xFC, 0x7F, 0xFF, 0xFC, 0x3F, 0xFF, 0xF8, 0x00, 0x00, 0x00, 0x00, 0x00, 0x00, 0x00, 0x00, 0x00,
  0x00, 0x00, 0x00, 0x00, 0x00, 0x00, 0x0F, 0xFF, 0xF0, 0x0F, 0xFF, 0xF0, 0x0E, 0x00, 0x00, 0x0E,
  0x00, 0x00, 0x0F, 0xFF, 0xE0, 0x0F, 0xFF, 0xE0, 0x0E, 0x00, 0x00, 0x0F, 0xFF, 0xF0, 0x0F, 0xFF,
  0xF0, 0x00, 0x38, 0x00, 0x00, 0x38, 0x00, 0x7F, 0xFF, 0xFC, 0x7F, 0xFF, 0xFC, 0x3F, 0xFF, 0xFC,
  0x0E, 0x00, 0x00, 0x0E, 0x00, 0x00, 0x0E, 0x00, 0x00, 0x0E, 0x00, 0x00, 0x0F, 0xFF, 0xF0, 0x0F,
  0xFF, 0xF0, 0x0F, 0xFF, 0xF0, 0x00, 0x00, 0x00, 0x00, 0x00, 0x00, 0x00, 0x00, 0x00, 0x0F, 0xFF,
  0xE0, 0x0F, 0xFF, 0xE0, 0x0E, 0x00, 0x00, 0x0F, 0xFF, 0xE0, 0x0F, 0xFF, 0xE0, 0x0E, 0x00, 0x00,
  0x0F, 0xFF, 0xE0, 0x0F, 0xFF, 0xF0, 0x0F, 0xFF, 0xF0, 0x00, 0x38, 0x00, 0x7F, 0xFF, 0xFC, 0x7F,
  0xFF, 0xFC, 0x3F, 0xFF, 0xF8, 0x00, 0x00, 0x00, 0x03, 0xFF, 0x80, 0x07, 0xFF, 0xC0, 0x0F, 0x01,
  0xE0, 0x0E, 0x00, 0xE0, 0x0F, 0x83, 0xE0, 0x07, 0xFF, 0xC0, 0x01, 0xFF, 0x80, 0x00, 0x00, 0x00,
  0x00, 0x00, 0x00, 0x00, 0x00, 0x00, 0x0F, 0xFF, 0xF0, 0x0F, 0xFF, 0xF0, 0x0E, 0x00, 0x00, 0x0E,
  0x00, 0x00, 0x0F, 0xFF, 0xE0, 0x0F, 0xFF, 0xE0, 0x0E, 0x00, 0x00, 0x0E, 0x00, 0x00, 0x0F, 0xFF,
  0xF0, 0x0F, 0xFF, 0xF0, 0x0F, 0xFF, 0xE0, 0x00, 0x00, 0x00, 0x7F, 0xFF, 0xFC, 0x7F, 0xFF, 0xFC,
  0x3F, 0xFF, 0xFC, 0x00, 0x38, 0x00, 0x00, 0x38, 0x00, 0x00, 0x38, 0x00, 0x00, 0x38, 0x00, 0x00,
  0x38, 0x00, 0x00, 0x38, 0x00, 0x00, 0x00, 0x00, 0x00, 0x00, 0x00, 0x00, 0x00, 0x00, 0x00, 0x00,
  0x00, 0x0F, 0xFF, 0xF0, 0x0F, 0xFF, 0xF0, 0x0F, 0x00, 0x00, 0x0F, 0x00, 0x00, 0x0F, 0x00, 0x00,
  0x0F, 0xFF, 0xE0, 0x0F, 0xFF, 0xE0, 0x0F, 0x00, 0x00, 0x0F, 0x00, 0x00, 0x0F, 0xFF, 0xF0, 0x0F,
  0xFF, 0xF0, 0x0F, 0xFF, 0xF0, 0x00, 0x00, 0x00, 0x00, 0x00, 0x00, 0x00, 0x00, 0x00, 0x3F, 0xFF,
  0xFC, 0x3F, 0xFF, 0xFC, 0x00, 0x00, 0x00, 0x00, 0x00, 0x00, 0x00, 0x00, 0x00, 0x00, 0x00, 0x00,
  0x00, 0x00, 0x00, 0x00, 0x00, 0x00, 0x0F, 0xFF, 0xF0, 0x0F, 0xFF, 0xF0, 0x0F, 0x00, 0x00, 0x0F,
  0xFF, 0xE0, 0x0F, 0xFF, 0xE0, 0x0F, 0x00, 0x00, 0x0F, 0x00, 0x00, 0x0F, 0xFF, 0xF0, 0x0F, 0xFF,
  0xF0, 0x00, 0x00, 0x00, 0x00, 0x00, 0x00, 0x3F, 0xFF, 0xFC, 0x3F, 0xFF, 0xFC, 0x00, 0x00, 0x00,
  0x00, 0x00, 0x00, 0x0F, 0xFF, 0xF0, 0x0F, 0xFF, 0xF0, 0x00, 0x00, 0xF0, 0x00, 0x00, 0xF0, 0x00,
  0x00, 0xF0, 0x00, 0x00, 0xF0, 0x00, 0x00, 0x00, 0x00, 0x00, 0x00, 0x00, 0x00, 0x00, 0x0F, 0xFF,
  0xF0, 0x0F, 0xFF, 0xF0, 0x0F, 0x00, 0x00, 0x0F, 0x00, 0x00, 0x0F, 0xFF, 0xE0, 0x0F, 0xFF, 0xE0,
  0x0F, 0x00, 0x00, 0x0F, 0xFF, 0xF0, 0x0F, 0xFF, 0xF0, 0x00, 0x00, 0x00, 0x00, 0x00, 0x00, 0x3F,
  0xFF, 0xFC, 0x3F, 0xFF, 0xFC, 0x00, 0x00, 0x00, 0x0E, 0x00, 0x00, 0x0F, 0x00, 0x00, 0x0F, 0x00,
  0x00, 0x0F, 0x00, 0x00, 0x0F, 0xFF, 0xF0, 0x0F, 0xFF, 0xF0, 0x0F, 0xFF, 0xF0, 0x00, 0x00, 0x00,
  0x00, 0x00, 0x00, 0x0F, 0xFF, 0xF0, 0x0F, 0xFF, 0xF0, 0x0F, 0x00, 0x00, 0x0F, 0x00, 0x00, 0x0F,
  0xFF, 0xE0, 0x0F, 0xFF, 0xE0, 0x0F, 0x00, 0x00, 0x0F, 0xFF, 0xF0, 0x0F, 0xFF, 0xF0, 0x00, 0x00,
  0x00, 0x3F, 0xFF, 0xFC, 0x3F, 0xFF, 0xFC, 0x00, 0x00, 0x00, 0x0F, 0xFF, 0xF0, 0x0F, 0xFF, 0xF0,
  0x00, 0x00, 0x70, 0x00, 0x00, 0x70, 0x0F, 0xFF, 0xF0, 0x0F, 0xFF, 0xF0, 0x0E, 0x00, 0x00, 0x0F,
  0xFF, 0xF0, 0x0F, 0xFF, 0xF0, 0x00, 0x00, 0x00, 0x00, 0x00, 0x00, 0x00, 0x00, 0xE0, 0x00, 0x00,
  0xE0, 0x3F, 0xFC, 0xE0, 0x3F, 0xFC, 0xE0, 0x3F, 0xFC, 0xE0, 0x0E, 0x70, 0xE0, 0x0E, 0x70, 0xE0,
  0x0E, 0x70, 0xE0, 0x0E, 0x70, 0xFC, 0x0E, 0x70, 0xFE, 0x0E, 0x70, 0xFE, 0x0E, 0x70, 0xE0, 0x0E,
  0x70, 0xE0, 0x0E, 0x70, 0xE0, 0x3F, 0xFE, 0xE0, 0x7F, 0xFE, 0xE0, 0x3F, 0xF0, 0xE0, 0x00, 0x00,
  0xE0, 0x00, 0x00, 0xE0, 0x00, 0x00, 0xE0, 0x00, 0x00, 0xE0, 0x00, 0x00, 0xE0, 0x00, 0x00, 0x00,
  0x00, 0x00, 0x00, 0x00, 0x00, 0xE0, 0x3F, 0xFC, 0xE0, 0x3F, 0xFC, 0xE0, 0x3F, 0xFC, 0xE0, 0x0E,
  0x70, 0xE0, 0x0E, 0x70, 0xE0, 0x0E, 0x70, 0xFC, 0x0E, 0x70, 0xFC, 0x0E, 0x70, 0xFC, 0x0E, 0x70,
  0xE0, 0x0E, 0x76, 0xE0, 0x3F, 0xFE, 0xE0, 0x3F, 0xFE, 0xE0, 0x3F, 0xE0, 0xE0, 0x07, 0x00, 0xE0,
  0x07, 0x00, 0xE0, 0x07, 0x00, 0xE0, 0x07, 0x00, 0x00, 0x07, 0x00, 0x00, 0x07, 0xFF, 0xF0, 0x07,
  0xFF, 0xF0, 0x07, 0xFF, 0xF0, 0x00, 0x00, 0x00, 0x00, 0x00, 0x00, 0x00, 0x00, 0xE0, 0x3F, 0xFC,
  0xE0, 0x3F, 0xFC, 0xE0, 0x3F, 0xFC, 0xE0, 0x0E, 0x70, 0xE0, 0x0E, 0x70, 0xFC, 0x0E, 0x70, 0xFC,
  0x0E, 0x70, 0xFC, 0x0E, 0x70, 0xE0, 0x0E, 0x7E, 0xE0, 0x3F, 0xFE, 0xE0, 0x3F, 0xFE, 0xE0, 0x3E,
  0x00, 0xE0, 0x00, 0x00, 0xE0, 0x01, 0xFF, 0x80, 0x07, 0xFF, 0xC0, 0x07, 0x83, 0xE0, 0x0F, 0x00,
  0xE0, 0x0F, 0x00, 0xE0, 0x07, 0xC3, 0xE0, 0x03, 0xFF, 0xC0, 0x01, 0xFF, 0x00, 0x00, 0x00, 0x00,
  0x00, 0x00, 0x00, 0x00, 0x01, 0x38, 0x00, 0x03, 0xB8, 0x1F, 0xF3, 0xB8, 0x3F, 0xFB, 0xB8, 0x3F,
  0xFB, 0xB8, 0x0E, 0xE3, 0xB8, 0x0E, 0xE3, 0xB8, 0x0E, 0xE3, 0xB8, 0x0E, 0xE3, 0xB8, 0x0E, 0xE3,
  0xF8, 0x0E, 0xE3, 0xF8, 0x0E, 0xE3, 0xB8, 0x0E, 0xE3, 0xB8, 0x0E, 0xE3, 0xB8, 0x3F, 0xFB, 0xB8,
  0x3F, 0xFB, 0xB8, 0x3F, 0xE3, 0xB8, 0x00, 0x03, 0xB8, 0x00, 0x03, 0xB8, 0x00, 0x03, 0xB8, 0x00,
  0x03, 0xB8, 0x00, 0x00, 0x38, 0x00, 0x00, 0x00, 0x00, 0x00, 0x00, 0x00, 0x00, 0x38, 0x00, 0x07,
  0x38, 0x3F, 0xFF, 0x38, 0x3F, 0xFF, 0x38, 0x3F, 0xFF, 0x38, 0x0E, 0xE7, 0x38, 0x0E, 0xE7, 0x38,
  0x0E, 0xE7, 0xF8, 0x0E, 0xE7, 0xF8, 0x0E, 0xE7, 0x38, 0x0E, 0xFF, 0x38, 0x3F, 0xFF, 0x38, 0x3F,
  0xFF, 0x38, 0x1E, 0x07, 0x38, 0x00, 0x07, 0x38, 0x03, 0x87, 0x38, 0x03, 0x80, 0x38, 0x03, 0x80,
  0x00, 0x03, 0x80, 0x00, 0x03, 0xFF, 0xF8, 0x03, 0xFF, 0xFC, 0x03, 0xFF, 0xFC, 0x00, 0x00, 0x00,
  0x00, 0x00, 0x00, 0x00, 0x00, 0x70, 0x00, 0x00, 0x70, 0x3F, 0xFC, 0x70, 0x3F, 0xFC, 0x70, 0x3F,
  0xFC, 0x70, 0x0E, 0x70, 0x70, 0x0E, 0x70, 0x70, 0x0E, 0x70, 0x70, 0x0E, 0x77, 0xF0, 0x0E, 0x77,
  0xF0, 0x0E, 0x70, 0x70, 0x0E, 0x70, 0x70, 0x0E, 0x70, 0x70, 0x0E, 0x70, 0x70, 0x3F, 0xFE, 0x70,
  0x7F, 0xFE, 0x70, 0x3F, 0xF0, 0x70, 0x00, 0x00, 0x70, 0x00, 0x00, 0x70, 0x00, 0x00, 0x70, 0x00,
  0x00, 0x70, 0x00, 0x00, 0x70, 0x00, 0x00, 0x00, 0x00, 0x00, 0x00, 0x00, 0x00, 0x70, 0x3F, 0xFC,
  0x70, 0x3F, 0xFC, 0x70, 0x3F, 0xFC, 0x70, 0x0E, 0x70, 0x70, 0x0E, 0x70, 0x70, 0x0E, 0x73, 0xF0,
  0x0E, 0x73, 0xF0, 0x0E, 0x70, 0x70, 0x0E, 0x70, 0x70, 0x3F, 0xFE, 0x70, 0x3F, 0xFE, 0x70, 0x3F,
  0xE0, 0x70, 0x00, 0x00, 0x70, 0x00, 0x00, 0x00, 0x07, 0xFF, 0xF0, 0x07, 0xFF, 0xF0, 0x00, 0x00,
  0x70, 0x00, 0x00, 0x70, 0x00, 0x00, 0x70, 0x00, 0x00, 0x70, 0x00, 0x00, 0x70, 0x00, 0x00, 0x00,
  0x00, 0x00, 0x00, 0x00, 0x00, 0x70, 0x3F, 0xFC, 0x70, 0x3F, 0xFC, 0x70, 0x3F, 0xFC, 0x70, 0x0E,
  0x70, 0x70, 0x0E, 0x70, 0x70, 0x0E, 0x73, 0xF0, 0x0E, 0x73, 0xF0, 0x0E, 0x70, 0x70, 0x0E, 0x70,
  0x70, 0x3F, 0xFE, 0x70, 0x3F, 0xFE, 0x70, 0x3F, 0xF8, 0x70, 0x00, 0x00, 0x70, 0x03, 0x00, 0x70,
  0x07, 0x80, 0x70, 0x07, 0x80, 0x00, 0x07, 0x80, 0x00, 0x07, 0x80, 0x00, 0x07, 0xFF, 0xF8, 0x07,
  0xFF, 0xF8, 0x07, 0xFF, 0xF8, 0x00, 0x00, 0x00, 0x00, 0x00, 0x00, 0x00, 0x00, 0x70, 0x3F, 0xFC,
  0x70, 0x3F, 0xFC, 0x70, 0x3F, 0xFC, 0x70, 0x0E, 0x70, 0x70, 0x0E, 0x70, 0x70, 0x0E, 0x73, 0xF0,
  0x0E, 0x73, 0xF0, 0x0E, 0x70, 0x70, 0x0E, 0x76, 0x70, 0x3F, 0xFE, 0x70, 0x3F, 0xFE, 0x70, 0x3F,
  0x80, 0x70, 0x00, 0x00, 0x00, 0x07, 0xFF, 0xF0, 0x07, 0xFF, 0xF0, 0x07, 0x80, 0x70, 0x07, 0x00,
  0x70, 0x07, 0x00, 0x70, 0x07, 0x80, 0x70, 0x07, 0xFF, 0xF0, 0x07, 0xFF, 0xF0, 0x00, 0x00, 0x00,
  0x00, 0x00, 0x00, 0x00, 0x03, 0xB8, 0x00, 0x03, 0xB8, 0x3F, 0xF3, 0xB8, 0x3F, 0xF3, 0xB8, 0x3F,
  0xF3, 0xB8, 0x1C, 0xE3, 0xB8, 0x1C, 0xE3, 0xB8, 0x1C, 0xE3, 0xB8, 0x1C, 0xFF, 0xB8, 0x1C, 0xFF,
  0xB8, 0x1C, 0xEF, 0xB8, 0x1C, 0xE3, 0xB8, 0x1C, 0xE3, 0xB8, 0x1C, 0xE3, 0xB8, 0x3F, 0xFB, 0xB8,
  0x7F, 0xFB, 0xB8, 0x3F, 0xE3, 0xB8, 0x00, 0x03, 0xB8, 0x00, 0x03, 0xB8, 0x00, 0x03, 0xB8, 0x00,
  0x03, 0xB8, 0x00, 0x00, 0x38, 0x00, 0x00, 0x00, 0x00, 0x00, 0x00, 0x00, 0x00, 0x78, 0x3F, 0xFC,
  0x78, 0x3F, 0xFC, 0x78, 0x3F, 0xFC, 0x78, 0x0E, 0x73, 0xF8, 0x0E, 0x73, 0xF8, 0x0E, 0x70, 0x78,
  0x0E, 0x70, 0x78, 0x0E, 0x73, 0xF8, 0x0E, 0x73, 0xF8, 0x0E, 0x77, 0xF8, 0x3F, 0xFE, 0x78, 0x3F,
  0xFE, 0x78, 0x3F, 0xF8, 0x78, 0x00, 0x00, 0x78, 0x03, 0x80, 0x78, 0x07, 0x80, 0x30, 0x07, 0x80,
  0x00, 0x07, 0x80, 0x00, 0x07, 0xFF, 0xF8, 0x07, 0xFF, 0xF8, 0x07, 0xFF, 0xF8, 0x00, 0x00, 0x00,
  0x00, 0x00, 0x00, 0x00, 0x00, 0x70, 0x3F, 0xFC, 0x70, 0x3F, 0xFC, 0x70, 0x3F, 0xFC, 0x70, 0x0E,
  0x73, 0xF0, 0x0E, 0x73, 0xF0, 0x0E, 0x70, 0x70, 0x0E, 0x70, 0x70, 0x0E, 0x73, 0xF0, 0x0E, 0x73,
  0xF0, 0x3F, 0xFE, 0x70, 0x3F, 0xFE, 0x70, 0x3F, 0xC0, 0x70, 0x00, 0x00, 0x70, 0x00, 0xFF, 0xC0,
  0x03, 0xFF, 0xE0, 0x07, 0xC1, 0xF0, 0x07, 0x00, 0x70, 0x07, 0x00, 0x70, 0x07, 0xE1, 0xF0, 0x03,
  0xFF, 0xE0, 0x00, 0xFF, 0x80, 0x00, 0x00, 0x00, 0x00, 0x00, 0x00, 0x00, 0x00, 0x00, 0x0F, 0xFF,
  0xF8, 0x0F, 0xFF, 0xF8, 0x0F, 0xFF, 0xF8, 0x01, 0xC1, 0xC0, 0x01, 0xC1, 0xC0, 0x01, 0xC1, 0xC0,
  0x01, 0xC1, 0xC0, 0x01, 0xC1, 0xC0, 0x01, 0xC1, 0xC0, 0x0F, 0xFF, 0xF8, 0x0F, 0xFF, 0xF8, 0x0F,
  0xFF, 0xF8, 0x00, 0x1C, 0x00, 0x00, 0x1C, 0x00, 0x00, 0x1C, 0x00, 0x00, 0x1C, 0x00, 0x3F, 0xFF,
  0xFC, 0x3F, 0xFF, 0xFC, 0x3F, 0xFF, 0xFC, 0x00, 0x00, 0x00, 0x00, 0x00, 0x00, 0x00, 0x00, 0x00,
  0x00, 0x00, 0x00, 0x00, 0x00, 0x00, 0x0F, 0xFF, 0xF8, 0x0F, 0xFF, 0xF8, 0x01, 0xC1, 0xC0, 0x01,
  0xC1, 0xC0, 0x01, 0xC1, 0xC0, 0x07, 0xFF, 0xF0, 0x0F, 0xFF, 0xF8, 0x0F, 0xFF, 0xF8, 0x00, 0x1C,
  0x00, 0x00, 0x1C, 0x00, 0x3F, 0xFF, 0xFC, 0x3F, 0xFF, 0xFC, 0x3F, 0xFF, 0xFC, 0x00, 0x00, 0x00,
  0x0F, 0xFF, 0xF0, 0x0F, 0xFF, 0xF0, 0x00, 0x00, 0x70, 0x00, 0x00, 0x70, 0x00, 0x00, 0x70, 0x00,
  0x00, 0x70, 0x00, 0x00, 0x70, 0x00, 0x00, 0x00, 0x00, 0x00, 0x00, 0x00, 0x00, 0x00, 0x0F, 0xFF,
  0xF0, 0x0F, 0xFF, 0xF0, 0x03, 0xC3, 0x80, 0x03, 0x83, 0x80, 0x03, 0x83, 0x80, 0x03, 0x83, 0x80,
  0x0F, 0xFF, 0xF0, 0x0F, 0xFF, 0xF0, 0x0F, 0xFF, 0xF0, 0x00, 0x38, 0x00, 0x3F, 0xFF, 0xF8, 0x7F,
  0xFF, 0xFC, 0x7F, 0xFF, 0xFC, 0x00, 0x00, 0x00, 0x0E, 0x00, 0x00, 0x0E, 0x00, 0x00, 0x0E, 0x00,
  0x00, 0x0E, 0x00, 0x00, 0x0F, 0xFF, 0xF0, 0x0F, 0xFF, 0xF0, 0x0F, 0xFF, 0xF0, 0x00, 0x00, 0x00,
  0x00, 0x00, 0x00, 0x0F, 0xFF, 0xF0, 0x0F, 0xFF, 0xF0, 0x03, 0xC3, 0x80, 0x03, 0x83, 0x80, 0x03,
  0x83, 0x80, 0x0F, 0xFF, 0xF0, 0x0F, 0xFF, 0xF0, 0x0F, 0xFF, 0xF0, 0x00, 0x38, 0x00, 0x00, 0x38,
  0x00, 0x7F, 0xFF, 0xFC, 0x7F, 0xFF, 0xFC, 0x00, 0x00, 0x00, 0x0F, 0xFF, 0xF0, 0x0F, 0xFF, 0xF0,
  0x00, 0x00, 0xF0, 0x0F, 0xFF, 0xF0, 0x0F, 0xFF, 0xF0, 0x0E, 0x00, 0x00, 0x0E, 0x00, 0x00, 0x0F,
  0xFF, 0xF0, 0x0F, 0xFF, 0xF0, 0x00, 0x00, 0x00, 0x00, 0x00, 0x00, 0x00, 0x00, 0x00, 0x0F, 0xFF,
  0xF0, 0x0F, 0xFF, 0xF8, 0x0F, 0xFF, 0xF8, 0x01, 0xC3, 0xC0, 0x01, 0xC3, 0xC0, 0x01, 0xC3, 0xC0,
  0x01, 0xC3, 0xC0, 0x01, 0xC3, 0xC0, 0x01, 0xC3, 0xC0, 0x0F, 0xFF, 0xF0, 0x0F, 0xFF, 0xF0, 0x0F,
  0xFF, 0xF0, 0x01, 0xC3, 0x80, 0x01, 0xC3, 0x80, 0x01, 0xC3, 0x80, 0x01, 0xC3, 0x80, 0x3F, 0xFF,
  0xFC, 0x3F, 0xFF, 0xFC, 0x3F, 0xFF, 0xFC, 0x00, 0x00, 0x00, 0x00, 0x00, 0x00, 0x00, 0x00, 0x00,
  0x00, 0x00, 0x00, 0x0F, 0xFF, 0xF8, 0x0F, 0xFF, 0xF8, 0x0F, 0xFF, 0xF8, 0x01, 0xC1, 0xC0, 0x01,
  0xC1, 0xC0, 0x01, 0xC1, 0xC0, 0x01, 0xC1, 0xC0, 0x01, 0xC1, 0xC0, 0x0F, 0xFF, 0xF8, 0x0F, 0xFF,
  0xF8, 0x00, 0x00, 0x00, 0x00, 0x00, 0x00, 0x3F, 0xFF, 0xFC, 0x3F, 0xFF, 0xFC, 0x00, 0x3C, 0x00,
  0x00, 0x1C, 0x00, 0x00, 0x1C, 0x00, 0x00, 0x1C, 0x00, 0x00, 0x1C, 0x00, 0x00, 0x1C, 0x00, 0x00,
  0x1C, 0x00, 0x00, 0x00, 0x00, 0x00, 0x00, 0x00, 0x00, 0x00, 0x00, 0x0F, 0xFF, 0xF0, 0x0F, 0xFF,
  0xF0, 0x03, 0xC3, 0x80, 0x03, 0x83, 0x80, 0x03, 0x83, 0x80, 0x03, 0xC3, 0x80, 0x0F, 0xFF, 0xF0,
  0x0F, 0xFF, 0xF0, 0x00, 0x00, 0x00, 0x3F, 0xFF, 0xF8, 0x7F, 0xFF, 0xFC, 0x7F, 0xFF, 0xFC, 0x00,
  0x38, 0x00, 0x0F, 0xFF, 0xF0, 0x0F, 0xFF, 0xF0, 0x00, 0x00, 0xF0, 0x0F, 0xFF, 0xF0, 0x0F, 0xFF,
  0xF0, 0x0E, 0x00, 0x00, 0x0E, 0x00, 0x00, 0x0F, 0xFF, 0xF0, 0x0F, 0xFF, 0xF0, 0x00, 0x00, 0x00,
  0x00, 0x00, 0x00, 0x0F, 0xFF, 0xE0, 0x0F, 0xFF, 0xF0, 0x0F, 0xFF, 0xF0, 0x03, 0x83, 0x80, 0x03,
  0x83, 0x80, 0x03, 0x83, 0x80, 0x0F, 0xFF, 0xF0, 0x0F, 0xFF, 0xF0, 0x0F, 0xFF, 0xF0, 0x00, 0x00,
  0x00, 0x3F, 0xFF, 0xFC, 0x7F, 0xFF, 0xFC, 0x7F, 0xFF, 0xFC, 0x00, 0x38, 0x00, 0x00, 0x38, 0x00,
  0x0F, 0xFF, 0xF0, 0x0F, 0xFF, 0xF0, 0x0E, 0x00, 0xF0, 0x0E, 0x00, 0xF0, 0x0E, 0x00, 0xF0, 0x0F,
  0xFF, 0xF0, 0x0F, 0xFF, 0xF0, 0x00, 0x00, 0x00, 0x00, 0x00, 0x00, 0x00, 0x00, 0x00, 0x0F, 0xFF,
  0xF0, 0x0F, 0xFF, 0xF0, 0x03, 0x83, 0x80, 0x03, 0x83, 0x80, 0x03, 0x83, 0x80, 0x0F, 0xFF, 0xF0,
  0x0F, 0xFF, 0xF0, 0x0F, 0xFF, 0xF0, 0x00, 0x00, 0x00, 0x3F, 0xFF, 0xF8, 0x7F, 0xFF, 0xFC, 0x7F,
  0xFF, 0xFC, 0x00, 0x38, 0x00, 0x00, 0xFF, 0x00, 0x07, 0xFF, 0xC0, 0x0F, 0xFF, 0xE0, 0x0F, 0x00,
  0xE0, 0x0E, 0x00, 0xF0, 0x0F, 0x83, 0xE0, 0x07, 0xFF, 0xC0, 0x01, 0xFF, 0x80, 0x00, 0x00, 0x00,
  0x00, 0x00, 0x00, 0x00, 0x00, 0x00, 0x00, 0x00, 0x00, 0x1F, 0xFF, 0xF8, 0x1F, 0xFF, 0xF8, 0x0F,
  0xFF, 0xF0, 0x01, 0xC3, 0x80, 0x01, 0xC3, 0x80, 0x01, 0xC3, 0x80, 0x01, 0xC3, 0x80, 0x01, 0xC3,
  0x80, 0x01, 0xC3, 0x80, 0x0F, 0xFF, 0xF0, 0x0F, 0xFF, 0xF0, 0x0F, 0xFF, 0xF0, 0x00, 0x00, 0x00,
  0x00, 0x00, 0x00, 0x00, 0x00, 0x00, 0x3F, 0xFF, 0xFC, 0x3F, 0xFF, 0xFC, 0x3F, 0xFF, 0xFC, 0x00,
  0x00, 0x00, 0x00, 0x00, 0x00, 0x00, 0x00, 0x00, 0x00, 0x00, 0x00, 0x00, 0x00, 0x00, 0x0F, 0xFF,
  0xF0, 0x0F, 0xFF, 0xF0, 0x03, 0xC3, 0xC0, 0x01, 0xC3, 0x80, 0x01, 0xC3, 0x80, 0x01, 0xC3, 0x80,
  0x0F, 0xFF, 0xF0, 0x0F, 0xFF, 0xF0, 0x00, 0x00, 0x00, 0x00, 0x00, 0x00, 0x00, 0x00, 0x00, 0x3F,
  0xFF, 0xFC, 0x3F, 0xFF, 0xFC, 0x00, 0x00, 0x00, 0x0E, 0x00, 0x00, 0x0F, 0x00, 0x00, 0x0F, 0x00,
  0x00, 0x0F, 0x00, 0x00, 0x0F, 0xFF, 0xF0, 0x0F, 0xFF, 0xF0, 0x0F, 0xFF, 0xF0, 0x00, 0x00, 0x00,
  0x00, 0x00, 0x00, 0x0F, 0xFF, 0xF0, 0x0F, 0xFF, 0xF0, 0x01, 0xC3, 0x80, 0x01, 0xC3, 0x80, 0x03,
  0xC3, 0xC0, 0x0F, 0xFF, 0xF0, 0x0F, 0xFF, 0xF0, 0x00, 0x00, 0x00, 0x00, 0x00, 0x00, 0x3F, 0xFF,
  0xFC, 0x3F, 0xFF, 0xFC, 0x00, 0x00, 0x00, 0x0F, 0xFF, 0xF0, 0x0F, 0xFF, 0xF0, 0x00, 0x00, 0xF0,
  0x0F, 0xFF, 0xF0, 0x0F, 0xFF, 0xF0, 0x0E, 0x00, 0x00, 0x0E, 0x00, 0x00, 0x0F, 0xFF, 0xF0, 0x0F,
  0xFF, 0xF0, 0x00, 0x00, 0x00, 0x00, 0x00, 0x00, 0x00, 0x00, 0x00, 0x00, 0x00, 0x38, 0x00, 0x00,
  0x38, 0x1F, 0xFE, 0x38, 0x1F, 0xFE, 0x38, 0x1F, 0xFE, 0x38, 0x07, 0x38, 0x38, 0x07, 0x38, 0x38,
  0x07, 0x38, 0x38, 0x07, 0x38, 0x38, 0x07, 0x38, 0x38, 0x07, 0x38, 0x38, 0x07, 0x38, 0x38, 0x07,
  0x38, 0x38, 0x07, 0x38, 0x38, 0x3F, 0xFF, 0x38, 0x3F, 0xFF, 0x38, 0x1F, 0xF8, 0x38, 0x00, 0x00,
  0x38, 0x00, 0x00, 0x38, 0x00, 0x00, 0x38, 0x00, 0x00, 0x38, 0x00, 0x00, 0x38, 0x00, 0x00, 0x00,
  0x00, 0x00, 0x00, 0x00, 0x00, 0x38, 0x1F, 0xFE, 0x38, 0x1F, 0xFE, 0x38, 0x1F, 0xFE, 0x38, 0x07,
  0x38, 0x38, 0x07, 0x38, 0x38, 0x07, 0x38, 0x38, 0x07, 0x38, 0x38, 0x07, 0x38, 0x38, 0x07, 0x39,
  0x38, 0x3F, 0xFF, 0x38, 0x1F, 0xFF, 0x38, 0x1F, 0xE0, 0x38, 0x00, 0x00, 0x38, 0x00, 0x00, 0x00,
  0x03, 0xFF, 0xF8, 0x03, 0xFF, 0xF8, 0x00, 0x00, 0x38, 0x00, 0x00, 0x38, 0x00, 0x00, 0x38, 0x00,
  0x00, 0x38, 0x00, 0x00, 0x38, 0x00, 0x00, 0x00, 0x00, 0x00, 0x38, 0x00, 0x00, 0x38, 0x1F, 0xFE,
  0x38, 0x1F, 0xFE, 0x38, 0x07, 0x38, 0x38, 0x07, 0x38, 0x38, 0x07, 0x38, 0x38, 0x07, 0x38, 0x38,
  0x07, 0x38, 0x38, 0x07, 0x3F, 0x38, 0x3F, 0xFF, 0x38, 0x1F, 0xFF, 0x38, 0x00, 0x00, 0x38, 0x03,
  0xFF, 0xF8, 0x03, 0xFF, 0xF8, 0x00, 0x00, 0x38, 0x00, 0x00, 0x38, 0x03, 0xFF, 0xF8, 0x03, 0xFF,
  0xF8, 0x03, 0x80, 0x00, 0x03, 0x80, 0x00, 0x07, 0xFF, 0xF8, 0x03, 0xFF, 0xF8, 0x00, 0x00, 0x00,
  0x00, 0x00, 0x00, 0x03, 0x80, 0xE0, 0x03, 0x80, 0xE0, 0x03, 0x80, 0xE0, 0x7F, 0xFC, 0xE0, 0x7F,
  0xFC, 0xE0, 0x7F, 0xFC, 0xE0, 0x00, 0x00, 0xE0, 0x0F, 0xE0, 0xE0, 0x1F, 0xF0, 0xFC, 0x3F, 0xF8,
  0xFC, 0x3C, 0x78, 0xFC, 0x38, 0x38, 0xE0, 0x38, 0x38, 0xE0, 0x38, 0x38, 0xE0, 0x3C, 0x78, 0xE0,
  0x1F, 0xF0, 0xE0, 0x0F, 0xE0, 0xE0, 0x00, 0x00, 0xE0, 0x00, 0x00, 0xE0, 0x00, 0x00, 0xE0, 0x00,
  0x00, 0xE0, 0x00, 0x00, 0xE0, 0x00, 0x00, 0x00, 0x01, 0xC0, 0xE0, 0x01, 0xC0, 0xE0, 0x01, 0xC0,
  0xE0, 0x3F, 0xFE, 0xE0, 0x3F, 0xFE, 0xE0, 0x00, 0x00, 0xE0, 0x03, 0xE0, 0xE0, 0x0F, 0xF8, 0xE0,
  0x0F, 0xFC, 0xFC, 0x1E, 0x3C, 0xFC, 0x1C, 0x1C, 0xE0, 0x1C, 0x1C, 0xE0, 0x1F, 0x7C, 0xE0, 0x0F,
  0xF8, 0xE0, 0x07, 0xF0, 0xE0, 0x00, 0x00, 0xE0, 0x07, 0x00, 0xE0, 0x07, 0x00, 0xE0, 0x07, 0x00,
  0x00, 0x07, 0x00, 0x00, 0x07, 0xFF, 0xF0, 0x07, 0xFF, 0xF0, 0x07, 0xFF, 0xF0, 0x00, 0x00, 0x00,
  0x01, 0xC0, 0x60, 0x01, 0xC0, 0xE0, 0x3F, 0xFE, 0xE0, 0x3F, 0xFE, 0xE0, 0x3F, 0xFE, 0xE0, 0x01,
  0xE0, 0xE0, 0x0F, 0xF8, 0xFE, 0x1F, 0xFC, 0xFE, 0x1C, 0x1C, 0xE0, 0x1C, 0x1C, 0xE0, 0x1F, 0x3C,
  0xE0, 0x0F, 0xF8, 0xE0, 0x03, 0xE0, 0xE0, 0x00, 0x00, 0x00, 0x07, 0xFF, 0xE0, 0x07, 0xFF, 0xE0,
  0x00, 0x00, 0xE0, 0x07, 0xFF, 0xE0, 0x07, 0xFF, 0xE0, 0x07, 0x00, 0x00, 0x07, 0x00, 0x00, 0x07,
  0xFF, 0xF0, 0x07, 0xFF, 0xF0, 0x00, 0x00, 0x00, 0x00, 0x00, 0x00, 0x01, 0xC0, 0xE0, 0x3F, 0xFE,
  0xE0, 0x3F, 0xFE, 0xE0, 0x3F, 0xFE, 0xE0, 0x01, 0xC0, 0xE0, 0x0F, 0xF8, 0xFC, 0x1F, 0xFC, 0xFC,
  0x1C, 0x1C, 0xF0, 0x1C, 0x1C, 0xE0, 0x1F, 0x7C, 0xE0, 0x0F, 0xF8, 0xE0, 0x07, 0xF0, 0xE0, 0x00,
  0x00, 0x00, 0x0F, 0xEF, 0xF0, 0x0F, 0xEF, 0xF0, 0x00, 0xEE, 0x00, 0x0F, 0xEF, 0xE0, 0x0F, 0xEF,
  0xE0, 0x0E, 0x0E, 0x00, 0x1F, 0xFF, 0xF0, 0x0F, 0xFF, 0xF0, 0x0F, 0xFF, 0xF0, 0x00, 0x00, 0x00,
  0x00, 0x00, 0x00, 0x01, 0xC0, 0xE0, 0x01, 0xC0, 0xE0, 0x3F, 0xFE, 0xE0, 0x3F, 0xFE, 0xE0, 0x00,
  0x00, 0xE0, 0x03, 0xF0, 0xFC, 0x0F, 0xF8, 0xFC, 0x1F, 0xFC, 0xFC, 0x1C, 0x1C, 0xE0, 0x1C, 0x1C,
  0xE0, 0x1E, 0x3C, 0xE0, 0x0F, 0xF8, 0xE0, 0x07, 0xF0, 0xE0, 0x00, 0x00, 0xE0, 0x07, 0xFF, 0xE0,
  0x07, 0xFF, 0xE0, 0x07, 0x00, 0xE0, 0x07, 0x00, 0xE0, 0x07, 0x00, 0xE0, 0x07, 0x00, 0xE0, 0x07,
  0xFF, 0xE0, 0x07, 0xFF, 0xE0, 0x00, 0x00, 0x00, 0x00, 0x00, 0x00, 0x03, 0x07, 0x38, 0x03, 0x87,
  0x38, 0x03, 0x87, 0x38, 0x3F, 0xFF, 0x38, 0x3F, 0xFF, 0x38, 0x3F, 0xFF, 0x38, 0x00, 0x07, 0x38,
  0x07, 0xC7, 0x38, 0x1F, 0xE7, 0x38, 0x1E, 0xF7, 0xF8, 0x3C, 0x77, 0xF8, 0x38, 0x77, 0x38, 0x38,
  0x77, 0x38, 0x3C, 0x77, 0x38, 0x1E, 0xF7, 0x38, 0x1F, 0xE7, 0x38, 0x0F, 0xC7, 0x38, 0x00, 0x07,
  0x38, 0x00, 0x07, 0x38, 0x00, 0x07, 0x38, 0x00, 0x07, 0x38, 0x00, 0x00, 0x38, 0x00, 0x00, 0x00,
  0x00, 0x00, 0x00, 0x03, 0x87, 0x38, 0x03, 0x87, 0x38, 0x3F, 0xFF, 0x38, 0x3F, 0xFF, 0x38, 0x00,
  0x07, 0x38, 0x07, 0xC7, 0x38, 0x1F, 0xE7, 0xF8, 0x1F, 0xF7, 0xF8, 0x38, 0x77, 0x38, 0x38, 0x77,
  0x38, 0x1C, 0xF7, 0x38, 0x1F, 0xE7, 0x38, 0x0F, 0xC7, 0x38, 0x00, 0x03, 0x38, 0x01, 0xC1, 0xC0,
  0x01, 0xC1, 0xE0, 0x01, 0xE1, 0xE0, 0x03, 0xE3, 0xE0, 0x07, 0xF7, 0xF0, 0x1F, 0x7F, 0x7C, 0x1E,
  0x3E, 0x3C, 0x08, 0x1C, 0x08, 0x00, 0x00, 0x00, 0x00, 0x00, 0x00, 0x03, 0x83, 0x38, 0x03, 0x87,
  0x38, 0x3F, 0xFF, 0x38, 0x3F, 0xFF, 0x38, 0x3F, 0xFF, 0x38, 0x03, 0x07, 0x38, 0x0F, 0xE7, 0xF8,
  0x1F, 0xF7, 0xF8, 0x3C, 0x77, 0x38, 0x38, 0x77, 0x38, 0x3C, 0x77, 0x38, 0x1F, 0xE7, 0x38, 0x0F,
  0xC7, 0x38, 0x00, 0x00, 0x38, 0x00, 0x7F, 0xC0, 0x01, 0xFF, 0xF0, 0x03, 0xE1, 0xF8, 0x03, 0x80,
  0x38, 0x03, 0x80, 0x38, 0x03, 0xE1, 0xF8, 0x01, 0xFF, 0xF0, 0x00, 0x7F, 0xC0, 0x00, 0x00, 0x00,
  0x00, 0x00, 0x00, 0x01, 0xC0, 0x38, 0x01, 0xC0, 0x38, 0x3F, 0xFE, 0x38, 0x3F, 0xFE, 0x38, 0x00,
  0x00, 0x38, 0x03, 0xE0, 0x38, 0x0F, 0xF8, 0x78, 0x1F, 0xFD, 0xF8, 0x1C, 0x1D, 0xF8, 0x1C, 0x1C,
  0x38, 0x1E, 0x3C, 0x38, 0x0F, 0xF8, 0x38, 0x07, 0xF0, 0x38, 0x00, 0x00, 0x38, 0x03, 0xFF, 0xF8,
  0x03, 0xFF, 0xF8, 0x03, 0x80, 0x38, 0x03, 0x80, 0x38, 0x03, 0x80, 0x38, 0x03, 0x80, 0x38, 0x03,
  0xFF, 0xF8, 0x03, 0xFF, 0xF8, 0x00, 0x00, 0x00, 0x00, 0x00, 0x00, 0x00, 0x03, 0xB8, 0x03, 0x83,
  0xB8, 0x03, 0x83, 0xB8, 0x3F, 0xF3, 0xB8, 0x3F, 0xFB, 0xB8, 0x3F, 0xFB, 0xB8, 0x00, 0x03, 0xB8,
  0x07, 0xC3, 0xB8, 0x1F, 0xEF, 0xB8, 0x1C, 0xFF, 0xB8, 0x38, 0x7F, 0xB8, 0x38, 0x73, 0xB8, 0x38,
  0x73, 0xB8, 0x3C, 0x73, 0xB8, 0x1E, 0xF3, 0xB8, 0x1F, 0xE3, 0xB8, 0x0F, 0xC3, 0xB8, 0x00, 0x03,
  0xB8, 0x00, 0x03, 0xB8, 0x00, 0x03, 0xB8, 0x00, 0x03, 0xB8, 0x00, 0x00, 0x38, 0x00, 0x00, 0x00,
  0x01, 0xC0, 0x30, 0x01, 0xC0, 0x38, 0x3F, 0xFC, 0x38, 0x3F, 0xFC, 0x38, 0x3F, 0xFC, 0x38, 0x03,
  0xE1, 0xF8, 0x0F, 0xF9, 0xF8, 0x1F, 0x7C, 0x38, 0x1C, 0x1C, 0x38, 0x1C, 0x1D, 0xF8, 0x1E, 0x3D,
  0xF8, 0x0F, 0xF9, 0xF8, 0x07, 0xF0, 0x38, 0x00, 0x00, 0x00, 0x03, 0xFF, 0xF8, 0x03, 0xFF, 0xF8,
  0x00, 0x00, 0x38, 0x03, 0xFF, 0xF8, 0x03, 0xFF, 0xF8, 0x03, 0x80, 0x00, 0x03, 0x80, 0x00, 0x03,
  0xFF, 0xF8, 0x03, 0xFF, 0xF8, 0x00, 0x00, 0x00, 0x00, 0x80, 0x00, 0x01, 0xC0, 0x38, 0x01, 0xC0,
  0x38, 0x3F, 0xFC, 0x38, 0x3F, 0xFC, 0x38, 0x00, 0x00, 0x38, 0x07, 0xE3, 0xF8, 0x0F, 0xFB, 0xF8,
  0x1F, 0x78, 0x38, 0x1C, 0x1C, 0x38, 0x1C, 0x1F, 0xF8, 0x1E, 0x3B, 0xF8, 0x0F, 0xF8, 0x38, 0x07,
  0xE0, 0x38, 0x00, 0x00, 0x38, 0x00, 0x7F, 0xC0, 0x01, 0xFF, 0xF0, 0x03, 0xE1, 0xF8, 0x03, 0x80,
  0x38, 0x03, 0x80, 0x38, 0x03, 0xE1, 0xF8, 0x01, 0xFF, 0xF0, 0x00, 0x7F, 0xC0, 0x00, 0x00, 0x00,
  0x00, 0x00, 0x00, 0x00, 0x00, 0x00, 0x00, 0x1C, 0x00, 0x00, 0x1C, 0x00, 0x00, 0x1C, 0x00, 0x1F,
  0xFF, 0xFC, 0x1F, 0xFF, 0xFC, 0x00, 0x00, 0x00, 0x00, 0xFF, 0x80, 0x03, 0xFF, 0xE0, 0x07, 0xE3,
  0xE0, 0x07, 0x00, 0xF0, 0x07, 0x00, 0x70, 0x07, 0x80, 0xF0, 0x07, 0xFF, 0xE0, 0x03, 0xFF, 0xE0,
  0x00, 0xFF, 0x80, 0x00, 0x1C, 0x00, 0x00, 0x1C, 0x00, 0x3F, 0xFF, 0xFE, 0x3F, 0xFF, 0xFE, 0x1F,
  0xFF, 0xFC, 0x00, 0x00, 0x00, 0x00, 0x00, 0x00, 0x00, 0x00, 0x00, 0x00, 0x38, 0x00, 0x00, 0x38,
  0x00, 0x3F, 0xFF, 0xF8, 0x3F, 0xFF, 0xF8, 0x00, 0x00, 0x00, 0x01, 0xFF, 0x80, 0x07, 0xFF, 0xC0,
  0x0F, 0x81, 0xE0, 0x0F, 0x00, 0xE0, 0x0F, 0xC3, 0xE0, 0x07, 0xFF, 0xC0, 0x01, 0xFF, 0x00, 0x00,
  0x38, 0x00, 0x7F, 0xFF, 0xFC, 0x7F, 0xFF, 0xFC, 0x00, 0x00, 0x00, 0x0E, 0x00, 0x00, 0x0E, 0x00,
  0x00, 0x0E, 0x00, 0x00, 0x0F, 0xFF, 0xE0, 0x0F, 0xFF, 0xF0, 0x0F, 0xFF, 0xF0, 0x00, 0x00, 0x00,
  0x00, 0x00, 0x00, 0x00, 0x38, 0x00, 0x1F, 0xFF, 0xF0, 0x3F, 0xFF, 0xF8, 0x3F, 0xFF, 0xF8, 0x01,
  0xFF, 0x80, 0x07, 0xFF, 0xC0, 0x0F, 0x81, 0xE0, 0x0F, 0x00, 0xE0, 0x07, 0x83, 0xE0, 0x07, 0xFF,
  0xC0, 0x01, 0xFF, 0x00, 0x00, 0x38, 0x00, 0x7F, 0xFF, 0xFC, 0x7F, 0xFF, 0xFC, 0x00, 0x00, 0x00,
  0x01, 0xFF, 0x80, 0x07, 0xFF, 0xE0, 0x0F, 0x81, 0xE0, 0x0E, 0x00, 0xE0, 0x0F, 0x81, 0xE0, 0x07,
  0xFF, 0xE0, 0x01, 0xFF, 0x80, 0x00, 0x00, 0x00, 0x00, 0x00, 0x00, 0x01, 0xC0, 0xE0, 0x01, 0xC0,
  0xE0, 0x3F, 0xFE, 0xE0, 0x3F, 0xFE, 0xE0, 0x3F, 0xFE, 0xE0, 0x00, 0x00, 0xE0, 0x07, 0xF0, 0xE0,
  0x0F, 0xF8, 0xE0, 0x1E, 0x3C, 0xE0, 0x1C, 0x1C, 0xFC, 0x1C, 0x1C, 0xFC, 0x1F, 0x7C, 0xFC, 0x0F,
  0xF8, 0xE0, 0x07, 0xF0, 0xE0, 0x01, 0xC0, 0xE0, 0x01, 0xC6, 0xE0, 0x3F, 0xFF, 0xE0, 0x3F, 0xFE,
  0xE0, 0x3F, 0x80, 0xE0, 0x00, 0x00, 0xE0, 0x00, 0x00, 0xE0, 0x00, 0x00, 0xE0, 0x00, 0x00, 0x00,
  0x00, 0x00, 0x00, 0x01, 0xC0, 0xE0, 0x01, 0xC0, 0xE0, 0x3F, 0xFE, 0xE0, 0x3F, 0xFE, 0xE0, 0x01,
  0xC0, 0xE0, 0x0F, 0xF8, 0xE0, 0x1F, 0xFC, 0xFC, 0x1C, 0x1C, 0xFC, 0x1E, 0x3C, 0xFC, 0x0F, 0xF8,
  0xE0, 0x07, 0xF0, 0xE0, 0x01, 0xC2, 0xE0, 0x3F, 0xFF, 0xE0, 0x3F, 0xFE, 0xE0, 0x3E, 0x00, 0xE0,
  0x00, 0x00, 0x60, 0x0F, 0xFF, 0xE0, 0x0F, 0xFF, 0xE0, 0x00, 0x00, 0xE0, 0x00, 0x00, 0xE0, 0x00,
  0x00, 0xE0, 0x00, 0x00, 0xE0, 0x00, 0x00, 0x00, 0x00, 0x00, 0x00, 0x01, 0xC0, 0xE0, 0x01, 0xC0,
  0xE0, 0x3F, 0xFE, 0xE0, 0x3F, 0xFE, 0xE0, 0x00, 0x00, 0xE0, 0x07, 0xF0, 0xE0, 0x0F, 0xF8, 0xE0,
  0x1E, 0x3C, 0xE0, 0x1C, 0x1C, 0xFC, 0x1F, 0x7C, 0xFC, 0x0F, 0xF8, 0xE0, 0x03, 0xE0, 0xE0, 0x01,
  0xCE, 0xE0, 0x3F, 0xFF, 0xE0, 0x3F, 0xFE, 0xE0, 0x00, 0x00, 0xE0, 0x07, 0x00, 0xE0, 0x07, 0x00,
  0xE0, 0x07, 0x00, 0x00, 0x0F, 0xFF, 0xF0, 0x07, 0xFF, 0xF0, 0x07, 0xFF, 0xF0, 0x00, 0x00, 0x00,
  0x00, 0x00, 0x00, 0x01, 0xC0, 0xE0, 0x01, 0xC0, 0xE0, 0x3F, 0xFE, 0xE0, 0x3F, 0xFE, 0xE0, 0x00,
  0x80, 0xE0, 0x0F, 0xF8, 0xE0, 0x1F, 0xFC, 0xFC, 0x1C, 0x1C, 0xFC, 0x1E, 0x3C, 0xFC, 0x0F, 0xF8,
  0xE0, 0x07, 0xF0, 0xE0, 0x01, 0xC6, 0xE0, 0x3F, 0xFF, 0xE0, 0x3F, 0xFE, 0xE0, 0x00, 0x00, 0xE0,
  0x01, 0xFF, 0x80, 0x07, 0xFF, 0xC0, 0x07, 0x83, 0xE0, 0x0F, 0x00, 0xE0, 0x07, 0x81, 0xE0, 0x07,
  0xFF, 0xC0, 0x01, 0xFF, 0x80, 0x00, 0x00, 0x00, 0x00, 0x00, 0x00, 0x00, 0xE0, 0x38, 0x00, 0xE0,
  0x38, 0x00, 0xE0, 0x38, 0x3F, 0xFF, 0x38, 0x3F, 0xFF, 0x38, 0x00, 0x00, 0x38, 0x03, 0xF8, 0x38,
  0x07, 0xFC, 0x38, 0x0F, 0x1E, 0x38, 0x0E, 0x0E, 0x38, 0x0E, 0x0E, 0x38, 0x0F, 0xFE, 0x38, 0x07,
  0xFC, 0x38, 0x03, 0xF8, 0x38, 0x00, 0xE0, 0x38, 0x00, 0xEF, 0x38, 0x3F, 0xFF, 0xB8, 0x3F, 0xFF,
  0x38, 0x18, 0x00, 0x38, 0x00, 0x00, 0x38, 0x00, 0x00, 0x38, 0x00, 0x00, 0x38, 0x00, 0x00, 0x00,
  0x00, 0x00, 0x00, 0x00, 0xE0, 0x38, 0x00, 0xE0, 0x38, 0x1F, 0xFF, 0x38, 0x1F, 0xFF, 0x38, 0x03,
  0xF8, 0x38, 0x07, 0xFC, 0x38, 0x0F, 0x1E, 0x38, 0x0E, 0x0E, 0x38, 0x0F, 0x1E, 0x38, 0x07, 0xFC,
  0x38, 0x03, 0xF8, 0x38, 0x00, 0xE1, 0x38, 0x3F, 0xFF, 0xB8, 0x3F, 0xFF, 0x38, 0x1F, 0x00, 0x38,
  0x00, 0x00, 0x00, 0x03, 0xFF, 0xF8, 0x03, 0xFF, 0xF8, 0x00, 0x00, 0x38, 0x00, 0x00, 0x38, 0x00,
  0x00, 0x38, 0x00, 0x00, 0x38, 0x00, 0x00, 0x00, 0x00, 0x00, 0x00, 0x00, 0x00, 0x00, 0x00, 0x1C,
  0x00, 0x00, 0x1C, 0x00, 0x00, 0x1C, 0x00, 0x1F, 0xFF, 0xFC, 0x1F, 0xFF, 0xFC, 0x00, 0x00, 0x00,
  0x00, 0xFF, 0x80, 0x03, 0xFF, 0xE0, 0x07, 0xE3, 0xE0, 0x07, 0x00, 0xF0, 0x07, 0x00, 0x70, 0x07,
  0x00, 0xF0, 0x07, 0xE3, 0xF0, 0x03, 0xFF, 0xE0, 0x01, 0xFF, 0xC0, 0x01, 0xC3, 0xC0, 0x01, 0xC3,
  0xC0, 0x3F, 0xFF, 0xFC, 0x3F, 0xFF, 0xFC, 0x3F, 0xFF, 0xFC, 0x00, 0x00, 0x00, 0x00, 0x00, 0x00,
  0x00, 0x00, 0x00, 0x00, 0x1C, 0x00, 0x00, 0x1C, 0x00, 0x0F, 0xFF, 0xF8, 0x1F, 0xFF, 0xFC, 0x1F,
  0xFF, 0xF8, 0x00, 0x00, 0x00, 0x01, 0xFF, 0xC0, 0x03, 0xFF, 0xE0, 0x07, 0x80, 0xF0, 0x07, 0x00,
  0x70, 0x07, 0xC1, 0xF0, 0x03, 0xFF, 0xE0, 0x01, 0xFF, 0xC0, 0x00, 0x00, 0x00, 0x3F, 0xFF, 0xFE,
  0x3F, 0xFF, 0xFE, 0x3F, 0xFF, 0xFE, 0x00, 0x1C, 0x00, 0x00, 0x1C, 0x00, 0x00, 0x1C, 0x00, 0x00,
  0x1C, 0x00, 0x00, 0x1C, 0x00, 0x00, 0x00, 0x00, 0x00, 0x00, 0x00, 0x00, 0x38, 0x00, 0x00, 0x38,
  0x00, 0x3F, 0xFF, 0xF8, 0x3F, 0xFF, 0xF8, 0x00, 0x00, 0x00, 0x01, 0xFF, 0x80, 0x07, 0xFF, 0xE0,
  0x0F, 0x01, 0xE0, 0x0F, 0x01, 0xE0, 0x07, 0xFF, 0xE0, 0x03, 0xFF, 0x80, 0x00, 0x00, 0x00, 0x3F,
  0xFF, 0xFC, 0x3F, 0xFF, 0xFC, 0x3F, 0xFF, 0xFC, 0x00, 0x38, 0x00, 0x0E, 0x38, 0x00, 0x0E, 0x38,
  0x00, 0x0E, 0x00, 0x00, 0x0F, 0xFF, 0xE0, 0x0F, 0xFF, 0xF0, 0x0F, 0xFF, 0xF0, 0x00, 0x00, 0x00,
  0x00, 0x00, 0x00, 0x00, 0xE0, 0x38, 0x1F, 0xFF, 0x38, 0x1F, 0xFF, 0x38, 0x1F, 0xFF, 0x38, 0x03,
  0xF8, 0x38, 0x0F, 0xFC, 0x38, 0x0F, 0x1E, 0x38, 0x0E, 0x0E, 0x38, 0x0F, 0xFE, 0x38, 0x03, 0xF8,
  0x38, 0x00, 0x07, 0xB8, 0x3F, 0xFF, 0xB8, 0x3F, 0xFF, 0xB8, 0x00, 0xE0, 0x38, 0x00, 0xE0, 0x00,
  0x07, 0x80, 0x38, 0x07, 0xFF, 0xF8, 0x07, 0xFF, 0xF8, 0x07, 0x80, 0x38, 0x07, 0x80, 0x38, 0x07,
  0xFF, 0xF8, 0x07, 0xFF, 0xF8, 0x00, 0x00, 0x00, 0x00, 0x18, 0x00, 0x00, 0x3C, 0x00, 0x1F, 0xFF,
  0xF8, 0x1F, 0xFF, 0xF8, 0x1F, 0xFF, 0xF8, 0x01, 0xFF, 0x80, 0x07, 0xFF, 0xE0, 0x07, 0x81, 0xE0,
  0x07, 0x00, 0xE0, 0x07, 0xFF, 0xE0, 0x01, 0xFF, 0x80, 0x00, 0x00, 0x00, 0x00, 0x00, 0x00, 0x3F,
  0xFF, 0xFC, 0x3F, 0xFF, 0xFC, 0x00, 0x00, 0x00, 0x0E, 0x00, 0xF0, 0x0F, 0xFF, 0xF0, 0x0F, 0xFF,
  0xF0, 0x0E, 0x00, 0xF0, 0x0F, 0x00, 0xF0, 0x0F, 0xFF, 0xF0, 0x0F, 0xFF, 0xF0, 0x00, 0x00, 0x00,
  0x00, 0x00, 0x00, 0x00, 0xE0, 0x38, 0x00, 0xE0, 0x38, 0x1F, 0xFE, 0x38, 0x3F, 0xFF, 0x38, 0x3F,
  0xFF, 0x38, 0x00, 0x00, 0x38, 0x03, 0xF8, 0x38, 0x07, 0xFC, 0x38, 0x0F, 0x3E, 0x38, 0x0E, 0x0E,
  0x38, 0x0E, 0x0E, 0x38, 0x0F, 0x1E, 0x38, 0x07, 0xFC, 0x38, 0x03, 0xF8, 0x38, 0x00, 0x00, 0x38,
  0x00, 0xFF, 0xB8, 0x3F, 0xFF, 0xB8, 0x3F, 0xFF, 0x38, 0x00, 0x00, 0x38, 0x00, 0x00, 0x38, 0x00,
  0x00, 0x38, 0x00, 0x00, 0x38, 0x00, 0x00, 0x00, 0x00, 0x00, 0x00, 0x01, 0xC0, 0x70, 0x01, 0xC0,
  0x70, 0x01, 0xC0, 0x70, 0x3F, 0xFE, 0x70, 0x3F, 0xFE, 0x70, 0x3F, 0xFE, 0x70, 0x00, 0x00, 0x70,
  0x03, 0xF0, 0x70, 0x07, 0xF8, 0x70, 0x0F, 0x3C, 0x70, 0x1E, 0x1E, 0x70, 0x1C, 0x0E, 0x70, 0x1C,
  0x0E, 0x70, 0x1E, 0x1E, 0x70, 0x0F, 0x3C, 0x70, 0x0F, 0xFC, 0x70, 0x03, 0xF0, 0x70, 0x00, 0x00,
  0x70, 0x00, 0x00, 0x70, 0x00, 0x00, 0x70, 0x00, 0x00, 0x70, 0x00, 0x00, 0x70, 0x00, 0x00, 0x00,
  0x00, 0x00, 0x00, 0x01, 0xC0, 0x70, 0x01, 0xC0, 0x70, 0x3F, 0xFE, 0x70, 0x3F, 0xFE, 0x70, 0x3F,
  0xFE, 0x70, 0x01, 0xC0, 0x70, 0x07, 0xF0, 0x70, 0x0F, 0xF8, 0x70, 0x1E, 0x3C, 0x70, 0x1C, 0x1C,
  0x70, 0x1C, 0x1C, 0x70, 0x1F, 0xFC, 0x70, 0x0F, 0xF8, 0x70, 0x03, 0xE0, 0x70, 0x00, 0x00, 0x70,
  0x07, 0x00, 0x70, 0x07, 0x00, 0x70, 0x07, 0x00, 0x00, 0x07, 0x00, 0x00, 0x07, 0xFF, 0xF8, 0x07,
  0xFF, 0xF8, 0x07, 0xFF, 0xF8, 0x00, 0x00, 0x00, 0x00, 0x00, 0x00, 0x01, 0xC0, 0x70, 0x01, 0xC0,
  0x70, 0x3F, 0xFE, 0x70, 0x3F, 0xFE, 0x70, 0x00, 0x00, 0x70, 0x07, 0xF0, 0x70, 0x0F, 0xF8, 0x70,
  0x1E, 0x3C, 0x70, 0x1C, 0x1C, 0x70, 0x1C, 0x1C, 0x70, 0x1E, 0x3C, 0x70, 0x0F, 0xF8, 0x70, 0x07,
  0xF0, 0x70, 0x00, 0x00, 0x00, 0x07, 0xFF, 0xF0, 0x07, 0xFF, 0xF0, 0x07, 0x00, 0x70, 0x07, 0x00,
  0x70, 0x07, 0x00, 0x70, 0x07, 0x00, 0x70, 0x07, 0xFF, 0xF0, 0x07, 0xFF, 0xF0, 0x00, 0x00, 0x00,
};

static constexpr uint8_t KO_FONT_32_SIZE = 32;
static constexpr uint16_t KO_FONT_32_BYTES = 128;
static const uint8_t KO_FONT_32_BITMAPS[69120] PROGMEM = {
  0x00, 0x00, 0x00, 0x00, 0x00, 0x00, 0x00, 0x00, 0x00, 0x00, 0x00, 0x00, 0x00, 0x00, 0x00, 0x00,
  0x00, 0x00, 0x00, 0x00, 0x00, 0x00, 0x00, 0x00, 0x00, 0x00, 0x00, 0x00, 0x00, 0x00, 0x00, 0x00,
  0x00, 0x03, 0x80, 0x00, 0x00, 0x07, 0xC0, 0x00, 0x00, 0x07, 0xC0, 0x00, 0x00, 0x07, 0xC0, 0x00,
  0x00, 0x07, 0xC0, 0x00, 0x00, 0x03, 0x80, 0x00, 0x00, 0x00, 0x00, 0x00, 0x00, 0x00, 0x00, 0x00,
  0x00, 0x00, 0x00, 0x00, 0x00, 0x00, 0x00, 0x00, 0x00, 0x00, 0x00, 0x00, 0x00, 0x00, 0x00, 0x00,
  0x00, 0x00, 0x00, 0x00, 0x00, 0x00, 0x00, 0x00, 0x00, 0x00, 0x00, 0x00, 0x00, 0x00, 0x00, 0x00,
  0x00, 0x00, 0x00, 0x00, 0x00, 0x00, 0x00, 0x00, 0x00, 0x00, 0x00, 0x00, 0x00, 0x00, 0x00, 0x00,
  0x00, 0x00, 0x00, 0x00, 0x00, 0x00, 0x00, 0x00, 0x00, 0x00, 0x00, 0x00, 0x00, 0x00, 0x00, 0x00,
  0x00, 0x00, 0x00, 0x00, 0x00, 0x00, 0x00, 0x00, 0x00, 0x00, 0x00, 0x00, 0x00, 0x01, 0x80, 0x00,
  0x00, 0x01, 0x80, 0x00, 0x00, 0x03, 0xC0, 0x00, 0x00, 0x03, 0xC0, 0x00, 0x00, 0x07, 0xE0, 0x00,
  0x00, 0x0F, 0xF0, 0x00, 0x00, 0x0F, 0xF0, 0x00, 0x00, 0x1F, 0xF8, 0x00, 0x00, 0x1F, 0xF8, 0x00,
  0x00, 0x3F, 0xFC, 0x00, 0x00, 0x7F, 0xFE, 0x00, 0x00, 0x7F, 0xFE, 0x00, 0x00, 0xFF, 0xFF, 0x00,
  0x00, 0xFF, 0xFF, 0x00, 0x01, 0xFF, 0xFF, 0x80, 0x01, 0xFF, 0xFF, 0x80, 0x03, 0xFF, 0xFF, 0xC0,
  0x07, 0xFF, 0xFF, 0xE0, 0x07, 0xFF, 0xFF, 0xE0, 0x0F, 0xFF, 0xFF, 0xF0, 0x0F, 0xFF, 0xFF, 0xF0,
  0x1F, 0xFF, 0xFF, 0xF8, 0x1F, 0xFF, 0xFF, 0xF8, 0x3F, 0xFF, 0xFF, 0xFC, 0x7F, 0xFF, 0xFF, 0xFE,
  0x7F, 0xFF, 0xFF, 0xFE, 0x00, 0x00, 0x00, 0x00, 0x00, 0x00, 0x00, 0x00, 0x00, 0x00, 0x00, 0x00,
  0x00, 0x00, 0x00, 0x00, 0x08, 0x00, 0x00, 0x00, 0x0E, 0x00, 0x00, 0x00, 0x0F, 0x80, 0x00, 0x00,
  0x0F, 0xE0, 0x00, 0x00, 0x0F, 0xF0, 0x00, 0x00, 0x0F, 0xFC, 0x00, 0x00, 0x0F, 0xFF, 0x00, 0x00,
  0x0F, 0xFF, 0x80, 0x00, 0x0F, 0xFF, 0xE0, 0x00, 0x0F, 0xFF, 0xF8, 0x00, 0x0F, 0xFF, 0xFE, 0x00,
  0x0F, 0xFF, 0xFF, 0x00, 0x0F, 0xFF, 0xFF, 0xC0, 0x0F, 0xFF, 0xFF, 0xF0, 0x0F, 0xFF, 0xFF, 0xFC,
  0x0F, 0xFF, 0xFF, 0xF8, 0x0F, 0xFF, 0xFF, 0xF0, 0x0F, 0xFF, 0xFF, 0xC0, 0x0F, 0xFF, 0xFF, 0x00,
  0x0F, 0xFF, 0xFC, 0x00, 0x0F, 0xFF, 0xF8, 0x00, 0x0F, 0xFF, 0xE0, 0x00, 0x0F, 0xFF, 0x80, 0x00,
  0x0F, 0xFE, 0x00, 0x00, 0x0F, 0xFC, 0x00, 0x00, 0x0F, 0xF0, 0x00, 0x00, 0x0F, 0xC0, 0x00, 0x00,
  0x0F, 0x80, 0x00, 0x00, 0x0E, 0x00, 0x00, 0x00, 0x08, 0x00, 0x00, 0x00, 0x00, 0x00, 0x00, 0x00,
  0x00, 0x00, 0x00, 0x00, 0x00, 0x00, 0x00, 0x00, 0x7F, 0xFF, 0xFF, 0xFE, 0x3F, 0xFF, 0xFF, 0xFC,
  0x3F, 0xFF, 0xFF, 0xFC, 0x1F, 0xFF, 0xFF, 0xF8, 0x1F, 0xFF, 0xFF, 0xF8, 0x0F, 0xFF, 0xFF, 0xF0,
  0x0F, 0xFF, 0xFF, 0xF0, 0x07, 0xFF, 0xFF, 0xE0, 0x03, 0xFF, 0xFF, 0xC0, 0x03, 0xFF, 0xFF, 0xC0,
  0x01, 0xFF, 0xFF, 0x80, 0x01, 0xFF, 0xFF, 0x80, 0x00, 0xFF, 0xFF, 0x00, 0x00, 0xFF, 0xFF, 0x00,
  0x00, 0x7F, 0xFE, 0x00, 0x00, 0x3F, 0xFC, 0x00, 0x00, 0x3F, 0xFC, 0x00, 0x00, 0x1F, 0xF8, 0x00,
  0x00, 0x1F, 0xF8, 0x00, 0x00, 0x0F, 0xF0, 0x00, 0x00, 0x07, 0xE0, 0x00, 0x00, 0x07, 0xE0, 0x00,
  0x00, 0x03, 0xC0, 0x00, 0x00, 0x03, 0xC0, 0x00, 0x00, 0x01, 0x80, 0x00, 0x00, 0x01, 0x80, 0x00,
  0x00, 0x00, 0x00, 0x00, 0x00, 0x00, 0x00, 0x00, 0x00, 0x00, 0x00, 0x00, 0x00, 0x00, 0x00, 0x00,
  0x00, 0x00, 0x00, 0x00, 0x00, 0x00, 0x00, 0x10, 0x00, 0x00, 0x00, 0x70, 0x00, 0x00, 0x01, 0xF0,
  0x00, 0x00, 0x07, 0xF0, 0x00, 0x00, 0x0F, 0xF0, 0x00, 0x00, 0x3F, 0xF0, 0x00, 0x00, 0xFF, 0xF0,
  0x00, 0x01, 0xFF, 0xF0, 0x00, 0x07, 0xFF, 0xF0, 0x00, 0x1F, 0xFF, 0xF0, 0x00, 0x7F, 0xFF, 0xF0,
  0x00, 0xFF, 0xFF, 0xF0, 0x03, 0xFF, 0xFF, 0xF0, 0x0F, 0xFF, 0xFF, 0xF0, 0x3F, 0xFF, 0xFF, 0xF0,
  0x1F, 0xFF, 0xFF, 0xF0, 0x0F, 0xFF, 0xFF, 0xF0, 0x03, 0xFF, 0xFF, 0xF0, 0x00, 0xFF, 0xFF, 0xF0,
  0x00, 0x3F, 0xFF, 0xF0, 0x00, 0x1F, 0xFF, 0xF0, 0x00, 0x07, 0xFF, 0xF0, 0x00, 0x01, 0xFF, 0xF0,
  0x00, 0x00, 0x7F, 0xF0, 0x00, 0x00, 0x3F, 0xF0, 0x00, 0x00, 0x0F, 0xF0, 0x00, 0x00, 0x03, 0xF0,
  0x00, 0x00, 0x01, 0xF0, 0x00, 0x00, 0x00, 0x70, 0x00, 0x00, 0x00, 0x10, 0x00, 0x00, 0x00, 0x00,
  0x00, 0x00, 0x00, 0x00, 0x00, 0x00, 0x00, 0x00, 0x00, 0x07, 0xE0, 0x00, 0x00, 0x0F, 0xF8, 0x00,
  0x00, 0x1F, 0xFC, 0x00, 0x00, 0x3E, 0x3E, 0x00, 0x00, 0x78, 0x1E, 0x00, 0x00, 0x78, 0x0F, 0x00,
  0x00, 0x70, 0x0F, 0x00, 0x00, 0x70, 0x0F, 0x00, 0x00, 0x70, 0x0F, 0x00, 0x00, 0x78, 0x0E, 0x00,
  0x00, 0x3C, 0x1E, 0x00, 0x00, 0x3F, 0xFC, 0x00, 0x00, 0x1F, 0xF8, 0x00, 0x00, 0x07, 0xF0, 0x00,
  0x00, 0x01, 0xC0, 0x00, 0x00, 0x01, 0xC0, 0x00, 0x00, 0x01, 0xC0, 0x00, 0x03, 0xFF, 0xFF, 0xE0,
  0x03, 0xFF, 0xFF, 0xE0, 0x03, 0xFF, 0xFF, 0xE0, 0x00, 0x01, 0xC0, 0x00, 0x00, 0x01, 0xC0, 0x00,
  0x00, 0x01, 0xC0, 0x00, 0x00, 0x01, 0xC0, 0x00, 0x00, 0x01, 0xC0, 0x00, 0x00, 0x01, 0xC0, 0x00,
  0x00, 0x01, 0xC0, 0x00, 0x00, 0x01, 0xC0, 0x00, 0x00, 0x00, 0x00, 0x00, 0x00, 0x00, 0x00, 0x00,
  0x00, 0x00, 0x00, 0x00, 0x00, 0x00, 0x00, 0x00, 0x00, 0x00, 0x00, 0x00, 0x00, 0x00, 0x00, 0x00,
  0x00, 0x01, 0xFF, 0xF0, 0x00, 0x01, 0xFF, 0xF0, 0x00, 0x01, 0xFF, 0xF0, 0x00, 0x00, 0x03, 0xF0,
  0x00, 0x00, 0x07, 0xF0, 0x00, 0x00, 0x07, 0xF0, 0x00, 0x00, 0x0F, 0x70, 0x00, 0x00, 0x1E, 0x70,
  0x00, 0x00, 0x3C, 0x70, 0x00, 0x00, 0x78, 0x70, 0x00, 0xFE, 0xF0, 0x70, 0x01, 0xFF, 0xE0, 0x70,
  0x03, 0xFF, 0xC0, 0x70, 0x07, 0xC7, 0xC0, 0x00, 0x0F, 0x01, 0xC0, 0x00, 0x0F, 0x01, 0xE0, 0x00,
  0x0E, 0x00, 0xE0, 0x00, 0x0E, 0x00, 0xE0, 0x00, 0x0F, 0x01, 0xE0, 0x00, 0x0F, 0x01, 0xE0, 0x00,
  0x07, 0xC7, 0xC0, 0x00, 0x03, 0xFF, 0x80, 0x00, 0x01, 0xFF, 0x00, 0x00, 0x00, 0xFE, 0x00, 0x00,
  0x00, 0x00, 0x00, 0x00, 0x00, 0x00, 0x00, 0x00, 0x00, 0x00, 0x00, 0x00, 0x00, 0x00, 0x00, 0x00,
  0x00, 0x00, 0x00, 0x00, 0x00, 0x00, 0x07, 0x80, 0x00, 0x00, 0x07, 0x80, 0x00, 0x00, 0x07, 0x80,
  0x0F, 0xFF, 0xC7, 0x80, 0x0F, 0xFF, 0xC7, 0x80, 0x0F, 0xFF, 0xC7, 0x80, 0x00, 0x03, 0xC7, 0x80,
  0x00, 0x07, 0xC7, 0x80, 0x00, 0x07, 0x87, 0x80, 0x00, 0x07, 0x87, 0x80, 0x00, 0x07, 0x87, 0x80,
  0x00, 0x0F, 0x87, 0x80, 0x00, 0x0F, 0x07, 0xF8, 0x00, 0x1F, 0x07, 0xF8, 0x00, 0x1E, 0x07, 0xF8,
  0x00, 0x3E, 0x07, 0x80, 0x00, 0x7C, 0x07, 0x80, 0x00, 0xFC, 0x07, 0x80, 0x01, 0xF8, 0x07, 0x80,
  0x03, 0xF0, 0x07, 0x80, 0x0F, 0xE0, 0x07, 0x80, 0x1F, 0xC0, 0x07, 0x80, 0x1F, 0x80, 0x07, 0x80,
  0x1E, 0x00, 0x07, 0x80, 0x08, 0x00, 0x07, 0x80, 0x00, 0x00, 0x07, 0x80, 0x00, 0x00, 0x07, 0x80,
  0x00, 0x00, 0x07, 0x80, 0x00, 0x00, 0x07, 0x80, 0x00, 0x00, 0x07, 0x80, 0x00, 0x00, 0x00, 0x00,
  0x00, 0x00, 0x00, 0x00, 0x00, 0x00, 0x03, 0xC0, 0x00, 0x00, 0x03, 0xC0, 0x00, 0x00, 0x03, 0xC0,
  0x0F, 0xFF, 0xC3, 0xC0, 0x0F, 0xFF, 0xC3, 0xC0, 0x0F, 0xFF, 0xC3, 0xC0, 0x00, 0x03, 0xC3, 0xC0,
  0x00, 0x07, 0xC3, 0xC0, 0x00, 0x07, 0x83, 0xC0, 0x00, 0x0F, 0x83, 0xFC, 0x00, 0x1F, 0x03, 0xFC,
  0x00, 0x3F, 0x03, 0xFC, 0x00, 0x7E, 0x03, 0xC0, 0x01, 0xFC, 0x03, 0xC0, 0x07, 0xF8, 0x03, 0xC0,
  0x1F, 0xE0, 0x03, 0xC0, 0x1F, 0xC0, 0x03, 0xC0, 0x0F, 0x00, 0x03, 0xC0, 0x00, 0x00, 0x03, 0xC0,
  0x01, 0xE0, 0x03, 0xC0, 0x01, 0xE0, 0x03, 0xC0, 0x01, 0xE0, 0x03, 0xC0, 0x01, 0xE0, 0x00, 0x00,
  0x01, 0xE0, 0x00, 0x00, 0x01, 0xE0, 0x00, 0x00, 0x01, 0xE0, 0x00, 0x00, 0x01, 0xFF, 0xFF, 0xE0,
  0x01, 0xFF, 0xFF, 0xE0, 0x01, 0xFF, 0xFF, 0xE0, 0x01, 0xFF, 0xFF, 0xE0, 0x00, 0x00, 0x00, 0x00,
  0x00, 0x00, 0x00, 0x00, 0x00, 0x00, 0x07, 0x80, 0x00, 0x00, 0x07, 0x80, 0x1F, 0xFF, 0x87, 0x80,
  0x1F, 0xFF, 0x87, 0x80, 0x1F, 0xFF, 0x87, 0x80, 0x00, 0x07, 0x87, 0x80, 0x00, 0x0F, 0x87, 0x80,
  0x00, 0x0F, 0x07, 0xF8, 0x00, 0x1F, 0x07, 0xF8, 0x00, 0x1E, 0x07, 0xF8, 0x00, 0x3E, 0x07, 0x80,
  0x00, 0xFC, 0x07, 0x80, 0x03, 0xF8, 0x07, 0x80, 0x0F, 0xF0, 0x07, 0x80, 0x3F, 0xC0, 0x07, 0x80,
  0x3F, 0x80, 0x07, 0x80, 0x1E, 0x00, 0x07, 0x80, 0x00, 0x00, 0x00, 0x00, 0x03, 0xFF, 0xFF, 0x80,
  0x03, 0xFF, 0xFF, 0x80, 0x03, 0xFF, 0xFF, 0x80, 0x03, 0xC0, 0x07, 0x80, 0x03, 0xC0, 0x07, 0x80,
  0x03, 0xC0, 0x07, 0x80, 0x03, 0xC0, 0x07, 0x80, 0x03, 0xC0, 0x07, 0x80, 0x03, 0xC0, 0x07, 0x80,
  0x03, 0xFF, 0xFF, 0x80, 0x03, 0xFF, 0xFF, 0x80, 0x03, 0xFF, 0xFF, 0x80, 0x00, 0x00, 0x00, 0x00,
  0x00, 0x00, 0x00, 0x00, 0x00, 0x00, 0x03, 0xC0, 0x00, 0x00, 0x03, 0xC0, 0x0F, 0xFF, 0xC3, 0xC0,
  0x0F, 0xFF, 0xC3, 0xC0, 0x0F, 0xFF, 0xC3, 0xC0, 0x00, 0x07, 0xC3, 0xC0, 0x00, 0x07, 0x83, 0xC0,
  0x00, 0x07, 0x83, 0xFC, 0x00, 0x0F, 0x83, 0xFC, 0x00, 0x1F, 0x03, 0xFC, 0x00, 0x3E, 0x03, 0xC0,
  0x00, 0x7E, 0x03, 0xC0, 0x01, 0xFC, 0x03, 0xC0, 0x07, 0xF8, 0x03, 0xC0, 0x1F, 0xE0, 0x03, 0xC0,
  0x1F, 0xC0, 0x03, 0xC0, 0x1E, 0x00, 0x03, 0xC0, 0x00, 0x30, 0x06, 0x00, 0x00, 0x78, 0x0F, 0x00,
  0x00, 0x78, 0x0F, 0x00, 0x00, 0x78, 0x0F, 0x00, 0x00, 0xF8, 0x0F, 0x00, 0x00, 0xFC, 0x1F, 0x80,
  0x00, 0xFC, 0x1F, 0x80, 0x01, 0xFE, 0x3F, 0xC0, 0x03, 0xDF, 0x7B, 0xE0, 0x0F, 0xCF, 0xF9, 0xF8,
  0x0F, 0x87, 0xF0, 0xF8, 0x07, 0x03, 0xE0, 0x70, 0x00, 0x00, 0x80, 0x00, 0x00, 0x00, 0x00, 0x00,
  0x00, 0x00, 0x00, 0x00, 0x00, 0x00, 0x07, 0xC0, 0x00, 0x00, 0x07, 0xC0, 0x1F, 0xFF, 0x87, 0xC0,
  0x1F, 0xFF, 0x87, 0xC0, 0x1F, 0xFF, 0x87, 0xC0, 0x00, 0x07, 0x87, 0xC0, 0x00, 0x0F, 0x87, 0xC0,
  0x00, 0x0F, 0x07, 0xFC, 0x00, 0x1F, 0x07, 0xFC, 0x00, 0x1E, 0x07, 0xFC, 0x00, 0x3E, 0x07, 0xC0,
  0x00, 0xFC, 0x07, 0xC0, 0x01, 0xF8, 0x07, 0xC0, 0x07, 0xF0, 0x07, 0xC0, 0x3F, 0xE0, 0x07, 0xC0,
  0x3F, 0xC0, 0x07, 0xC0, 0x1F, 0x00, 0x07, 0xC0, 0x1C, 0x00, 0x00, 0x00, 0x00, 0x1F, 0xF8, 0x00,
  0x00, 0x7F, 0xFE, 0x00, 0x00, 0xFF, 0xFF, 0x00, 0x01, 0xF8, 0x1F, 0x80, 0x03, 0xE0, 0x07, 0xC0,
  0x03, 0xC0, 0x03, 0xC0, 0x03, 0xC0, 0x03, 0xC0, 0x03, 0xE0, 0x07, 0xC0, 0x01, 0xF8, 0x1F, 0x80,
  0x00, 0xFF, 0xFF, 0x00, 0x00, 0x7F, 0xFE, 0x00, 0x00, 0x1F, 0xF8, 0x00, 0x00, 0x00, 0x00, 0x00,
  0x00, 0x00, 0x00, 0x00, 0x00, 0x00, 0x07, 0x80, 0x00, 0x00, 0x07, 0x80, 0x1F, 0xFF, 0x87, 0x80,
  0x1F, 0xFF, 0x87, 0x80, 0x1F, 0xFF, 0x87, 0x80, 0x00, 0x07, 0x87, 0x80, 0x00, 0x0F, 0x87, 0x80,
  0x00, 0x0F, 0x07, 0xF8, 0x00, 0x1F, 0x07, 0xF8, 0x00, 0x1E, 0x07, 0xF8, 0x00, 0x3E, 0x07, 0x80,
  0x00, 0xFC, 0x07, 0x80, 0x03, 0xF8, 0x07, 0x80, 0x3F, 0xF0, 0x07, 0x80, 0x3F, 0xC0, 0x07, 0x80,
  0x1F, 0x00, 0x07, 0x80, 0x18, 0x00, 0x00, 0x00, 0x03, 0xFF, 0xFF, 0x80, 0x03, 0xFF, 0xFF, 0x80,
  0x03, 0xFF, 0xFF, 0x80, 0x03, 0xC0, 0x00, 0x00, 0x03, 0xC0, 0x00, 0x00, 0x03, 0xFF, 0xFF, 0x80,
  0x03, 0xFF, 0xFF, 0x80, 0x03, 0xFF, 0xFF, 0x80, 0x03, 0xC0, 0x00, 0x00, 0x03, 0xFF, 0xFF, 0xC0,
  0x03, 0xFF, 0xFF, 0xC0, 0x03, 0xFF, 0xFF, 0xC0, 0x03, 0xFF, 0xFF, 0xC0, 0x00, 0x00, 0x00, 0x00,
  0x00, 0x00, 0x00, 0x00, 0x00, 0x00, 0x01, 0xE0, 0x00, 0x00, 0xF1, 0xE0, 0x00, 0x00, 0xF1, 0xE0,
  0x00, 0x00, 0xF1, 0xE0, 0x1F, 0xFE, 0xF1, 0xE0, 0x1F, 0xFE, 0xF1, 0xE0, 0x1F, 0xFE, 0xF1, 0xE0,
  0x00, 0x1E, 0xF1, 0xE0, 0x00, 0x3C, 0xF1, 0xE0, 0x00, 0x3C, 0xF1, 0xE0, 0x00, 0x3C, 0xF1, 0xE0,
  0x00, 0x3C, 0xF1, 0xE0, 0x00, 0x7C, 0xFF, 0xE0, 0x00, 0x78, 0xFF, 0xE0, 0x00, 0xF8, 0xFF, 0xE0,
  0x00, 0xF0, 0xF1, 0xE0, 0x01, 0xF0, 0xF1, 0xE0, 0x03, 0xE0, 0xF1, 0xE0, 0x07, 0xC0, 0xF1, 0xE0,
  0x0F, 0xC0, 0xF1, 0xE0, 0x1F, 0x80, 0xF1, 0xE0, 0x3F, 0x00, 0xF1, 0xE0, 0x3C, 0x00, 0xF1, 0xE0,
  0x18, 0x00, 0xF1, 0xE0, 0x00, 0x00, 0xF1, 0xE0, 0x00, 0x00, 0xF1, 0xE0, 0x00, 0x00, 0xF1, 0xE0,
  0x00, 0x00, 0xF1, 0xE0, 0x00, 0x00, 0xF1, 0xE0, 0x00, 0x00, 0x01, 0xE0, 0x00, 0x00, 0x00, 0x00,
  0x00, 0x00, 0x00, 0x00, 0x00, 0x00, 0x07, 0x80, 0x00, 0x00, 0x07, 0x80, 0x00, 0x00, 0x07, 0x80,
  0x0F, 0xFF, 0xC7, 0x80, 0x0F, 0xFF, 0xC7, 0x80, 0x0F, 0xFF, 0xC7, 0x80, 0x00, 0x03, 0xC7, 0x80,
  0x00, 0x07, 0xC7, 0x80, 0x00, 0x07, 0x87, 0xF8, 0x00, 0x07, 0x87, 0xF8, 0x00, 0x07, 0x87, 0xF8,
  0x00, 0x0F, 0x87, 0x80, 0x00, 0x0F, 0x07, 0x80, 0x00, 0x1F, 0x07, 0x80, 0x00, 0x1E, 0x07, 0x80,
  0x00, 0x3E, 0x07, 0x80, 0x00, 0x7C, 0x07, 0x80, 0x00, 0xFC, 0x07, 0xF8, 0x01, 0xF8, 0x07, 0xF8,
  0x03, 0xF0, 0x07, 0xF8, 0x0F, 0xE0, 0x07, 0x80, 0x1F, 0xC0, 0x07, 0x80, 0x1F, 0x80, 0x07, 0x80,
  0x1E, 0x00, 0x07, 0x80, 0x08, 0x00, 0x07, 0x80, 0x00, 0x00, 0x07, 0x80, 0x00, 0x00, 0x07, 0x80,
  0x00, 0x00, 0x07, 0x80, 0x00, 0x00, 0x07, 0x80, 0x00, 0x00, 0x07, 0x80, 0x00, 0x00, 0x00, 0x00,
  0x00, 0x00, 0x00, 0x00, 0x00, 0x00, 0x01, 0xE0, 0x00, 0x00, 0x01, 0xE0, 0x00, 0x00, 0x01, 0xE0,
  0x0F, 0xFF, 0xC1, 0xE0, 0x0F, 0xFF, 0xC1, 0xE0, 0x0F, 0xFF, 0xC1, 0xE0, 0x00, 0x03, 0xC1, 0xE0,
  0x00, 0x07, 0xC1, 0xE0, 0x00, 0x07, 0x81, 0xE0, 0x00, 0x07, 0x81, 0xE0, 0x00, 0x07, 0x81, 0xE0,
  0x00, 0x0F, 0x81, 0xE0, 0x00, 0x0F, 0x7F, 0xE0, 0x00, 0x0F, 0x7F, 0xE0, 0x00, 0x1F, 0x7F, 0xE0,
  0x00, 0x3E, 0x01, 0xE0, 0x00, 0x7C, 0x01, 0xE0, 0x00, 0xFC, 0x01, 0xE0, 0x01, 0xF8, 0x01, 0xE0,
  0x03, 0xF0, 0x01, 0xE0, 0x0F, 0xE0, 0x01, 0xE0, 0x1F, 0xC0, 0x01, 0xE0, 0x1F, 0x80, 0x01, 0xE0,
  0x0E, 0x00, 0x01, 0xE0, 0x08, 0x00, 0x01, 0xE0, 0x00, 0x00, 0x01, 0xE0, 0x00, 0x00, 0x01, 0xE0,
  0x00, 0x00, 0x01, 0xE0, 0x00, 0x00, 0x01, 0xE0, 0x00, 0x00, 0x01, 0xE0, 0x00, 0x00, 0x00, 0x00,
  0x00, 0x00, 0x00, 0x00, 0x00, 0x00, 0x01, 0xE0, 0x00, 0x00, 0x01, 0xE0, 0x00, 0x00, 0x01, 0xE0,
  0x0F, 0xFF, 0xC1, 0xE0, 0x0F, 0xFF, 0xC1, 0xE0, 0x0F, 0xFF, 0xC1, 0xE0, 0x00, 0x03, 0xC1, 0xE0,
  0x00, 0x07, 0xC1, 0xE0, 0x00, 0x07, 0x81, 0xE0, 0x00, 0x0F, 0xBF, 0xE0, 0x00, 0x0F, 0x3F, 0xE0,
  0x00, 0x1F, 0x3F, 0xE0, 0x00, 0x7E, 0x01, 0xE0, 0x00, 0xFC, 0x01, 0xE0, 0x03, 0xF8, 0x01, 0xE0,
  0x1F, 0xF0, 0x01, 0xE0, 0x1F, 0xC0, 0x01, 0xE0, 0x0F, 0x00, 0x01, 0xE0, 0x0C, 0x00, 0x01, 0xE0,
  0x00, 0x00, 0x01, 0xE0, 0x00, 0xF0, 0x01, 0xE0, 0x00, 0xF0, 0x01, 0xE0, 0x00, 0xF0, 0x00, 0x00,
  0x00, 0xF0, 0x00, 0x00, 0x00, 0xF0, 0x00, 0x00, 0x00, 0xF0, 0x00, 0x00, 0x00, 0xFF, 0xFF, 0xF0,
  0x00, 0xFF, 0xFF, 0xF0, 0x00, 0xFF, 0xFF, 0xF0, 0x00, 0xFF, 0xFF, 0xF0, 0x00, 0x00, 0x00, 0x00,
  0x00, 0x00, 0x00, 0x00, 0x00, 0x00, 0x01, 0xE0, 0x07, 0xFF, 0xC1, 0xF0, 0x07, 0xFF, 0xC1, 0xF0,
  0x07, 0xFF, 0xC1, 0xF0, 0x00, 0x07, 0xC1, 0xF0, 0x00, 0x07, 0x81, 0xF0, 0x00, 0x07, 0x81, 0xF0,
  0x00, 0x0F, 0xBF, 0xF0, 0x00, 0x0F, 0x3F, 0xF0, 0x00, 0x3E, 0x3F, 0xF0, 0x00, 0x7E, 0x01, 0xF0,
  0x01, 0xFC, 0x01, 0xF0, 0x0F, 0xF0, 0x01, 0xF0, 0x1F, 0xE0, 0x01, 0xF0, 0x0F, 0x80, 0x01, 0xF0,
  0x0C, 0x00, 0x00, 0xE0, 0x00, 0xFF, 0xFF, 0xF0, 0x00, 0xFF, 0xFF, 0xF0, 0x00, 0xFF, 0xFF, 0xF0,
  0x00, 0x00, 0x01, 0xF0, 0x00, 0x00, 0x01, 0xF0, 0x00, 0xFF, 0xFF, 0xF0, 0x00, 0xFF, 0xFF, 0xF0,
  0x00, 0xFF, 0xFF, 0xF0, 0x00, 0xF0, 0x00, 0x00, 0x00, 0xF0, 0x00, 0x00, 0x00, 0xFF, 0xFF, 0xF0,
  0x00, 0xFF, 0xFF, 0xF0, 0x00, 0xFF, 0xFF, 0xF0, 0x00, 0xFF, 0xFF, 0xF0, 0x00, 0x00, 0x00, 0x00,
  0x00, 0x00, 0x00, 0x00, 0x00, 0x00, 0x01, 0xE0, 0x00, 0x00, 0x01, 0xE0, 0x0F, 0xFF, 0xC1, 0xE0,
  0x0F, 0xFF, 0xC1, 0xE0, 0x0F, 0xFF, 0xC1, 0xE0, 0x00, 0x03, 0xC1, 0xE0, 0x00, 0x07, 0xC1, 0xE0,
  0x00, 0x07, 0xBF, 0xE0, 0x00, 0x0F, 0xBF, 0xE0, 0x00, 0x1F, 0x3F, 0xE0, 0x00, 0x3E, 0x01, 0xE0,
  0x00, 0x7E, 0x01, 0xE0, 0x01, 0xFC, 0x01, 0xE0, 0x0F, 0xF8, 0x01, 0xE0, 0x1F, 0xE0, 0x01, 0xE0,
  0x1F, 0x80, 0x01, 0xE0, 0x0E, 0x00, 0x01, 0xE0, 0x00, 0x00, 0x00, 0x00, 0x00, 0xFF, 0xFF, 0xE0,
  0x00, 0xFF, 0xFF, 0xE0, 0x00, 0xFF, 0xFF, 0xE0, 0x00, 0xF0, 0x01, 0xE0, 0x00, 0xF0, 0x01, 0xE0,
  0x00, 0xF0, 0x01, 0xE0, 0x00, 0xF0, 0x01, 0xE0, 0x00, 0xF0, 0x01, 0xE0, 0x00, 0xF0, 0x01, 0xE0,
  0x00, 0xFF, 0xFF, 0xE0, 0x00, 0xFF, 0xFF, 0xE0, 0x00, 0xFF, 0xFF, 0xE0, 0x00, 0x00, 0x00, 0x00,
  0x00, 0x00, 0x00, 0x00, 0x00, 0x00, 0x01, 0xE0, 0x00, 0x00, 0x01, 0xE0, 0x00, 0x00, 0x01, 0xE0,
  0x0F, 0xFF, 0x81, 0xE0, 0x0F, 0xFF, 0x81, 0xE0, 0x0F, 0xFF, 0x81, 0xE0, 0x00, 0x07, 0x81, 0xE0,
  0x00, 0x0F, 0x81, 0xE0, 0x00, 0x0F, 0x7F, 0xE0, 0x00, 0x1F, 0x7F, 0xE0, 0x00, 0x1E, 0x7F, 0xE0,
  0x00, 0x3E, 0x01, 0xE0, 0x00, 0xFC, 0x01, 0xE0, 0x01, 0xF8, 0x01, 0xE0, 0x0F, 0xF0, 0x01, 0xE0,
  0x3F, 0xE0, 0x01, 0xE0, 0x1F, 0x80, 0x01, 0xE0, 0x1E, 0x01, 0xE1, 0xE0, 0x00, 0x01, 0xE1, 0xE0,
  0x00, 0x01, 0xE1, 0xE0, 0x00, 0x01, 0xF0, 0x00, 0x00, 0x03, 0xF0, 0x00, 0x00, 0x07, 0xF8, 0x00,
  0x00, 0x0F, 0xFC, 0x00, 0x00, 0x1F, 0xFE, 0x00, 0x00, 0xFF, 0x3F, 0xC0, 0x03, 0xFC, 0x1F, 0xF0,
  0x03, 0xF8, 0x07, 0xF0, 0x03, 0xE0, 0x01, 0xF0, 0x01, 0x00, 0x00, 0x20, 0x00, 0x00, 0x00, 0x00,
  0x00, 0x00, 0x00, 0x00, 0x00, 0x00, 0x00, 0x70, 0x00, 0x00, 0x3C, 0xF0, 0x00, 0x00, 0x3C, 0xF0,
  0x00, 0x00, 0x3C, 0xF0, 0x0F, 0xFF, 0x3C, 0xF0, 0x0F, 0xFF, 0x3C, 0xF0, 0x0F, 0xFE, 0x3C, 0xF0,
  0x00, 0x1E, 0x3C, 0xF0, 0x00, 0x1E, 0x3C, 0xF0, 0x00, 0x1E, 0x3C, 0xF0, 0x00, 0x1E, 0x3C, 0xF0,
  0x00, 0x1E, 0x3C, 0xF0, 0x00, 0x3F, 0xFC, 0xF0, 0x00, 0x3F, 0xFC, 0xF0, 0x00, 0x7F, 0xFC, 0xF0,
  0x00, 0x78, 0x3C, 0xF0, 0x00, 0xF8, 0x3C, 0xF0, 0x01, 0xF0, 0x3C, 0xF0, 0x03, 0xE0, 0x3C, 0xF0,
  0x07, 0xC0, 0x3C, 0xF0, 0x1F, 0x80, 0x3C, 0xF0, 0x1F, 0x00, 0x3C, 0xF0, 0x1E, 0x00, 0x3C, 0xF0,
  0x08, 0x00, 0x3C, 0xF0, 0x00, 0x00, 0x3C, 0xF0, 0x00, 0x00, 0x3C, 0xF0, 0x00, 0x00, 0x3C, 0xF0,
  0x00, 0x00, 0x3C, 0xF0, 0x00, 0x00, 0x3C, 0xF0, 0x00, 0x00, 0x00, 0xF0, 0x00, 0x00, 0x00, 0x00,
  0x00, 0x00, 0x00, 0x00, 0x00, 0x00, 0x00, 0xF0, 0x00, 0x00, 0x3C, 0xF0, 0x0F, 0xFE, 0x3C, 0xF0,
  0x0F, 0xFE, 0x3C, 0xF0, 0x0F, 0xFE, 0x3C, 0xF0, 0x00, 0x1E, 0x3C, 0xF0, 0x00, 0x1E, 0x3C, 0xF0,
  0x00, 0x1F, 0xFC, 0xF0, 0x00, 0x3F, 0xFC, 0xF0, 0x00, 0x7F, 0xFC, 0xF0, 0x00, 0xF8, 0x3C, 0xF0,
  0x03, 0xF0, 0x3C, 0xF0, 0x0F, 0xE0, 0x3C, 0xF0, 0x1F, 0xC0, 0x3C, 0xF0, 0x1F, 0x00, 0x3C, 0xF0,
  0x0C, 0x00, 0x00, 0x00, 0x00, 0xFF, 0xFF, 0xF0, 0x00, 0xFF, 0xFF, 0xF0, 0x00, 0xFF, 0xFF, 0xF0,
  0x00, 0x00, 0x00, 0xF0, 0x00, 0x00, 0x00, 0xF0, 0x00, 0xFF, 0xFF, 0xF0, 0x00, 0xFF, 0xFF, 0xF0,
  0x00, 0xFF, 0xFF, 0xF0, 0x00, 0xF0, 0x00, 0x00, 0x00, 0xF0, 0x00, 0x00, 0x00, 0xFF, 0xFF, 0xF8,
  0x00, 0xFF, 0xFF, 0xF8, 0x00, 0xFF, 0xFF, 0xF8, 0x00, 0xFF, 0xFF, 0xF8, 0x00, 0x00, 0x00, 0x00,
  0x00, 0x00, 0x00, 0x00, 0x00, 0x00, 0x00, 0xF0, 0x00, 0x00, 0x78, 0xF0, 0x0F, 0xFE, 0x78, 0xF0,
  0x0F, 0xFE, 0x78, 0xF0, 0x0F, 0xFE, 0x78, 0xF0, 0x0F, 0xFE, 0x78, 0xF0, 0x00, 0x3E, 0x78, 0xF0,
  0x00, 0x3E, 0x78, 0xF0, 0x00, 0x3F, 0xF8, 0xF0, 0x00, 0x7F, 0xF8, 0xF0, 0x00, 0x7F, 0xF8, 0xF0,
  0x00, 0xF8, 0x78, 0xF0, 0x01, 0xF0, 0x78, 0xF0, 0x07, 0xE0, 0x78, 0xF0, 0x1F, 0xC0, 0x78, 0xF0,
  0x1F, 0x80, 0x78, 0xF0, 0x1E, 0x00, 0x78, 0xF0, 0x08, 0x00, 0x00, 0x00, 0x00, 0x78, 0x0F, 0x00,
  0x00, 0x78, 0x0F, 0x00, 0x00, 0x78, 0x0F, 0x00, 0x00, 0x78, 0x0F, 0x00, 0x00, 0xFC, 0x1F, 0x80,
  0x00, 0xFC, 0x1F, 0x80, 0x01, 0xFE, 0x3F, 0xC0, 0x03, 0xFF, 0x7B, 0xE0, 0x0F, 0xCF, 0xF9, 0xF8,
  0x0F, 0x87, 0xF0, 0xF8, 0x07, 0x03, 0xE0, 0x70, 0x00, 0x01, 0x80, 0x00, 0x00, 0x00, 0x00, 0x00,
  0x00, 0x00, 0x00, 0x00, 0x00, 0x00, 0x01, 0xF0, 0x00, 0x00, 0x01, 0xF0, 0x00, 0x00, 0x01, 0xF0,
  0x0F, 0xFF, 0xC1, 0xF0, 0x0F, 0xFF, 0xC1, 0xF0, 0x0F, 0xFF, 0xC1, 0xF0, 0x00, 0x03, 0xC1, 0xF0,
  0x00, 0x07, 0xC1, 0xF0, 0x00, 0x07, 0xFF, 0xF0, 0x00, 0x07, 0xFF, 0xF0, 0x00, 0x07, 0xFF, 0xF0,
  0x00, 0x0F, 0x81, 0xF0, 0x00, 0x0F, 0x01, 0xF0, 0x00, 0x1F, 0x01, 0xF0, 0x00, 0x1E, 0x01, 0xF0,
  0x00, 0x3E, 0x01, 0xF0, 0x00, 0x7C, 0xFF, 0xF0, 0x00, 0xFC, 0xFF, 0xF0, 0x01, 0xF8, 0xFF, 0xF0,
  0x03, 0xF0, 0x01, 0xF0, 0x0F, 0xE0, 0x01, 0xF0, 0x1F, 0xC0, 0x01, 0xF0, 0x1F, 0x80, 0x01, 0xF0,
  0x0E, 0x00, 0x01, 0xF0, 0x08, 0x00, 0x01, 0xF0, 0x00, 0x00, 0x01, 0xF0, 0x00, 0x00, 0x01, 0xF0,
  0x00, 0x00, 0x01, 0xF0, 0x00, 0x00, 0x01, 0xF0, 0x00, 0x00, 0x01, 0xF0, 0x00, 0x00, 0x00, 0x00,
  0x00, 0x00, 0x00, 0x00, 0x00, 0x00, 0x01, 0xE0, 0x00, 0x00, 0x01, 0xE0, 0x0F, 0xFF, 0xC1, 0xE0,
  0x0F, 0xFF, 0xC1, 0xE0, 0x0F, 0xFF, 0xC1, 0xE0, 0x00, 0x07, 0xFF, 0xE0, 0x00, 0x07, 0xFF, 0xE0,
  0x00, 0x07, 0xFF, 0xE0, 0x00, 0x0F, 0x81, 0xE0, 0x00, 0x1F, 0x01, 0xE0, 0x00, 0x3E, 0x01, 0xE0,
  0x00, 0x7E, 0xFF, 0xE0, 0x01, 0xFC, 0xFF, 0xE0, 0x07, 0xF8, 0xFF, 0xE0, 0x1F, 0xE0, 0x01, 0xE0,
  0x1F, 0x80, 0x01, 0xE0, 0x0E, 0x00, 0x01, 0xE0, 0x00, 0x00, 0x01, 0xE0, 0x00, 0x00, 0x00, 0x00,
  0x01, 0xFF, 0xFF, 0xE0, 0x01, 0xFF, 0xFF, 0xE0, 0x01, 0xFF, 0xFF, 0xE0, 0x00, 0x00, 0x01, 0xE0,
  0x00, 0x00, 0x01, 0xE0, 0x00, 0x00, 0x01, 0xE0, 0x00, 0x00, 0x01, 0xE0, 0x00, 0x00, 0x01, 0xE0,
  0x00, 0x00, 0x01, 0xE0, 0x00, 0x00, 0x01, 0xE0, 0x00, 0x00, 0x01, 0xE0, 0x00, 0x00, 0x00, 0x00,
  0x00, 0x00, 0x00, 0x00, 0x00, 0x00, 0x01, 0xE0, 0x00, 0x00, 0x01, 0xE0, 0x0F, 0xFF, 0xC1, 0xE0,
  0x0F, 0xFF, 0xC1, 0xE0, 0x0F, 0xFF, 0xC1, 0xE0, 0x0F, 0xFF, 0xC1, 0xE0, 0x00, 0x03, 0xFF, 0xE0,
  0x00, 0x07, 0xFF, 0xE0, 0x00, 0x07, 0xFF, 0xE0, 0x00, 0x0F, 0x81, 0xE0, 0x00, 0x1F, 0x01, 0xE0,
  0x00, 0x1F, 0x01, 0xE0, 0x00, 0x7E, 0x01, 0xE0, 0x00, 0xFC, 0xFF, 0xE0, 0x03, 0xF8, 0xFF, 0xE0,
  0x0F, 0xF0, 0xFF, 0xE0, 0x1F, 0xC0, 0x01, 0xE0, 0x1F, 0x80, 0x01, 0xE0, 0x0E, 0x00, 0x01, 0xE0,
  0x00, 0x00, 0x01, 0xE0, 0x00, 0xF0, 0x01, 0xE0, 0x00, 0xF0, 0x01, 0xE0, 0x00, 0xF0, 0x00, 0xE0,
  0x00, 0xF0, 0x00, 0x00, 0x00, 0xF0, 0x00, 0x00, 0x00, 0xF0, 0x00, 0x00, 0x00, 0xFF, 0xFF, 0xF0,
  0x00, 0xFF, 0xFF, 0xF0, 0x00, 0xFF, 0xFF, 0xF0, 0x00, 0xFF, 0xFF, 0xF0, 0x00, 0x00, 0x00, 0x00,
  0x00, 0x00, 0x00, 0x00, 0x00, 0x00, 0x01, 0xE0, 0x07, 0xFF, 0xC1, 0xF0, 0x07, 0xFF, 0xC1, 0xF0,
  0x07, 0xFF, 0xC1, 0xF0, 0x07, 0xFF, 0xFF, 0xF0, 0x00, 0x03, 0xFF, 0xF0, 0x00, 0x07, 0xFF, 0xF0,
  0x00, 0x07, 0x81, 0xF0, 0x00, 0x0F, 0x01, 0xF0, 0x00, 0x1F, 0x01, 0xF0, 0x00, 0x7E, 0x7F, 0xF0,
  0x01, 0xFC, 0x7F, 0xF0, 0x0F, 0xF8, 0x7F, 0xF0, 0x1F, 0xE0, 0x01, 0xF0, 0x0F, 0x80, 0x01, 0xF0,
  0x0C, 0x00, 0x00, 0xE0, 0x00, 0xFF, 0xFF, 0xF0, 0x00, 0xFF, 0xFF, 0xF0, 0x00, 0xFF, 0xFF, 0xF0,
  0x00, 0x00, 0x01, 0xF0, 0x00, 0x00, 0x01, 0xF0, 0x00, 0xFF, 0xFF, 0xF0, 0x00, 0xFF, 0xFF, 0xF0,
  0x00, 0xFF, 0xFF, 0xF0, 0x00, 0xF0, 0x00, 0x00, 0x00, 0xF0, 0x00, 0x00, 0x00, 0xFF, 0xFF, 0xF0,
  0x00, 0xFF, 0xFF, 0xF0, 0x00, 0xFF, 0xFF, 0xF0, 0x00, 0xFF, 0xFF, 0xF0, 0x00, 0x00, 0x00, 0x00,
  0x00, 0x00, 0x00, 0x00, 0x00, 0x00, 0x01, 0xE0, 0x00, 0x00, 0x01, 0xE0, 0x0F, 0xFF, 0xC1, 0xE0,
  0x0F, 0xFF, 0xC1, 0xE0, 0x0F, 0xFF, 0xC1, 0xE0, 0x00, 0x07, 0xFF, 0xE0, 0x00, 0x07, 0xFF, 0xE0,
  0x00, 0x0F, 0xFF, 0xE0, 0x00, 0x0F, 0x81, 0xE0, 0x00, 0x1F, 0x01, 0xE0, 0x00, 0x3F, 0x01, 0xE0,
  0x00, 0x7E, 0xFF, 0xE0, 0x00, 0xFC, 0xFF, 0xE0, 0x07, 0xF8, 0xFF, 0xE0, 0x1F, 0xF0, 0x01, 0xE0,
  0x1F, 0xE0, 0x01, 0xE0, 0x1F, 0x80, 0x01, 0xE0, 0x0E, 0x00, 0x00, 0x00, 0x00, 0x0F, 0xFC, 0x00,
  0x00, 0x3F, 0xFF, 0x00, 0x00, 0x7F, 0xFF, 0xC0, 0x00, 0xFC, 0x0F, 0xE0, 0x01, 0xF0, 0x03, 0xE0,
  0x01, 0xE0, 0x01, 0xE0, 0x01, 0xE0, 0x01, 0xE0, 0x01, 0xF0, 0x03, 0xE0, 0x00, 0xFC, 0x0F, 0xE0,
  0x00, 0x7F, 0xFF, 0xC0, 0x00, 0x3F, 0xFF, 0x00, 0x00, 0x0F, 0xFC, 0x00, 0x00, 0x00, 0x00, 0x00,
  0x00, 0x00, 0x00, 0x00, 0x00, 0x00, 0x00, 0x70, 0x00, 0x00, 0x3C, 0xF0, 0x00, 0x00, 0x3C, 0xF0,
  0x00, 0x00, 0x3C, 0xF0, 0x0F, 0xFF, 0x3C, 0xF0, 0x0F, 0xFE, 0x3C, 0xF0, 0x0F, 0xFE, 0x3C, 0xF0,
  0x00, 0x1E, 0x3C, 0xF0, 0x00, 0x1F, 0xFC, 0xF0, 0x00, 0x1F, 0xFC, 0xF0, 0x00, 0x1F, 0xFC, 0xF0,
  0x00, 0x1E, 0x3C, 0xF0, 0x00, 0x3C, 0x3C, 0xF0, 0x00, 0x3C, 0x3C, 0xF0, 0x00, 0x7C, 0x3C, 0xF0,
  0x00, 0x78, 0x3C, 0xF0, 0x00, 0xFF, 0xFC, 0xF0, 0x01, 0xF7, 0xFC, 0xF0, 0x03, 0xE7, 0xFC, 0xF0,
  0x07, 0xC0, 0x3C, 0xF0, 0x1F, 0x80, 0x3C, 0xF0, 0x1F, 0x00, 0x3C, 0xF0, 0x1E, 0x00, 0x3C, 0xF0,
  0x0C, 0x00, 0x3C, 0xF0, 0x00, 0x00, 0x3C, 0xF0, 0x00, 0x00, 0x3C, 0xF0, 0x00, 0x00, 0x3C, 0xF0,
  0x00, 0x00, 0x3C, 0xF0, 0x00, 0x00, 0x3C, 0xF0, 0x00, 0x00, 0x00, 0xF0, 0x00, 0x00, 0x00, 0x00,
  0x00, 0x00, 0x00, 0x00, 0x00, 0x00, 0x00, 0x00, 0x00, 0x00, 0x00, 0x00, 0x00, 0x00, 0x00, 0x00,
  0x07, 0xFF, 0xFF, 0xE0, 0x07, 0xFF, 0xFF, 0xE0, 0x07, 0xFF, 0xFF, 0xE0, 0x00, 0x00, 0x03, 0xE0,
  0x00, 0x00, 0x03, 0xE0, 0x00, 0x00, 0x03, 0xE0, 0x00, 0x00, 0x03, 0xE0, 0x00, 0x00, 0x03, 0xE0,
  0x00, 0x00, 0x03, 0xE0, 0x00, 0x00, 0x03, 0xC0, 0x00, 0x0F, 0x03, 0xC0, 0x00, 0x0F, 0x03, 0xC0,
  0x00, 0x0F, 0x03, 0xC0, 0x00, 0x0F, 0x03, 0xC0, 0x00, 0x0F, 0x03, 0xC0, 0x00, 0x0F, 0x07, 0xC0,
  0x00, 0x0F, 0x03, 0x80, 0x00, 0x0F, 0x00, 0x00, 0x00, 0x0F, 0x00, 0x00, 0x00, 0x0F, 0x00, 0x00,
  0x3F, 0xFF, 0xFF, 0xF8, 0x3F, 0xFF, 0xFF, 0xF8, 0x3F, 0xFF, 0xFF, 0xF8, 0x00, 0x00, 0x00, 0x00,
  0x00, 0x00, 0x00, 0x00, 0x00, 0x00, 0x00, 0x00, 0x00, 0x00, 0x00, 0x00, 0x00, 0x00, 0x00, 0x00,
  0x00, 0x00, 0x00, 0x00, 0x00, 0x00, 0x00, 0x00, 0x07, 0xFF, 0xFF, 0xC0, 0x07, 0xFF, 0xFF, 0xC0,
  0x07, 0xFF, 0xFF, 0xC0, 0x00, 0x00, 0x03, 0xC0, 0x00, 0x00, 0x07, 0xC0, 0x00, 0x00, 0x07, 0xC0,
  0x00, 0x0F, 0x07, 0xC0, 0x00, 0x0F, 0x07, 0xC0, 0x00, 0x0F, 0x07, 0x80, 0x00, 0x0F, 0x07, 0x80,
  0x00, 0x0F, 0x03, 0x80, 0x00, 0x0F, 0x00, 0x00, 0x3F, 0xFF, 0xFF, 0xF8, 0x3F, 0xFF, 0xFF, 0xF8,
  0x3F, 0xFF, 0xFF, 0xF8, 0x3F, 0xFF, 0xFF, 0xF8, 0x00, 0x00, 0x00, 0x00, 0x00, 0x00, 0x00, 0x00,
  0x07, 0x80, 0x00, 0x00, 0x07, 0x80, 0x00, 0x00, 0x07, 0x80, 0x00, 0x00, 0x07, 0x80, 0x00, 0x00,
  0x07, 0x80, 0x00, 0x00, 0x07, 0x80, 0x00, 0x00, 0x07, 0xFF, 0xFF, 0xC0, 0x07, 0xFF, 0xFF, 0xC0,
  0x07, 0xFF, 0xFF, 0xC0, 0x07, 0xFF, 0xFF, 0xC0, 0x00, 0x00, 0x00, 0x00, 0x00, 0x00, 0x00, 0x00,
  0x00, 0x00, 0x00, 0x00, 0x00, 0x00, 0x00, 0x00, 0x07, 0xFF, 0xFF, 0xC0, 0x07, 0xFF, 0xFF, 0xC0,
  0x07, 0xFF, 0xFF, 0xC0, 0x00, 0x00, 0x07, 0xC0, 0x00, 0x00, 0x07, 0xC0, 0x00, 0x00, 0x07, 0xC0,
  0x00, 0x0F, 0x07, 0xC0, 0x00, 0x0F, 0x07, 0x80, 0x00, 0x0F, 0x07, 0x80, 0x00, 0x0F, 0x07, 0x80,
  0x00, 0x0F, 0x00, 0x00, 0x3F, 0xFF, 0xFF, 0xF8, 0x3F, 0xFF, 0xFF, 0xF8, 0x3F, 0xFF, 0xFF, 0xF8,
  0x00, 0x00, 0x00, 0x00, 0x00, 0x00, 0x00, 0x00, 0x00, 0x00, 0x00, 0x00, 0x07, 0xFF, 0xFF, 0xC0,
  0x07, 0xFF, 0xFF, 0xC0, 0x07, 0xFF, 0xFF, 0xC0, 0x07, 0x80, 0x00, 0x00, 0x07, 0x80, 0x00, 0x00,
  0x07, 0x80, 0x00, 0x00, 0x07, 0x80, 0x00, 0x00, 0x07, 0xFF, 0xFF, 0xC0, 0x07, 0xFF, 0xFF, 0xC0,
  0x07, 0xFF, 0xFF, 0xC0, 0x07, 0xFF, 0xFF, 0xC0, 0x00, 0x00, 0x00, 0x00, 0x00, 0x00, 0x00, 0x00,
  0x00, 0x00, 0x00, 0x00, 0x07, 0xFF, 0xFF, 0xC0, 0x07, 0xFF, 0xFF, 0xC0, 0x07, 0xFF, 0xFF, 0xC0,
  0x00, 0x00, 0x03, 0xC0, 0x00, 0x00, 0x03, 0xC0, 0x00, 0x00, 0x03, 0xC0, 0x00, 0x0F, 0x07, 0xC0,
  0x00, 0x0F, 0x07, 0x80, 0x00, 0x0F, 0x07, 0x80, 0x00, 0x0F, 0x00, 0x00, 0x3F, 0xFF, 0xFF, 0xF8,
  0x3F, 0xFF, 0xFF, 0xF8, 0x3F, 0xFF, 0xFF, 0xF8, 0x3F, 0xFF, 0xFF, 0xF8, 0x00, 0x00, 0x00, 0x00,
  0x00, 0x00, 0x00, 0x00, 0x07, 0xFF, 0xFF, 0xC0, 0x07, 0xFF, 0xFF, 0xC0, 0x07, 0xFF, 0xFF, 0xC0,
  0x00, 0x00, 0x03, 0xC0, 0x07, 0xFF, 0xFF, 0xC0, 0x07, 0xFF, 0xFF, 0xC0, 0x07, 0xFF, 0xFF, 0xC0,
  0x07, 0x80, 0x00, 0x00, 0x07, 0x80, 0x00, 0x00, 0x07, 0x80, 0x00, 0x00, 0x07, 0xFF, 0xFF, 0xE0,
  0x07, 0xFF, 0xFF, 0xE0, 0x07, 0xFF, 0xFF, 0xE0, 0x00, 0x00, 0x00, 0x00, 0x00, 0x00, 0x00, 0x00,
  0x00, 0x00, 0x00, 0x00, 0x00, 0x00, 0x00, 0x00, 0x07, 0xFF, 0xFF, 0xC0, 0x07, 0xFF, 0xFF, 0xC0,
  0x07, 0xFF, 0xFF, 0xC0, 0x00, 0x00, 0x03, 0xC0, 0x00, 0x00, 0x03, 0xC0, 0x00, 0x00, 0x03, 0xC0,
  0x00, 0x0F, 0x03, 0xC0, 0x00, 0x0F, 0x07, 0xC0, 0x00, 0x0F, 0x07, 0x80, 0x00, 0x0F, 0x03, 0x80,
  0x00, 0x0F, 0x00, 0x00, 0x3F, 0xFF, 0xFF, 0xF8, 0x3F, 0xFF, 0xFF, 0xF8, 0x3F, 0xFF, 0xFF, 0xF8,
  0x00, 0x00, 0x00, 0x00, 0x00, 0x00, 0x00, 0x00, 0x00, 0x00, 0x00, 0x00, 0x00, 0x3F, 0xF8, 0x00,
  0x00, 0xFF, 0xFF, 0x00, 0x03, 0xFF, 0xFF, 0x80, 0x03, 0xF0, 0x1F, 0xC0, 0x07, 0xC0, 0x03, 0xC0,
  0x07, 0x80, 0x03, 0xC0, 0x07, 0xC0, 0x03, 0xC0, 0x03, 0xF0, 0x1F, 0xC0, 0x03, 0xFF, 0xFF, 0x80,
  0x00, 0xFF, 0xFF, 0x00, 0x00, 0x3F, 0xF8, 0x00, 0x00, 0x00, 0x00, 0x00, 0x00, 0x00, 0x00, 0x00,
  0x00, 0x00, 0x00, 0x00, 0x00, 0x00, 0x03, 0xC0, 0x00, 0x00, 0x03, 0xC0, 0x00, 0x00, 0x03, 0xC0,
  0x0F, 0xFF, 0xE3, 0xC0, 0x0F, 0xFF, 0xE3, 0xC0, 0x0F, 0xFF, 0xE3, 0xC0, 0x00, 0x01, 0xE3, 0xC0,
  0x00, 0x01, 0xE3, 0xC0, 0x00, 0x01, 0xE3, 0xC0, 0x00, 0x01, 0xE3, 0xC0, 0x00, 0x01, 0xE3, 0xC0,
  0x00, 0x01, 0xE3, 0xC0, 0x00, 0xF1, 0xE3, 0xFC, 0x00, 0xF1, 0xE3, 0xFC, 0x00, 0xF1, 0xE3, 0xFC,
  0x00, 0xF1, 0xE3, 0xC0, 0x00, 0xF1, 0xE3, 0xC0, 0x00, 0xF0, 0x03, 0xC0, 0x00, 0xF0, 0x03, 0xC0,
  0x00, 0xF0, 0x03, 0xC0, 0x00, 0xFF, 0xFB, 0xC0, 0x3F, 0xFF, 0xFB, 0xC0, 0x1F, 0xFF, 0xFB, 0xC0,
  0x1F, 0xFF, 0x83, 0xC0, 0x00, 0x00, 0x03, 0xC0, 0x00, 0x00, 0x03, 0xC0, 0x00, 0x00, 0x03, 0xC0,
  0x00, 0x00, 0x03, 0xC0, 0x00, 0x00, 0x03, 0xC0, 0x00, 0x00, 0x03, 0xC0, 0x00, 0x00, 0x00, 0x00,
  0x00, 0x00, 0x00, 0x00, 0x00, 0x00, 0x03, 0xC0, 0x00, 0x00, 0x07, 0xC0, 0x00, 0x00, 0x07, 0xC0,
  0x0F, 0xFF, 0xE7, 0xC0, 0x0F, 0xFF, 0xE7, 0xC0, 0x0F, 0xFF, 0xE7, 0xC0, 0x00, 0x01, 0xE7, 0xC0,
  0x00, 0x01, 0xE7, 0xC0, 0x00, 0x01, 0xE7, 0xC0, 0x01, 0xE1, 0xE7, 0xF8, 0x01, 0xE3, 0xE7, 0xF8,
  0x01, 0xE3, 0xE7, 0xF8, 0x01, 0xE1, 0xC7, 0xF8, 0x01, 0xE0, 0x07, 0xC0, 0x01, 0xE0, 0xF7, 0xC0,
  0x3F, 0xFF, 0xF7, 0xC0, 0x3F, 0xFF, 0xFF, 0xC0, 0x3F, 0xFF, 0xF7, 0xC0, 0x1F, 0xC0, 0x07, 0xC0,
  0x00, 0x00, 0x07, 0xC0, 0x03, 0xC0, 0x07, 0xC0, 0x03, 0xC0, 0x07, 0xC0, 0x03, 0xC0, 0x03, 0x80,
  0x03, 0xC0, 0x00, 0x00, 0x03, 0xC0, 0x00, 0x00, 0x03, 0xC0, 0x00, 0x00, 0x03, 0xFF, 0xFF, 0xE0,
  0x03, 0xFF, 0xFF, 0xE0, 0x03, 0xFF, 0xFF, 0xE0, 0x03, 0xFF, 0xFF, 0xE0, 0x00, 0x00, 0x00, 0x00,
  0x00, 0x00, 0x00, 0x00, 0x00, 0x00, 0x03, 0xC0, 0x00, 0x00, 0x03, 0xC0, 0x0F, 0xFF, 0xE3, 0xC0,
  0x0F, 0xFF, 0xE3, 0xC0, 0x0F, 0xFF, 0xE3, 0xC0, 0x00, 0x01, 0xE3, 0xC0, 0x00, 0x01, 0xE3, 0xC0,
  0x00, 0x01, 0xE3, 0xC0, 0x00, 0x01, 0xE3, 0xFC, 0x00, 0xF1, 0xE3, 0xFC, 0x00, 0xF3, 0xE3, 0xFC,
  0x00, 0xF1, 0xC3, 0xC0, 0x00, 0xF0, 0x03, 0xC0, 0x00, 0xF0, 0xF3, 0xC0, 0x3F, 0xFF, 0xFB, 0xC0,
  0x3F, 0xFF, 0xFB, 0xC0, 0x3F, 0xFF, 0xE3, 0xC0, 0x00, 0x00, 0x03, 0xC0, 0x00, 0x00, 0x03, 0xC0,
  0x00, 0x1F, 0xFC, 0x00, 0x00, 0xFF, 0xFF, 0x00, 0x01, 0xFF, 0xFF, 0x80, 0x03, 0xF0, 0x0F, 0xC0,
  0x03, 0xC0, 0x03, 0xC0, 0x03, 0xC0, 0x03, 0xC0, 0x03, 0xC0, 0x03, 0xC0, 0x03, 0xF8, 0x1F, 0xC0,
  0x01, 0xFF, 0xFF, 0x80, 0x00, 0xFF, 0xFF, 0x00, 0x00, 0x1F, 0xFC, 0x00, 0x00, 0x00, 0x00, 0x00,
  0x00, 0x00, 0x00, 0x00, 0x00, 0x00, 0x01, 0xE0, 0x00, 0x00, 0x01, 0xE0, 0x00, 0x00, 0x01, 0xE0,
  0x00, 0x00, 0x01, 0xE0, 0x0F, 0xFF, 0xF1, 0xE0, 0x0F, 0xFF, 0xF1, 0xE0, 0x0F, 0xFF, 0xF1, 0xE0,
  0x00, 0x01, 0xF1, 0xE0, 0x00, 0x01, 0xF1, 0xE0, 0x00, 0x01, 0xE1, 0xE0, 0x00, 0x01, 0xE1, 0xE0,
  0x00, 0x01, 0xE1, 0xE0, 0x00, 0x71, 0xE1, 0xE0, 0x00, 0xF1, 0xE1, 0xE0, 0x00, 0xF1, 0xE1, 0xE0,
  0x00, 0xF1, 0xE1, 0xE0, 0x00, 0xF1, 0xE1, 0xE0, 0x00, 0xF0, 0x01, 0xE0, 0x00, 0xF0, 0x01, 0xE0,
  0x00, 0xF0, 0x01, 0xE0, 0x00, 0xFF, 0xFD, 0xE0, 0x3F, 0xFF, 0xFD, 0xE0, 0x3F, 0xFF, 0xFD, 0xE0,
  0x3F, 0xFF, 0xC1, 0xE0, 0x00, 0x00, 0x01, 0xE0, 0x00, 0x00, 0x01, 0xE0, 0x00, 0x00, 0x01, 0xE0,
  0x00, 0x00, 0x01, 0xE0, 0x00, 0x00, 0x01, 0xE0, 0x00, 0x00, 0x01, 0xE0, 0x00, 0x00, 0x00, 0x00,
  0x00, 0x00, 0x00, 0x00, 0x00, 0x00, 0x01, 0xE0, 0x00, 0x00, 0x01, 0xE0, 0x07, 0xFF, 0xF1, 0xE0,
  0x07, 0xFF, 0xF1, 0xE0, 0x07, 0xFF, 0xF1, 0xE0, 0x00, 0x00, 0xF1, 0xE0, 0x00, 0x00, 0xF1, 0xE0,
  0x00, 0x00, 0xF1, 0xE0, 0x00, 0x00, 0xF1, 0xE0, 0x00, 0x78, 0xF1, 0xE0, 0x00, 0x79, 0xF1, 0xE0,
  0x00, 0x79, 0xE1, 0xE0, 0x00, 0x78, 0x01, 0xE0, 0x00, 0x78, 0x3D, 0xE0, 0x1F, 0xFF, 0xFD, 0xE0,
  0x1F, 0xFF, 0xFD, 0xE0, 0x1F, 0xFF, 0xF1, 0xE0, 0x00, 0x00, 0x01, 0xE0, 0x00, 0x00, 0x01, 0xE0,
  0x00, 0x0F, 0xFE, 0x00, 0x00, 0x7F, 0xFF, 0x80, 0x00, 0xFF, 0xFF, 0xC0, 0x01, 0xFC, 0x07, 0xE0,
  0x01, 0xF0, 0x01, 0xE0, 0x01, 0xE0, 0x01, 0xE0, 0x01, 0xF0, 0x01, 0xE0, 0x01, 0xFC, 0x07, 0xE0,
  0x00, 0xFF, 0xFF, 0xC0, 0x00, 0x7F, 0xFF, 0x80, 0x00, 0x0F, 0xFE, 0x00, 0x00, 0x00, 0x00, 0x00,
  0x00, 0x00, 0x00, 0x00, 0x00, 0x00, 0x00, 0x00, 0x07, 0xFF, 0xFF, 0xC0, 0x07, 0xFF, 0xFF, 0xC0,
  0x07, 0xFF, 0xFF, 0xC0, 0x00, 0x00, 0x03, 0xC0, 0x00, 0x00, 0x03, 0xC0, 0x00, 0x00, 0x03, 0xC0,
  0x00, 0x00, 0x03, 0xC0, 0x00, 0x00, 0x03, 0xC0, 0x00, 0x00, 0x03, 0xC0, 0x00, 0x00, 0x03, 0xC0,
  0x00, 0x00, 0x03, 0xC0, 0x00, 0x00, 0x07, 0xC0, 0x00, 0x00, 0x07, 0xC0, 0x1F, 0xFF, 0xFF, 0xFC,
  0x1F, 0xFF, 0xFF, 0xFC, 0x1F, 0xFF, 0xFF, 0xFC, 0x00, 0x03, 0xC0, 0x00, 0x00, 0x03, 0xC0, 0x00,
  0x00, 0x03, 0xC0, 0x00, 0x00, 0x03, 0xC0, 0x00, 0x00, 0x03, 0xC0, 0x00, 0x00, 0x03, 0xC0, 0x00,
  0x00, 0x03, 0xC0, 0x00, 0x00, 0x03, 0xC0, 0x00, 0x00, 0x03, 0xC0, 0x00, 0x00, 0x03, 0xC0, 0x00,
  0x00, 0x03, 0xC0, 0x00, 0x00, 0x03, 0xC0, 0x00, 0x00, 0x00, 0x00, 0x00, 0x00, 0x00, 0x00, 0x00,
  0x00, 0x00, 0x00, 0x00, 0x00, 0x00, 0x00, 0x00, 0x03, 0xFF, 0xFF, 0xC0, 0x03, 0xFF, 0xFF, 0xC0,
  0x03, 0xFF, 0xFF, 0xC0, 0x00, 0x00, 0x03, 0xC0, 0x00, 0x00, 0x03, 0xC0, 0x00, 0x00, 0x03, 0xC0,
  0x00, 0x00, 0x03, 0xC0, 0x00, 0x00, 0x03, 0xC0, 0x00, 0x00, 0x03, 0xC0, 0x00, 0x00, 0x07, 0xC0,
  0x3F, 0xFF, 0xFF, 0xF8, 0x3F, 0xFF, 0xFF, 0xF8, 0x3F, 0xFF, 0xFF, 0xF8, 0x00, 0x03, 0xC0, 0x00,
  0x00, 0x03, 0xC0, 0x00, 0x00, 0x03, 0xC0, 0x00, 0x00, 0x03, 0xC0, 0x00, 0x07, 0xFF, 0xFF, 0xC0,
  0x07, 0xFF, 0xFF, 0xC0, 0x07, 0xFF, 0xFF, 0xC0, 0x00, 0x00, 0x03, 0xC0, 0x00, 0x00, 0x03, 0xC0,
  0x00, 0x00, 0x03, 0xC0, 0x00, 0x00, 0x03, 0xC0, 0x00, 0x00, 0x03, 0xC0, 0x00, 0x00, 0x03, 0xC0,
  0x00, 0x00, 0x03, 0xC0, 0x00, 0x00, 0x03, 0xC0, 0x00, 0x00, 0x00, 0x00, 0x00, 0x00, 0x00, 0x00,
  0x00, 0x00, 0x00, 0x00, 0x07, 0xFF, 0xFF, 0xC0, 0x07, 0xFF, 0xFF, 0xC0, 0x07, 0xFF, 0xFF, 0xC0,
  0x00, 0x00, 0x03, 0xC0, 0x00, 0x00, 0x03, 0xC0, 0x00, 0x00, 0x03, 0xC0, 0x00, 0x00, 0x07, 0xC0,
  0x00, 0x00, 0x07, 0xC0, 0x00, 0x00, 0x07, 0x80, 0x3F, 0xFF, 0xFF, 0xF8, 0x3F, 0xFF, 0xFF, 0xF8,
  0x3F, 0xFF, 0xFF, 0xF8, 0x3F, 0xFF, 0xFF, 0xF8, 0x00, 0x07, 0x80, 0x00, 0x00, 0x07, 0x80, 0x00,
  0x07, 0xFF, 0xFF, 0x80, 0x07, 0xFF, 0xFF, 0xC0, 0x07, 0xFF, 0xFF, 0xC0, 0x07, 0xFF, 0xFF, 0xC0,
  0x00, 0x00, 0x03, 0xC0, 0x07, 0xFF, 0xFF, 0xC0, 0x07, 0xFF, 0xFF, 0xC0, 0x07, 0xFF, 0xFF, 0xC0,
  0x07, 0x80, 0x00, 0x00, 0x07, 0x80, 0x00, 0x00, 0x07, 0x80, 0x00, 0x00, 0x07, 0xFF, 0xFF, 0xE0,
  0x07, 0xFF, 0xFF, 0xE0, 0x07, 0xFF, 0xFF, 0xE0, 0x00, 0x00, 0x00, 0x00, 0x00, 0x00, 0x00, 0x00,
  0x00, 0x00, 0x00, 0x00, 0x00, 0x00, 0x00, 0xF0, 0x00, 0x00, 0x00, 0xF0, 0x07, 0xFF, 0xE0, 0xF0,
  0x07, 0xFF, 0xE0, 0xF0, 0x07, 0xFF, 0xE0, 0xF0, 0x00, 0x01, 0xE0, 0xF0, 0x00, 0x01, 0xE0, 0xF0,
  0x00, 0x01, 0xE0, 0xF0, 0x00, 0x01, 0xE0, 0xF0, 0x00, 0x01, 0xE0, 0xF0, 0x00, 0x01, 0xE8, 0xF0,
  0x3F, 0xFF, 0xFC, 0xF0, 0x3F, 0xFF, 0xFC, 0xF0, 0x3F, 0xFF, 0xFC, 0xF0, 0x1F, 0xFF, 0x00, 0xF0,
  0x00, 0x3E, 0x00, 0xF0, 0x00, 0x3E, 0x3F, 0xF0, 0x00, 0x3E, 0x3F, 0xF0, 0x00, 0x3E, 0x3F, 0xF0,
  0x00, 0x3E, 0x00, 0xF0, 0x03, 0xFE, 0x00, 0xF0, 0x03, 0xE0, 0x00, 0xF0, 0x03, 0xE0, 0x00, 0xF0,
  0x03, 0xE0, 0x00, 0x00, 0x03, 0xE0, 0x00, 0x00, 0x03, 0xE0, 0x00, 0x00, 0x03, 0xFF, 0xFF, 0xF8,
  0x03, 0xFF, 0xFF, 0xF8, 0x03, 0xFF, 0xFF, 0xF8, 0x03, 0xFF, 0xFF, 0xF8, 0x00, 0x00, 0x00, 0x00,
  0x00, 0x00, 0x00, 0x00, 0x00, 0x00, 0x00, 0xF0, 0x00, 0x00, 0x00, 0xF0, 0x07, 0xFF, 0xE0, 0xF0,
  0x07, 0xFF, 0xE0, 0xF0, 0x07, 0xFF, 0xE0, 0xF0, 0x00, 0x01, 0xE0, 0xF0, 0x00, 0x01, 0xE0, 0xF0,
  0x00, 0x01, 0xE0, 0xF0, 0x00, 0x01, 0xE0, 0xF0, 0x00, 0x01, 0xE0, 0xF0, 0x00, 0x01, 0xE0, 0xF0,
  0x00, 0x03, 0xE0, 0xF0, 0x00, 0x03, 0xC0, 0xF0, 0x00, 0x07, 0xFC, 0xF0, 0x3F, 0xFF, 0xFC, 0xF0,
  0x3F, 0xFF, 0xFE, 0xF0, 0x1F, 0xFF, 0xF0, 0xF0, 0x00, 0x3C, 0x00, 0xF0, 0x00, 0x3C, 0x00, 0xF0,
  0x00, 0x3C, 0x00, 0xF0, 0x00, 0x3C, 0x00, 0xF0, 0x00, 0x3C, 0x00, 0xF0, 0x00, 0x3C, 0x00, 0xF0,
  0x00, 0x3C, 0x00, 0xF0, 0x00, 0x3C, 0x00, 0xF0, 0x00, 0x3C, 0x00, 0xF0, 0x00, 0x3C, 0x00, 0xF0,
  0x00, 0x3C, 0x00, 0xF0, 0x00, 0x00, 0x00, 0xF0, 0x00, 0x00, 0x00, 0xF0, 0x00, 0x00, 0x00, 0x00,
  0x00, 0x00, 0x00, 0x00, 0x00, 0x00, 0x00, 0x00, 0x07, 0xFF, 0xFF, 0xC0, 0x07, 0xFF, 0xFF, 0xC0,
  0x07, 0xFF, 0xFF, 0xC0, 0x00, 0x00, 0x03, 0xC0, 0x00, 0x00, 0x03, 0xC0, 0x00, 0x00, 0x03, 0xC0,
  0x00, 0x00, 0x03, 0xC0, 0x00, 0x00, 0x07, 0xC0, 0x00, 0x00, 0x07, 0xC0, 0x00, 0x00, 0x07, 0xC0,
  0x00, 0x00, 0x07, 0xC0, 0x3F, 0xFF, 0xFF, 0xF8, 0x3F, 0xFF, 0xFF, 0xF8, 0x3F, 0xFF, 0xFF, 0xF8,
  0x00, 0x1E, 0x3C, 0x00, 0x00, 0x1E, 0x3C, 0x00, 0x00, 0x1E, 0x3C, 0x00, 0x07, 0x9E, 0x3C, 0x00,
  0x07, 0x9E, 0x3C, 0x00, 0x07, 0x9E, 0x3C, 0x00, 0x07, 0x9E, 0x3C, 0x00, 0x07, 0x80, 0x00, 0x00,
  0x07, 0x80, 0x00, 0x00, 0x07, 0x80, 0x00, 0x00, 0x07, 0xFF, 0xFF, 0xE0, 0x07, 0xFF, 0xFF, 0xE0,
  0x07, 0xFF, 0xFF, 0xE0, 0x07, 0xFF, 0xFF, 0xE0, 0x00, 0x00, 0x00, 0x00, 0x00, 0x00, 0x00, 0x00,
  0x00, 0x00, 0x00, 0x00, 0x00, 0x00, 0x00, 0x00, 0x00, 0x00, 0x00, 0x00, 0x00, 0x00, 0x00, 0x00,
  0x07, 0xFF, 0xFF, 0xC0, 0x07, 0xFF, 0xFF, 0xC0, 0x07, 0xFF, 0xFF, 0xC0, 0x00, 0x00, 0x03, 0xC0,
  0x00, 0x00, 0x03, 0xC0, 0x00, 0x00, 0x03, 0xC0, 0x00, 0x00, 0x03, 0xC0, 0x00, 0x00, 0x03, 0xC0,
  0x00, 0x00, 0x03, 0xC0, 0x00, 0x00, 0x03, 0xC0, 0x00, 0x00, 0x07, 0xC0, 0x00, 0x00, 0x07, 0xC0,
  0x00, 0x00, 0x07, 0xC0, 0x00, 0x00, 0x07, 0x80, 0x00, 0x00, 0x07, 0x80, 0x00, 0x00, 0x07, 0x80,
  0x00, 0x00, 0x07, 0x80, 0x00, 0x00, 0x07, 0x80, 0x00, 0x00, 0x00, 0x00, 0x00, 0x00, 0x00, 0x00,
  0x3F, 0xFF, 0xFF, 0xF8, 0x3F, 0xFF, 0xFF, 0xF8, 0x3F, 0xFF, 0xFF, 0xF8, 0x00, 0x00, 0x00, 0x00,
  0x00, 0x00, 0x00, 0x00, 0x00, 0x00, 0x00, 0x00, 0x00, 0x00, 0x00, 0x00, 0x00, 0x00, 0x00, 0x00,
  0x00, 0x00, 0x00, 0x00, 0x00, 0x00, 0x00, 0x00, 0x07, 0xFF, 0xFF, 0xC0, 0x07, 0xFF, 0xFF, 0xC0,
  0x07, 0xFF, 0xFF, 0xC0, 0x00, 0x00, 0x03, 0xC0, 0x00, 0x00, 0x03, 0xC0, 0x00, 0x00, 0x03, 0xC0,
  0x00, 0x00, 0x03, 0xC0, 0x00, 0x00, 0x03, 0xC0, 0x00, 0x00, 0x03, 0xC0, 0x00, 0x00, 0x07, 0xC0,
  0x00, 0x00, 0x07, 0x80, 0x3F, 0xFF, 0xFF, 0xF8, 0x3F, 0xFF, 0xFF, 0xF8, 0x3F, 0xFF, 0xFF, 0xF8,
  0x00, 0x00, 0x00, 0x00, 0x00, 0x00, 0x00, 0x00, 0x00, 0x00, 0x00, 0x00, 0x03, 0xC0, 0x00, 0x00,
  0x03, 0xC0, 0x00, 0x00, 0x03, 0xC0, 0x00, 0x00, 0x03, 0xC0, 0x00, 0x00, 0x03, 0xC0, 0x00, 0x00,
  0x03, 0xC0, 0x00, 0x00, 0x03, 0xC0, 0x00, 0x00, 0x07, 0xFF, 0xFF, 0xE0, 0x03, 0xFF, 0xFF, 0xE0,
  0x03, 0xFF, 0xFF, 0xE0, 0x03, 0xFF, 0xFF, 0xE0, 0x00, 0x00, 0x00, 0x00, 0x00, 0x00, 0x00, 0x00,
  0x00, 0x00, 0x00, 0x00, 0x00, 0x00, 0x00, 0x00, 0x07, 0xFF, 0xFF, 0xC0, 0x07, 0xFF, 0xFF, 0xC0,
  0x07, 0xFF, 0xFF, 0xC0, 0x00, 0x00, 0x03, 0xC0, 0x00, 0x00, 0x03, 0xC0, 0x00, 0x00, 0x03, 0xC0,
  0x00, 0x00, 0x03, 0xC0, 0x00, 0x00, 0x03, 0xC0, 0x00, 0x00, 0x07, 0xC0, 0x00, 0x00, 0x07, 0x80,
  0x3F, 0xFF, 0xFF, 0xF8, 0x3F, 0xFF, 0xFF, 0xF8, 0x3F, 0xFF, 0xFF, 0xF8, 0x1F, 0xFF, 0xFF, 0xF8,
  0x00, 0x00, 0x00, 0x00, 0x00, 0x00, 0x00, 0x00, 0x00, 0x00, 0x00, 0x00, 0x07, 0xFF, 0xFF, 0xC0,
  0x07, 0xFF, 0xFF, 0xC0, 0x07, 0xFF, 0xFF, 0xC0, 0x07, 0x80, 0x03, 0xC0, 0x07, 0x80, 0x03, 0xC0,
  0x07, 0x80, 0x03, 0xC0, 0x07, 0x80, 0x03, 0xC0, 0x07, 0x80, 0x03, 0xC0, 0x07, 0xFF, 0xFF, 0xC0,
  0x07, 0xFF, 0xFF, 0xC0, 0x07, 0xFF, 0xFF, 0xC0, 0x00, 0x00, 0x00, 0x00, 0x00, 0x00, 0x00, 0x00,
  0x00, 0x00, 0x00, 0x00, 0x00, 0x00, 0x00, 0x00, 0x07, 0xFF, 0xFF, 0xC0, 0x07, 0xFF, 0xFF, 0xC0,
  0x07, 0xFF, 0xFF, 0xC0, 0x00, 0x00, 0x03, 0xC0, 0x00, 0x00, 0x03, 0xC0, 0x00, 0x00, 0x03, 0xC0,
  0x00, 0x00, 0x03, 0xC0, 0x00, 0x00, 0x07, 0xC0, 0x00, 0x00, 0x07, 0xC0, 0x00, 0x00, 0x07, 0x80,
  0x00, 0x00, 0x07, 0x80, 0x3F, 0xFF, 0xFF, 0xF8, 0x3F, 0xFF, 0xFF, 0xF8, 0x3F, 0xFF, 0xFF, 0xF8,
  0x00, 0x00, 0x00, 0x00, 0x00, 0x00, 0x00, 0x00, 0x00, 0x03, 0x80, 0x00, 0x00, 0x07, 0xC0, 0x00,
  0x00, 0x07, 0xC0, 0x00, 0x00, 0x07, 0xC0, 0x00, 0x00, 0x0F, 0xE0, 0x00, 0x00, 0x0F, 0xF0, 0x00,
  0x00, 0x3F, 0xF8, 0x00, 0x00, 0xFE, 0xFE, 0x00, 0x0F, 0xFC, 0x7F, 0xE0, 0x0F, 0xF0, 0x1F, 0xE0,
  0x07, 0xC0, 0x07, 0xC0, 0x06, 0x00, 0x00, 0xC0, 0x00, 0x00, 0x00, 0x00, 0x00, 0x00, 0x00, 0x00,
  0x00, 0x00, 0x00, 0x00, 0x00, 0x00, 0x01, 0xE0, 0x00, 0x00, 0x01, 0xE0, 0x00, 0x00, 0x01, 0xE0,
  0x0F, 0xFF, 0xC1, 0xE0, 0x0F, 0xFF, 0xC1, 0xE0, 0x0F, 0xFF, 0xC1, 0xE0, 0x00, 0x03, 0xC1, 0xE0,
  0x00, 0x03, 0xC1, 0xE0, 0x00, 0x07, 0xC1, 0xE0, 0x00, 0x07, 0xC1, 0xE0, 0x00, 0x07, 0x81, 0xE0,
  0x00, 0x07, 0x81, 0xE0, 0x00, 0x0F, 0x81, 0xE0, 0x00, 0x0F, 0x01, 0xE0, 0x00, 0x1F, 0x01, 0xE0,
  0x00, 0x3E, 0x01, 0xE0, 0x00, 0x7E, 0x01, 0xE0, 0x00, 0xFC, 0x01, 0xE0, 0x01, 0xF8, 0x01, 0xE0,
  0x03, 0xF0, 0x01, 0xE0, 0x0F, 0xE0, 0x01, 0xE0, 0x3F, 0xC0, 0x01, 0xE0, 0x1F, 0x80, 0x01, 0xE0,
  0x1E, 0x00, 0x01, 0xE0, 0x08, 0x00, 0x01, 0xE0, 0x00, 0x00, 0x01, 0xE0, 0x00, 0x00, 0x01, 0xE0,
  0x00, 0x00, 0x01, 0xE0, 0x00, 0x00, 0x01, 0xE0, 0x00, 0x00, 0x01, 0xE0, 0x00, 0x00, 0x00, 0x00,
  0x00, 0x00, 0x00, 0x00, 0x00, 0x00, 0x01, 0xE0, 0x0F, 0xFF, 0xC1, 0xE0, 0x0F, 0xFF, 0xC1, 0xE0,
  0x0F, 0xFF, 0xC1, 0xE0, 0x00, 0x07, 0x81, 0xE0, 0x00, 0x07, 0x81, 0xE0, 0x00, 0x0F, 0x81, 0xE0,
  0x00, 0x0F, 0x01, 0xE0, 0x00, 0x1F, 0x01, 0xE0, 0x00, 0x7E, 0x01, 0xE0, 0x00, 0xFC, 0x01, 0xE0,
  0x07, 0xF8, 0x01, 0xE0, 0x1F, 0xF0, 0x01, 0xE0, 0x1F, 0xC0, 0x01, 0xE0, 0x1F, 0x00, 0x01, 0xE0,
  0x08, 0x00, 0x00, 0x00, 0x01, 0xFF, 0xFF, 0xE0, 0x01, 0xFF, 0xFF, 0xE0, 0x01, 0xFF, 0xFF, 0xE0,
  0x00, 0x00, 0x01, 0xE0, 0x00, 0x00, 0x01, 0xE0, 0x01, 0xFF, 0xFF, 0xE0, 0x01, 0xFF, 0xFF, 0xE0,
  0x01, 0xFF, 0xFF, 0xE0, 0x01, 0xE0, 0x00, 0x00, 0x01, 0xE0, 0x00, 0x00, 0x01, 0xE0, 0x00, 0x00,
  0x01, 0xFF, 0xFF, 0xF0, 0x01, 0xFF, 0xFF, 0xF0, 0x01, 0xFF, 0xFF, 0xF0, 0x00, 0x00, 0x00, 0x00,
  0x00, 0x00, 0x00, 0x00, 0x00, 0x00, 0x03, 0xC0, 0x00, 0x00, 0x03, 0xC0, 0x00, 0x00, 0x03, 0xC0,
  0x1F, 0xEF, 0xE3, 0xC0, 0x1F, 0xEF, 0xE3, 0xC0, 0x1F, 0xEF, 0xE3, 0xC0, 0x01, 0xE1, 0xE3, 0xC0,
  0x01, 0xE1, 0xE3, 0xC0, 0x01, 0xE1, 0xE3, 0xC0, 0x01, 0xE1, 0xE3, 0xC0, 0x01, 0xE1, 0xE3, 0xC0,
  0x01, 0xE1, 0xE3, 0xC0, 0x03, 0xE1, 0xE3, 0xFC, 0x03, 0xC3, 0xC3, 0xFC, 0x03, 0xC3, 0xC3, 0xFC,
  0x07, 0xC3, 0xC3, 0xC0, 0x07, 0x83, 0xC3, 0xC0, 0x0F, 0x87, 0x83, 0xC0, 0x0F, 0x87, 0x83, 0xC0,
  0x1F, 0x0F, 0x83, 0xC0, 0x3E, 0x0F, 0x03, 0xC0, 0x3E, 0x1F, 0x03, 0xC0, 0x1C, 0x1E, 0x03, 0xC0,
  0x08, 0x3E, 0x03, 0xC0, 0x00, 0x1C, 0x03, 0xC0, 0x00, 0x00, 0x03, 0xC0, 0x00, 0x00, 0x03, 0xC0,
  0x00, 0x00, 0x03, 0xC0, 0x00, 0x00, 0x03, 0xC0, 0x00, 0x00, 0x03, 0xC0, 0x00, 0x00, 0x00, 0x00,
  0x00, 0x00, 0x00, 0x00, 0x00, 0x00, 0x07, 0x80, 0x00, 0x00, 0x07, 0x80, 0x00, 0x00, 0x07, 0x80,
  0x1F, 0xFF, 0xE7, 0x80, 0x1F, 0xFF, 0xE7, 0x80, 0x1F, 0xFF, 0xE7, 0x80, 0x01, 0xE1, 0xE7, 0x80,
  0x01, 0xE1, 0xE7, 0x80, 0x01, 0xC1, 0xE7, 0x80, 0x03, 0xC3, 0xC7, 0xF8, 0x03, 0xC3, 0xC7, 0xF8,
  0x07, 0x83, 0xC7, 0xF8, 0x0F, 0x87, 0x87, 0x80, 0x1F, 0x0F, 0x87, 0x80, 0x3F, 0x0F, 0x07, 0x80,
  0x3E, 0x1F, 0x07, 0x80, 0x1C, 0x3E, 0x07, 0x80, 0x00, 0x1C, 0x07, 0x80, 0x00, 0x08, 0x07, 0x80,
  0x01, 0xC0, 0x07, 0x80, 0x03, 0xC0, 0x07, 0x80, 0x03, 0xC0, 0x07, 0x80, 0x03, 0xC0, 0x00, 0x00,
  0x03, 0xC0, 0x00, 0x00, 0x03, 0xC0, 0x00, 0x00, 0x03, 0xC0, 0x00, 0x00, 0x03, 0xFF, 0xFF, 0xC0,
  0x03, 0xFF, 0xFF, 0xC0, 0x03, 0xFF, 0xFF, 0xC0, 0x03, 0xFF, 0xFF, 0xC0, 0x00, 0x00, 0x00, 0x00,
  0x00, 0x00, 0x00, 0x00, 0x00, 0x00, 0x07, 0x80, 0x00, 0x00, 0x07, 0x80, 0x1F, 0xFF, 0xE7, 0x80,
  0x1F, 0xFF, 0xE7, 0x80, 0x1F, 0xFF, 0xE7, 0x80, 0x01, 0xE1, 0xE7, 0x80, 0x01, 0xE1, 0xE7, 0x80,
  0x01, 0xC3, 0xC7, 0xF8, 0x03, 0xC3, 0xC7, 0xF8, 0x03, 0xC3, 0xC7, 0xF8, 0x07, 0x87, 0xC7, 0x80,
  0x0F, 0x87, 0x87, 0x80, 0x1F, 0x0F, 0x87, 0x80, 0x3E, 0x1F, 0x07, 0x80, 0x1C, 0x3E, 0x07, 0x80,
  0x08, 0x1C, 0x07, 0x80, 0x00, 0x0C, 0x07, 0x80, 0x00, 0x00, 0x00, 0x00, 0x03, 0xC0, 0x07, 0x80,
  0x03, 0xC0, 0x07, 0x80, 0x03, 0xC0, 0x07, 0x80, 0x03, 0xFF, 0xFF, 0x80, 0x03, 0xFF, 0xFF, 0x80,
  0x03, 0xFF, 0xFF, 0x80, 0x03, 0xC0, 0x07, 0x80, 0x03, 0xC0, 0x07, 0x80, 0x03, 0xC0, 0x07, 0x80,
  0x03, 0xFF, 0xFF, 0x80, 0x03, 0xFF, 0xFF, 0x80, 0x03, 0xFF, 0xFF, 0x80, 0x00, 0x00, 0x00, 0x00,
  0x00, 0x00, 0x00, 0x00, 0x00, 0x00, 0x00, 0xF0, 0x00, 0x00, 0x38, 0xF0, 0x00, 0x00, 0x78, 0xF0,
  0x00, 0x00, 0x78, 0xF0, 0x3F, 0xBF, 0x78, 0xF0, 0x3F, 0xBF, 0x78, 0xF0, 0x3F, 0xBF, 0x78, 0xF0,
  0x03, 0x87, 0x78, 0xF0, 0x03, 0x87, 0x78, 0xF0, 0x03, 0x87, 0x78, 0xF0, 0x07, 0x87, 0x78, 0xF0,
  0x07, 0x8F, 0x78, 0xF0, 0x07, 0x8F, 0x7F, 0xF0, 0x07, 0x8F, 0x7F, 0xF0, 0x07, 0x0F, 0x7F, 0xF0,
  0x0F, 0x0F, 0x78, 0xF0, 0x0F, 0x1E, 0x78, 0xF0, 0x0F, 0x1E, 0x78, 0xF0, 0x1E, 0x1E, 0x78, 0xF0,
  0x1E, 0x3C, 0x78, 0xF0, 0x3C, 0x3C, 0x78, 0xF0, 0x3C, 0x7C, 0x78, 0xF0, 0x18, 0x78, 0x78, 0xF0,
  0x00, 0x78, 0x78, 0xF0, 0x00, 0x10, 0x78, 0xF0, 0x00, 0x00, 0x78, 0xF0, 0x00, 0x00, 0x78, 0xF0,
  0x00, 0x00, 0x78, 0xF0, 0x00, 0x00, 0x38, 0xF0, 0x00, 0x00, 0x00, 0xF0, 0x00, 0x00, 0x00, 0x00,
  0x00, 0x00, 0x00, 0x00, 0x00, 0x00, 0x01, 0xE0, 0x00, 0x00, 0x01, 0xE0, 0x00, 0x00, 0x01, 0xE0,
  0x1F, 0xEF, 0xE1, 0xE0, 0x1F, 0xEF, 0xE1, 0xE0, 0x1F, 0xEF, 0xE1, 0xE0, 0x01, 0xE1, 0xE1, 0xE0,
  0x01, 0xE1, 0xE1, 0xE0, 0x01, 0xE1, 0xE1, 0xE0, 0x01, 0xE1, 0xE1, 0xE0, 0x01, 0xE1, 0xE1, 0xE0,
  0x01, 0xE1, 0xFF, 0xE0, 0x03, 0xC1, 0xFF, 0xE0, 0x03, 0xC3, 0xFF, 0xE0, 0x03, 0xC3, 0xC1, 0xE0,
  0x07, 0xC3, 0xC1, 0xE0, 0x07, 0x83, 0xC1, 0xE0, 0x0F, 0x87, 0x81, 0xE0, 0x0F, 0x07, 0x81, 0xE0,
  0x1F, 0x0F, 0x81, 0xE0, 0x3E, 0x0F, 0x01, 0xE0, 0x3E, 0x1F, 0x01, 0xE0, 0x1C, 0x3E, 0x01, 0xE0,
  0x00, 0x3E, 0x01, 0xE0, 0x00, 0x1C, 0x01, 0xE0, 0x00, 0x00, 0x01, 0xE0, 0x00, 0x00, 0x01, 0xE0,
  0x00, 0x00, 0x01, 0xE0, 0x00, 0x00, 0x01, 0xE0, 0x00, 0x00, 0x01, 0xE0, 0x00, 0x00, 0x00, 0x00,
  0x00, 0x00, 0x00, 0x00, 0x00, 0x00, 0x00, 0xE0, 0x00, 0x00, 0x3C, 0xF0, 0x00, 0x00, 0x3C, 0xF0,
  0x00, 0x00, 0x3C, 0xF0, 0x1F, 0xFF, 0x3C, 0xF0, 0x1F, 0xFF, 0x3C, 0xF0, 0x1F, 0xBF, 0x3C, 0xF0,
  0x03, 0x87, 0x3C, 0xF0, 0x03, 0x87, 0x3C, 0xF0, 0x03, 0x87, 0x3C, 0xF0, 0x03, 0x8F, 0x3C, 0xF0,
  0x03, 0x8F, 0x3C, 0xF0, 0x07, 0x8F, 0xFC, 0xF0, 0x07, 0x8F, 0xFC, 0xF0, 0x07, 0x8F, 0xFC, 0xF0,
  0x07, 0x0E, 0x3C, 0xF0, 0x0F, 0x0E, 0x3C, 0xF0, 0x0F, 0x1E, 0x3C, 0xF0, 0x0F, 0x1E, 0x3C, 0xF0,
  0x1E, 0x3C, 0x3C, 0xF0, 0x1E, 0x3C, 0x3C, 0xF0, 0x3C, 0x3C, 0x3C, 0xF0, 0x3C, 0x78, 0x3C, 0xF0,
  0x08, 0xF8, 0x3C, 0xF0, 0x00, 0x30, 0x3C, 0xF0, 0x00, 0x00, 0x3C, 0xF0, 0x00, 0x00, 0x3C, 0xF0,
  0x00, 0x00, 0x3C, 0xF0, 0x00, 0x00, 0x3C, 0xF0, 0x00, 0x00, 0x00, 0xF0, 0x00, 0x00, 0x00, 0x00,
  0x00, 0x00, 0x00, 0x00, 0x00, 0x00, 0x00, 0x00, 0x00, 0x00, 0x00, 0x00, 0x00, 0x00, 0x00, 0x00,
  0x0F, 0xFC, 0xFF, 0xE0, 0x0F, 0xFC, 0xFF, 0xE0, 0x0F, 0xFC, 0xFF, 0xE0, 0x00, 0x3C, 0x03, 0xE0,
  0x00, 0x3C, 0x03, 0xE0, 0x00, 0x3C, 0x03, 0xE0, 0x00, 0x3C, 0x03, 0xE0, 0x00, 0x3C, 0x03, 0xE0,
  0x00, 0x7C, 0x03, 0xE0, 0x00, 0x78, 0x03, 0xC0, 0x00, 0x7B, 0xC3, 0xC0, 0x00, 0x7B, 0xC3, 0xC0,
  0x00, 0xFB, 0xC3, 0xC0, 0x00, 0xFB, 0xC3, 0xC0, 0x00, 0xF3, 0xC3, 0xC0, 0x00, 0x03, 0xC0, 0x00,
  0x00, 0x03, 0xC0, 0x00, 0x00, 0x03, 0xC0, 0x00, 0x00, 0x03, 0xC0, 0x00, 0x1F, 0xFF, 0xFF, 0xF8,
  0x3F, 0xFF, 0xFF, 0xF8, 0x3F, 0xFF, 0xFF, 0xF8, 0x1F, 0xFF, 0xFF, 0xF8, 0x00, 0x00, 0x00, 0x00,
  0x00, 0x00, 0x00, 0x00, 0x00, 0x00, 0x00, 0x00, 0x00, 0x00, 0x00, 0x00, 0x00, 0x00, 0x00, 0x00,
  0x00, 0x00, 0x00, 0x00, 0x0F, 0xFD, 0xFF, 0xC0, 0x0F, 0xFD, 0xFF, 0xC0, 0x0F, 0xFD, 0xFF, 0xC0,
  0x00, 0x3C, 0x03, 0xC0, 0x00, 0x3C, 0x03, 0xC0, 0x00, 0x7C, 0x03, 0xC0, 0x00, 0x79, 0xC3, 0xC0,
  0x00, 0x7B, 0xE3, 0xC0, 0x00, 0x7B, 0xE7, 0xC0, 0x00, 0x33, 0xE3, 0x80, 0x00, 0x03, 0xE0, 0x00,
  0x3F, 0xFF, 0xFF, 0xF8, 0x3F, 0xFF, 0xFF, 0xF8, 0x3F, 0xFF, 0xFF, 0xF8, 0x00, 0x00, 0x00, 0x00,
  0x00, 0x03, 0xC0, 0x00, 0x00, 0x03, 0xC0, 0x00, 0x00, 0x03, 0xC0, 0x00, 0x03, 0xFF, 0xFF, 0xC0,
  0x03, 0xFF, 0xFF, 0xC0, 0x03, 0xFF, 0xFF, 0xC0, 0x00, 0x03, 0xC0, 0x00, 0x00, 0x07, 0xE0, 0x00,
  0x00, 0x0F, 0xF0, 0x00, 0x00, 0x3F, 0xFC, 0x00, 0x03, 0xFE, 0x7F, 0x80, 0x07, 0xF8, 0x3F, 0xE0,
  0x07, 0xF0, 0x0F, 0xC0, 0x03, 0x80, 0x01, 0xC0, 0x00, 0x00, 0x00, 0x00, 0x00, 0x00, 0x00, 0x00,
  0x00, 0x00, 0x00, 0x00, 0x00, 0x00, 0x00, 0x00, 0x0F, 0xFC, 0xFF, 0xC0, 0x0F, 0xFC, 0xFF, 0xC0,
  0x0F, 0xFC, 0xFF, 0xC0, 0x00, 0x3C, 0x03, 0xC0, 0x00, 0x3C, 0x03, 0xC0, 0x00, 0x3C, 0x03, 0xC0,
  0x00, 0x3C, 0x03, 0xC0, 0x00, 0x7C, 0x03, 0xC0, 0x00, 0x78, 0x03, 0xC0, 0x00, 0x78, 0x07, 0xC0,
  0x00, 0x78, 0x07, 0x80, 0x3F, 0xFF, 0xFF, 0xF8, 0x3F, 0xFF, 0xFF, 0xF8, 0x3F, 0xFF, 0xFF, 0xF8,
  0x3F, 0xFF, 0xFF, 0xF8, 0x00, 0x07, 0x80, 0x00, 0x00, 0x07, 0x80, 0x00, 0x00, 0x07, 0x80, 0x00,
  0x00, 0x07, 0x80, 0x00, 0x00, 0x07, 0x80, 0x00, 0x00, 0x07, 0x80, 0x00, 0x00, 0x07, 0x80, 0x00,
  0x00, 0x07, 0x80, 0x00, 0x00, 0x07, 0x80, 0x00, 0x00, 0x07, 0x80, 0x00, 0x00, 0x07, 0x80, 0x00,
  0x00, 0x07, 0x80, 0x00, 0x00, 0x07, 0x80, 0x00, 0x00, 0x00, 0x00, 0x00, 0x00, 0x00, 0x00, 0x00,
  0x00, 0x00, 0x00, 0x00, 0x0F, 0xFD, 0xFF, 0xC0, 0x0F, 0xFD, 0xFF, 0xC0, 0x0F, 0xFD, 0xFF, 0xC0,
  0x00, 0x3C, 0x03, 0xC0, 0x00, 0x3C, 0x03, 0xC0, 0x00, 0x3C, 0x03, 0xC0, 0x00, 0x3C, 0x03, 0xC0,
  0x00, 0x7C, 0x03, 0xC0, 0x00, 0x78, 0x07, 0xC0, 0x00, 0x78, 0x07, 0xC0, 0x3F, 0xFF, 0xFF, 0xF8,
  0x3F, 0xFF, 0xFF, 0xF8, 0x3F, 0xFF, 0xFF, 0xF8, 0x00, 0x07, 0x80, 0x00, 0x00, 0x07, 0x80, 0x00,
  0x07, 0xFF, 0xFF, 0xC0, 0x07, 0xFF, 0xFF, 0xC0, 0x07, 0xFF, 0xFF, 0xC0, 0x00, 0x00, 0x03, 0xC0,
  0x00, 0x00, 0x03, 0xC0, 0x07, 0xFF, 0xFF, 0xC0, 0x07, 0xFF, 0xFF, 0xC0, 0x07, 0xFF, 0xFF, 0xC0,
  0x07, 0x80, 0x00, 0x00, 0x07, 0x80, 0x00, 0x00, 0x07, 0xFF, 0xFF, 0xC0, 0x07, 0xFF, 0xFF, 0xE0,
  0x07, 0xFF, 0xFF, 0xE0, 0x07, 0xFF, 0xFF, 0xE0, 0x00, 0x00, 0x00, 0x00, 0x00, 0x00, 0x00, 0x00,
  0x00, 0x00, 0x00, 0x00, 0x00, 0x00, 0x00, 0x00, 0x00, 0x00, 0x00, 0x00, 0x00, 0x00, 0x00, 0x00,
  0x0F, 0xFC, 0xFF, 0xC0, 0x0F, 0xFC, 0xFF, 0xC0, 0x0F, 0xFC, 0xFF, 0xC0, 0x00, 0x3C, 0x03, 0xC0,
  0x00, 0x3C, 0x03, 0xC0, 0x00, 0x3C, 0x03, 0xC0, 0x00, 0x3C, 0x03, 0xC0, 0x00, 0x3C, 0x03, 0xC0,
  0x00, 0x3C, 0x03, 0xC0, 0x00, 0x3C, 0x03, 0xC0, 0x00, 0x7C, 0x03, 0xC0, 0x00, 0x7C, 0x03, 0xC0,
  0x00, 0x78, 0x03, 0xC0, 0x00, 0x78, 0x03, 0xC0, 0x00, 0x78, 0x07, 0xC0, 0x00, 0xF8, 0x07, 0x80,
  0x00, 0xF0, 0x07, 0x80, 0x00, 0x00, 0x00, 0x00, 0x00, 0x00, 0x00, 0x00, 0x00, 0x00, 0x00, 0x00,
  0x3F, 0xFF, 0xFF, 0xF8, 0x3F, 0xFF, 0xFF, 0xF8, 0x3F, 0xFF, 0xFF, 0xF8, 0x00, 0x00, 0x00, 0x00,
  0x00, 0x00, 0x00, 0x00, 0x00, 0x00, 0x00, 0x00, 0x00, 0x00, 0x00, 0x00, 0x00, 0x00, 0x00, 0x00,
  0x00, 0x00, 0x00, 0x00, 0x07, 0xFE, 0xFF, 0xC0, 0x07, 0xFE, 0xFF, 0xC0, 0x07, 0xFE, 0xFF, 0xC0,
  0x00, 0x1E, 0x03, 0xC0, 0x00, 0x1E, 0x03, 0xC0, 0x00, 0x1E, 0x03, 0xC0, 0x00, 0x3E, 0x03, 0xC0,
  0x00, 0x3C, 0x03, 0xC0, 0x00, 0x3C, 0x03, 0xC0, 0x00, 0x3C, 0x07, 0xC0, 0x00, 0x3C, 0x07, 0x80,
  0x3F, 0xFF, 0xFF, 0xF8, 0x3F, 0xFF, 0xFF, 0xF8, 0x3F, 0xFF, 0xFF, 0xF8, 0x00, 0x00, 0x00, 0x00,
  0x00, 0x00, 0x1E, 0x00, 0x00, 0x00, 0x1E, 0x00, 0x07, 0x83, 0xFF, 0xF0, 0x07, 0x83, 0xFF, 0xF0,
  0x07, 0x83, 0xFF, 0xF0, 0x07, 0x80, 0x00, 0x00, 0x07, 0x80, 0x3F, 0x00, 0x07, 0x80, 0xFF, 0x80,
  0x07, 0x80, 0xFF, 0xC0, 0x07, 0x9F, 0xE1, 0xC0, 0x07, 0xFF, 0xE1, 0xC0, 0x07, 0xFE, 0xFF, 0xC0,
  0x07, 0xFC, 0xFF, 0x80, 0x00, 0x00, 0x3F, 0x00, 0x00, 0x00, 0x00, 0x00, 0x00, 0x00, 0x00, 0x00,
  0x00, 0x00, 0x00, 0x00, 0x07, 0xFE, 0xFF, 0xC0, 0x07, 0xFE, 0xFF, 0xC0, 0x07, 0xFE, 0xFF, 0xC0,
  0x00, 0x1E, 0x03, 0xC0, 0x00, 0x1E, 0x03, 0xC0, 0x00, 0x3E, 0x03, 0xC0, 0x00, 0x3E, 0x03, 0xC0,
  0x00, 0x3C, 0x03, 0xC0, 0x00, 0x3C, 0x03, 0xC0, 0x00, 0x3C, 0x07, 0xC0, 0x00, 0x3C, 0x07, 0x80,
  0x3F, 0xFF, 0xFF, 0xF8, 0x3F, 0xFF, 0xFF, 0xF8, 0x3F, 0xFF, 0xFF, 0xF8, 0x00, 0x00, 0x00, 0x00,
  0x00, 0x00, 0x00, 0x00, 0x00, 0x00, 0x00, 0x00, 0x07, 0xFF, 0xFF, 0xC0, 0x07, 0xFF, 0xFF, 0xC0,
  0x07, 0xFF, 0xFF, 0xC0, 0x07, 0xC0, 0x03, 0xC0, 0x07, 0xC0, 0x03, 0xC0, 0x07, 0xC0, 0x03, 0xC0,
  0x07, 0xC0, 0x03, 0xC0, 0x07, 0xC0, 0x03, 0xC0, 0x07, 0xC0, 0x03, 0xC0, 0x07, 0xFF, 0xFF, 0xC0,
  0x07, 0xFF, 0xFF, 0xC0, 0x07, 0xFF, 0xFF, 0xC0, 0x00, 0x00, 0x00, 0x00, 0x00, 0x00, 0x00, 0x00,
  0x00, 0x00, 0x00, 0x00, 0x00, 0x00, 0x00, 0x00, 0x07, 0xFE, 0xFF, 0xC0, 0x07, 0xFE, 0xFF, 0xC0,
  0x07, 0xFE, 0xFF, 0xC0, 0x00, 0x1E, 0x03, 0xC0, 0x00, 0x3E, 0x03, 0xC0, 0x00, 0x3E, 0x03, 0xC0,
  0x00, 0x3C, 0x03, 0xC0, 0x00, 0x3C, 0x03, 0xC0, 0x00, 0x3C, 0x07, 0xC0, 0x00, 0x3C, 0x07, 0x80,
  0x00, 0x7C, 0x07, 0x80, 0x3F, 0xFF, 0xFF, 0xF8, 0x3F, 0xFF, 0xFF, 0xF8, 0x3F, 0xFF, 0xFF, 0xF8,
  0x00, 0x00, 0x00, 0x00, 0x00, 0x00, 0x00, 0x00, 0x00, 0x03, 0x80, 0x00, 0x00, 0x03, 0xC0, 0x00,
  0x00, 0x07, 0xC0, 0x00, 0x00, 0x07, 0xC0, 0x00, 0x00, 0x07, 0xE0, 0x00, 0x00, 0x0F, 0xF0, 0x00,
  0x00, 0x1F, 0xF8, 0x00, 0x00, 0x7E, 0xFE, 0x00, 0x07, 0xFC, 0x7F, 0xC0, 0x0F, 0xF8, 0x1F, 0xE0,
  0x07, 0xE0, 0x0F, 0xE0, 0x07, 0x00, 0x01, 0xC0, 0x00, 0x00, 0x00, 0x00, 0x00, 0x00, 0x00, 0x00,
  0x00, 0x00, 0x00, 0x00, 0x00, 0x00, 0x07, 0x80, 0x00, 0x00, 0x07, 0x80, 0x00, 0x00, 0x07, 0x80,
  0x1E, 0x00, 0x07, 0x80, 0x1E, 0x00, 0x07, 0x80, 0x1E, 0x00, 0x07, 0x80, 0x1E, 0x00, 0x07, 0x80,
  0x1E, 0x00, 0x07, 0x80, 0x1E, 0x00, 0x07, 0x80, 0x1E, 0x00, 0x07, 0x80, 0x1E, 0x00, 0x07, 0x80,
  0x1E, 0x00, 0x07, 0x80, 0x1E, 0x00, 0x07, 0xF8, 0x1E, 0x00, 0x07, 0xF8, 0x1E, 0x00, 0x07, 0xF8,
  0x1E, 0x00, 0x07, 0x80, 0x1E, 0x00, 0x07, 0x80, 0x1E, 0x00, 0x07, 0x80, 0x1E, 0x07, 0xE7, 0x80,
  0x1F, 0xFF, 0xF7, 0x80, 0x1F, 0xFF, 0xF7, 0x80, 0x1F, 0xFF, 0x87, 0x80, 0x00, 0x00, 0x07, 0x80,
  0x00, 0x00, 0x07, 0x80, 0x00, 0x00, 0x07, 0x80, 0x00, 0x00, 0x07, 0x80, 0x00, 0x00, 0x07, 0x80,
  0x00, 0x00, 0x07, 0x80, 0x00, 0x00, 0x07, 0x80, 0x00, 0x00, 0x07, 0x80, 0x00, 0x00, 0x00, 0x00,
  0x00, 0x00, 0x00, 0x00, 0x00, 0x00, 0x03, 0xC0, 0x00, 0x00, 0x03, 0xC0, 0x0E, 0x00, 0x03, 0xC0,
  0x0F, 0x00, 0x03, 0xC0, 0x0F, 0x00, 0x03, 0xC0, 0x0F, 0x00, 0x03, 0xC0, 0x0F, 0x00, 0x03, 0xC0,
  0x0F, 0x00, 0x03, 0xC0, 0x0F, 0x00, 0x03, 0xC0, 0x0F, 0x00, 0x03, 0xFC, 0x0F, 0x00, 0x03, 0xFC,
  0x0F, 0x00, 0x03, 0xFC, 0x0F, 0x00, 0x33, 0xC0, 0x0F, 0x3F, 0xF3, 0xC0, 0x0F, 0xFF, 0xF3, 0xC0,
  0x0F, 0xFF, 0xF3, 0xC0, 0x0F, 0xFF, 0x03, 0xC0, 0x00, 0x00, 0x03, 0xC0, 0x00, 0x00, 0x03, 0xC0,
  0x01, 0xE0, 0x03, 0xC0, 0x01, 0xE0, 0x03, 0xC0, 0x01, 0xE0, 0x03, 0xC0, 0x01, 0xE0, 0x00, 0x00,
  0x01, 0xE0, 0x00, 0x00, 0x01, 0xE0, 0x00, 0x00, 0x01, 0xE0, 0x00, 0x00, 0x01, 0xFF, 0xFF, 0xE0,
  0x01, 0xFF, 0xFF, 0xE0, 0x01, 0xFF, 0xFF, 0xE0, 0x01, 0xFF, 0xFF, 0xE0, 0x00, 0x00, 0x00, 0x00,
  0x00, 0x00, 0x00, 0x00, 0x00, 0x00, 0x03, 0xC0, 0x0F, 0x00, 0x03, 0xC0, 0x0F, 0x00, 0x03, 0xC0,
  0x0F, 0x00, 0x03, 0xC0, 0x0F, 0x00, 0x03, 0xC0, 0x0F, 0x00, 0x03, 0xC0, 0x0F, 0x00, 0x03, 0xFC,
  0x0F, 0x00, 0x03, 0xFC, 0x0F, 0x00, 0x03, 0xFC, 0x0F, 0x00, 0x03, 0xC0, 0x0F, 0x1F, 0xF3, 0xC0,
  0x0F, 0xFF, 0xF3, 0xC0, 0x0F, 0xFF, 0xF3, 0xC0, 0x0F, 0xFF, 0x83, 0xC0, 0x00, 0x00, 0x03, 0xC0,
  0x00, 0x00, 0x00, 0x00, 0x03, 0xFF, 0xFF, 0xC0, 0x03, 0xFF, 0xFF, 0xC0, 0x03, 0xFF, 0xFF, 0xC0,
  0x00, 0x00, 0x03, 0xC0, 0x00, 0x00, 0x03, 0xC0, 0x03, 0xFF, 0xFF, 0xC0, 0x03, 0xFF, 0xFF, 0xC0,
  0x03, 0xFF, 0xFF, 0xC0, 0x03, 0xE0, 0x00, 0x00, 0x03, 0xE0, 0x00, 0x00, 0x03, 0xFF, 0xFF, 0xE0,
  0x03, 0xFF, 0xFF, 0xE0, 0x03, 0xFF, 0xFF, 0xE0, 0x03, 0xFF, 0xFF, 0xE0, 0x00, 0x00, 0x00, 0x00,
  0x00, 0x00, 0x00, 0x00, 0x00, 0x00, 0x03, 0xC0, 0x0F, 0x00, 0x03, 0xC0, 0x0F, 0x00, 0x03, 0xC0,
  0x0F, 0x00, 0x03, 0xC0, 0x0F, 0x00, 0x03, 0xC0, 0x0F, 0x00, 0x03, 0xC0, 0x0F, 0x00, 0x03, 0xC0,
  0x0F, 0x00, 0x03, 0xFC, 0x0F, 0x00, 0x03, 0xFC, 0x0F, 0x00, 0x03, 0xFC, 0x0F, 0x00, 0x03, 0xC0,
  0x0F, 0x07, 0xF3, 0xC0, 0x0F, 0xFF, 0xF3, 0xC0, 0x0F, 0xFF, 0xF3, 0xC0, 0x0F, 0xFF, 0xC3, 0xC0,
  0x00, 0x00, 0x03, 0xC0, 0x00, 0x00, 0x03, 0xC0, 0x00, 0x00, 0x00, 0x00, 0x01, 0xFF, 0xFF, 0xC0,
  0x01, 0xFF, 0xFF, 0xC0, 0x01, 0xFF, 0xFF, 0xC0, 0x01, 0xE0, 0x03, 0xC0, 0x01, 0xE0, 0x03, 0xC0,
  0x01, 0xE0, 0x03, 0xC0, 0x01, 0xE0, 0x03, 0xC0, 0x01, 0xE0, 0x03, 0xC0, 0x01, 0xE0, 0x03, 0xC0,
  0x01, 0xFF, 0xFF, 0xC0, 0x01, 0xFF, 0xFF, 0xC0, 0x01, 0xFF, 0xFF, 0xC0, 0x00, 0x00, 0x00, 0x00,
  0x00, 0x00, 0x00, 0x00, 0x00, 0x00, 0x03, 0xC0, 0x00, 0x00, 0x03, 0xC0, 0x0F, 0x00, 0x03, 0xC0,
  0x0F, 0x00, 0x03, 0xC0, 0x0F, 0x00, 0x03, 0xC0, 0x0F, 0x00, 0x03, 0xC0, 0x0F, 0x00, 0x03, 0xC0,
  0x0F, 0x00, 0x03, 0xFC, 0x0F, 0x00, 0x03, 0xFC, 0x0F, 0x00, 0x03, 0xFC, 0x0F, 0x00, 0x03, 0xC0,
  0x0F, 0x07, 0xF3, 0xC0, 0x0F, 0xFF, 0xF3, 0xC0, 0x0F, 0xFF, 0xF3, 0xC0, 0x0F, 0xFF, 0x83, 0xC0,
  0x00, 0x00, 0x03, 0xC0, 0x00, 0x00, 0x03, 0xC0, 0x00, 0x00, 0x00, 0x00, 0x00, 0x78, 0x0F, 0x00,
  0x00, 0x78, 0x0F, 0x00, 0x00, 0x78, 0x0F, 0x00, 0x00, 0x78, 0x0F, 0x00, 0x00, 0xFC, 0x1F, 0x80,
  0x00, 0xFC, 0x1F, 0x80, 0x01, 0xFE, 0x3F, 0xC0, 0x03, 0xFF, 0x7F, 0xE0, 0x0F, 0xCF, 0xF9, 0xF8,
  0x0F, 0x87, 0xF0, 0xF8, 0x07, 0x03, 0xE0, 0x78, 0x04, 0x01, 0xC0, 0x10, 0x00, 0x00, 0x00, 0x00,
  0x00, 0x00, 0x00, 0x00, 0x00, 0x00, 0x03, 0xC0, 0x00, 0x00, 0x03, 0xC0, 0x0F, 0x00, 0x03, 0xC0,
  0x0F, 0x00, 0x03, 0xC0, 0x0F, 0x00, 0x03, 0xC0, 0x0F, 0x00, 0x03, 0xC0, 0x0F, 0x00, 0x03, 0xC0,
  0x0F, 0x00, 0x03, 0xFC, 0x0F, 0x00, 0x03, 0xFC, 0x0F, 0x00, 0x03, 0xFC, 0x0F, 0x00, 0x03, 0xC0,
  0x0F, 0x07, 0xF3, 0xC0, 0x0F, 0xFF, 0xF3, 0xC0, 0x0F, 0xFF, 0xF3, 0xC0, 0x0F, 0xFF, 0xC3, 0xC0,
  0x00, 0x00, 0x03, 0xC0, 0x00, 0x00, 0x03, 0xC0, 0x00, 0x00, 0x00, 0x00, 0x03, 0xFF, 0xFF, 0xE0,
  0x03, 0xFF, 0xFF, 0xE0, 0x03, 0xFF, 0xFF, 0xE0, 0x00, 0x03, 0xE0, 0x00, 0x00, 0x07, 0xE0, 0x00,
  0x00, 0x07, 0xF0, 0x00, 0x00, 0x1F, 0xF8, 0x00, 0x00, 0x7F, 0x7E, 0x00, 0x03, 0xFE, 0x3F, 0xE0,
  0x07, 0xF8, 0x1F, 0xF0, 0x03, 0xF0, 0x07, 0xE0, 0x03, 0x00, 0x00, 0xC0, 0x00, 0x00, 0x00, 0x00,
  0x00, 0x00, 0x00, 0x00, 0x00, 0x00, 0x00, 0xF0, 0x00, 0x00, 0x78, 0xF0, 0x00, 0x00, 0x78, 0xF0,
  0x0E, 0x00, 0x78, 0xF0, 0x0F, 0x00, 0x78, 0xF0, 0x0F, 0x00, 0x78, 0xF0, 0x0F, 0x00, 0x78, 0xF0,
  0x0F, 0x00, 0x78, 0xF0, 0x0F, 0x00, 0x78, 0xF0, 0x0F, 0x00, 0x78, 0xF0, 0x0F, 0x00, 0x78, 0xF0,
  0x0F, 0x00, 0x78, 0xF0, 0x0F, 0x00, 0x7F, 0xF0, 0x0F, 0x00, 0x7F, 0xF0, 0x0F, 0x00, 0x7F, 0xF0,
  0x0F, 0x00, 0x78, 0xF0, 0x0F, 0x00, 0x78, 0xF0, 0x0F, 0x00, 0x78, 0xF0, 0x0F, 0x07, 0x78, 0xF0,
  0x0F, 0xFF, 0x78, 0xF0, 0x0F, 0xFF, 0x78, 0xF0, 0x0F, 0xFF, 0x78, 0xF0, 0x0F, 0xE0, 0x78, 0xF0,
  0x00, 0x00, 0x78, 0xF0, 0x00, 0x00, 0x78, 0xF0, 0x00, 0x00, 0x78, 0xF0, 0x00, 0x00, 0x78, 0xF0,
  0x00, 0x00, 0x78, 0xF0, 0x00, 0x00, 0x38, 0xF0, 0x00, 0x00, 0x00, 0xF0, 0x00, 0x00, 0x00, 0x00,
  0x00, 0x00, 0x00, 0x00, 0x00, 0x00, 0x38, 0xF0, 0x00, 0x00, 0x78, 0xF0, 0x0F, 0x00, 0x78, 0xF0,
  0x0F, 0x00, 0x78, 0xF0, 0x0F, 0x00, 0x78, 0xF0, 0x0F, 0x00, 0x78, 0xF0, 0x0F, 0x00, 0x78, 0xF0,
  0x0F, 0x00, 0x7F, 0xF0, 0x0F, 0x00, 0x7F, 0xF0, 0x0F, 0x00, 0x7F, 0xF0, 0x0F, 0x00, 0x78, 0xF0,
  0x0F, 0x07, 0x78, 0xF0, 0x0F, 0xFF, 0x78, 0xF0, 0x0F, 0xFF, 0x78, 0xF0, 0x0F, 0xFF, 0x78, 0xF0,
  0x00, 0x00, 0x78, 0xF0, 0x00, 0x00, 0x38, 0xF0, 0x00, 0x00, 0x00, 0x00, 0x00, 0xFF, 0xFF, 0xF0,
  0x00, 0xFF, 0xFF, 0xF0, 0x00, 0xFF, 0xFF, 0xF0, 0x00, 0xF0, 0x00, 0xF0, 0x00, 0xF0, 0x00, 0xF0,
  0x00, 0xF0, 0x00, 0xF0, 0x00, 0xF0, 0x00, 0xF0, 0x00, 0xF0, 0x00, 0xF0, 0x00, 0xF0, 0x00, 0xF0,
  0x00, 0xFF, 0xFF, 0xF0, 0x00, 0xFF, 0xFF, 0xF0, 0x00, 0xFF, 0xFF, 0xF0, 0x00, 0x00, 0x00, 0x00,
  0x00, 0x00, 0x00, 0x00, 0x00, 0x00, 0x00, 0xE0, 0x00, 0x00, 0x78, 0xF0, 0x00, 0x00, 0x78, 0xF0,
  0x0F, 0x00, 0x78, 0xF0, 0x0F, 0x00, 0x78, 0xF0, 0x0F, 0x00, 0x78, 0xF0, 0x0F, 0x00, 0x78, 0xF0,
  0x0F, 0x00, 0x78, 0xF0, 0x0F, 0x00, 0x7F, 0xF0, 0x0F, 0x00, 0x7F, 0xF0, 0x0F, 0x00, 0x7F, 0xF0,
  0x0F, 0x00, 0x78, 0xF0, 0x0F, 0x0F, 0x78, 0xF0, 0x0F, 0xFF, 0x78, 0xF0, 0x0F, 0xFF, 0x78, 0xF0,
  0x0F, 0xFF, 0x78, 0xF0, 0x00, 0x00, 0x78, 0xF0, 0x00, 0x00, 0x38, 0xF0, 0x00, 0x07, 0xFE, 0xE0,
  0x00, 0x3F, 0xFF, 0x80, 0x00, 0x7F, 0xFF, 0xC0, 0x00, 0xFE, 0x07, 0xE0, 0x00, 0xF0, 0x01, 0xF0,
  0x00, 0xF0, 0x00, 0xF0, 0x00, 0xF0, 0x00, 0xF0, 0x00, 0xF0, 0x01, 0xF0, 0x00, 0xFE, 0x07, 0xE0,
  0x00, 0x7F, 0xFF, 0xC0, 0x00, 0x3F, 0xFF, 0x80, 0x00, 0x07, 0xFE, 0x00, 0x00, 0x00, 0x00, 0x00,
  0x00, 0x00, 0x00, 0x00, 0x00, 0x00, 0x03, 0xC0, 0x0F, 0x00, 0x03, 0xC0, 0x0F, 0x00, 0x03, 0xC0,
  0x0F, 0x00, 0x03, 0xC0, 0x0F, 0x00, 0x03, 0xFC, 0x0F, 0x00, 0x03, 0xFC, 0x0F, 0x00, 0x03, 0xFC,
  0x0F, 0x00, 0x03, 0xC0, 0x0F, 0x00, 0x03, 0xC0, 0x0F, 0x00, 0x03, 0xC0, 0x0F, 0x00, 0x03, 0xFC,
  0x0F, 0x07, 0xF3, 0xFC, 0x0F, 0xFF, 0xF3, 0xFC, 0x0F, 0xFF, 0xF3, 0xC0, 0x0F, 0xFF, 0xC3, 0xC0,
  0x00, 0x00, 0x03, 0xC0, 0x00, 0x00, 0x03, 0xC0, 0x00, 0x00, 0x00, 0x00, 0x01, 0xFF, 0xFF, 0xC0,
  0x01, 0xFF, 0xFF, 0xC0, 0x01, 0xFF, 0xFF, 0xC0, 0x01, 0xE0, 0x03, 0xC0, 0x01, 0xE0, 0x03, 0xC0,
  0x01, 0xE0, 0x03, 0xC0, 0x01, 0xE0, 0x03, 0xC0, 0x01, 0xE0, 0x03, 0xC0, 0x01, 0xE0, 0x03, 0xC0,
  0x01, 0xFF, 0xFF, 0xC0, 0x01, 0xFF, 0xFF, 0xC0, 0x01, 0xFF, 0xFF, 0xC0, 0x00, 0x00, 0x00, 0x00,
  0x00, 0x00, 0x00, 0x00, 0x00, 0x00, 0x01, 0xE0, 0x00, 0x00, 0x01, 0xE0, 0x00, 0x00, 0x01, 0xE0,
  0x00, 0x00, 0x01, 0xE0, 0x0F, 0x00, 0x01, 0xE0, 0x0F, 0x00, 0x01, 0xE0, 0x0F, 0x00, 0x01, 0xE0,
  0x0F, 0x00, 0x01, 0xE0, 0x0F, 0x00, 0x01, 0xE0, 0x0F, 0x00, 0x01, 0xE0, 0x0F, 0x01, 0xFF, 0xE0,
  0x0F, 0x01, 0xFF, 0xE0, 0x0F, 0x01, 0xFF, 0xE0, 0x0F, 0x00, 0x01, 0xE0, 0x0F, 0x00, 0x01, 0xE0,
  0x0F, 0x00, 0x01, 0xE0, 0x0F, 0x00, 0x01, 0xE0, 0x0F, 0x00, 0x01, 0xE0, 0x0F, 0x00, 0x01, 0xE0,
  0x0F, 0x0F, 0xF1, 0xE0, 0x0F, 0xFF, 0xF1, 0xE0, 0x0F, 0xFF, 0xF1, 0xE0, 0x0F, 0xFF, 0x81, 0xE0,
  0x00, 0x00, 0x01, 0xE0, 0x00, 0x00, 0x01, 0xE0, 0x00, 0x00, 0x01, 0xE0, 0x00, 0x00, 0x01, 0xE0,
  0x00, 0x00, 0x01, 0xE0, 0x00, 0x00, 0x01, 0xE0, 0x00, 0x00, 0x01, 0xE0, 0x00, 0x00, 0x00, 0x00,
  0x00, 0x00, 0x00, 0x00, 0x00, 0x00, 0x01, 0xE0, 0x0F, 0x00, 0x01, 0xE0, 0x0F, 0x00, 0x01, 0xE0,
  0x0F, 0x00, 0x01, 0xE0, 0x0F, 0x00, 0x01, 0xE0, 0x0F, 0x01, 0xFF, 0xE0, 0x0F, 0x01, 0xFF, 0xE0,
  0x0F, 0x01, 0xFF, 0xE0, 0x0F, 0x00, 0x01, 0xE0, 0x0F, 0x00, 0x01, 0xE0, 0x0F, 0x01, 0xF1, 0xE0,
  0x0F, 0xFF, 0xF1, 0xE0, 0x0F, 0xFF, 0xF1, 0xE0, 0x0F, 0xFF, 0xC1, 0xE0, 0x00, 0x00, 0x01, 0xE0,
  0x00, 0x00, 0x01, 0xE0, 0x01, 0xFF, 0xFF, 0xE0, 0x01, 0xFF, 0xFF, 0xE0, 0x01, 0xFF, 0xFF, 0xE0,
  0x00, 0x00, 0x01, 0xE0, 0x00, 0x00, 0x01, 0xE0, 0x01, 0xFF, 0xFF, 0xE0, 0x01, 0xFF, 0xFF, 0xE0,
  0x01, 0xFF, 0xFF, 0xE0, 0x01, 0xF0, 0x00, 0x00, 0x01, 0xF0, 0x00, 0x00, 0x01, 0xFF, 0xFF, 0xF0,
  0x01, 0xFF, 0xFF, 0xF0, 0x01, 0xFF, 0xFF, 0xF0, 0x01, 0xFF, 0xFF, 0xF0, 0x00, 0x00, 0x00, 0x00,
  0x00, 0x00, 0x00, 0x00, 0x00, 0x00, 0x01, 0xE0, 0x0F, 0x00, 0x01, 0xE0, 0x0F, 0x00, 0x01, 0xE0,
  0x0F, 0x00, 0x01, 0xE0, 0x0F, 0x01, 0xFF, 0xE0, 0x0F, 0x01, 0xFF, 0xE0, 0x0F, 0x01, 0xFF, 0xE0,
  0x0F, 0x00, 0x01, 0xE0, 0x0F, 0x00, 0x01, 0xE0, 0x0F, 0x00, 0xF1, 0xE0, 0x0F, 0xFF, 0xF1, 0xE0,
  0x0F, 0xFF, 0xF1, 0xE0, 0x0F, 0xFF, 0xF1, 0xE0, 0x0F, 0xF8, 0x01, 0xE0, 0x00, 0x01, 0xE1, 0xE0,
  0x00, 0x01, 0xE1, 0xE0, 0x00, 0x01, 0xE0, 0x00, 0x03, 0xFF, 0xFF, 0xF0, 0x03, 0xFF, 0xFF, 0xF0,
  0x03, 0xFF, 0xFF, 0xF0, 0x00, 0x00, 0x00, 0x00, 0x00, 0x0F, 0xFC, 0x00, 0x00, 0x3F, 0xFF, 0x00,
  0x00, 0x7F, 0xFF, 0x80, 0x00, 0xF8, 0x0F, 0x80, 0x00, 0xF8, 0x07, 0x80, 0x00, 0xF8, 0x0F, 0x80,
  0x00, 0x7F, 0xFF, 0x80, 0x00, 0x3F, 0xFF, 0x00, 0x00, 0x0F, 0xFC, 0x00, 0x00, 0x00, 0x00, 0x00,
  0x00, 0x00, 0x00, 0x00, 0x00, 0x00, 0x00, 0xE0, 0x00, 0x00, 0x79, 0xE0, 0x00, 0x00, 0x79, 0xE0,
  0x1E, 0x00, 0x79, 0xE0, 0x1E, 0x00, 0x79, 0xE0, 0x1E, 0x00, 0x79, 0xE0, 0x1E, 0x00, 0x79, 0xE0,
  0x1E, 0x00, 0x79, 0xE0, 0x1E, 0x00, 0x79, 0xE0, 0x1E, 0x00, 0x79, 0xE0, 0x1E, 0x1F, 0xF9, 0xE0,
  0x1E, 0x1F, 0xF9, 0xE0, 0x1E, 0x1F, 0xF9, 0xE0, 0x1E, 0x00, 0x79, 0xE0, 0x1E, 0x00, 0x79, 0xE0,
  0x1E, 0x00, 0x79, 0xE0, 0x1E, 0x00, 0x79, 0xE0, 0x1E, 0x00, 0x79, 0xE0, 0x1E, 0x06, 0x79, 0xE0,
  0x1F, 0xFE, 0x79, 0xE0, 0x1F, 0xFF, 0x79, 0xE0, 0x1F, 0xFE, 0x79, 0xE0, 0x1F, 0x80, 0x79, 0xE0,
  0x00, 0x00, 0x79, 0xE0, 0x00, 0x00, 0x79, 0xE0, 0x00, 0x00, 0x79, 0xE0, 0x00, 0x00, 0x79, 0xE0,
  0x00, 0x00, 0x79, 0xE0, 0x00, 0x00, 0x79, 0xE0, 0x00, 0x00, 0x01, 0xE0, 0x00, 0x00, 0x00, 0x00,
  0x00, 0x00, 0x00, 0x00, 0x00, 0x00, 0x01, 0xE0, 0x00, 0x00, 0x01, 0xE0, 0x0F, 0x00, 0x01, 0xE0,
  0x0F, 0x00, 0xFF, 0xE0, 0x0F, 0x00, 0xFF, 0xE0, 0x0F, 0x00, 0xFF, 0xE0, 0x0F, 0x00, 0x01, 0xE0,
  0x0F, 0x00, 0x01, 0xE0, 0x0F, 0x00, 0x01, 0xE0, 0x0F, 0x00, 0xFF, 0xE0, 0x0F, 0x00, 0xFF, 0xE0,
  0x0F, 0x00, 0xFF, 0xE0, 0x0F, 0x00, 0x01, 0xE0, 0x0F, 0x03, 0xE1, 0xE0, 0x0F, 0xFF, 0xE1, 0xE0,
  0x0F, 0xFF, 0xE1, 0xE0, 0x0F, 0xFF, 0xE1, 0xE0, 0x00, 0x00, 0x01, 0xE0, 0x00, 0x00, 0x01, 0xC0,
  0x01, 0xFF, 0xFF, 0xE0, 0x01, 0xFF, 0xFF, 0xE0, 0x01, 0xFF, 0xFF, 0xE0, 0x00, 0x00, 0x01, 0xE0,
  0x00, 0x00, 0x01, 0xE0, 0x00, 0x00, 0x01, 0xE0, 0x00, 0x00, 0x01, 0xE0, 0x00, 0x00, 0x01, 0xE0,
  0x00, 0x00, 0x01, 0xE0, 0x00, 0x00, 0x01, 0xE0, 0x00, 0x00, 0x01, 0xE0, 0x00, 0x00, 0x00, 0x00,
  0x00, 0x00, 0x00, 0x00, 0x00, 0x00, 0x01, 0xE0, 0x0F, 0x00, 0x01, 0xE0, 0x0F, 0x00, 0x01, 0xE0,
  0x0F, 0x01, 0xFF, 0xE0, 0x0F, 0x01, 0xFF, 0xE0, 0x0F, 0x01, 0xFF, 0xE0, 0x0F, 0x00, 0x01, 0xE0,
  0x0F, 0x00, 0x01, 0xE0, 0x0F, 0x01, 0xFF, 0xE0, 0x0F, 0x01, 0xFF, 0xE0, 0x0F, 0x01, 0xFF, 0xE0,
  0x0F, 0x00, 0x01, 0xE0, 0x0F, 0x00, 0x41, 0xE0, 0x0F, 0xFF, 0xE1, 0xE0, 0x0F, 0xFF, 0xE1, 0xE0,
  0x0F, 0xFF, 0xE1, 0xE0, 0x0F, 0xF8, 0x01, 0xE0, 0x00, 0x00, 0x01, 0xE0, 0x00, 0x00, 0x00, 0x00,
  0x01, 0xFF, 0xFF, 0xE0, 0x01, 0xFF, 0xFF, 0xE0, 0x01, 0xFF, 0xFF, 0xE0, 0x01, 0xE0, 0x01, 0xE0,
  0x01, 0xE0, 0x01, 0xE0, 0x01, 0xE0, 0x01, 0xE0, 0x01, 0xE0, 0x01, 0xE0, 0x01, 0xE0, 0x01, 0xE0,
  0x01, 0xFF, 0xFF, 0xE0, 0x01, 0xFF, 0xFF, 0xE0, 0x01, 0xFF, 0xFF, 0xE0, 0x00, 0x00, 0x00, 0x00,
  0x00, 0x00, 0x00, 0x00, 0x00, 0x00, 0x00, 0x00, 0x00, 0x00, 0x00, 0x00, 0x07, 0x80, 0x00, 0x00,
  0x07, 0x80, 0x00, 0x00, 0x07, 0x80, 0x00, 0x00, 0x07, 0x80, 0x00, 0x00, 0x07, 0x80, 0x00, 0x00,
  0x07, 0x80, 0x00, 0x00, 0x07, 0x80, 0x00, 0x00, 0x07, 0x80, 0x00, 0x00, 0x07, 0x80, 0x00, 0x00,
  0x07, 0x80, 0x00, 0x00, 0x07, 0x80, 0x00, 0x00, 0x07, 0xFF, 0xFF, 0xC0, 0x07, 0xFF, 0xFF, 0xC0,
  0x07, 0xFF, 0xFF, 0xC0, 0x00, 0x07, 0x80, 0x00, 0x00, 0x07, 0x80, 0x00, 0x00, 0x07, 0x80, 0x00,
  0x00, 0x07, 0x80, 0x00, 0x00, 0x07, 0x80, 0x00, 0x00, 0x07, 0x80, 0x00, 0x00, 0x07, 0x80, 0x00,
  0x3F, 0xFF, 0xFF, 0xF8, 0x3F, 0xFF, 0xFF, 0xF8, 0x3F, 0xFF, 0xFF, 0xF8, 0x00, 0x00, 0x00, 0x00,
  0x00, 0x00, 0x00, 0x00, 0x00, 0x00, 0x00, 0x00, 0x00, 0x00, 0x00, 0x00, 0x00, 0x00, 0x00, 0x00,
  0x00, 0x00, 0x00, 0x00, 0x03, 0x80, 0x00, 0x00, 0x07, 0x80, 0x00, 0x00, 0x07, 0x80, 0x00, 0x00,
  0x07, 0x80, 0x00, 0x00, 0x07, 0x80, 0x00, 0x00, 0x07, 0x80, 0x00, 0x00, 0x07, 0xFF, 0xFF, 0xC0,
  0x07, 0xFF, 0xFF, 0xC0, 0x07, 0xFF, 0xFF, 0xC0, 0x00, 0x07, 0x80, 0x00, 0x00, 0x07, 0x80, 0x00,
  0x00, 0x07, 0x80, 0x00, 0x3F, 0xFF, 0xFF, 0xF8, 0x3F, 0xFF, 0xFF, 0xF8, 0x3F, 0xFF, 0xFF, 0xF8,
  0x00, 0x00, 0x00, 0x00, 0x00, 0x00, 0x00, 0x00, 0x07, 0xFF, 0xFF, 0xC0, 0x07, 0xFF, 0xFF, 0xC0,
  0x07, 0xFF, 0xFF, 0xC0, 0x00, 0x00, 0x03, 0xC0, 0x07, 0xFF, 0xFF, 0xC0, 0x07, 0xFF, 0xFF, 0xC0,
  0x07, 0xFF, 0xFF, 0xC0, 0x07, 0x80, 0x00, 0x00, 0x07, 0x80, 0x00, 0x00, 0x07, 0xFF, 0xFF, 0xE0,
  0x07, 0xFF, 0xFF, 0xE0, 0x07, 0xFF, 0xFF, 0xE0, 0x07, 0xFF, 0xFF, 0xE0, 0x00, 0x00, 0x00, 0x00,
  0x00, 0x00, 0x00, 0x00, 0x03, 0x80, 0x00, 0x00, 0x03, 0xC0, 0x00, 0x00, 0x03, 0xC0, 0x00, 0x00,
  0x03, 0xC0, 0x00, 0x00, 0x03, 0xC0, 0x00, 0x00, 0x03, 0xC0, 0x00, 0x00, 0x03, 0xC0, 0x00, 0x00,
  0x03, 0xFF, 0xFF, 0xC0, 0x03, 0xFF, 0xFF, 0xC0, 0x03, 0xFF, 0xFF, 0xC0, 0x00, 0x03, 0xC0, 0x00,
  0x00, 0x03, 0xC0, 0x00, 0x00, 0x03, 0xC0, 0x00, 0x3F, 0xFF, 0xFF, 0xF8, 0x3F, 0xFF, 0xFF, 0xF8,
  0x3F, 0xFF, 0xFF, 0xF8, 0x00, 0x00, 0x00, 0x00, 0x00, 0x00, 0x00, 0x00, 0x07, 0xFF, 0xFF, 0xC0,
  0x07, 0xFF, 0xFF, 0xC0, 0x07, 0xFF, 0xFF, 0xC0, 0x00, 0x7C, 0x3E, 0x00, 0x00, 0x7C, 0x3C, 0x00,
  0x00, 0x7C, 0x3C, 0x00, 0x00, 0x7C, 0x3C, 0x00, 0x00, 0x7C, 0x3C, 0x00, 0x07, 0xFF, 0xFF, 0xC0,
  0x07, 0xFF, 0xFF, 0xE0, 0x07, 0xFF, 0xFF, 0xE0, 0x07, 0xFF, 0xFF, 0xE0, 0x00, 0x00, 0x00, 0x00,
  0x00, 0x00, 0x00, 0x00, 0x00, 0x00, 0x00, 0x00, 0x07, 0xC0, 0x00, 0x00, 0x07, 0xC0, 0x00, 0x00,
  0x07, 0xC0, 0x00, 0x00, 0x07, 0xC0, 0x00, 0x00, 0x07, 0xC0, 0x00, 0x00, 0x07, 0xC0, 0x00, 0x00,
  0x07, 0xC0, 0x00, 0x00, 0x07, 0xFF, 0xFF, 0xC0, 0x07, 0xFF, 0xFF, 0xC0, 0x07, 0xFF, 0xFF, 0xC0,
  0x00, 0x78, 0x3C, 0x00, 0x00, 0x78, 0x3C, 0x00, 0x00, 0x78, 0x3C, 0x00, 0x3F, 0xFF, 0xFF, 0xF8,
  0x3F, 0xFF, 0xFF, 0xF8, 0x3F, 0xFF, 0xFF, 0xF8, 0x00, 0x00, 0x00, 0x00, 0x00, 0x00, 0x00, 0x00,
  0x00, 0x3F, 0xF8, 0x00, 0x01, 0xFF, 0xFE, 0x00, 0x03, 0xFF, 0xFF, 0x00, 0x07, 0xF0, 0x1F, 0x80,
  0x07, 0xC0, 0x07, 0xC0, 0x07, 0x80, 0x07, 0xC0, 0x07, 0xC0, 0x07, 0xC0, 0x07, 0xF0, 0x1F, 0x80,
  0x03, 0xFF, 0xFF, 0x80, 0x01, 0xFF, 0xFE, 0x00, 0x00, 0x3F, 0xF8, 0x00, 0x00, 0x00, 0x00, 0x00,
  0x00, 0x00, 0x00, 0x00, 0x03, 0x80, 0x00, 0x00, 0x03, 0xC0, 0x00, 0x00, 0x03, 0xC0, 0x00, 0x00,
  0x03, 0xC0, 0x00, 0x00, 0x03, 0xC0, 0x00, 0x00, 0x03, 0xC0, 0x00, 0x00, 0x03, 0xC0, 0x00, 0x00,
  0x03, 0xC0, 0x00, 0x00, 0x03, 0xFF, 0xFF, 0xC0, 0x03, 0xFF, 0xFF, 0xE0, 0x03, 0xFF, 0xFF, 0xE0,
  0x03, 0xFF, 0xFF, 0xE0, 0x00, 0x00, 0x00, 0x00, 0x00, 0x00, 0x00, 0x00, 0x00, 0x00, 0x00, 0x00,
  0x1F, 0xFF, 0xFF, 0xFC, 0x3F, 0xFF, 0xFF, 0xFC, 0x3F, 0xFF, 0xFF, 0xFC, 0x00, 0x03, 0xC0, 0x00,
  0x00, 0x03, 0xC0, 0x00, 0x00, 0x03, 0xC0, 0x00, 0x00, 0x03, 0xC0, 0x00, 0x00, 0x03, 0xC0, 0x00,
  0x00, 0x03, 0xC0, 0x00, 0x00, 0x03, 0xC0, 0x00, 0x00, 0x03, 0xC0, 0x00, 0x00, 0x03, 0xC0, 0x00,
  0x00, 0x03, 0xC0, 0x00, 0x00, 0x03, 0xC0, 0x00, 0x00, 0x00, 0x00, 0x00, 0x00, 0x00, 0x00, 0x00,
  0x00, 0x00, 0x00, 0x00, 0x03, 0xC0, 0x00, 0x00, 0x03, 0xC0, 0x00, 0x00, 0x03, 0xC0, 0x00, 0x00,
  0x03, 0xC0, 0x00, 0x00, 0x03, 0xC0, 0x00, 0x00, 0x03, 0xC0, 0x00, 0x00, 0x03, 0xC0, 0x00, 0x00,
  0x03, 0xC0, 0x00, 0x00, 0x03, 0xFF, 0xFF, 0xC0, 0x03, 0xFF, 0xFF, 0xC0, 0x03, 0xFF, 0xFF, 0xC0,
  0x00, 0x00, 0x00, 0x00, 0x00, 0x00, 0x00, 0x00, 0x1F, 0xFF, 0xFF, 0xF8, 0x1F, 0xFF, 0xFF, 0xF8,
  0x1F, 0xFF, 0xFF, 0xF8, 0x00, 0x03, 0xC0, 0x00, 0x00, 0x03, 0xC0, 0x00, 0x00, 0x03, 0xC0, 0x00,
  0x03, 0xC3, 0xC0, 0x00, 0x03, 0xC3, 0xC0, 0x00, 0x03, 0xC3, 0xC0, 0x00, 0x03, 0xC0, 0x00, 0x00,
  0x03, 0xC0, 0x00, 0x00, 0x03, 0xC0, 0x00, 0x00, 0x03, 0xFF, 0xFF, 0xE0, 0x03, 0xFF, 0xFF, 0xE0,
  0x03, 0xFF, 0xFF, 0xE0, 0x03, 0xFF, 0xFF, 0xE0, 0x00, 0x00, 0x00, 0x00, 0x00, 0x00, 0x00, 0x00,
  0x00, 0x00, 0x00, 0x00, 0x03, 0x80, 0x00, 0x00, 0x03, 0xC0, 0x00, 0x00, 0x03, 0xC0, 0x00, 0x00,
  0x03, 0xC0, 0x00, 0x00, 0x03, 0xC0, 0x00, 0x00, 0x03, 0xC0, 0x00, 0x00, 0x03, 0xC0, 0x00, 0x00,
  0x03, 0xC0, 0x00, 0x00, 0x03, 0xC0, 0x00, 0x00, 0x03, 0xFF, 0xFF, 0xE0, 0x03, 0xFF, 0xFF, 0xE0,
  0x03, 0xFF, 0xFF, 0xC0, 0x00, 0x00, 0x00, 0x00, 0x00, 0x00, 0x00, 0x00, 0x00, 0x00, 0x00, 0x00,
  0x3F, 0xFF, 0xFF, 0xFC, 0x3F, 0xFF, 0xFF, 0xFC, 0x3F, 0xFF, 0xFF, 0xFC, 0x00, 0x78, 0x1E, 0x00,
  0x00, 0x78, 0x1E, 0x00, 0x00, 0x78, 0x1E, 0x00, 0x00, 0x78, 0x1E, 0x00, 0x00, 0x78, 0x1E, 0x00,
  0x00, 0x78, 0x1E, 0x00, 0x00, 0x78, 0x1E, 0x00, 0x00, 0x78, 0x1E, 0x00, 0x00, 0x78, 0x1E, 0x00,
  0x00, 0x78, 0x1E, 0x00, 0x00, 0x78, 0x1E, 0x00, 0x00, 0x00, 0x00, 0x00, 0x00, 0x00, 0x00, 0x00,
  0x00, 0x00, 0x00, 0x00, 0x00, 0x00, 0x00, 0x00, 0x00, 0x00, 0x00, 0x00, 0x00, 0x00, 0x00, 0x00,
  0x07, 0x80, 0x00, 0x00, 0x07, 0x80, 0x00, 0x00, 0x07, 0x80, 0x00, 0x00, 0x07, 0x80, 0x00, 0x00,
  0x07, 0x80, 0x00, 0x00, 0x07, 0x80, 0x00, 0x00, 0x07, 0x80, 0x00, 0x00, 0x07, 0x80, 0x00, 0x00,
  0x07, 0x80, 0x00, 0x00, 0x07, 0x80, 0x00, 0x00, 0x07, 0xC0, 0x00, 0x00, 0x07, 0xFF, 0xFF, 0xC0,
  0x07, 0xFF, 0xFF, 0xC0, 0x07, 0xFF, 0xFF, 0xC0, 0x00, 0x00, 0x00, 0x00, 0x00, 0x00, 0x00, 0x00,
  0x00, 0x00, 0x00, 0x00, 0x00, 0x00, 0x00, 0x00, 0x00, 0x00, 0x00, 0x00, 0x00, 0x00, 0x00, 0x00,
  0x3F, 0xFF, 0xFF, 0xF8, 0x3F, 0xFF, 0xFF, 0xF8, 0x3F, 0xFF, 0xFF, 0xF8, 0x00, 0x00, 0x00, 0x00,
  0x00, 0x00, 0x00, 0x00, 0x00, 0x00, 0x00, 0x00, 0x00, 0x00, 0x00, 0x00, 0x00, 0x00, 0x00, 0x00,
  0x00, 0x00, 0x00, 0x00, 0x03, 0xC0, 0x00, 0x00, 0x03, 0xC0, 0x00, 0x00, 0x03, 0xC0, 0x00, 0x00,
  0x03, 0xC0, 0x00, 0x00, 0x03, 0xC0, 0x00, 0x00, 0x03, 0xC0, 0x00, 0x00, 0x03, 0xC0, 0x00, 0x00,
  0x07, 0xFF, 0xFF, 0xC0, 0x07, 0xFF, 0xFF, 0xC0, 0x03, 0xFF, 0xFF, 0xC0, 0x03, 0xFF, 0xFF, 0xC0,
  0x00, 0x00, 0x00, 0x00, 0x00, 0x00, 0x00, 0x00, 0x00, 0x00, 0x00, 0x00, 0x3F, 0xFF, 0xFF, 0xF8,
  0x3F, 0xFF, 0xFF, 0xF8, 0x3F, 0xFF, 0xFF, 0xF8, 0x00, 0x00, 0x00, 0x00, 0x00, 0x00, 0x00, 0x00,
  0x07, 0x80, 0x00, 0x00, 0x07, 0xC0, 0x00, 0x00, 0x07, 0xC0, 0x00, 0x00, 0x07, 0xC0, 0x00, 0x00,
  0x07, 0xC0, 0x00, 0x00, 0x07, 0xC0, 0x00, 0x00, 0x07, 0xFF, 0xFF, 0xC0, 0x07, 0xFF, 0xFF, 0xC0,
  0x07, 0xFF, 0xFF, 0xC0, 0x07, 0xFF, 0xFF, 0xC0, 0x00, 0x00, 0x00, 0x00, 0x00, 0x00, 0x00, 0x00,
  0x00, 0x00, 0x00, 0x00, 0x03, 0x80, 0x00, 0x00, 0x03, 0xC0, 0x00, 0x00, 0x03, 0xC0, 0x00, 0x00,
  0x03, 0xC0, 0x00, 0x00, 0x03, 0xC0, 0x00, 0x00, 0x03, 0xC0, 0x00, 0x00, 0x07, 0xFF, 0xFF, 0xC0,
  0x07, 0xFF, 0xFF, 0xC0, 0x03, 0xFF, 0xFF, 0xC0, 0x03, 0xFF, 0xFF, 0xC0, 0x00, 0x00, 0x00, 0x00,
  0x00, 0x00, 0x00, 0x00, 0x3F, 0xFF, 0xFF, 0xF8, 0x3F, 0xFF, 0xFF, 0xF8, 0x3F, 0xFF, 0xFF, 0xF8,
  0x00, 0x00, 0x00, 0x00, 0x00, 0x00, 0x00, 0x00, 0x07, 0xFF, 0xFF, 0xC0, 0x07, 0xFF, 0xFF, 0xC0,
  0x07, 0xFF, 0xFF, 0xC0, 0x00, 0x00, 0x03, 0xC0, 0x07, 0xFF, 0xFF, 0xC0, 0x07, 0xFF, 0xFF, 0xC0,
  0x07, 0xFF, 0xFF, 0xC0, 0x07, 0xC0, 0x00, 0x00, 0x07, 0xC0, 0x00, 0x00, 0x07, 0xFF, 0xFF, 0xE0,
  0x07, 0xFF, 0xFF, 0xE0, 0x07, 0xFF, 0xFF, 0xE0, 0x07, 0xFF, 0xFF, 0xE0, 0x00, 0x00, 0x00, 0x00,
  0x00, 0x00, 0x00, 0x00, 0x00, 0x00, 0x00, 0x00, 0x03, 0xC0, 0x00, 0x00, 0x03, 0xC0, 0x00, 0x00,
  0x03, 0xC0, 0x00, 0x00, 0x03, 0xC0, 0x00, 0x00, 0x03, 0xC0, 0x00, 0x00, 0x03, 0xC0, 0x00, 0x00,
  0x03, 0xC0, 0x00, 0x00, 0x07, 0xFF, 0xFF, 0xC0, 0x03, 0xFF, 0xFF, 0xC0, 0x03, 0xFF, 0xFF, 0xC0,
  0x00, 0x00, 0x00, 0x00, 0x00, 0x00, 0x00, 0x00, 0x00, 0x00, 0x00, 0x00, 0x3F, 0xFF, 0xFF, 0xF8,
  0x3F, 0xFF, 0xFF, 0xF8, 0x3F, 0xFF, 0xFF, 0xF8, 0x00, 0x00, 0x00, 0x00, 0x00, 0x00, 0x00, 0x00,
  0x00, 0x3F, 0xF8, 0x00, 0x00, 0xFF, 0xFE, 0x00, 0x03, 0xFF, 0xFF, 0x80, 0x03, 0xF0, 0x1F, 0x80,
  0x07, 0xC0, 0x07, 0xC0, 0x07, 0xC0, 0x03, 0xC0, 0x07, 0xC0, 0x07, 0xC0, 0x03, 0xF0, 0x1F, 0x80,
  0x03, 0xFF, 0xFF, 0x80, 0x00, 0xFF, 0xFE, 0x00, 0x00, 0x3F, 0xF8, 0x00, 0x00, 0x00, 0x00, 0x00,
  0x00, 0x00, 0x00, 0x00, 0x00, 0x00, 0x01, 0xE0, 0x00, 0x00, 0x01, 0xE0, 0x00, 0x00, 0x01, 0xE0,
  0x0F, 0x00, 0x01, 0xE0, 0x0F, 0x00, 0x01, 0xE0, 0x0F, 0x00, 0x01, 0xE0, 0x0F, 0x00, 0x01, 0xE0,
  0x0F, 0x00, 0x01, 0xE0, 0x0F, 0x00, 0x01, 0xE0, 0x0F, 0x00, 0x01, 0xE0, 0x0F, 0x00, 0x01, 0xE0,
  0x0F, 0x00, 0x01, 0xE0, 0x0F, 0x00, 0x01, 0xE0, 0x0F, 0x00, 0x01, 0xE0, 0x0F, 0x00, 0x01, 0xE0,
  0x0F, 0x00, 0x01, 0xE0, 0x0F, 0x00, 0x01, 0xE0, 0x0F, 0x00, 0x01, 0xE0, 0x0F, 0x07, 0xF9, 0xE0,
  0x0F, 0xFF, 0xF9, 0xE0, 0x0F, 0xFF, 0xF9, 0xE0, 0x0F, 0xFF, 0xC1, 0xE0, 0x00, 0x00, 0x01, 0xE0,
  0x00, 0x00, 0x01, 0xE0, 0x00, 0x00, 0x01, 0xE0, 0x00, 0x00, 0x01, 0xE0, 0x00, 0x00, 0x01, 0xE0,
  0x00, 0x00, 0x01, 0xE0, 0x00, 0x00, 0x01, 0xE0, 0x00, 0x00, 0x01, 0xE0, 0x00, 0x00, 0x00, 0x00,
  0x00, 0x00, 0x00, 0x00, 0x00, 0x00, 0x07, 0x80, 0x00, 0x00, 0x07, 0x80, 0x00, 0x00, 0x07, 0x80,
  0x1F, 0xFF, 0x87, 0x80, 0x1F, 0xFF, 0x87, 0x80, 0x1F, 0xFF, 0x87, 0x80, 0x1E, 0x00, 0x07, 0x80,
  0x1E, 0x00, 0x07, 0x80, 0x1E, 0x00, 0x07, 0x80, 0x1E, 0x00, 0x07, 0x80, 0x1E, 0x00, 0x07, 0x80,
  0x1E, 0x00, 0x07, 0xFC, 0x1E, 0x00, 0x07, 0xFC, 0x1E, 0x00, 0x07, 0xFC, 0x1E, 0x00, 0x07, 0x80,
  0x1E, 0x00, 0x07, 0x80, 0x1E, 0x00, 0x07, 0x80, 0x1E, 0x00, 0x07, 0x80, 0x1E, 0x00, 0x67, 0x80,
  0x1F, 0xFF, 0xE7, 0x80, 0x1F, 0xFF, 0xE7, 0x80, 0x1F, 0xFF, 0xE7, 0x80, 0x1F, 0xFE, 0x07, 0x80,
  0x00, 0x00, 0x07, 0x80, 0x00, 0x00, 0x07, 0x80, 0x00, 0x00, 0x07, 0x80, 0x00, 0x00, 0x07, 0x80,
  0x00, 0x00, 0x07, 0x80, 0x00, 0x00, 0x07, 0x80, 0x00, 0x00, 0x07, 0x80, 0x00, 0x00, 0x00, 0x00,
  0x00, 0x00, 0x00, 0x00, 0x00, 0x00, 0x07, 0x80, 0x00, 0x00, 0x07, 0x80, 0x1F, 0xFF, 0x87, 0x80,
  0x1F, 0xFF, 0x87, 0x80, 0x1F, 0xFF, 0x87, 0x80, 0x1E, 0x00, 0x07, 0x80, 0x1E, 0x00, 0x07, 0x80,
  0x1E, 0x00, 0x07, 0xF8, 0x1E, 0x00, 0x07, 0xF8, 0x1E, 0x00, 0x07, 0xF8, 0x1E, 0x00, 0x07, 0x80,
  0x1E, 0x00, 0x07, 0x80, 0x1E, 0x03, 0xE7, 0x80, 0x1F, 0xFF, 0xE7, 0x80, 0x1F, 0xFF, 0xE7, 0x80,
  0x1F, 0xFF, 0xE7, 0x80, 0x00, 0x00, 0x07, 0x80, 0x00, 0x00, 0x00, 0x00, 0x00, 0x00, 0x00, 0x00,
  0x07, 0xFF, 0xFF, 0x80, 0x07, 0xFF, 0xFF, 0x80, 0x07, 0xFF, 0xFF, 0x80, 0x00, 0x00, 0x07, 0x80,
  0x00, 0x00, 0x07, 0x80, 0x00, 0x00, 0x07, 0x80, 0x00, 0x00, 0x07, 0x80, 0x00, 0x00, 0x07, 0x80,
  0x00, 0x00, 0x07, 0x80, 0x00, 0x00, 0x07, 0x80, 0x00, 0x00, 0x07, 0x80, 0x00, 0x00, 0x00, 0x00,
  0x00, 0x00, 0x00, 0x00, 0x00, 0x00, 0x03, 0x80, 0x00, 0x00, 0x07, 0x80, 0x00, 0x00, 0x07, 0x80,
  0x1F, 0xFF, 0x87, 0x80, 0x1F, 0xFF, 0x87, 0x80, 0x1F, 0xFF, 0x87, 0x80, 0x1E, 0x00, 0x07, 0x80,
  0x1E, 0x00, 0x07, 0x80, 0x1E, 0x00, 0x07, 0x80, 0x1E, 0x00, 0x07, 0xF8, 0x1E, 0x00, 0x07, 0xF8,
  0x1E, 0x00, 0x07, 0xF8, 0x1E, 0x00, 0x07, 0x80, 0x1F, 0xFF, 0xE7, 0x80, 0x1F, 0xFF, 0xE7, 0x80,
  0x1F, 0xFF, 0xE7, 0x80, 0x1F, 0xF8, 0x07, 0x80, 0x00, 0x00, 0x07, 0x80, 0x00, 0x00, 0x07, 0x80,
  0x03, 0xC0, 0x07, 0x80, 0x03, 0xC0, 0x07, 0x80, 0x03, 0xC0, 0x07, 0x80, 0x03, 0xC0, 0x00, 0x00,
  0x03, 0xC0, 0x00, 0x00, 0x03, 0xC0, 0x00, 0x00, 0x03, 0xC0, 0x00, 0x00, 0x03, 0xFF, 0xFF, 0xC0,
  0x03, 0xFF, 0xFF, 0xC0, 0x03, 0xFF, 0xFF, 0xC0, 0x03, 0xFF, 0xFF, 0xC0, 0x00, 0x00, 0x00, 0x00,
  0x00, 0x00, 0x00, 0x00, 0x00, 0x00, 0x07, 0x80, 0x00, 0x00, 0x07, 0x80, 0x1F, 0xFF, 0x07, 0x80,
  0x1F, 0xFF, 0x07, 0x80, 0x1F, 0xFF, 0x07, 0x80, 0x1E, 0x00, 0x07, 0x80, 0x1E, 0x00, 0x07, 0x80,
  0x1E, 0x00, 0x07, 0xF8, 0x1E, 0x00, 0x07, 0xF8, 0x1E, 0x00, 0x07, 0xF8, 0x1E, 0x00, 0x07, 0x80,
  0x1E, 0x00, 0xE7, 0x80, 0x1F, 0xFF, 0xE7, 0x80, 0x1F, 0xFF, 0xE7, 0x80, 0x1F, 0xFF, 0xE7, 0x80,
  0x00, 0x00, 0x07, 0x80, 0x00, 0x00, 0x07, 0x80, 0x00, 0x00, 0x00, 0x00, 0x03, 0xFF, 0xFF, 0x80,
  0x03, 0xFF, 0xFF, 0x80, 0x03, 0xFF, 0xFF, 0x80, 0x03, 0xC0, 0x00, 0x00, 0x03, 0xC0, 0x00, 0x00,
  0x03, 0xC0, 0x00, 0x00, 0x03, 0xC0, 0x00, 0x00, 0x03, 0xC0, 0x00, 0x00, 0x03, 0xFF, 0xFF, 0xC0,
  0x03, 0xFF, 0xFF, 0xC0, 0x03, 0xFF, 0xFF, 0xC0, 0x03, 0xFF, 0xFF, 0xC0, 0x00, 0x00, 0x00, 0x00,
  0x00, 0x00, 0x00, 0x00, 0x00, 0x00, 0x07, 0x80, 0x00, 0x00, 0x07, 0x80, 0x1F, 0xFF, 0x87, 0x80,
  0x1F, 0xFF, 0x87, 0x80, 0x1F, 0xFF, 0x87, 0x80, 0x1E, 0x00, 0x07, 0x80, 0x1E, 0x00, 0x07, 0xF8,
  0x1E, 0x00, 0x07, 0xF8, 0x1E, 0x00, 0x07, 0xF8, 0x1E, 0x00, 0x07, 0x80, 0x1E, 0x00, 0xE7, 0x80,
  0x1F, 0xFF, 0xE7, 0x80, 0x1F, 0xFF, 0xE7, 0x80, 0x1F, 0xFF, 0xE7, 0x80, 0x0F, 0x80, 0x07, 0x80,
  0x00, 0x00, 0x00, 0x00, 0x03, 0xFF, 0xFF, 0x80, 0x03, 0xFF, 0xFF, 0x80, 0x03, 0xFF, 0xFF, 0x80,
  0x00, 0x00, 0x07, 0x80, 0x00, 0x00, 0x07, 0x80, 0x03, 0xFF, 0xFF, 0x80, 0x03, 0xFF, 0xFF, 0x80,
  0x03, 0xFF, 0xFF, 0x80, 0x03, 0xC0, 0x00, 0x00, 0x03, 0xC0, 0x00, 0x00, 0x03, 0xFF, 0xFF, 0xC0,
  0x03, 0xFF, 0xFF, 0xC0, 0x03, 0xFF, 0xFF, 0xC0, 0x03, 0xFF, 0xFF, 0xC0, 0x00, 0x00, 0x00, 0x00,
  0x00, 0x00, 0x00, 0x00, 0x00, 0x00, 0x07, 0x80, 0x00, 0x00, 0x07, 0x80, 0x1F, 0xFF, 0x07, 0x80,
  0x1F, 0xFF, 0x07, 0x80, 0x1F, 0xFF, 0x07, 0x80, 0x1E, 0x00, 0x07, 0x80, 0x1E, 0x00, 0x07, 0x80,
  0x1E, 0x00, 0x07, 0xF8, 0x1E, 0x00, 0x07, 0xF8, 0x1E, 0x00, 0x07, 0xF8, 0x1E, 0x00, 0x07, 0x80,
  0x1E, 0x01, 0xE7, 0x80, 0x1F, 0xFF, 0xE7, 0x80, 0x1F, 0xFF, 0xE7, 0x80, 0x1F, 0xFF, 0xC7, 0x80,
  0x00, 0x00, 0x07, 0x80, 0x00, 0x00, 0x00, 0x00, 0x00, 0x00, 0x00, 0x00, 0x03, 0xC0, 0x07, 0x80,
  0x03, 0xC0, 0x07, 0x80, 0x03, 0xFF, 0xFF, 0x80, 0x03, 0xFF, 0xFF, 0x80, 0x03, 0xFF, 0xFF, 0x80,
  0x03, 0xC0, 0x07, 0x80, 0x03, 0xC0, 0x07, 0x80, 0x03, 0xC0, 0x07, 0x80, 0x03, 0xC0, 0x07, 0x80,
  0x03, 0xFF, 0xFF, 0x80, 0x03, 0xFF, 0xFF, 0x80, 0x03, 0xFF, 0xFF, 0x80, 0x00, 0x00, 0x00, 0x00,
  0x00, 0x00, 0x00, 0x00, 0x00, 0x00, 0x00, 0x00, 0x00, 0x00, 0x07, 0xC0, 0x1F, 0xFF, 0x87, 0xC0,
  0x1F, 0xFF, 0x87, 0xC0, 0x1F, 0xFF, 0x87, 0xC0, 0x1E, 0x00, 0x07, 0xC0, 0x1E, 0x00, 0x07, 0xC0,
  0x1E, 0x00, 0x07, 0xC0, 0x1E, 0x00, 0x07, 0xFC, 0x1E, 0x00, 0x07, 0xFC, 0x1E, 0x00, 0x07, 0xFC,
  0x1E, 0x00, 0x07, 0xC0, 0x1E, 0x03, 0xE7, 0xC0, 0x1F, 0xFF, 0xE7, 0xC0, 0x1F, 0xFF, 0xF7, 0xC0,
  0x1F, 0xFF, 0xC7, 0xC0, 0x00, 0x00, 0x07, 0xC0, 0x00, 0x00, 0x07, 0xC0, 0x00, 0x3F, 0xF8, 0x00,
  0x00, 0xFF, 0xFE, 0x00, 0x01, 0xFF, 0xFF, 0x00, 0x03, 0xF8, 0x1F, 0x80, 0x03, 0xC0, 0x07, 0xC0,
  0x03, 0xC0, 0x03, 0xC0, 0x03, 0xC0, 0x03, 0xC0, 0x03, 0xC0, 0x07, 0xC0, 0x03, 0xF8, 0x1F, 0x80,
  0x01, 0xFF, 0xFF, 0x00, 0x00, 0xFF, 0xFE, 0x00, 0x00, 0x1F, 0xF8, 0x00, 0x00, 0x00, 0x00, 0x00,
  0x00, 0x00, 0x00, 0x00, 0x00, 0x00, 0x00, 0xF0, 0x00, 0x00, 0x78, 0xF0, 0x00, 0x00, 0x78, 0xF0,
  0x00, 0x00, 0x78, 0xF0, 0x1F, 0xFC, 0x78, 0xF0, 0x1F, 0xFC, 0x78, 0xF0, 0x1F, 0xFC, 0x78, 0xF0,
  0x1E, 0x00, 0x78, 0xF0, 0x1E, 0x00, 0x78, 0xF0, 0x1E, 0x00, 0x78, 0xF0, 0x1E, 0x00, 0x78, 0xF0,
  0x1E, 0x00, 0x78, 0xF0, 0x1E, 0x00, 0x7F, 0xF0, 0x1E, 0x00, 0x7F, 0xF0, 0x1E, 0x00, 0x7F, 0xF0,
  0x1E, 0x00, 0x78, 0xF0, 0x1E, 0x00, 0x78, 0xF0, 0x1E, 0x00, 0x78, 0xF0, 0x1E, 0x00, 0x78, 0xF0,
  0x1F, 0xFF, 0x78, 0xF0, 0x1F, 0xFF, 0x78, 0xF0, 0x1F, 0xFF, 0x78, 0xF0, 0x1F, 0xF8, 0x78, 0xF0,
  0x00, 0x00, 0x78, 0xF0, 0x00, 0x00, 0x78, 0xF0, 0x00, 0x00, 0x78, 0xF0, 0x00, 0x00, 0x78, 0xF0,
  0x00, 0x00, 0x78, 0xF0, 0x00, 0x00, 0x38, 0xF0, 0x00, 0x00, 0x00, 0xF0, 0x00, 0x00, 0x00, 0x00,
  0x00, 0x00, 0x00, 0x00, 0x00, 0x00, 0x38, 0xF0, 0x00, 0x00, 0x78, 0xF0, 0x00, 0x00, 0x78, 0xF0,
  0x1F, 0xFE, 0x78, 0xF0, 0x1F, 0xFE, 0x78, 0xF0, 0x1F, 0xFE, 0x78, 0xF0, 0x1E, 0x00, 0x78, 0xF0,
  0x1E, 0x00, 0x78, 0xF0, 0x1E, 0x00, 0x7F, 0xF0, 0x1E, 0x00, 0x7F, 0xF0, 0x1E, 0x00, 0x7F, 0xF0,
  0x1E, 0x00, 0x78, 0xF0, 0x1E, 0x00, 0x78, 0xF0, 0x1E, 0x07, 0x78, 0xF0, 0x1F, 0xFF, 0x78, 0xF0,
  0x1F, 0xFF, 0x78, 0xF0, 0x1F, 0xFF, 0x78, 0xF0, 0x00, 0x00, 0x78, 0xF0, 0x00, 0x00, 0x78, 0xF0,
  0x00, 0xE0, 0x78, 0xF0, 0x01, 0xF0, 0x78, 0xF0, 0x01, 0xF0, 0x00, 0xF0, 0x01, 0xF0, 0x00, 0x00,
  0x01, 0xF0, 0x00, 0x00, 0x01, 0xF0, 0x00, 0x00, 0x01, 0xF0, 0x00, 0x00, 0x01, 0xFF, 0xFF, 0xF8,
  0x01, 0xFF, 0xFF, 0xF8, 0x01, 0xFF, 0xFF, 0xF8, 0x01, 0xFF, 0xFF, 0xF8, 0x00, 0x00, 0x00, 0x00,
  0x00, 0x00, 0x00, 0x00, 0x00, 0x00, 0x01, 0xE0, 0x00, 0x00, 0x01, 0xE0, 0x00, 0x00, 0x01, 0xE0,
  0x0F, 0xFF, 0xC1, 0xE0, 0x0F, 0xFF, 0xC1, 0xE0, 0x0F, 0xFF, 0xC1, 0xE0, 0x0F, 0x00, 0x01, 0xE0,
  0x0F, 0x00, 0x01, 0xE0, 0x0F, 0x00, 0x01, 0xE0, 0x0F, 0x00, 0x01, 0xE0, 0x0F, 0x00, 0x01, 0xE0,
  0x0F, 0x00, 0xFF, 0xE0, 0x0F, 0x00, 0xFF, 0xE0, 0x0F, 0x00, 0xFF, 0xE0, 0x0F, 0x00, 0x01, 0xE0,
  0x0F, 0x00, 0x01, 0xE0, 0x0F, 0x00, 0x01, 0xE0, 0x0F, 0x00, 0x01, 0xE0, 0x0F, 0x00, 0x01, 0xE0,
  0x0F, 0x07, 0xE1, 0xE0, 0x0F, 0xFF, 0xE1, 0xE0, 0x0F, 0xFF, 0xE1, 0xE0, 0x0F, 0xFF, 0xC1, 0xE0,
  0x00, 0x00, 0x01, 0xE0, 0x00, 0x00, 0x01, 0xE0, 0x00, 0x00, 0x01, 0xE0, 0x00, 0x00, 0x01, 0xE0,
  0x00, 0x00, 0x01, 0xE0, 0x00, 0x00, 0x01, 0xE0, 0x00, 0x00, 0x01, 0xE0, 0x00, 0x00, 0x00, 0x00,
  0x00, 0x00, 0x00, 0x00, 0x00, 0x00, 0x01, 0xE0, 0x00, 0x00, 0x01, 0xE0, 0x0F, 0xFF, 0xC1, 0xE0,
  0x0F, 0xFF, 0xC1, 0xE0, 0x0F, 0xFF, 0xC1, 0xE0, 0x0F, 0x00, 0x01, 0xE0, 0x0F, 0x00, 0x01, 0xE0,
  0x0F, 0x00, 0x01, 0xE0, 0x0F, 0x00, 0xFF, 0xE0, 0x0F, 0x00, 0xFF, 0xE0, 0x0F, 0x00, 0xFF, 0xE0,
  0x0F, 0x00, 0x01, 0xE0, 0x0F, 0x00, 0x01, 0xE0, 0x0F, 0x01, 0xE1, 0xE0, 0x0F, 0xFF, 0xE1, 0xE0,
  0x0F, 0xFF, 0xE1, 0xE0, 0x0F, 0xFF, 0xE1, 0xE0, 0x00, 0x00, 0x01, 0xE0, 0x00, 0x00, 0x00, 0xE0,
  0x01, 0xFF, 0xFF, 0xE0, 0x01, 0xFF, 0xFF, 0xE0, 0x01, 0xFF, 0xFF, 0xE0, 0x00, 0x00, 0x01, 0xE0,
  0x00, 0x00, 0x01, 0xE0, 0x00, 0x00, 0x01, 0xE0, 0x00, 0x00, 0x01, 0xE0, 0x00, 0x00, 0x01, 0xE0,
  0x00, 0x00, 0x01, 0xE0, 0x00, 0x00, 0x01, 0xE0, 0x00, 0x00, 0x01, 0xE0, 0x00, 0x00, 0x00, 0x00,
  0x00, 0x00, 0x00, 0x00, 0x00, 0x00, 0x01, 0xE0, 0x00, 0x00, 0x01, 0xE0, 0x0F, 0xFF, 0xC1, 0xE0,
  0x0F, 0xFF, 0xC1, 0xE0, 0x0F, 0xFF, 0xC1, 0xE0, 0x0F, 0x00, 0x01, 0xE0, 0x0F, 0x00, 0x01, 0xE0,
  0x0F, 0x00, 0x01, 0xE0, 0x0F, 0x01, 0xFF, 0xE0, 0x0F, 0x01, 0xFF, 0xE0, 0x0F, 0x01, 0xFF, 0xE0,
  0x0F, 0x00, 0x01, 0xE0, 0x0F, 0x00, 0x01, 0xE0, 0x0F, 0x07, 0xE1, 0xE0, 0x0F, 0xFF, 0xE1, 0xE0,
  0x0F, 0xFF, 0xE1, 0xE0, 0x0F, 0xFF, 0x81, 0xE0, 0x00, 0x00, 0x01, 0xE0, 0x00, 0x0F, 0xFD, 0xE0,
  0x00, 0x3F, 0xFF, 0x00, 0x00, 0xFF, 0xFF, 0xC0, 0x00, 0xFC, 0x0F, 0xC0, 0x01, 0xF0, 0x03, 0xE0,
  0x01, 0xE0, 0x01, 0xE0, 0x01, 0xE0, 0x01, 0xE0, 0x01, 0xF0, 0x03, 0xE0, 0x00, 0xFC, 0x0F, 0xC0,
  0x00, 0xFF, 0xFF, 0xC0, 0x00, 0x3F, 0xFF, 0x00, 0x00, 0x0F, 0xFC, 0x00, 0x00, 0x00, 0x00, 0x00,
  0x00, 0x00, 0x00, 0x00, 0x00, 0x00, 0x00, 0xE0, 0x00, 0x00, 0x3C, 0xF0, 0x00, 0x00, 0x3C, 0xF0,
  0x00, 0x00, 0x3C, 0xF0, 0x1F, 0xFE, 0x3C, 0xF0, 0x1F, 0xFE, 0x3C, 0xF0, 0x1F, 0xFE, 0x3C, 0xF0,
  0x1E, 0x00, 0x3C, 0xF0, 0x1E, 0x00, 0x3C, 0xF0, 0x1E, 0x00, 0x3C, 0xF0, 0x1E, 0x00, 0x3C, 0xF0,
  0x1E, 0x0F, 0xFC, 0xF0, 0x1E, 0x0F, 0xFC, 0xF0, 0x1E, 0x0F, 0xFC, 0xF0, 0x1E, 0x00, 0x3C, 0xF0,
  0x1E, 0x00, 0x3C, 0xF0, 0x1E, 0x00, 0x3C, 0xF0, 0x1E, 0x00, 0x3C, 0xF0, 0x1E, 0x00, 0x3C, 0xF0,
  0x1E, 0x1F, 0x3C, 0xF0, 0x1F, 0xFF, 0x3C, 0xF0, 0x1F, 0xFF, 0x3C, 0xF0, 0x1F, 0xFF, 0x3C, 0xF0,
  0x00, 0x00, 0x3C, 0xF0, 0x00, 0x00, 0x3C, 0xF0, 0x00, 0x00, 0x3C, 0xF0, 0x00, 0x00, 0x3C, 0xF0,
  0x00, 0x00, 0x3C, 0xF0, 0x00, 0x00, 0x3C, 0xF0, 0x00, 0x00, 0x00, 0xF0, 0x00, 0x00, 0x00, 0x00,
  0x00, 0x00, 0x00, 0x00, 0x00, 0x00, 0x00, 0x00, 0x00, 0x00, 0x00, 0x00, 0x07, 0xFF, 0xFF, 0xC0,
  0x07, 0xFF, 0xFF, 0xC0, 0x07, 0xFF, 0xFF, 0xC0, 0x07, 0x80, 0x00, 0x00, 0x07, 0x80, 0x00, 0x00,
  0x07, 0x80, 0x00, 0x00, 0x07, 0x80, 0x00, 0x00, 0x07, 0x80, 0x00, 0x00, 0x07, 0x80, 0x00, 0x00,
  0x07, 0x80, 0x00, 0x00, 0x07, 0x80, 0x00, 0x00, 0x07, 0xFF, 0xFF, 0x80, 0x07, 0xFF, 0xFF, 0xC0,
  0x07, 0xFF, 0xFF, 0xC0, 0x07, 0xFF, 0xFF, 0xC0, 0x00, 0x07, 0x80, 0x00, 0x00, 0x07, 0x80, 0x00,
  0x00, 0x07, 0x80, 0x00, 0x00, 0x07, 0x80, 0x00, 0x00, 0x07, 0x80, 0x00, 0x00, 0x07, 0x80, 0x00,
  0x3F, 0xFF, 0xFF, 0xF8, 0x3F, 0xFF, 0xFF, 0xF8, 0x3F, 0xFF, 0xFF, 0xF8, 0x00, 0x00, 0x00, 0x00,
  0x00, 0x00, 0x00, 0x00, 0x00, 0x00, 0x00, 0x00, 0x00, 0x00, 0x00, 0x00, 0x00, 0x00, 0x00, 0x00,
  0x00, 0x00, 0x00, 0x00, 0x00, 0x00, 0x00, 0x00, 0x03, 0xFF, 0xFF, 0xC0, 0x03, 0xFF, 0xFF, 0xC0,
  0x03, 0xFF, 0xFF, 0xC0, 0x03, 0xC0, 0x00, 0x00, 0x03, 0xC0, 0x00, 0x00, 0x03, 0xC0, 0x00, 0x00,
  0x03, 0xC0, 0x00, 0x00, 0x03, 0xFF, 0xFF, 0xC0, 0x03, 0xFF, 0xFF, 0xC0, 0x03, 0xFF, 0xFF, 0xC0,
  0x00, 0x03, 0xC0, 0x00, 0x00, 0x03, 0xC0, 0x00, 0x00, 0x03, 0xC0, 0x00, 0x1F, 0xFF, 0xFF, 0xF8,
  0x1F, 0xFF, 0xFF, 0xF8, 0x1F, 0xFF, 0xFF, 0xF8, 0x00, 0x00, 0x00, 0x00, 0x00, 0x00, 0x00, 0x00,
  0x07, 0xFF, 0xFF, 0xC0, 0x07, 0xFF, 0xFF, 0xC0, 0x07, 0xFF, 0xFF, 0xC0, 0x00, 0x00, 0x03, 0xC0,
  0x00, 0x00, 0x03, 0xC0, 0x00, 0x00, 0x03, 0xC0, 0x00, 0x00, 0x03, 0xC0, 0x00, 0x00, 0x03, 0xC0,
  0x00, 0x00, 0x03, 0xC0, 0x00, 0x00, 0x03, 0xC0, 0x00, 0x00, 0x00, 0x00, 0x00, 0x00, 0x00, 0x00,
  0x00, 0x00, 0x00, 0x00, 0x00, 0x00, 0x00, 0x00, 0x03, 0xFF, 0xFF, 0xC0, 0x03, 0xFF, 0xFF, 0xC0,
  0x03, 0xFF, 0xFF, 0xC0, 0x03, 0xC0, 0x00, 0x00, 0x03, 0xC0, 0x00, 0x00, 0x03, 0xC0, 0x00, 0x00,
  0x03, 0xC0, 0x00, 0x00, 0x03, 0xFF, 0xFF, 0xE0, 0x03, 0xFF, 0xFF, 0xE0, 0x03, 0xFF, 0xFF, 0xE0,
  0x00, 0x03, 0xC0, 0x00, 0x00, 0x03, 0xC0, 0x00, 0x00, 0x03, 0xC0, 0x00, 0x1F, 0xFF, 0xFF, 0xF8,
  0x1F, 0xFF, 0xFF, 0xFC, 0x1F, 0xFF, 0xFF, 0xFC, 0x1F, 0xFF, 0xFF, 0xF8, 0x00, 0x00, 0x00, 0x00,
  0x03, 0xC0, 0x00, 0x00, 0x03, 0xC0, 0x00, 0x00, 0x03, 0xC0, 0x00, 0x00, 0x03, 0xC0, 0x00, 0x00,
  0x03, 0xC0, 0x00, 0x00, 0x03, 0xC0, 0x00, 0x00, 0x03, 0xFF, 0xFF, 0xE0, 0x03, 0xFF, 0xFF, 0xE0,
  0x03, 0xFF, 0xFF, 0xE0, 0x03, 0xFF, 0xFF, 0xE0, 0x00, 0x00, 0x00, 0x00, 0x00, 0x00, 0x00, 0x00,
  0x00, 0x00, 0x00, 0x00, 0x07, 0xFF, 0xFF, 0xC0, 0x07, 0xFF, 0xFF, 0xC0, 0x07, 0xFF, 0xFF, 0xC0,
  0x07, 0x80, 0x00, 0x00, 0x07, 0x80, 0x00, 0x00, 0x07, 0x80, 0x00, 0x00, 0x07, 0xFF, 0xFF, 0x80,
  0x07, 0xFF, 0xFF, 0xC0, 0x07, 0xFF, 0xFF, 0xC0, 0x03, 0xFF, 0xFF, 0x80, 0x00, 0x07, 0x80, 0x00,
  0x3F, 0xFF, 0xFF, 0xF8, 0x3F, 0xFF, 0xFF, 0xF8, 0x3F, 0xFF, 0xFF, 0xF8, 0x00, 0x00, 0x00, 0x00,
  0x00, 0x00, 0x00, 0x00, 0x07, 0xFF, 0xFF, 0xC0, 0x07, 0xFF, 0xFF, 0xC0, 0x07, 0xFF, 0xFF, 0xC0,
  0x00, 0x00, 0x03, 0xC0, 0x00, 0x00, 0x03, 0xC0, 0x07, 0xFF, 0xFF, 0xC0, 0x07, 0xFF, 0xFF, 0xC0,
  0x07, 0xFF, 0xFF, 0xC0, 0x07, 0x80, 0x00, 0x00, 0x07, 0x80, 0x00, 0x00, 0x07, 0xFF, 0xFF, 0xC0,
  0x07, 0xFF, 0xFF, 0xC0, 0x07, 0xFF, 0xFF, 0xC0, 0x00, 0x00, 0x00, 0x00, 0x00, 0x00, 0x00, 0x00,
  0x00, 0x00, 0x00, 0x00, 0x00, 0x00, 0x00, 0x00, 0x03, 0xFF, 0xFF, 0xC0, 0x03, 0xFF, 0xFF, 0xC0,
  0x03, 0xFF, 0xFF, 0xC0, 0x03, 0xC0, 0x00, 0x00, 0x03, 0xC0, 0x00, 0x00, 0x03, 0xC0, 0x00, 0x00,
  0x03, 0xC0, 0x00, 0x00, 0x03, 0xFF, 0xFF, 0xC0, 0x03, 0xFF, 0xFF, 0xC0, 0x03, 0xFF, 0xFF, 0xC0,
  0x00, 0x03, 0xC0, 0x00, 0x00, 0x03, 0xC0, 0x00, 0x1F, 0xFF, 0xFF, 0xF8, 0x1F, 0xFF, 0xFF, 0xF8,
  0x1F, 0xFF, 0xFF, 0xF8, 0x00, 0x00, 0x00, 0x00, 0x00, 0x00, 0x00, 0x00, 0x00, 0x3F, 0xF8, 0x00,
  0x00, 0xFF, 0xFF, 0x00, 0x01, 0xFF, 0xFF, 0x80, 0x03, 0xF0, 0x0F, 0xC0, 0x03, 0xC0, 0x07, 0xC0,
  0x03, 0xC0, 0x03, 0xC0, 0x03, 0xC0, 0x07, 0xC0, 0x03, 0xF0, 0x0F, 0xC0, 0x01, 0xFF, 0xFF, 0x80,
  0x00, 0xFF, 0xFF, 0x00, 0x00, 0x3F, 0xF8, 0x00, 0x00, 0x00, 0x00, 0x00, 0x00, 0x00, 0x00, 0x00,
  0x00, 0x00, 0x00, 0x00, 0x00, 0x00, 0x00, 0xF0, 0x00, 0x00, 0x38, 0xF0, 0x00, 0x00, 0x38, 0xF0,
  0x1F, 0xFF, 0x38, 0xF0, 0x1F, 0xFF, 0x38, 0xF0, 0x1F, 0xFF, 0x38, 0xF0, 0x1E, 0x00, 0x38, 0xF0,
  0x1E, 0x00, 0x38, 0xF0, 0x1E, 0x00, 0x38, 0xF0, 0x1E, 0x00, 0x38, 0xF0, 0x1E, 0x00, 0x38, 0xF0,
  0x1E, 0x00, 0x38, 0xF0, 0x1F, 0xFF, 0x3F, 0xF0, 0x1F, 0xFF, 0x3F, 0xF0, 0x1F, 0xFF, 0x3F, 0xF0,
  0x1F, 0xFF, 0x3F, 0xF0, 0x00, 0xF0, 0x38, 0xF0, 0x00, 0xF0, 0x38, 0xF0, 0x00, 0xF0, 0x38, 0xF0,
  0x00, 0xF0, 0x38, 0xF0, 0x3F, 0xFF, 0xB8, 0xF0, 0x3F, 0xFF, 0xB8, 0xF0, 0x3F, 0xFF, 0xF8, 0xF0,
  0x3F, 0xE0, 0x38, 0xF0, 0x00, 0x00, 0x38, 0xF0, 0x00, 0x00, 0x38, 0xF0, 0x00, 0x00, 0x38, 0xF0,
  0x00, 0x00, 0x38, 0xF0, 0x00, 0x00, 0x38, 0xF0, 0x00, 0x00, 0x00, 0xF0, 0x00, 0x00, 0x00, 0x00,
  0x00, 0x00, 0x00, 0x00, 0x00, 0x00, 0x00, 0xF0, 0x00, 0x00, 0x3C, 0xF0, 0x0F, 0xFF, 0x3C, 0xF0,
  0x0F, 0xFF, 0x3C, 0xF0, 0x0F, 0xFF, 0x3C, 0xF0, 0x0F, 0x00, 0x3C, 0xF0, 0x0F, 0x00, 0x3C, 0xF0,
  0x0F, 0x00, 0x3C, 0xF0, 0x0F, 0x00, 0x3F, 0xF0, 0x0F, 0xFF, 0x3F, 0xF0, 0x0F, 0xFF, 0x3F, 0xF0,
  0x0F, 0xFF, 0x3F, 0xF0, 0x00, 0xF0, 0x3C, 0xF0, 0x00, 0xF0, 0x3C, 0xF0, 0x00, 0xFF, 0xBC, 0xF0,
  0x3F, 0xFF, 0xBC, 0xF0, 0x3F, 0xFF, 0xBC, 0xF0, 0x1F, 0xFC, 0x3C, 0xF0, 0x00, 0x00, 0x00, 0xE0,
  0x00, 0x78, 0x0F, 0x00, 0x00, 0x78, 0x0F, 0x00, 0x00, 0x78, 0x0F, 0x00, 0x00, 0xFC, 0x1F, 0x00,
  0x00, 0xFC, 0x1F, 0x80, 0x01, 0xFE, 0x3F, 0xC0, 0x03, 0xFF, 0x7F, 0xE0, 0x0F, 0xCF, 0xF9, 0xF8,
  0x0F, 0x87, 0xF0, 0xF8, 0x07, 0x03, 0xE0, 0x70, 0x00, 0x00, 0xC0, 0x00, 0x00, 0x00, 0x00, 0x00,
  0x00, 0x00, 0x00, 0x00, 0x00, 0x00, 0x01, 0xE0, 0x00, 0x00, 0x01, 0xE0, 0x00, 0x00, 0x01, 0xE0,
  0x0F, 0xFF, 0xF1, 0xE0, 0x0F, 0xFF, 0xF1, 0xE0, 0x0F, 0xFF, 0xF1, 0xE0, 0x0F, 0x00, 0x01, 0xE0,
  0x0F, 0x00, 0x01, 0xE0, 0x0F, 0x00, 0x01, 0xE0, 0x0F, 0x00, 0x01, 0xE0, 0x0F, 0x00, 0x01, 0xE0,
  0x0F, 0x00, 0x01, 0xE0, 0x0F, 0xFF, 0xF1, 0xE0, 0x0F, 0xFF, 0xF1, 0xE0, 0x0F, 0xFF, 0xF1, 0xE0,
  0x0F, 0xFF, 0xF1, 0xE0, 0x00, 0x3C, 0x01, 0xE0, 0x00, 0x3C, 0x01, 0xE0, 0x00, 0x3C, 0x01, 0xE0,
  0x00, 0x3C, 0x01, 0xE0, 0x3F, 0xFF, 0xFD, 0xE0, 0x3F, 0xFF, 0xFD, 0xE0, 0x3F, 0xFF, 0xF9, 0xE0,
  0x1F, 0xFC, 0x01, 0xE0, 0x00, 0x00, 0x01, 0xE0, 0x00, 0x00, 0x01, 0xE0, 0x00, 0x00, 0x01, 0xE0,
  0x00, 0x00, 0x01, 0xE0, 0x00, 0x00, 0x01, 0xE0, 0x00, 0x00, 0x01, 0xE0, 0x00, 0x00, 0x00, 0x00,
  0x00, 0x00, 0x00, 0x00, 0x00, 0x00, 0x01, 0xE0, 0x00, 0x00, 0x01, 0xE0, 0x07, 0xFF, 0xE1, 0xE0,
  0x07, 0xFF, 0xE1, 0xE0, 0x07, 0xFF, 0xE1, 0xE0, 0x07, 0x80, 0x01, 0xE0, 0x07, 0x80, 0x01, 0xE0,
  0x07, 0x80, 0x01, 0xE0, 0x07, 0x80, 0x01, 0xE0, 0x07, 0xFF, 0xE1, 0xE0, 0x07, 0xFF, 0xF1, 0xE0,
  0x07, 0xFF, 0xF1, 0xE0, 0x07, 0xFF, 0xE1, 0xE0, 0x00, 0x3C, 0x01, 0xE0, 0x00, 0x3C, 0x01, 0xE0,
  0x00, 0x3F, 0xF9, 0xE0, 0x3F, 0xFF, 0xF9, 0xE0, 0x1F, 0xFF, 0xF9, 0xE0, 0x1F, 0xFF, 0xC1, 0xE0,
  0x00, 0x00, 0x01, 0xE0, 0x00, 0xC0, 0x01, 0xE0, 0x01, 0xE0, 0x01, 0xE0, 0x01, 0xE0, 0x00, 0x00,
  0x01, 0xE0, 0x00, 0x00, 0x01, 0xE0, 0x00, 0x00, 0x01, 0xE0, 0x00, 0x00, 0x01, 0xFF, 0xFF, 0xF0,
  0x01, 0xFF, 0xFF, 0xF0, 0x01, 0xFF, 0xFF, 0xF0, 0x01, 0xFF, 0xFF, 0xF0, 0x00, 0x00, 0x00, 0x00,
  0x00, 0x00, 0x00, 0x00, 0x00, 0x00, 0x01, 0xE0, 0x07, 0xFF, 0xE1, 0xE0, 0x07, 0xFF, 0xE1, 0xE0,
  0x07, 0xFF, 0xE1, 0xE0, 0x07, 0xFF, 0xE1, 0xE0, 0x07, 0x80, 0x01, 0xE0, 0x07, 0x80, 0x01, 0xE0,
  0x07, 0x80, 0x01, 0xE0, 0x07, 0xFF, 0xE1, 0xE0, 0x07, 0xFF, 0xE1, 0xE0, 0x07, 0xFF, 0xE1, 0xE0,
  0x00, 0x3C, 0x01, 0xE0, 0x00, 0x3C, 0x01, 0xE0, 0x00, 0x3F, 0xF9, 0xE0, 0x3F, 0xFF, 0xF9, 0xE0,
  0x1F, 0xFF, 0xF9, 0xE0, 0x1F, 0xFF, 0x81, 0xE0, 0x00, 0x00, 0x00, 0x00, 0x00, 0x00, 0x00, 0x00,
  0x01, 0xE0, 0x01, 0xE0, 0x01, 0xE0, 0x01, 0xE0, 0x01, 0xFF, 0xFF, 0xE0, 0x01, 0xFF, 0xFF, 0xE0,
  0x01, 0xFF, 0xFF, 0xE0, 0x01, 0xE0, 0x01, 0xE0, 0x01, 0xE0, 0x01, 0xE0, 0x01, 0xE0, 0x01, 0xE0,
  0x01, 0xFF, 0xFF, 0xE0, 0x01, 0xFF, 0xFF, 0xE0, 0x01, 0xFF, 0xFF, 0xE0, 0x00, 0x00, 0x00, 0x00,
  0x00, 0x00, 0x00, 0x00, 0x00, 0x00, 0x00, 0x00, 0x03, 0xFF, 0xFF, 0xC0, 0x03, 0xFF, 0xFF, 0xC0,
  0x03, 0xFF, 0xFF, 0xC0, 0x03, 0xC0, 0x00, 0x00, 0x03, 0xC0, 0x00, 0x00, 0x03, 0xC0, 0x00, 0x00,
  0x03, 0xC0, 0x00, 0x00, 0x03, 0xC0, 0x00, 0x00, 0x03, 0xC0, 0x00, 0x00, 0x03, 0xFF, 0xFF, 0xC0,
  0x03, 0xFF, 0xFF, 0xC0, 0x03, 0xFF, 0xFF, 0xC0, 0x00, 0x00, 0x00, 0x00, 0x00, 0x00, 0x00, 0x00,
  0x00, 0x00, 0x00, 0x00, 0x3F, 0xFF, 0xFF, 0xFC, 0x3F, 0xFF, 0xFF, 0xFC, 0x3F, 0xFF, 0xFF, 0xFC,
  0x00, 0x03, 0xC0, 0x00, 0x00, 0x03, 0xC0, 0x00, 0x00, 0x03, 0xC0, 0x00, 0x00, 0x03, 0xC0, 0x00,
  0x00, 0x03, 0xC0, 0x00, 0x00, 0x03, 0xC0, 0x00, 0x00, 0x03, 0xC0, 0x00, 0x00, 0x03, 0xC0, 0x00,
  0x00, 0x03, 0xC0, 0x00, 0x00, 0x03, 0xC0, 0x00, 0x00, 0x00, 0x00, 0x00, 0x00, 0x00, 0x00, 0x00,
  0x00, 0x00, 0x00, 0x00, 0x03, 0xFF, 0xFF, 0xC0, 0x03, 0xFF, 0xFF, 0xC0, 0x03, 0xFF, 0xFF, 0xC0,
  0x03, 0xC0, 0x00, 0x00, 0x03, 0xC0, 0x00, 0x00, 0x03, 0xC0, 0x00, 0x00, 0x03, 0xC0, 0x00, 0x00,
  0x03, 0xFF, 0xFF, 0xC0, 0x03, 0xFF, 0xFF, 0xC0, 0x03, 0xFF, 0xFF, 0xC0, 0x00, 0x00, 0x00, 0x00,
  0x00, 0x00, 0x00, 0x00, 0x00, 0x00, 0x00, 0x00, 0x1F, 0xFF, 0xFF, 0xF8, 0x1F, 0xFF, 0xFF, 0xF8,
  0x1F, 0xFF, 0xFF, 0xF8, 0x00, 0x03, 0xC0, 0x00, 0x00, 0x03, 0xC0, 0x00, 0x00, 0x03, 0xC0, 0x00,
  0x03, 0xFF, 0xFF, 0xC0, 0x03, 0xFF, 0xFF, 0xC0, 0x03, 0xFF, 0xFF, 0xC0, 0x00, 0x00, 0x03, 0xC0,
  0x00, 0x00, 0x03, 0xC0, 0x00, 0x00, 0x03, 0xC0, 0x00, 0x00, 0x03, 0xC0, 0x00, 0x00, 0x03, 0xC0,
  0x00, 0x00, 0x03, 0xC0, 0x00, 0x00, 0x03, 0xC0, 0x00, 0x00, 0x00, 0x00, 0x00, 0x00, 0x00, 0x00,
  0x00, 0x00, 0x00, 0x00, 0x00, 0x00, 0x00, 0x00, 0x07, 0xFF, 0xFF, 0xC0, 0x07, 0xFF, 0xFF, 0xC0,
  0x07, 0xFF, 0xFF, 0xC0, 0x07, 0x80, 0x00, 0x00, 0x07, 0x80, 0x00, 0x00, 0x07, 0x80, 0x00, 0x00,
  0x07, 0x80, 0x00, 0x00, 0x07, 0xFF, 0xFF, 0xC0, 0x07, 0xFF, 0xFF, 0xC0, 0x07, 0xFF, 0xFF, 0xC0,
  0x00, 0x00, 0x00, 0x00, 0x3F, 0xFF, 0xFF, 0xF8, 0x3F, 0xFF, 0xFF, 0xF8, 0x3F, 0xFF, 0xFF, 0xF8,
  0x3F, 0xFF, 0xFF, 0xF8, 0x00, 0x07, 0x80, 0x00, 0x00, 0x07, 0x80, 0x00, 0x00, 0x3F, 0xF8, 0x00,
  0x00, 0xFF, 0xFF, 0x00, 0x03, 0xFF, 0xFF, 0x80, 0x07, 0xF8, 0x3F, 0xC0, 0x07, 0xC0, 0x07, 0xC0,
  0x07, 0x80, 0x03, 0xC0, 0x07, 0xC0, 0x07, 0xC0, 0x07, 0xE0, 0x0F, 0xC0, 0x03, 0xFF, 0xFF, 0x80,
  0x01, 0xFF, 0xFF, 0x00, 0x00, 0x3F, 0xF8, 0x00, 0x00, 0x00, 0x00, 0x00, 0x00, 0x00, 0x00, 0x00,
  0x00, 0x00, 0x00, 0x00, 0x00, 0x00, 0x01, 0xE0, 0x00, 0x00, 0x01, 0xE0, 0x07, 0xFF, 0xE1, 0xE0,
  0x07, 0xFF, 0xE1, 0xE0, 0x07, 0xFF, 0xE1, 0xE0, 0x07, 0x80, 0x01, 0xE0, 0x07, 0x80, 0x01, 0xE0,
  0x07, 0x80, 0x01, 0xE0, 0x07, 0x80, 0x01, 0xE0, 0x07, 0x80, 0x01, 0xE0, 0x07, 0xFF, 0xF1, 0xE0,
  0x07, 0xFF, 0xF1, 0xE0, 0x07, 0xFF, 0xF1, 0xE0, 0x00, 0x00, 0x01, 0xE0, 0x00, 0x00, 0x01, 0xE0,
  0x00, 0x00, 0x79, 0xE0, 0x3F, 0xFF, 0xFD, 0xE0, 0x3F, 0xFF, 0xFD, 0xE0, 0x1F, 0xFF, 0xF1, 0xE0,
  0x00, 0x3C, 0x01, 0xE0, 0x00, 0x3C, 0x01, 0xE0, 0x00, 0x3C, 0x01, 0xE0, 0x00, 0x3C, 0x01, 0xE0,
  0x00, 0x3C, 0x01, 0xE0, 0x00, 0x3C, 0x01, 0xE0, 0x00, 0x3C, 0x01, 0xE0, 0x00, 0x3C, 0x01, 0xE0,
  0x00, 0x3C, 0x01, 0xE0, 0x00, 0x3C, 0x01, 0xE0, 0x00, 0x00, 0x01, 0xE0, 0x00, 0x00, 0x00, 0x00,
  0x00, 0x00, 0x00, 0x00, 0x00, 0x00, 0x00, 0x00, 0x00, 0x00, 0x00, 0x00, 0x00, 0x00, 0x00, 0x00,
  0x07, 0xFF, 0xFF, 0xC0, 0x07, 0xFF, 0xFF, 0xC0, 0x07, 0xFF, 0xFF, 0xC0, 0x07, 0xC0, 0x00, 0x00,
  0x07, 0xC0, 0x00, 0x00, 0x07, 0xC0, 0x00, 0x00, 0x07, 0xC0, 0x00, 0x00, 0x07, 0xC0, 0x00, 0x00,
  0x07, 0xC0, 0x00, 0x00, 0x07, 0xC0, 0x00, 0x00, 0x07, 0xC0, 0x00, 0x00, 0x07, 0xFF, 0xFF, 0xC0,
  0x07, 0xFF, 0xFF, 0xC0, 0x07, 0xFF, 0xFF, 0xC0, 0x00, 0x00, 0x00, 0x00, 0x00, 0x00, 0x00, 0x00,
  0x00, 0x00, 0x00, 0x00, 0x00, 0x00, 0x00, 0x00, 0x00, 0x00, 0x00, 0x00, 0x00, 0x00, 0x00, 0x00,
  0x3F, 0xFF, 0xFF, 0xF8, 0x3F, 0xFF, 0xFF, 0xF8, 0x3F, 0xFF, 0xFF, 0xF8, 0x00, 0x00, 0x00, 0x00,
  0x00, 0x00, 0x00, 0x00, 0x00, 0x00, 0x00, 0x00, 0x00, 0x00, 0x00, 0x00, 0x00, 0x00, 0x00, 0x00,
  0x00, 0x00, 0x00, 0x00, 0x07, 0xFF, 0xFF, 0xC0, 0x07, 0xFF, 0xFF, 0xC0, 0x07, 0xFF, 0xFF, 0xC0,
  0x07, 0xC0, 0x00, 0x00, 0x07, 0xC0, 0x00, 0x00, 0x07, 0xC0, 0x00, 0x00, 0x07, 0xC0, 0x00, 0x00,
  0x07, 0xFF, 0xFF, 0xC0, 0x07, 0xFF, 0xFF, 0xC0, 0x07, 0xFF, 0xFF, 0xC0, 0x03, 0xFF, 0xFF, 0xC0,
  0x00, 0x00, 0x00, 0x00, 0x00, 0x00, 0x00, 0x00, 0x3F, 0xFF, 0xFF, 0xF8, 0x3F, 0xFF, 0xFF, 0xF8,
  0x3F, 0xFF, 0xFF, 0xF8, 0x00, 0x00, 0x00, 0x00, 0x00, 0x00, 0x00, 0x00, 0x00, 0x00, 0x00, 0x00,
  0x07, 0xFF, 0xFF, 0xC0, 0x07, 0xFF, 0xFF, 0xC0, 0x07, 0xFF, 0xFF, 0xC0, 0x00, 0x00, 0x03, 0xC0,
  0x00, 0x00, 0x03, 0xC0, 0x00, 0x00, 0x03, 0xC0, 0x00, 0x00, 0x03, 0xC0, 0x00, 0x00, 0x03, 0xC0,
  0x00, 0x00, 0x03, 0xC0, 0x00, 0x00, 0x03, 0xC0, 0x00, 0x00, 0x00, 0x00, 0x00, 0x00, 0x00, 0x00,
  0x00, 0x00, 0x00, 0x00, 0x07, 0xFF, 0xFF, 0xC0, 0x07, 0xFF, 0xFF, 0xC0, 0x07, 0xFF, 0xFF, 0xC0,
  0x07, 0xC0, 0x00, 0x00, 0x07, 0xC0, 0x00, 0x00, 0x07, 0xC0, 0x00, 0x00, 0x07, 0xC0, 0x00, 0x00,
  0x07, 0xC0, 0x00, 0x00, 0x07, 0xFF, 0xFF, 0xC0, 0x07, 0xFF, 0xFF, 0xC0, 0x07, 0xFF, 0xFF, 0xC0,
  0x00, 0x00, 0x00, 0x00, 0x00, 0x00, 0x00, 0x00, 0x00, 0x00, 0x00, 0x00, 0x3F, 0xFF, 0xFF, 0xF8,
  0x3F, 0xFF, 0xFF, 0xF8, 0x3F, 0xFF, 0xFF, 0xF8, 0x00, 0x00, 0x00, 0x00, 0x00, 0x00, 0x00, 0x00,
  0x03, 0x80, 0x00, 0x00, 0x07, 0xC0, 0x00, 0x00, 0x07, 0xC0, 0x00, 0x00, 0x07, 0xC0, 0x00, 0x00,
  0x07, 0xC0, 0x00, 0x00, 0x07, 0xC0, 0x00, 0x00, 0x07, 0xFF, 0xFF, 0xC0, 0x07, 0xFF, 0xFF, 0xC0,
  0x07, 0xFF, 0xFF, 0xC0, 0x07, 0xFF, 0xFF, 0xC0, 0x00, 0x00, 0x00, 0x00, 0x00, 0x00, 0x00, 0x00,
  0x00, 0x00, 0x00, 0x00, 0x00, 0x00, 0x00, 0x00, 0x03, 0xFF, 0xFF, 0xC0, 0x03, 0xFF, 0xFF, 0xC0,
  0x03, 0xFF, 0xFF, 0xC0, 0x03, 0xC0, 0x00, 0x00, 0x03, 0xC0, 0x00, 0x00, 0x03, 0xC0, 0x00, 0x00,
  0x07, 0xFF, 0xFF, 0xC0, 0x07, 0xFF, 0xFF, 0xC0, 0x07, 0xFF, 0xFF, 0xC0, 0x00, 0x00, 0x00, 0x00,
  0x00, 0x00, 0x00, 0x00, 0x3F, 0xFF, 0xFF, 0xF8, 0x3F, 0xFF, 0xFF, 0xF8, 0x3F, 0xFF, 0xFF, 0xF8,
  0x00, 0x00, 0x00, 0x00, 0x00, 0x00, 0x00, 0x00, 0x07, 0xFF, 0xFF, 0xC0, 0x07, 0xFF, 0xFF, 0xC0,
  0x07, 0xFF, 0xFF, 0xC0, 0x00, 0x00, 0x03, 0xC0, 0x00, 0x00, 0x03, 0xC0, 0x07, 0xFF, 0xFF, 0xC0,
  0x07, 0xFF, 0xFF, 0xC0, 0x07, 0xFF, 0xFF, 0xC0, 0x07, 0x80, 0x00, 0x00, 0x07, 0xFF, 0xFF, 0xE0,
  0x07, 0xFF, 0xFF, 0xE0, 0x07, 0xFF, 0xFF, 0xE0, 0x07, 0xFF, 0xFF, 0xE0, 0x00, 0x00, 0x00, 0x00,
  0x00, 0x00, 0x00, 0x00, 0x07, 0xFF, 0xFF, 0xC0, 0x07, 0xFF, 0xFF, 0xC0, 0x07, 0xFF, 0xFF, 0xC0,
  0x07, 0xC0, 0x00, 0x00, 0x07, 0xC0, 0x00, 0x00, 0x07, 0xC0, 0x00, 0x00, 0x07, 0xC0, 0x00, 0x00,
  0x07, 0xFF, 0xFF, 0xC0, 0x07, 0xFF, 0xFF, 0xC0, 0x07, 0xFF, 0xFF, 0xC0, 0x03, 0xFF, 0xFF, 0xC0,
  0x00, 0x00, 0x00, 0x00, 0x00, 0x00, 0x00, 0x00, 0x3F, 0xFF, 0xFF, 0xF8, 0x3F, 0xFF, 0xFF, 0xF8,
  0x3F, 0xFF, 0xFF, 0xF8, 0x00, 0x00, 0x00, 0x00, 0x00, 0x00, 0x00, 0x00, 0x07, 0xFF, 0xFF, 0xC0,
  0x07, 0xFF, 0xFF, 0xC0, 0x07, 0xFF, 0xFF, 0xC0, 0x07, 0x80, 0x03, 0xC0, 0x07, 0x80, 0x03, 0xC0,
  0x07, 0x80, 0x03, 0xC0, 0x07, 0x80, 0x03, 0xC0, 0x07, 0x80, 0x03, 0xC0, 0x07, 0xFF, 0xFF, 0xC0,
  0x07, 0xFF, 0xFF, 0xC0, 0x07, 0xFF, 0xFF, 0xC0, 0x00, 0x00, 0x00, 0x00, 0x00, 0x00, 0x00, 0x00,
  0x00, 0x00, 0x00, 0x00, 0x07, 0xFF, 0xFF, 0xC0, 0x07, 0xFF, 0xFF, 0xC0, 0x07, 0xFF, 0xFF, 0xC0,
  0x07, 0xC0, 0x00, 0x00, 0x07, 0xC0, 0x00, 0x00, 0x07, 0xC0, 0x00, 0x00, 0x07, 0xC0, 0x00, 0x00,
  0x07, 0xFF, 0xFF, 0xC0, 0x07, 0xFF, 0xFF, 0xC0, 0x07, 0xFF, 0xFF, 0xC0, 0x03, 0xFF, 0xFF, 0xC0,
  0x00, 0x00, 0x00, 0x00, 0x00, 0x00, 0x00, 0x00, 0x3F, 0xFF, 0xFF, 0xF8, 0x3F, 0xFF, 0xFF, 0xF8,
  0x3F, 0xFF, 0xFF, 0xF8, 0x00, 0x00, 0x00, 0x00, 0x00, 0x01, 0x80, 0x00, 0x00, 0x03, 0xC0, 0x00,
  0x00, 0x07, 0xC0, 0x00, 0x00, 0x07, 0xC0, 0x00, 0x00, 0x07, 0xE0, 0x00, 0x00, 0x0F, 0xF0, 0x00,
  0x00, 0x3F, 0xF8, 0x00, 0x00, 0xFE, 0x7F, 0x00, 0x0F, 0xFC, 0x3F, 0xE0, 0x0F, 0xF0, 0x1F, 0xE0,
  0x07, 0xC0, 0x07, 0xC0, 0x02, 0x00, 0x00, 0x40, 0x00, 0x00, 0x00, 0x00, 0x00, 0x00, 0x00, 0x00,
  0x00, 0x00, 0x00, 0x00, 0x07, 0xFF, 0xFF, 0xC0, 0x07, 0xFF, 0xFF, 0xC0, 0x07, 0xFF, 0xFF, 0xC0,
  0x07, 0xC0, 0x00, 0x00, 0x07, 0xC0, 0x00, 0x00, 0x07, 0xC0, 0x00, 0x00, 0x07, 0xC0, 0x00, 0x00,
  0x07, 0xFF, 0xFF, 0xC0, 0x07, 0xFF, 0xFF, 0xC0, 0x07, 0xFF, 0xFF, 0xC0, 0x03, 0xFF, 0xFF, 0xC0,
  0x00, 0x00, 0x00, 0x00, 0x00, 0x00, 0x00, 0x00, 0x3F, 0xFF, 0xFF, 0xF8, 0x3F, 0xFF, 0xFF, 0xF8,
  0x3F, 0xFF, 0xFF, 0xF8, 0x00, 0x00, 0x00, 0x00, 0x00, 0x00, 0x00, 0x00, 0x00, 0x3F, 0xF8, 0x00,
  0x00, 0xFF, 0xFE, 0x00, 0x03, 0xFF, 0xFF, 0x80, 0x03, 0xF0, 0x1F, 0x80, 0x07, 0xC0, 0x07, 0xC0,
  0x07, 0xC0, 0x03, 0xC0, 0x07, 0xC0, 0x07, 0xC0, 0x03, 0xF0, 0x1F, 0x80, 0x03, 0xFF, 0xFF, 0x80,
  0x00, 0xFF, 0xFE, 0x00, 0x00, 0x3F, 0xF8, 0x00, 0x00, 0x00, 0x00, 0x00, 0x00, 0x00, 0x00, 0x00,
  0x00, 0x00, 0x00, 0x00, 0x00, 0x00, 0x01, 0xE0, 0x00, 0x00, 0x01, 0xE0, 0x00, 0x00, 0x01, 0xE0,
  0x0F, 0xFF, 0xE1, 0xE0, 0x0F, 0xFF, 0xE1, 0xE0, 0x0F, 0xFF, 0xE1, 0xE0, 0x0F, 0x00, 0x01, 0xE0,
  0x0F, 0x00, 0x01, 0xE0, 0x0F, 0x00, 0x01, 0xE0, 0x0F, 0x00, 0x01, 0xE0, 0x0F, 0x00, 0x01, 0xE0,
  0x0F, 0x00, 0x01, 0xE0, 0x0F, 0x00, 0x01, 0xE0, 0x0F, 0x00, 0x01, 0xE0, 0x0F, 0x00, 0x01, 0xE0,
  0x0F, 0x00, 0x01, 0xE0, 0x0F, 0x00, 0x01, 0xE0, 0x0F, 0x00, 0x01, 0xE0, 0x0F, 0x00, 0x01, 0xE0,
  0x0F, 0x01, 0xF9, 0xE0, 0x0F, 0xFF, 0xF9, 0xE0, 0x0F, 0xFF, 0xF9, 0xE0, 0x0F, 0xFF, 0xE1, 0xE0,
  0x00, 0x00, 0x01, 0xE0, 0x00, 0x00, 0x01, 0xE0, 0x00, 0x00, 0x01, 0xE0, 0x00, 0x00, 0x01, 0xE0,
  0x00, 0x00, 0x01, 0xE0, 0x00, 0x00, 0x01, 0xE0, 0x00, 0x00, 0x01, 0xE0, 0x00, 0x00, 0x00, 0x00,
  0x00, 0x00, 0x00, 0x00, 0x00, 0x00, 0x01, 0xE0, 0x00, 0x00, 0x01, 0xE0, 0x0F, 0xFF, 0x81, 0xE0,
  0x0F, 0xFF, 0xC1, 0xE0, 0x0F, 0xFF, 0xC1, 0xE0, 0x0F, 0xFF, 0xC1, 0xE0, 0x0F, 0x00, 0x01, 0xE0,
  0x0F, 0x00, 0x01, 0xE0, 0x0F, 0x00, 0x01, 0xE0, 0x0F, 0x00, 0x01, 0xE0, 0x0F, 0x00, 0x01, 0xE0,
  0x0F, 0x00, 0x01, 0xE0, 0x0F, 0x00, 0x01, 0xE0, 0x0F, 0x00, 0x61, 0xE0, 0x0F, 0xFF, 0xF1, 0xE0,
  0x0F, 0xFF, 0xF1, 0xE0, 0x0F, 0xFF, 0xE1, 0xE0, 0x00, 0x00, 0x01, 0xE0, 0x00, 0x00, 0x01, 0xE0,
  0x00, 0x00, 0x01, 0xE0, 0x01, 0xE0, 0x01, 0xE0, 0x01, 0xE0, 0x01, 0xE0, 0x01, 0xE0, 0x00, 0x00,
  0x01, 0xE0, 0x00, 0x00, 0x01, 0xE0, 0x00, 0x00, 0x01, 0xE0, 0x00, 0x00, 0x01, 0xFF, 0xFF, 0xF0,
  0x01, 0xFF, 0xFF, 0xF0, 0x01, 0xFF, 0xFF, 0xF0, 0x01, 0xFF, 0xFF, 0xF0, 0x00, 0x00, 0x00, 0x00,
  0x00, 0x00, 0x00, 0x00, 0x00, 0x00, 0x03, 0xC0, 0x00, 0x00, 0x03, 0xC0, 0x00, 0x00, 0x03, 0xC0,
  0x1F, 0xEF, 0xF3, 0xC0, 0x1F, 0xEF, 0xF3, 0xC0, 0x1F, 0xEF, 0xF3, 0xC0, 0x1E, 0x0F, 0x03, 0xC0,
  0x1E, 0x0F, 0x03, 0xC0, 0x1E, 0x0F, 0x03, 0xC0, 0x1E, 0x0F, 0x03, 0xC0, 0x1E, 0x0F, 0x03, 0xC0,
  0x1E, 0x0F, 0x03, 0xC0, 0x1E, 0x0F, 0x03, 0xFC, 0x1E, 0x0F, 0x03, 0xFC, 0x1E, 0x0F, 0x03, 0xFC,
  0x1E, 0x0F, 0x03, 0xC0, 0x1E, 0x0F, 0x03, 0xC0, 0x1E, 0x0F, 0x03, 0xC0, 0x1E, 0x0F, 0x13, 0xC0,
  0x1F, 0xEF, 0xFB, 0xC0, 0x1F, 0xEF, 0xFB, 0xC0, 0x1F, 0xEF, 0xFB, 0xC0, 0x00, 0x00, 0x03, 0xC0,
  0x00, 0x00, 0x03, 0xC0, 0x00, 0x00, 0x03, 0xC0, 0x00, 0x00, 0x03, 0xC0, 0x00, 0x00, 0x03, 0xC0,
  0x00, 0x00, 0x03, 0xC0, 0x00, 0x00, 0x03, 0xC0, 0x00, 0x00, 0x03, 0xC0, 0x00, 0x00, 0x00, 0x00,
  0x00, 0x00, 0x00, 0x00, 0x00, 0x00, 0x03, 0xC0, 0x00, 0x00, 0x03, 0xC0, 0x00, 0x00, 0x03, 0xC0,
  0x1F, 0xEF, 0xF3, 0xC0, 0x1F, 0xEF, 0xF3, 0xC0, 0x1F, 0xEF, 0xF3, 0xC0, 0x1E, 0x0F, 0x03, 0xC0,
  0x1E, 0x0F, 0x03, 0xC0, 0x1E, 0x0F, 0x03, 0xFC, 0x1E, 0x0F, 0x03, 0xFC, 0x1E, 0x0F, 0x03, 0xFC,
  0x1E, 0x0F, 0x03, 0xC0, 0x1E, 0x2F, 0x03, 0xC0, 0x1F, 0xEF, 0xFB, 0xC0, 0x1F, 0xEF, 0xFB, 0xC0,
  0x1F, 0xEF, 0xFB, 0xC0, 0x00, 0x00, 0x03, 0xC0, 0x00, 0x00, 0x03, 0xC0, 0x00, 0x00, 0x00, 0x00,
  0x03, 0xFF, 0xFF, 0xC0, 0x03, 0xFF, 0xFF, 0xC0, 0x03, 0xFF, 0xFF, 0xC0, 0x00, 0x00, 0x03, 0xC0,
  0x00, 0x00, 0x03, 0xC0, 0x00, 0x00, 0x03, 0xC0, 0x00, 0x00, 0x03, 0xC0, 0x00, 0x00, 0x03, 0xC0,
  0x00, 0x00, 0x03, 0xC0, 0x00, 0x00, 0x03, 0xC0, 0x00, 0x00, 0x03, 0xC0, 0x00, 0x00, 0x00, 0x00,
  0x00, 0x00, 0x00, 0x00, 0x00, 0x00, 0x03, 0xC0, 0x00, 0x00, 0x03, 0xC0, 0x00, 0x00, 0x03, 0xC0,
  0x1F, 0xEF, 0xF3, 0xC0, 0x1F, 0xEF, 0xF3, 0xC0, 0x1F, 0xEF, 0xF3, 0xC0, 0x1E, 0x0F, 0x03, 0xC0,
  0x1E, 0x0F, 0x03, 0xC0, 0x1E, 0x0F, 0x03, 0xFC, 0x1E, 0x0F, 0x03, 0xFC, 0x1E, 0x0F, 0x03, 0xFC,
  0x1E, 0x0F, 0x03, 0xC0, 0x1E, 0x2F, 0x13, 0xC0, 0x1F, 0xEF, 0xFB, 0xC0, 0x1F, 0xEF, 0xFB, 0xC0,
  0x1F, 0xEF, 0xFB, 0xC0, 0x00, 0x00, 0x03, 0xC0, 0x00, 0x00, 0x03, 0xC0, 0x00, 0x1F, 0xF8, 0x00,
  0x00, 0x7F, 0xFF, 0x00, 0x01, 0xFF, 0xFF, 0x80, 0x03, 0xF8, 0x1F, 0xC0, 0x03, 0xE0, 0x07, 0xC0,
  0x03, 0xC0, 0x03, 0xC0, 0x03, 0xC0, 0x03, 0xC0, 0x03, 0xE0, 0x03, 0xC0, 0x03, 0xF8, 0x1F, 0xC0,
  0x01, 0xFF, 0xFF, 0x80, 0x00, 0xFF, 0xFF, 0x00, 0x00, 0x1F, 0xF8, 0x00, 0x00, 0x00, 0x00, 0x00,
  0x00, 0x00, 0x00, 0x00, 0x00, 0x00, 0x00, 0x70, 0x00, 0x00, 0x3C, 0xF0, 0x00, 0x00, 0x3C, 0xF0,
  0x00, 0x00, 0x3C, 0xF0, 0x1F, 0xBF, 0xBC, 0xF0, 0x1F, 0xBF, 0xBC, 0xF0, 0x1F, 0xBF, 0xBC, 0xF0,
  0x1E, 0x3C, 0x3C, 0xF0, 0x1E, 0x3C, 0x3C, 0xF0, 0x1E, 0x3C, 0x3C, 0xF0, 0x1E, 0x3C, 0x3C, 0xF0,
  0x1E, 0x3C, 0x3C, 0xF0, 0x1E, 0x3C, 0x3F, 0xF0, 0x1E, 0x3C, 0x3F, 0xF0, 0x1E, 0x3C, 0x3F, 0xF0,
  0x1E, 0x3C, 0x3C, 0xF0, 0x1E, 0x3C, 0x3C, 0xF0, 0x1E, 0x3C, 0x3C, 0xF0, 0x1E, 0x3C, 0x3C, 0xF0,
  0x1F, 0xFF, 0xFC, 0xF0, 0x1F, 0xFF, 0xFC, 0xF0, 0x1F, 0xFF, 0xFC, 0xF0, 0x1F, 0x1E, 0x3C, 0xF0,
  0x00, 0x00, 0x3C, 0xF0, 0x00, 0x00, 0x3C, 0xF0, 0x00, 0x00, 0x3C, 0xF0, 0x00, 0x00, 0x3C, 0xF0,
  0x00, 0x00, 0x3C, 0xF0, 0x00, 0x00, 0x1C, 0xF0, 0x00, 0x00, 0x00, 0xF0, 0x00, 0x00, 0x00, 0x00,
  0x00, 0x00, 0x00, 0x00, 0x00, 0x00, 0x01, 0xE0, 0x00, 0x00, 0x01, 0xE0, 0x00, 0x00, 0x01, 0xE0,
  0x1F, 0xEF, 0xF1, 0xE0, 0x1F, 0xEF, 0xF1, 0xE0, 0x1F, 0xEF, 0xF1, 0xE0, 0x1E, 0x0F, 0x01, 0xE0,
  0x1E, 0x0F, 0x01, 0xE0, 0x1E, 0x0F, 0x01, 0xE0, 0x1E, 0x0F, 0x01, 0xE0, 0x1E, 0x0F, 0x01, 0xE0,
  0x1E, 0x0F, 0x3F, 0xE0, 0x1E, 0x0F, 0x3F, 0xE0, 0x1E, 0x0F, 0x3F, 0xE0, 0x1E, 0x0F, 0x01, 0xE0,
  0x1E, 0x0F, 0x01, 0xE0, 0x1E, 0x0F, 0x01, 0xE0, 0x1E, 0x0F, 0x01, 0xE0, 0x1E, 0x0F, 0x19, 0xE0,
  0x1F, 0xEF, 0xF9, 0xE0, 0x1F, 0xEF, 0xF9, 0xE0, 0x1F, 0xEF, 0xF9, 0xE0, 0x00, 0x00, 0x01, 0xE0,
  0x00, 0x00, 0x01, 0xE0, 0x00, 0x00, 0x01, 0xE0, 0x00, 0x00, 0x01, 0xE0, 0x00, 0x00, 0x01, 0xE0,
  0x00, 0x00, 0x01, 0xE0, 0x00, 0x00, 0x01, 0xE0, 0x00, 0x00, 0x01, 0xE0, 0x00, 0x00, 0x00, 0x00,
  0x00, 0x00, 0x00, 0x00, 0x00, 0x00, 0x01, 0xE0, 0x00, 0x00, 0x01, 0xE0, 0x1F, 0xEF, 0xF1, 0xE0,
  0x1F, 0xEF, 0xF1, 0xE0, 0x1F, 0xEF, 0xF1, 0xE0, 0x1E, 0x0F, 0x01, 0xE0, 0x1E, 0x0F, 0x1F, 0xE0,
  0x1E, 0x0F, 0x1F, 0xE0, 0x1E, 0x0F, 0x1F, 0xE0, 0x1E, 0x0F, 0x01, 0xE0, 0x1E, 0x2F, 0x09, 0xE0,
  0x1F, 0xEF, 0xF9, 0xE0, 0x1F, 0xEF, 0xF9, 0xE0, 0x1F, 0xEF, 0xF9, 0xE0, 0x00, 0x00, 0x01, 0xE0,
  0x00, 0x00, 0x00, 0x00, 0x00, 0x00, 0x00, 0x00, 0x01, 0xFF, 0xFF, 0xE0, 0x01, 0xFF, 0xFF, 0xE0,
  0x01, 0xFF, 0xFF, 0xE0, 0x00, 0x00, 0x01, 0xE0, 0x01, 0xFF, 0xFF, 0xE0, 0x01, 0xFF, 0xFF, 0xE0,
  0x01, 0xFF, 0xFF, 0xE0, 0x01, 0xE0, 0x00, 0x00, 0x01, 0xE0, 0x00, 0x00, 0x01, 0xFF, 0xFF, 0xF0,
  0x01, 0xFF, 0xFF, 0xF0, 0x01, 0xFF, 0xFF, 0xF0, 0x01, 0xFF, 0xFF, 0xF0, 0x00, 0x00, 0x00, 0x00,
  0x00, 0x00, 0x00, 0x00, 0x00, 0x00, 0x00, 0x00, 0x00, 0x00, 0x00, 0x00, 0x00, 0x00, 0x00, 0x00,
  0x0F, 0xFE, 0xFF, 0xE0, 0x0F, 0xFE, 0xFF, 0xE0, 0x0F, 0xFE, 0xFF, 0xE0, 0x0F, 0x00, 0xF0, 0x00,
  0x0F, 0x00, 0xF0, 0x00, 0x0F, 0x00, 0xF0, 0x00, 0x0F, 0x00, 0xF0, 0x00, 0x0F, 0x00, 0xF0, 0x00,
  0x0F, 0x00, 0xF0, 0x00, 0x0F, 0x1E, 0xF0, 0x00, 0x0F, 0xFE, 0xFF, 0xE0, 0x0F, 0xFE, 0xFF, 0xE0,
  0x0F, 0xFE, 0xFF, 0xE0, 0x00, 0x00, 0x00, 0x00, 0x00, 0x07, 0x80, 0x00, 0x00, 0x07, 0x80, 0x00,
  0x00, 0x07, 0x80, 0x00, 0x00, 0x07, 0x80, 0x00, 0x00, 0x07, 0x80, 0x00, 0x00, 0x07, 0x80, 0x00,
  0x3F, 0xFF, 0xFF, 0xF8, 0x3F, 0xFF, 0xFF, 0xF8, 0x3F, 0xFF, 0xFF, 0xF8, 0x00, 0x00, 0x00, 0x00,
  0x00, 0x00, 0x00, 0x00, 0x00, 0x00, 0x00, 0x00, 0x00, 0x00, 0x00, 0x00, 0x00, 0x00, 0x00, 0x00,
  0x00, 0x00, 0x00, 0x00, 0x00, 0x00, 0x00, 0x00, 0x07, 0xFE, 0x7F, 0xE0, 0x07, 0xFE, 0x7F, 0xE0,
  0x07, 0xFE, 0x7F, 0xE0, 0x07, 0x80, 0x78, 0x00, 0x07, 0x80, 0x78, 0x00, 0x07, 0x80, 0x78, 0x00,
  0x07, 0x80, 0x78, 0x00, 0x07, 0x80, 0x78, 0x00, 0x07, 0x8F, 0x78, 0x00, 0x07, 0xFF, 0x7F, 0xE0,
  0x07, 0xFF, 0x7F, 0xE0, 0x07, 0xFF, 0x7F, 0xE0, 0x00, 0x00, 0x00, 0x00, 0x00, 0x00, 0x00, 0x00,
  0x00, 0x00, 0x00, 0x00, 0x3F, 0xFF, 0xFF, 0xF8, 0x3F, 0xFF, 0xFF, 0xF8, 0x3F, 0xFF, 0xFF, 0xF8,
  0x00, 0x03, 0xC0, 0x00, 0x00, 0x03, 0xC0, 0x00, 0x00, 0x03, 0xC0, 0x00, 0x00, 0x03, 0xC0, 0x00,
  0x00, 0x03, 0xC0, 0x00, 0x00, 0x03, 0xC0, 0x00, 0x00, 0x03, 0xC0, 0x00, 0x00, 0x03, 0xC0, 0x00,
  0x00, 0x03, 0xC0, 0x00, 0x00, 0x03, 0xC0, 0x00, 0x00, 0x00, 0x00, 0x00, 0x00, 0x00, 0x00, 0x00,
  0x00, 0x00, 0x00, 0x00, 0x00, 0x00, 0x01, 0xE0, 0x00, 0x00, 0x01, 0xE0, 0x0F, 0xF7, 0xF9, 0xE0,
  0x0F, 0xF7, 0xF9, 0xE0, 0x0F, 0xF7, 0xF9, 0xE0, 0x0F, 0x07, 0x81, 0xE0, 0x0F, 0x07, 0x81, 0xE0,
  0x0F, 0x07, 0x81, 0xE0, 0x0F, 0x07, 0x81, 0xE0, 0x0F, 0x37, 0x81, 0xE0, 0x0F, 0xF7, 0xF9, 0xE0,
  0x0F, 0xF7, 0xF9, 0xE0, 0x0F, 0xF7, 0xF9, 0xE0, 0x00, 0x00, 0x01, 0xE0, 0x00, 0x00, 0x01, 0xE0,
  0x00, 0x00, 0xFD, 0xE0, 0x3F, 0xFF, 0xFD, 0xE0, 0x3F, 0xFF, 0xFD, 0xE0, 0x1F, 0xFF, 0xF9, 0xE0,
  0x00, 0x3C, 0x01, 0xE0, 0x00, 0x3C, 0x01, 0xE0, 0x00, 0x3C, 0x01, 0xE0, 0x00, 0x3C, 0x01, 0xE0,
  0x00, 0x3C, 0x01, 0xE0, 0x00, 0x3C, 0x01, 0xE0, 0x00, 0x3C, 0x01, 0xE0, 0x00, 0x3C, 0x01, 0xE0,
  0x00, 0x3C, 0x01, 0xE0, 0x00, 0x3C, 0x01, 0xE0, 0x00, 0x00, 0x01, 0xE0, 0x00, 0x00, 0x00, 0x00,
  0x00, 0x00, 0x00, 0x00, 0x00, 0x00, 0x00, 0x00, 0x00, 0x00, 0x00, 0x00, 0x00, 0x00, 0x00, 0x00,
  0x0F, 0xFE, 0xFF, 0xE0, 0x0F, 0xFE, 0xFF, 0xE0, 0x0F, 0xFE, 0xFF, 0xE0, 0x0F, 0x80, 0xF0, 0x00,
  0x0F, 0x80, 0xF0, 0x00, 0x0F, 0x80, 0xF0, 0x00, 0x0F, 0x80, 0xF0, 0x00, 0x0F, 0x80, 0xF0, 0x00,
  0x0F, 0x80, 0xF0, 0x00, 0x0F, 0x80, 0xF0, 0x00, 0x0F, 0x86, 0xF0, 0x00, 0x0F, 0xFE, 0xFF, 0xE0,
  0x0F, 0xFF, 0xFF, 0xE0, 0x0F, 0xFE, 0xFF, 0xE0, 0x00, 0x00, 0x00, 0x00, 0x00, 0x00, 0x00, 0x00,
  0x00, 0x00, 0x00, 0x00, 0x00, 0x00, 0x00, 0x00, 0x00, 0x00, 0x00, 0x00, 0x00, 0x00, 0x00, 0x00,
  0x3F, 0xFF, 0xFF, 0xF8, 0x3F, 0xFF, 0xFF, 0xF8, 0x3F, 0xFF, 0xFF, 0xF8, 0x00, 0x00, 0x00, 0x00,
  0x00, 0x00, 0x00, 0x00, 0x00, 0x00, 0x00, 0x00, 0x00, 0x00, 0x00, 0x00, 0x00, 0x00, 0x00, 0x00,
  0x00, 0x00, 0x00, 0x00, 0x00, 0x00, 0x07, 0x80, 0x00, 0x00, 0x07, 0x80, 0x00, 0x00, 0x07, 0x80,
  0x1F, 0xFF, 0x87, 0x80, 0x1F, 0xFF, 0x87, 0x80, 0x1F, 0xFF, 0x87, 0x80, 0x00, 0x07, 0x87, 0x80,
  0x00, 0x07, 0x87, 0x80, 0x00, 0x07, 0x87, 0x80, 0x00, 0x07, 0x87, 0x80, 0x00, 0x07, 0x87, 0x80,
  0x1F, 0xFF, 0x87, 0x80, 0x1F, 0xFF, 0x87, 0xFC, 0x1F, 0xFF, 0x87, 0xFC, 0x1F, 0xFF, 0x07, 0xFC,
  0x1E, 0x00, 0x07, 0x80, 0x1E, 0x00, 0x07, 0x80, 0x1E, 0x00, 0x07, 0x80, 0x1E, 0x00, 0x07, 0x80,
  0x1E, 0x07, 0xE7, 0x80, 0x1F, 0xFF, 0xE7, 0x80, 0x1F, 0xFF, 0xF7, 0x80, 0x1F, 0xFF, 0x87, 0x80,
  0x00, 0x00, 0x07, 0x80, 0x00, 0x00, 0x07, 0x80, 0x00, 0x00, 0x07, 0x80, 0x00, 0x00, 0x07, 0x80,
  0x00, 0x00, 0x07, 0x80, 0x00, 0x00, 0x07, 0x80, 0x00, 0x00, 0x07, 0x80, 0x00, 0x00, 0x00, 0x00,
  0x00, 0x00, 0x00, 0x00, 0x00, 0x00, 0x07, 0x80, 0x00, 0x00, 0x07, 0x80, 0x1F, 0xFF, 0x87, 0x80,
  0x1F, 0xFF, 0x87, 0x80, 0x1F, 0xFF, 0x87, 0x80, 0x00, 0x07, 0x87, 0x80, 0x00, 0x07, 0x87, 0x80,
  0x00, 0x07, 0x87, 0x80, 0x1F, 0xFF, 0x87, 0x80, 0x1F, 0xFF, 0x87, 0xF8, 0x1F, 0xFF, 0x87, 0xF8,
  0x1E, 0x00, 0x07, 0xF8, 0x1E, 0x00, 0x07, 0x80, 0x1E, 0x00, 0x07, 0x80, 0x1E, 0x07, 0xE7, 0x80,
  0x1F, 0xFF, 0xF7, 0x80, 0x1F, 0xFF, 0xF7, 0x80, 0x1F, 0xFF, 0xC7, 0x80, 0x00, 0x00, 0x07, 0x80,
  0x00, 0x00, 0x07, 0x80, 0x03, 0xE0, 0x07, 0x80, 0x03, 0xE0, 0x07, 0x80, 0x03, 0xE0, 0x00, 0x00,
  0x03, 0xE0, 0x00, 0x00, 0x03, 0xE0, 0x00, 0x00, 0x03, 0xE0, 0x00, 0x00, 0x03, 0xFF, 0xFF, 0xE0,
  0x03, 0xFF, 0xFF, 0xE0, 0x03, 0xFF, 0xFF, 0xE0, 0x03, 0xFF, 0xFF, 0xE0, 0x00, 0x00, 0x00, 0x00,
  0x00, 0x00, 0x00, 0x00, 0x00, 0x00, 0x07, 0x80, 0x00, 0x00, 0x07, 0x80, 0x1F, 0xFF, 0x87, 0x80,
  0x1F, 0xFF, 0x87, 0x80, 0x1F, 0xFF, 0x87, 0x80, 0x00, 0x07, 0x87, 0x80, 0x00, 0x07, 0x87, 0x80,
  0x1F, 0xFF, 0x87, 0xF8, 0x1F, 0xFF, 0x87, 0xF8, 0x1F, 0xFF, 0x87, 0xF8, 0x1E, 0x00, 0x07, 0x80,
  0x1E, 0x00, 0x07, 0x80, 0x1E, 0x00, 0xE7, 0x80, 0x1F, 0xFF, 0xE7, 0x80, 0x1F, 0xFF, 0xF7, 0x80,
  0x1F, 0xFF, 0xE7, 0x80, 0x1F, 0xE0, 0x07, 0x80, 0x00, 0x00, 0x07, 0x80, 0x00, 0x00, 0x00, 0x00,
  0x03, 0xFF, 0xFF, 0x80, 0x03, 0xFF, 0xFF, 0x80, 0x03, 0xFF, 0xFF, 0x80, 0x03, 0xC0, 0x07, 0x80,
  0x03, 0xC0, 0x07, 0x80, 0x03, 0xC0, 0x07, 0x80, 0x03, 0xC0, 0x07, 0x80, 0x03, 0xC0, 0x07, 0x80,
  0x03, 0xFF, 0xFF, 0x80, 0x03, 0xFF, 0xFF, 0x80, 0x03, 0xFF, 0xFF, 0x80, 0x00, 0x00, 0x00, 0x00,
  0x00, 0x00, 0x00, 0x00, 0x00, 0x00, 0x07, 0x80, 0x00, 0x00, 0x07, 0x80, 0x1F, 0xFF, 0x87, 0x80,
  0x1F, 0xFF, 0x87, 0x80, 0x1F, 0xFF, 0x87, 0x80, 0x00, 0x07, 0x87, 0x80, 0x00, 0x07, 0x87, 0x80,
  0x1F, 0xFF, 0x87, 0xF8, 0x1F, 0xFF, 0x87, 0xF8, 0x1F, 0xFF, 0x87, 0xF8, 0x1E, 0x00, 0x07, 0x80,
  0x1E, 0x00, 0x07, 0x80, 0x1E, 0x01, 0xE7, 0x80, 0x1F, 0xFF, 0xE7, 0x80, 0x1F, 0xFF, 0xF7, 0x80,
  0x1F, 0xFF, 0xE7, 0x80, 0x00, 0x00, 0x07, 0x80, 0x00, 0x00, 0x03, 0x80, 0x00, 0xF0, 0x1E, 0x00,
  0x00, 0xF0, 0x1E, 0x00, 0x00, 0xF0, 0x1E, 0x00, 0x00, 0xF0, 0x1F, 0x00, 0x01, 0xF8, 0x3F, 0x00,
  0x01, 0xF8, 0x3F, 0x80, 0x03, 0xFC, 0x7F, 0x80, 0x07, 0xDE, 0xFB, 0xE0, 0x1F, 0x9F, 0xF3, 0xF0,
  0x1F, 0x0F, 0xE1, 0xF0, 0x0E, 0x07, 0xC0, 0x60, 0x00, 0x01, 0x80, 0x00, 0x00, 0x00, 0x00, 0x00,
  0x00, 0x00, 0x00, 0x00, 0x00, 0x00, 0x03, 0xC0, 0x00, 0x00, 0x07, 0xC0, 0x1F, 0xFF, 0x87, 0xC0,
  0x1F, 0xFF, 0x87, 0xC0, 0x1F, 0xFF, 0x87, 0xC0, 0x00, 0x07, 0x87, 0xC0, 0x00, 0x07, 0x87, 0xC0,
  0x00, 0x07, 0x87, 0xF8, 0x1F, 0xFF, 0x87, 0xFC, 0x1F, 0xFF, 0x87, 0xFC, 0x1F, 0xFF, 0x87, 0xF8,
  0x1E, 0x00, 0x07, 0xC0, 0x1E, 0x00, 0x07, 0xC0, 0x1E, 0x01, 0xF7, 0xC0, 0x1F, 0xFF, 0xF7, 0xC0,
  0x1F, 0xFF, 0xF7, 0xC0, 0x1F, 0xFF, 0xE7, 0xC0, 0x00, 0x00, 0x07, 0xC0, 0x00, 0x00, 0x00, 0x00,
  0x00, 0x3F, 0xF8, 0x00, 0x00, 0xFF, 0xFE, 0x00, 0x01, 0xFF, 0xFF, 0x80, 0x03, 0xF0, 0x1F, 0x80,
  0x03, 0xC0, 0x07, 0xC0, 0x03, 0xC0, 0x03, 0xC0, 0x03, 0xC0, 0x07, 0xC0, 0x03, 0xF0, 0x0F, 0x80,
  0x01, 0xFF, 0xFF, 0x80, 0x00, 0xFF, 0xFE, 0x00, 0x00, 0x3F, 0xF8, 0x00, 0x00, 0x00, 0x00, 0x00,
  0x00, 0x00, 0x00, 0x00, 0x00, 0x00, 0x38, 0xF0, 0x00, 0x00, 0x78, 0xF0, 0x00, 0x00, 0x78, 0xF0,
  0x1F, 0xFE, 0x78, 0xF0, 0x1F, 0xFE, 0x78, 0xF0, 0x1F, 0xFE, 0x78, 0xF0, 0x00, 0x1E, 0x78, 0xF0,
  0x00, 0x1E, 0x78, 0xF0, 0x00, 0x1E, 0x78, 0xF0, 0x00, 0x1E, 0x78, 0xF0, 0x00, 0x1E, 0x78, 0xF0,
  0x0F, 0xFE, 0x78, 0xF0, 0x1F, 0xFE, 0x7F, 0xF0, 0x1F, 0xFE, 0x7F, 0xF0, 0x1F, 0xFE, 0x7F, 0xF0,
  0x1E, 0x00, 0x78, 0xF0, 0x1E, 0x00, 0x78, 0xF0, 0x1E, 0x00, 0x78, 0xF0, 0x1E, 0x00, 0x78, 0xF0,
  0x1E, 0x07, 0x78, 0xF0, 0x1F, 0xFF, 0x78, 0xF0, 0x1F, 0xFF, 0x78, 0xF0, 0x1F, 0xFF, 0x78, 0xF0,
  0x00, 0x00, 0x78, 0xF0, 0x00, 0x00, 0x78, 0xF0, 0x00, 0x00, 0x78, 0xF0, 0x00, 0x00, 0x78, 0xF0,
  0x00, 0x00, 0x78, 0xF0, 0x00, 0x00, 0x38, 0xF0, 0x00, 0x00, 0x00, 0xF0, 0x00, 0x00, 0x00, 0x00,
  0x00, 0x00, 0x00, 0x00, 0x00, 0x00, 0x01, 0xE0, 0x00, 0x00, 0x79, 0xE0, 0x1F, 0xFE, 0x79, 0xE0,
  0x1F, 0xFE, 0x79, 0xE0, 0x1F, 0xFE, 0x79, 0xE0, 0x00, 0x1E, 0x79, 0xE0, 0x00, 0x1E, 0x79, 0xE0,
  0x1F, 0xFE, 0x7F, 0xE0, 0x1F, 0xFE, 0x7F, 0xE0, 0x1F, 0xFE, 0x7F, 0xE0, 0x1E, 0x00, 0x79, 0xE0,
  0x1E, 0x00, 0x79, 0xE0, 0x1E, 0x07, 0x79, 0xE0, 0x1F, 0xFF, 0x79, 0xE0, 0x1F, 0xFF, 0x79, 0xE0,
  0x1F, 0xFF, 0x79, 0xE0, 0x00, 0x00, 0x79, 0xE0, 0x00, 0x00, 0x00, 0x00, 0x01, 0xE0, 0x01, 0xE0,
  0x01, 0xF0, 0x01, 0xE0, 0x01, 0xF0, 0x01, 0xE0, 0x01, 0xFF, 0xFF, 0xE0, 0x01, 0xFF, 0xFF, 0xE0,
  0x01, 0xFF, 0xFF, 0xE0, 0x01, 0xF0, 0x01, 0xE0, 0x01, 0xF0, 0x01, 0xE0, 0x01, 0xF0, 0x01, 0xE0,
  0x01, 0xFF, 0xFF, 0xE0, 0x01, 0xFF, 0xFF, 0xE0, 0x01, 0xFF, 0xFF, 0xE0, 0x00, 0x00, 0x00, 0x00,
  0x00, 0x00, 0x00, 0x00, 0x00, 0x00, 0x01, 0xE0, 0x00, 0x00, 0x01, 0xE0, 0x00, 0x00, 0x01, 0xE0,
  0x1F, 0xFF, 0x81, 0xE0, 0x1F, 0xFF, 0x81, 0xE0, 0x1F, 0xFF, 0x81, 0xE0, 0x00, 0x07, 0x81, 0xE0,
  0x00, 0x07, 0x81, 0xE0, 0x00, 0x07, 0x81, 0xE0, 0x00, 0x07, 0x81, 0xE0, 0x0F, 0xFF, 0x81, 0xE0,
  0x1F, 0xFF, 0xBF, 0xE0, 0x1F, 0xFF, 0xBF, 0xE0, 0x1F, 0xFF, 0xBF, 0xE0, 0x1E, 0x00, 0x01, 0xE0,
  0x1E, 0x00, 0x01, 0xE0, 0x1E, 0x00, 0x01, 0xE0, 0x1E, 0x00, 0x01, 0xE0, 0x1E, 0x00, 0x01, 0xE0,
  0x1E, 0x01, 0xE1, 0xE0, 0x1F, 0xFF, 0xE1, 0xE0, 0x1F, 0xFF, 0xE1, 0xE0, 0x1F, 0xFF, 0xE1, 0xE0,
  0x00, 0x00, 0x01, 0xE0, 0x00, 0x00, 0x01, 0xE0, 0x00, 0x00, 0x01, 0xE0, 0x00, 0x00, 0x01, 0xE0,
  0x00, 0x00, 0x01, 0xE0, 0x00, 0x00, 0x01, 0xE0, 0x00, 0x00, 0x01, 0xE0, 0x00, 0x00, 0x00, 0x00,
  0x00, 0x00, 0x00, 0x00, 0x00, 0x00, 0x01, 0xE0, 0x00, 0x00, 0x01, 0xE0, 0x1F, 0xFF, 0x81, 0xE0,
  0x1F, 0xFF, 0x81, 0xE0, 0x1F, 0xFF, 0x81, 0xE0, 0x00, 0x07, 0x81, 0xE0, 0x00, 0x07, 0x81, 0xE0,
  0x00, 0x07, 0xBF, 0xE0, 0x1F, 0xFF, 0xBF, 0xE0, 0x1F, 0xFF, 0xBF, 0xE0, 0x1F, 0xFF, 0x9F, 0xE0,
  0x1E, 0x00, 0x01, 0xE0, 0x1E, 0x00, 0x01, 0xE0, 0x1E, 0x01, 0xE1, 0xE0, 0x1F, 0xFF, 0xE1, 0xE0,
  0x1F, 0xFF, 0xE1, 0xE0, 0x1F, 0xFF, 0xE1, 0xE0, 0x00, 0x00, 0x01, 0xE0, 0x00, 0x00, 0x01, 0xE0,
  0x00, 0x00, 0x00, 0x00, 0x03, 0xFF, 0xFF, 0xE0, 0x03, 0xFF, 0xFF, 0xE0, 0x03, 0xFF, 0xFF, 0xE0,
  0x00, 0x00, 0x01, 0xE0, 0x00, 0x00, 0x01, 0xE0, 0x00, 0x00, 0x01, 0xE0, 0x00, 0x00, 0x01, 0xE0,
  0x00, 0x00, 0x01, 0xE0, 0x00, 0x00, 0x01, 0xE0, 0x00, 0x00, 0x01, 0xE0, 0x00, 0x00, 0x00, 0x00,
  0x00, 0x00, 0x00, 0x00, 0x00, 0x00, 0x01, 0xE0, 0x00, 0x00, 0x01, 0xE0, 0x1F, 0xFF, 0x81, 0xE0,
  0x1F, 0xFF, 0x81, 0xE0, 0x1F, 0xFF, 0x81, 0xE0, 0x00, 0x07, 0x81, 0xE0, 0x00, 0x07, 0x81, 0xE0,
  0x00, 0x07, 0x9F, 0xE0, 0x00, 0x07, 0xBF, 0xE0, 0x1F, 0xFF, 0xBF, 0xE0, 0x1F, 0xFF, 0xBF, 0xE0,
  0x1F, 0xFF, 0x81, 0xE0, 0x1E, 0x00, 0x01, 0xE0, 0x1E, 0x00, 0x01, 0xE0, 0x1E, 0x00, 0xE1, 0xE0,
  0x1F, 0xFF, 0xE1, 0xE0, 0x1F, 0xFF, 0xE1, 0xE0, 0x1F, 0xFF, 0xE1, 0xE0, 0x00, 0x00, 0x01, 0xE0,
  0x00, 0x00, 0x01, 0xE0, 0x01, 0xE0, 0x01, 0xE0, 0x01, 0xE0, 0x01, 0xE0, 0x01, 0xE0, 0x00, 0x00,
  0x01, 0xE0, 0x00, 0x00, 0x01, 0xE0, 0x00, 0x00, 0x01, 0xE0, 0x00, 0x00, 0x01, 0xFF, 0xFF, 0xF0,
  0x01, 0xFF, 0xFF, 0xF0, 0x01, 0xFF, 0xFF, 0xF0, 0x01, 0xFF, 0xFF, 0xF0, 0x00, 0x00, 0x00, 0x00,
  0x00, 0x00, 0x00, 0x00, 0x00, 0x00, 0x01, 0xE0, 0x00, 0x00, 0x01, 0xE0, 0x1F, 0xFF, 0x81, 0xE0,
  0x1F, 0xFF, 0x81, 0xE0, 0x1F, 0xFF, 0x81, 0xE0, 0x00, 0x07, 0x81, 0xE0, 0x00, 0x07, 0x81, 0xE0,
  0x00, 0x07, 0xBF, 0xE0, 0x1F, 0xFF, 0xBF, 0xE0, 0x1F, 0xFF, 0xBF, 0xE0, 0x1F, 0xFF, 0x81, 0xE0,
  0x1E, 0x00, 0x01, 0xE0, 0x1E, 0x00, 0x01, 0xE0, 0x1F, 0xFF, 0xE1, 0xE0, 0x1F, 0xFF, 0xE1, 0xE0,
  0x1F, 0xFF, 0xE1, 0xE0, 0x1F, 0xFE, 0x01, 0xE0, 0x00, 0x00, 0x01, 0xE0, 0x00, 0x00, 0x00, 0x00,
  0x01, 0xFF, 0xFF, 0xE0, 0x01, 0xFF, 0xFF, 0xE0, 0x01, 0xFF, 0xFF, 0xE0, 0x01, 0xE0, 0x01, 0xE0,
  0x01, 0xE0, 0x01, 0xE0, 0x01, 0xE0, 0x01, 0xE0, 0x01, 0xE0, 0x01, 0xE0, 0x01, 0xE0, 0x01, 0xE0,
  0x01, 0xFF, 0xFF, 0xE0, 0x01, 0xFF, 0xFF, 0xE0, 0x01, 0xFF, 0xFF, 0xE0, 0x00, 0x00, 0x00, 0x00,
  0x00, 0x00, 0x00, 0x00, 0x00, 0x00, 0x00, 0xE0, 0x00, 0x00, 0x3C, 0xF0, 0x00, 0x00, 0x3C, 0xF0,
  0x1F, 0xFC, 0x3C, 0xF0, 0x1F, 0xFC, 0x3C, 0xF0, 0x1F, 0xFC, 0x3C, 0xF0, 0x00, 0x3C, 0x3C, 0xF0,
  0x00, 0x3C, 0x3C, 0xF0, 0x00, 0x3C, 0x3C, 0xF0, 0x00, 0x3C, 0x3C, 0xF0, 0x00, 0x3D, 0xFC, 0xF0,
  0x1F, 0xFD, 0xFC, 0xF0, 0x1F, 0xFD, 0xFC, 0xF0, 0x1F, 0xFD, 0xFC, 0xF0, 0x1E, 0x00, 0x3C, 0xF0,
  0x1E, 0x00, 0x3C, 0xF0, 0x1E, 0x00, 0x3C, 0xF0, 0x1E, 0x00, 0x3C, 0xF0, 0x1E, 0x00, 0x3C, 0xF0,
  0x1E, 0xFF, 0x3C, 0xF0, 0x1F, 0xFF, 0x3C, 0xF0, 0x1F, 0xFF, 0x3C, 0xF0, 0x1F, 0xFE, 0x3C, 0xF0,
  0x00, 0x00, 0x3C, 0xF0, 0x00, 0x00, 0x3C, 0xF0, 0x00, 0x00, 0x3C, 0xF0, 0x00, 0x00, 0x3C, 0xF0,
  0x00, 0x00, 0x3C, 0xF0, 0x00, 0x00, 0x3C, 0xF0, 0x00, 0x00, 0x00, 0xF0, 0x00, 0x00, 0x00, 0x00,
  0x00, 0x00, 0x00, 0x00, 0x00, 0x00, 0x01, 0xE0, 0x00, 0x00, 0x79, 0xE0, 0x1F, 0xFC, 0x79, 0xE0,
  0x1F, 0xFC, 0x79, 0xE0, 0x1F, 0xFC, 0x79, 0xE0, 0x1F, 0xFC, 0x79, 0xE0, 0x00, 0x3C, 0x79, 0xE0,
  0x00, 0x3F, 0xF9, 0xE0, 0x1F, 0xFF, 0xF9, 0xE0, 0x1F, 0xFF, 0xF9, 0xE0, 0x1F, 0xFD, 0xF9, 0xE0,
  0x1E, 0x00, 0x79, 0xE0, 0x1E, 0x00, 0x79, 0xE0, 0x1E, 0x00, 0x79, 0xE0, 0x1F, 0xFF, 0x79, 0xE0,
  0x1F, 0xFF, 0x79, 0xE0, 0x1F, 0xFF, 0x79, 0xE0, 0x1F, 0xF0, 0x79, 0xE0, 0x00, 0x00, 0x00, 0xE0,
  0x00, 0x00, 0x00, 0x00, 0x01, 0xFF, 0xFF, 0xE0, 0x01, 0xFF, 0xFF, 0xE0, 0x01, 0xFF, 0xFF, 0xE0,
  0x00, 0x00, 0x01, 0xE0, 0x00, 0x00, 0x01, 0xE0, 0x00, 0x00, 0x01, 0xE0, 0x00, 0x00, 0x01, 0xE0,
  0x00, 0x00, 0x01, 0xE0, 0x00, 0x00, 0x01, 0xE0, 0x00, 0x00, 0x01, 0xE0, 0x00, 0x00, 0x00, 0x00,
  0x00, 0x00, 0x00, 0x00, 0x00, 0x00, 0x01, 0xE0, 0x00, 0x00, 0x3D, 0xE0, 0x1F, 0xFC, 0x3D, 0xE0,
  0x1F, 0xFC, 0x3D, 0xE0, 0x1F, 0xFC, 0x3D, 0xE0, 0x1F, 0xFC, 0x3D, 0xE0, 0x00, 0x3C, 0x3D, 0xE0,
  0x00, 0x3D, 0xFD, 0xE0, 0x1F, 0xFD, 0xFD, 0xE0, 0x1F, 0xFD, 0xFD, 0xE0, 0x1F, 0xFC, 0x3D, 0xE0,
  0x1E, 0x00, 0x3D, 0xE0, 0x1E, 0x00, 0x3D, 0xE0, 0x1E, 0x00, 0x3D, 0xE0, 0x1F, 0xFF, 0x3D, 0xE0,
  0x1F, 0xFF, 0x3D, 0xE0, 0x1F, 0xFF, 0x3D, 0xE0, 0x1F, 0xF0, 0x3D, 0xE0, 0x00, 0x00, 0xE1, 0xE0,
  0x00, 0x01, 0xF1, 0xE0, 0x00, 0x01, 0xF0, 0x00, 0x00, 0x01, 0xF0, 0x00, 0x00, 0x03, 0xF8, 0x00,
  0x00, 0x07, 0xFC, 0x00, 0x00, 0x1F, 0xFE, 0x00, 0x00, 0x7F, 0x3F, 0x80, 0x03, 0xFE, 0x1F, 0xF0,
  0x03, 0xFC, 0x07, 0xF0, 0x03, 0xE0, 0x01, 0xF0, 0x00, 0x00, 0x00, 0x00, 0x00, 0x00, 0x00, 0x00,
  0x00, 0x00, 0x00, 0x00, 0x00, 0x00, 0x01, 0xE0, 0x00, 0x00, 0x01, 0xE0, 0x00, 0x00, 0x01, 0xE0,
  0x1F, 0xFF, 0x01, 0xE0, 0x1F, 0xFF, 0x01, 0xE0, 0x1F, 0xFF, 0x01, 0xE0, 0x00, 0x0F, 0x01, 0xE0,
  0x00, 0x0F, 0x3F, 0xE0, 0x00, 0x0F, 0x3F, 0xE0, 0x00, 0x0F, 0x3F, 0xE0, 0x00, 0x0F, 0x01, 0xE0,
  0x1F, 0xFF, 0x01, 0xE0, 0x1F, 0xFF, 0x01, 0xE0, 0x1F, 0xFF, 0x01, 0xE0, 0x1E, 0x00, 0x01, 0xE0,
  0x1E, 0x00, 0x3F, 0xE0, 0x1E, 0x00, 0x3F, 0xE0, 0x1E, 0x00, 0x3F, 0xE0, 0x1E, 0x00, 0x01, 0xE0,
  0x1E, 0x01, 0xC1, 0xE0, 0x1F, 0xFF, 0xC1, 0xE0, 0x1F, 0xFF, 0xC1, 0xE0, 0x1F, 0xFF, 0xC1, 0xE0,
  0x00, 0x00, 0x01, 0xE0, 0x00, 0x00, 0x01, 0xE0, 0x00, 0x00, 0x01, 0xE0, 0x00, 0x00, 0x01, 0xE0,
  0x00, 0x00, 0x01, 0xE0, 0x00, 0x00, 0x01, 0xE0, 0x00, 0x00, 0x01, 0xE0, 0x00, 0x00, 0x00, 0x00,
  0x00, 0x00, 0x00, 0x00, 0x00, 0x00, 0x01, 0xE0, 0x00, 0x00, 0x01, 0xE0, 0x1F, 0xFF, 0x01, 0xE0,
  0x1F, 0xFF, 0x01, 0xE0, 0x1F, 0xFF, 0x3F, 0xE0, 0x00, 0x0F, 0x3F, 0xE0, 0x00, 0x0F, 0x3F, 0xE0,
  0x00, 0x0F, 0x3F, 0xE0, 0x1F, 0xFF, 0x01, 0xE0, 0x1F, 0xFF, 0x01, 0xE0, 0x1F, 0xFF, 0x3F, 0xE0,
  0x1E, 0x00, 0x3F, 0xE0, 0x1E, 0x00, 0x3F, 0xE0, 0x1E, 0x01, 0xBF, 0xE0, 0x1F, 0xFF, 0xC1, 0xE0,
  0x1F, 0xFF, 0xC1, 0xE0, 0x1F, 0xFF, 0xC1, 0xE0, 0x00, 0x00, 0x01, 0xE0, 0x00, 0x00, 0x01, 0xE0,
  0x00, 0x00, 0x00, 0x00, 0x03, 0xFF, 0xFF, 0xE0, 0x03, 0xFF, 0xFF, 0xE0, 0x03, 0xFF, 0xFF, 0xE0,
  0x00, 0x00, 0x01, 0xE0, 0x00, 0x00, 0x01, 0xE0, 0x00, 0x00, 0x01, 0xE0, 0x00, 0x00, 0x01, 0xE0,
  0x00, 0x00, 0x01, 0xE0, 0x00, 0x00, 0x01, 0xE0, 0x00, 0x00, 0x01, 0xE0, 0x00, 0x00, 0x00, 0x00,
  0x00, 0x00, 0x00, 0x00, 0x00, 0x00, 0x01, 0xE0, 0x00, 0x00, 0x01, 0xE0, 0x1F, 0xFF, 0x01, 0xE0,
  0x1F, 0xFF, 0x01, 0xE0, 0x1F, 0xFF, 0x01, 0xE0, 0x1F, 0xFF, 0x3F, 0xE0, 0x00, 0x0F, 0x3F, 0xE0,
  0x00, 0x0F, 0x3F, 0xE0, 0x00, 0x0F, 0x01, 0xE0, 0x1F, 0xFF, 0x01, 0xE0, 0x1F, 0xFF, 0x01, 0xE0,
  0x1F, 0xFF, 0x01, 0xE0, 0x1E, 0x00, 0x3F, 0xE0, 0x1E, 0x00, 0x3F, 0xE0, 0x1E, 0x01, 0xBF, 0xE0,
  0x1F, 0xFF, 0xC1, 0xE0, 0x1F, 0xFF, 0xC1, 0xE0, 0x1F, 0xFF, 0xC1, 0xE0, 0x00, 0x00, 0x01, 0xE0,
  0x00, 0x00, 0x01, 0xE0, 0x01, 0xE0, 0x01, 0xE0, 0x01, 0xE0, 0x01, 0xE0, 0x01, 0xE0, 0x00, 0x00,
  0x01, 0xE0, 0x00, 0x00, 0x01, 0xE0, 0x00, 0x00, 0x01, 0xE0, 0x00, 0x00, 0x01, 0xFF, 0xFF, 0xF0,
  0x01, 0xFF, 0xFF, 0xF0, 0x01, 0xFF, 0xFF, 0xF0, 0x01, 0xFF, 0xFF, 0xF0, 0x00, 0x00, 0x00, 0x00,
  0x00, 0x00, 0x00, 0x00, 0x00, 0x00, 0x01, 0xE0, 0x1F, 0xFF, 0x01, 0xE0, 0x1F, 0xFF, 0x01, 0xE0,
  0x1F, 0xFF, 0x01, 0xE0, 0x1F, 0xFF, 0x3F, 0xE0, 0x00, 0x0F, 0x3F, 0xE0, 0x00, 0x0F, 0x3F, 0xE0,
  0x00, 0x0F, 0x01, 0xE0, 0x1F, 0xFF, 0x01, 0xE0, 0x1F, 0xFF, 0x01, 0xE0, 0x1F, 0xFF, 0x3F, 0xE0,
  0x1E, 0x00, 0x3F, 0xE0, 0x1E, 0x00, 0x3F, 0xE0, 0x1F, 0xFF, 0xC1, 0xE0, 0x1F, 0xFF, 0xC1, 0xE0,
  0x1F, 0xFF, 0xC1, 0xE0, 0x1F, 0xFE, 0x01, 0xE0, 0x00, 0x00, 0x01, 0xE0, 0x00, 0x78, 0x0F, 0x00,
  0x00, 0x78, 0x0F, 0x00, 0x00, 0x78, 0x0F, 0x00, 0x00, 0x78, 0x0F, 0x00, 0x00, 0xFC, 0x1F, 0x80,
  0x00, 0xFC, 0x1F, 0x80, 0x01, 0xFE, 0x3F, 0xC0, 0x03, 0xFF, 0x7F, 0xE0, 0x0F, 0xCF, 0xF9, 0xF8,
  0x0F, 0x87, 0xF0, 0xF8, 0x0F, 0x03, 0xE0, 0x78, 0x04, 0x01, 0xC0, 0x10, 0x00, 0x00, 0x00, 0x00,
  0x00, 0x00, 0x00, 0x00, 0x00, 0x00, 0x00, 0xE0, 0x00, 0x00, 0x3C, 0xF0, 0x00, 0x00, 0x3C, 0xF0,
  0x1F, 0xF8, 0x3C, 0xF0, 0x1F, 0xF8, 0x3C, 0xF0, 0x1F, 0xF8, 0x3C, 0xF0, 0x00, 0x78, 0x3C, 0xF0,
  0x00, 0x78, 0x3C, 0xF0, 0x00, 0x7B, 0xFC, 0xF0, 0x00, 0x7B, 0xFC, 0xF0, 0x00, 0x7B, 0xFC, 0xF0,
  0x1F, 0xF8, 0x3C, 0xF0, 0x1F, 0xF8, 0x3C, 0xF0, 0x1F, 0xF8, 0x3C, 0xF0, 0x1F, 0xF8, 0x3C, 0xF0,
  0x1E, 0x03, 0xFC, 0xF0, 0x1E, 0x03, 0xFC, 0xF0, 0x1E, 0x03, 0xFC, 0xF0, 0x1E, 0x00, 0x3C, 0xF0,
  0x1E, 0x0E, 0x3C, 0xF0, 0x1F, 0xFE, 0x3C, 0xF0, 0x1F, 0xFE, 0x3C, 0xF0, 0x1F, 0xFE, 0x3C, 0xF0,
  0x00, 0x00, 0x3C, 0xF0, 0x00, 0x00, 0x3C, 0xF0, 0x00, 0x00, 0x3C, 0xF0, 0x00, 0x00, 0x3C, 0xF0,
  0x00, 0x00, 0x3C, 0xF0, 0x00, 0x00, 0x3C, 0xF0, 0x00, 0x00, 0x00, 0xF0, 0x00, 0x00, 0x00, 0x00,
  0x00, 0x00, 0x00, 0x00, 0x00, 0x00, 0x00, 0x00, 0x00, 0x00, 0x00, 0x00, 0x07, 0xFF, 0xFF, 0xC0,
  0x07, 0xFF, 0xFF, 0xC0, 0x07, 0xFF, 0xFF, 0xC0, 0x00, 0x00, 0x03, 0xC0, 0x00, 0x00, 0x03, 0xC0,
  0x00, 0x00, 0x03, 0xC0, 0x00, 0x00, 0x03, 0xC0, 0x07, 0xFF, 0xFF, 0xC0, 0x07, 0xFF, 0xFF, 0xC0,
  0x07, 0xFF, 0xFF, 0xC0, 0x07, 0x80, 0x00, 0x00, 0x07, 0x80, 0x00, 0x00, 0x07, 0x80, 0x00, 0x00,
  0x07, 0x80, 0x00, 0x00, 0x07, 0xFF, 0xFF, 0xC0, 0x07, 0xFF, 0xFF, 0xC0, 0x07, 0xFF, 0xFF, 0xC0,
  0x00, 0x07, 0x80, 0x00, 0x00, 0x07, 0x80, 0x00, 0x00, 0x07, 0x80, 0x00, 0x00, 0x07, 0x80, 0x00,
  0x3F, 0xFF, 0xFF, 0xF8, 0x3F, 0xFF, 0xFF, 0xF8, 0x3F, 0xFF, 0xFF, 0xF8, 0x00, 0x00, 0x00, 0x00,
  0x00, 0x00, 0x00, 0x00, 0x00, 0x00, 0x00, 0x00, 0x00, 0x00, 0x00, 0x00, 0x00, 0x00, 0x00, 0x00,
  0x00, 0x00, 0x00, 0x00, 0x03, 0xFF, 0xFF, 0xC0, 0x03, 0xFF, 0xFF, 0xC0, 0x03, 0xFF, 0xFF, 0xC0,
  0x00, 0x00, 0x03, 0xC0, 0x00, 0x00, 0x03, 0xC0, 0x03, 0xFF, 0xFF, 0xC0, 0x03, 0xFF, 0xFF, 0xC0,
  0x03, 0xFF, 0xFF, 0xC0, 0x03, 0xC0, 0x00, 0x00, 0x03, 0xC0, 0x00, 0x00, 0x03, 0xFF, 0xFF, 0xE0,
  0x03, 0xFF, 0xFF, 0xE0, 0x03, 0xFF, 0xFF, 0xE0, 0x00, 0x03, 0xC0, 0x00, 0x00, 0x03, 0xC0, 0x00,
  0x1F, 0xFF, 0xFF, 0xF8, 0x3F, 0xFF, 0xFF, 0xF8, 0x3F, 0xFF, 0xFF, 0xF8, 0x1F, 0xFF, 0xFF, 0xF8,
  0x00, 0x00, 0x00, 0x00, 0x07, 0xFF, 0xFF, 0xC0, 0x07, 0xFF, 0xFF, 0xC0, 0x07, 0xFF, 0xFF, 0xC0,
  0x00, 0x00, 0x03, 0xC0, 0x00, 0x00, 0x03, 0xC0, 0x00, 0x00, 0x03, 0xC0, 0x00, 0x00, 0x03, 0xC0,
  0x00, 0x00, 0x03, 0xC0, 0x00, 0x00, 0x03, 0xC0, 0x00, 0x00, 0x00, 0x00, 0x00, 0x00, 0x00, 0x00,
  0x00, 0x00, 0x00, 0x00, 0x03, 0xFF, 0xFF, 0xC0, 0x03, 0xFF, 0xFF, 0xC0, 0x03, 0xFF, 0xFF, 0xC0,
  0x00, 0x00, 0x03, 0xC0, 0x00, 0x00, 0x03, 0xC0, 0x03, 0xFF, 0xFF, 0xC0, 0x03, 0xFF, 0xFF, 0xC0,
  0x03, 0xFF, 0xFF, 0xC0, 0x03, 0xC0, 0x00, 0x00, 0x03, 0xC0, 0x00, 0x00, 0x03, 0xFF, 0xFF, 0xE0,
  0x03, 0xFF, 0xFF, 0xE0, 0x03, 0xFF, 0xFF, 0xE0, 0x00, 0x03, 0xC0, 0x00, 0x00, 0x03, 0xC0, 0x00,
  0x00, 0x03, 0xC0, 0x00, 0x3F, 0xFF, 0xFF, 0xF8, 0x3F, 0xFF, 0xFF, 0xF8, 0x3F, 0xFF, 0xFF, 0xF8,
  0x00, 0x00, 0x00, 0x00, 0x03, 0xC0, 0x00, 0x00, 0x03, 0xC0, 0x00, 0x00, 0x03, 0xC0, 0x00, 0x00,
  0x03, 0xC0, 0x00, 0x00, 0x03, 0xC0, 0x00, 0x00, 0x03, 0xC0, 0x00, 0x00, 0x03, 0xFF, 0xFF, 0xE0,
  0x03, 0xFF, 0xFF, 0xE0, 0x03, 0xFF, 0xFF, 0xE0, 0x00, 0x00, 0x00, 0x00, 0x00, 0x00, 0x00, 0x00,
  0x00, 0x00, 0x00, 0x00, 0x07, 0xFF, 0xFF, 0xC0, 0x07, 0xFF, 0xFF, 0xC0, 0x07, 0xFF, 0xFF, 0xC0,
  0x00, 0x00, 0x03, 0xC0, 0x00, 0x00, 0x03, 0xC0, 0x07, 0xFF, 0xFF, 0xC0, 0x07, 0xFF, 0xFF, 0xC0,
  0x07, 0xFF, 0xFF, 0xC0, 0x07, 0x80, 0x00, 0x00, 0x07, 0xFF, 0xFF, 0x80, 0x07, 0xFF, 0xFF, 0xC0,
  0x07, 0xFF, 0xFF, 0xC0, 0x03, 0xFF, 0xFF, 0xC0, 0x00, 0x07, 0x80, 0x00, 0x00, 0x07, 0x80, 0x00,
  0x3F, 0xFF, 0xFF, 0xF8, 0x3F, 0xFF, 0xFF, 0xF8, 0x3F, 0xFF, 0xFF, 0xF8, 0x00, 0x00, 0x00, 0x00,
  0x00, 0x3F, 0xF8, 0x00, 0x01, 0xFF, 0xFF, 0x00, 0x03, 0xFF, 0xFF, 0x80, 0x07, 0xF0, 0x1F, 0xC0,
  0x07, 0x80, 0x03, 0xC0, 0x07, 0x80, 0x03, 0xC0, 0x07, 0xE0, 0x0F, 0xC0, 0x03, 0xFF, 0xFF, 0x80,
  0x01, 0xFF, 0xFF, 0x00, 0x00, 0x7F, 0xFC, 0x00, 0x00, 0x00, 0x00, 0x00, 0x00, 0x00, 0x00, 0x00,
  0x00, 0x00, 0x00, 0x00, 0x00, 0x00, 0x00, 0x00, 0x00, 0x00, 0x00, 0x00, 0x07, 0xFF, 0xFF, 0xC0,
  0x07, 0xFF, 0xFF, 0xC0, 0x07, 0xFF, 0xFF, 0xC0, 0x00, 0x00, 0x03, 0xC0, 0x00, 0x00, 0x03, 0xC0,
  0x00, 0x00, 0x03, 0xC0, 0x00, 0x00, 0x03, 0xC0, 0x07, 0xFF, 0xFF, 0xC0, 0x07, 0xFF, 0xFF, 0xC0,
  0x07, 0xFF, 0xFF, 0xC0, 0x07, 0x80, 0x00, 0x00, 0x07, 0x80, 0x00, 0x00, 0x07, 0x80, 0x00, 0x00,
  0x07, 0xFF, 0xFF, 0xC0, 0x07, 0xFF, 0xFF, 0xC0, 0x07, 0xFF, 0xFF, 0xC0, 0x00, 0x78, 0x3C, 0x00,
  0x00, 0x78, 0x3C, 0x00, 0x00, 0x78, 0x3C, 0x00, 0x00, 0x78, 0x3C, 0x00, 0x00, 0x78, 0x3C, 0x00,
  0x3F, 0xFF, 0xFF, 0xF8, 0x3F, 0xFF, 0xFF, 0xF8, 0x3F, 0xFF, 0xFF, 0xF8, 0x00, 0x00, 0x00, 0x00,
  0x00, 0x00, 0x00, 0x00, 0x00, 0x00, 0x00, 0x00, 0x00, 0x00, 0x00, 0x00, 0x00, 0x00, 0x00, 0x00,
  0x00, 0x00, 0x00, 0x00, 0x07, 0xFF, 0xFF, 0xC0, 0x07, 0xFF, 0xFF, 0xC0, 0x07, 0xFF, 0xFF, 0xC0,
  0x00, 0x00, 0x03, 0xC0, 0x00, 0x00, 0x03, 0xC0, 0x00, 0x00, 0x03, 0xC0, 0x07, 0xFF, 0xFF, 0xC0,
  0x07, 0xFF, 0xFF, 0xC0, 0x07, 0xFF, 0xFF, 0xC0, 0x07, 0x80, 0x00, 0x00, 0x07, 0x80, 0x00, 0x00,
  0x07, 0xFF, 0xFF, 0xE0, 0x07, 0xFF, 0xFF, 0xE0, 0x07, 0xFF, 0xFF, 0xE0, 0x00, 0x00, 0x00, 0x00,
  0x00, 0x00, 0x00, 0x00, 0x00, 0x00, 0x00, 0x00, 0x3F, 0xFF, 0xFF, 0xF8, 0x3F, 0xFF, 0xFF, 0xF8,
  0x3F, 0xFF, 0xFF, 0xF8, 0x00, 0x07, 0x80, 0x00, 0x00, 0x07, 0x80, 0x00, 0x00, 0x07, 0x80, 0x00,
  0x00, 0x07, 0x80, 0x00, 0x00, 0x07, 0x80, 0x00, 0x00, 0x07, 0x80, 0x00, 0x00, 0x07, 0x80, 0x00,
  0x00, 0x07, 0x80, 0x00, 0x00, 0x07, 0x80, 0x00, 0x00, 0x00, 0x00, 0x00, 0x00, 0x00, 0x00, 0x00,
  0x00, 0x00, 0x00, 0x00, 0x03, 0xFF, 0xFF, 0xC0, 0x03, 0xFF, 0xFF, 0xC0, 0x03, 0xFF, 0xFF, 0xC0,
  0x00, 0x00, 0x03, 0xC0, 0x03, 0xFF, 0xFF, 0xC0, 0x03, 0xFF, 0xFF, 0xC0, 0x03, 0xFF, 0xFF, 0xC0,
  0x03, 0xC0, 0x00, 0x00, 0x03, 0xC0, 0x00, 0x00, 0x03, 0xFF, 0xFF, 0xE0, 0x03, 0xFF, 0xFF, 0xE0,
  0x03, 0xFF, 0xFF, 0xE0, 0x00, 0x00, 0x00, 0x00, 0x00, 0x00, 0x00, 0x00, 0x3F, 0xFF, 0xFF, 0xF8,
  0x3F, 0xFF, 0xFF, 0xF8, 0x3F, 0xFF, 0xFF, 0xF8, 0x00, 0x03, 0xC0, 0x00, 0x03, 0x83, 0xC1, 0xC0,
  0x03, 0xC3, 0xC3, 0xC0, 0x03, 0xC0, 0x03, 0xC0, 0x03, 0xFF, 0xFF, 0xC0, 0x03, 0xFF, 0xFF, 0xC0,
  0x03, 0xFF, 0xFF, 0xC0, 0x03, 0xC0, 0x03, 0xC0, 0x03, 0xC0, 0x03, 0xC0, 0x03, 0xFF, 0xFF, 0xC0,
  0x03, 0xFF, 0xFF, 0xC0, 0x03, 0xFF, 0xFF, 0xC0, 0x00, 0x00, 0x00, 0x00, 0x00, 0x00, 0x00, 0x00,
  0x00, 0x00, 0x00, 0x00, 0x07, 0xFF, 0xFF, 0x80, 0x07, 0xFF, 0xFF, 0x80, 0x07, 0xFF, 0xFF, 0x80,
  0x00, 0x00, 0x07, 0x80, 0x00, 0x00, 0x07, 0x80, 0x00, 0x00, 0x07, 0x80, 0x07, 0xFF, 0xFF, 0x80,
  0x07, 0xFF, 0xFF, 0x80, 0x07, 0xFF, 0xFF, 0x80, 0x07, 0x80, 0x00, 0x00, 0x07, 0x80, 0x00, 0x00,
  0x07, 0xFF, 0xFF, 0xC0, 0x07, 0xFF, 0xFF, 0xC0, 0x07, 0xFF, 0xFF, 0xC0, 0x00, 0x00, 0x00, 0x00,
  0x00, 0x00, 0x00, 0x00, 0x3F, 0xFF, 0xFF, 0xF0, 0x3F, 0xFF, 0xFF, 0xF8, 0x3F, 0xFF, 0xFF, 0xF8,
  0x1F, 0xFF, 0xFF, 0xF0, 0x00, 0xF0, 0x3C, 0x00, 0x00, 0xF0, 0x3C, 0x00, 0x00, 0xF0, 0x3C, 0x00,
  0x00, 0xF0, 0x3C, 0x00, 0x00, 0xF0, 0x3C, 0x00, 0x00, 0xF0, 0x3C, 0x00, 0x00, 0xF0, 0x3C, 0x00,
  0x00, 0xF0, 0x3C, 0x00, 0x00, 0xF0, 0x3C, 0x00, 0x00, 0x00, 0x00, 0x00, 0x00, 0x00, 0x00, 0x00,
  0x00, 0x00, 0x00, 0x00, 0x03, 0xFF, 0xFF, 0xC0, 0x03, 0xFF, 0xFF, 0xC0, 0x03, 0xFF, 0xFF, 0xC0,
  0x00, 0x00, 0x03, 0xC0, 0x00, 0x00, 0x03, 0xC0, 0x03, 0xFF, 0xFF, 0xC0, 0x03, 0xFF, 0xFF, 0xC0,
  0x03, 0xFF, 0xFF, 0xC0, 0x03, 0xC0, 0x00, 0x00, 0x03, 0xC0, 0x00, 0x00, 0x03, 0xFF, 0xFF, 0xE0,
  0x03, 0xFF, 0xFF, 0xE0, 0x03, 0xFF, 0xFF, 0xE0, 0x00, 0x00, 0x00, 0x00, 0x00, 0x00, 0x00, 0x00,
  0x3F, 0xFF, 0xFF, 0xFC, 0x3F, 0xFF, 0xFF, 0xFC, 0x3F, 0xFF, 0xFF, 0xFC, 0x00, 0x78, 0x1E, 0x00,
  0x00, 0x78, 0x1E, 0x00, 0x07, 0xFF, 0xFF, 0xE0, 0x07, 0xFF, 0xFF, 0xE0, 0x07, 0xFF, 0xFF, 0xE0,
  0x00, 0x00, 0x03, 0xE0, 0x00, 0x00, 0x03, 0xE0, 0x00, 0x00, 0x03, 0xE0, 0x00, 0x00, 0x03, 0xE0,
  0x00, 0x00, 0x03, 0xE0, 0x00, 0x00, 0x03, 0xE0, 0x00, 0x00, 0x00, 0x00, 0x00, 0x00, 0x00, 0x00,
  0x00, 0x00, 0x00, 0x00, 0x00, 0x00, 0x00, 0x00, 0x00, 0x00, 0x00, 0x00, 0x07, 0xFF, 0xFF, 0xC0,
  0x07, 0xFF, 0xFF, 0xC0, 0x07, 0xFF, 0xFF, 0xC0, 0x00, 0x00, 0x03, 0xC0, 0x00, 0x00, 0x03, 0xC0,
  0x00, 0x00, 0x03, 0xC0, 0x00, 0x00, 0x03, 0xC0, 0x07, 0xFF, 0xFF, 0xC0, 0x07, 0xFF, 0xFF, 0xC0,
  0x07, 0xFF, 0xFF, 0xC0, 0x07, 0x80, 0x00, 0x00, 0x07, 0x80, 0x00, 0x00, 0x07, 0x80, 0x00, 0x00,
  0x07, 0xFF, 0xFF, 0xE0, 0x07, 0xFF, 0xFF, 0xE0, 0x07, 0xFF, 0xFF, 0xE0, 0x03, 0xFF, 0xFF, 0xE0,
  0x00, 0x00, 0x00, 0x00, 0x00, 0x00, 0x00, 0x00, 0x00, 0x00, 0x00, 0x00, 0x00, 0x00, 0x00, 0x00,
  0x3F, 0xFF, 0xFF, 0xF8, 0x3F, 0xFF, 0xFF, 0xF8, 0x3F, 0xFF, 0xFF, 0xF8, 0x00, 0x00, 0x00, 0x00,
  0x00, 0x00, 0x00, 0x00, 0x00, 0x00, 0x00, 0x00, 0x00, 0x00, 0x00, 0x00, 0x00, 0x00, 0x00, 0x00,
  0x00, 0x00, 0x00, 0x00, 0x07, 0xFF, 0xFF, 0xC0, 0x07, 0xFF, 0xFF, 0xC0, 0x07, 0xFF, 0xFF, 0xC0,
  0x00, 0x00, 0x03, 0xC0, 0x00, 0x00, 0x03, 0xC0, 0x03, 0xFF, 0xFF, 0xC0, 0x07, 0xFF, 0xFF, 0xC0,
  0x07, 0xFF, 0xFF, 0xC0, 0x07, 0xC0, 0x00, 0x00, 0x07, 0xC0, 0x00, 0x00, 0x07, 0xFF, 0xFF, 0xE0,
  0x07, 0xFF, 0xFF, 0xE0, 0x07, 0xFF, 0xFF, 0xE0, 0x00, 0x00, 0x00, 0x00, 0x00, 0x00, 0x00, 0x00,
  0x3F, 0xFF, 0xFF, 0xF8, 0x3F, 0xFF, 0xFF, 0xF8, 0x3F, 0xFF, 0xFF, 0xF8, 0x00, 0x00, 0x00, 0x00,
  0x00, 0x00, 0x00, 0x00, 0x03, 0xC0, 0x00, 0x00, 0x03, 0xC0, 0x00, 0x00, 0x03, 0xC0, 0x00, 0x00,
  0x03, 0xC0, 0x00, 0x00, 0x03, 0xC0, 0x00, 0x00, 0x07, 0xFF, 0xFF, 0xE0, 0x07, 0xFF, 0xFF, 0xE0,
  0x03, 0xFF, 0xFF, 0xE0, 0x03, 0xFF, 0xFF, 0xE0, 0x00, 0x00, 0x00, 0x00, 0x00, 0x00, 0x00, 0x00,
  0x00, 0x00, 0x00, 0x00, 0x07, 0xFF, 0xFF, 0xC0, 0x07, 0xFF, 0xFF, 0xC0, 0x03, 0xFF, 0xFF, 0xC0,
  0x00, 0x00, 0x03, 0xC0, 0x07, 0xFF, 0xFF, 0xC0, 0x07, 0xFF, 0xFF, 0xC0, 0x07, 0xFF, 0xFF, 0xC0,
  0x07, 0xC0, 0x00, 0x00, 0x07, 0xFF, 0xFF, 0xC0, 0x07, 0xFF, 0xFF, 0xC0, 0x03, 0xFF, 0xFF, 0xC0,
  0x00, 0x00, 0x00, 0x00, 0x00, 0x00, 0x00, 0x00, 0x3F, 0xFF, 0xFF, 0xF8, 0x3F, 0xFF, 0xFF, 0xF8,
  0x3F, 0xFF, 0xFF, 0xF8, 0x00, 0x00, 0x00, 0x00, 0x07, 0xFF, 0xFF, 0xC0, 0x07, 0xFF, 0xFF, 0xC0,
  0x07, 0xFF, 0xFF, 0xC0, 0x00, 0x00, 0x03, 0xC0, 0x03, 0xFF, 0xFF, 0xC0, 0x07, 0xFF, 0xFF, 0xC0,
  0x07, 0xFF, 0xFF, 0xC0, 0x07, 0x80, 0x00, 0x00, 0x07, 0x80, 0x00, 0x00, 0x07, 0xFF, 0xFF, 0xE0,
  0x07, 0xFF, 0xFF, 0xE0, 0x07, 0xFF, 0xFF, 0xE0, 0x00, 0x00, 0x00, 0x00, 0x00, 0x00, 0x00, 0x00,
  0x00, 0x00, 0x00, 0x00, 0x07, 0xFF, 0xFF, 0xC0, 0x07, 0xFF, 0xFF, 0xC0, 0x07, 0xFF, 0xFF, 0xC0,
  0x00, 0x00, 0x03, 0xC0, 0x00, 0x00, 0x03, 0xC0, 0x07, 0xFF, 0xFF, 0xC0, 0x07, 0xFF, 0xFF, 0xC0,
  0x07, 0xFF, 0xFF, 0xC0, 0x07, 0xC0, 0x00, 0x00, 0x07, 0xFF, 0xFF, 0xC0, 0x07, 0xFF, 0xFF, 0xE0,
  0x07, 0xFF, 0xFF, 0xE0, 0x03, 0xFF, 0xFF, 0xC0, 0x00, 0x00, 0x00, 0x00, 0x3F, 0xFF, 0xFF, 0xF8,
  0x3F, 0xFF, 0xFF, 0xF8, 0x3F, 0xFF, 0xFF, 0xF8, 0x00, 0x00, 0x00, 0x00, 0x00, 0x00, 0x00, 0x00,
  0x03, 0xFF, 0xFF, 0xC0, 0x03, 0xFF, 0xFF, 0xC0, 0x03, 0xFF, 0xFF, 0xC0, 0x03, 0xC0, 0x03, 0xC0,
  0x03, 0xC0, 0x03, 0xC0, 0x03, 0xC0, 0x03, 0xC0, 0x03, 0xC0, 0x03, 0xC0, 0x03, 0xFF, 0xFF, 0xC0,
  0x03, 0xFF, 0xFF, 0xC0, 0x03, 0xFF, 0xFF, 0xC0, 0x00, 0x00, 0x00, 0x00, 0x00, 0x00, 0x00, 0x00,
  0x00, 0x00, 0x00, 0x00, 0x07, 0xFF, 0xFF, 0xC0, 0x07, 0xFF, 0xFF, 0xC0, 0x07, 0xFF, 0xFF, 0xC0,
  0x00, 0x00, 0x03, 0xC0, 0x00, 0x00, 0x03, 0xC0, 0x03, 0xFF, 0xFF, 0xC0, 0x03, 0xFF, 0xFF, 0xC0,
  0x03, 0xFF, 0xFF, 0xC0, 0x03, 0xC0, 0x00, 0x00, 0x07, 0xFF, 0xFF, 0xC0, 0x07, 0xFF, 0xFF, 0xE0,
  0x03, 0xFF, 0xFF, 0xE0, 0x03, 0xFF, 0xFF, 0xC0, 0x00, 0x00, 0x00, 0x00, 0x3F, 0xFF, 0xFF, 0xF8,
  0x3F, 0xFF, 0xFF, 0xF8, 0x3F, 0xFF, 0xFF, 0xF8, 0x00, 0x00, 0x00, 0x00, 0x00, 0x00, 0x00, 0x00,
  0x07, 0xFF, 0xFF, 0xC0, 0x07, 0xFF, 0xFF, 0xC0, 0x07, 0xFF, 0xFF, 0xC0, 0x00, 0x78, 0x3C, 0x00,
  0x00, 0x78, 0x3C, 0x00, 0x00, 0x78, 0x3C, 0x00, 0x07, 0xFF, 0xFF, 0xC0, 0x07, 0xFF, 0xFF, 0xE0,
  0x07, 0xFF, 0xFF, 0xE0, 0x07, 0xFF, 0xFF, 0xE0, 0x00, 0x00, 0x00, 0x00, 0x00, 0x00, 0x00, 0x00,
  0x00, 0x00, 0x00, 0x00, 0x00, 0x00, 0x01, 0xE0, 0x00, 0x00, 0x01, 0xE0, 0x00, 0x00, 0x01, 0xE0,
  0x0F, 0xFF, 0xC1, 0xE0, 0x0F, 0xFF, 0xC1, 0xE0, 0x0F, 0xFF, 0xC1, 0xE0, 0x00, 0x03, 0xC1, 0xE0,
  0x00, 0x03, 0xC1, 0xE0, 0x00, 0x03, 0xC1, 0xE0, 0x00, 0x03, 0xC1, 0xE0, 0x00, 0x03, 0xC1, 0xE0,
  0x0F, 0xFF, 0xC1, 0xE0, 0x0F, 0xFF, 0xC1, 0xE0, 0x0F, 0xFF, 0xC1, 0xE0, 0x0F, 0x00, 0x01, 0xE0,
  0x0F, 0x00, 0x01, 0xE0, 0x0F, 0x00, 0x01, 0xE0, 0x0F, 0x00, 0x01, 0xE0, 0x0F, 0x00, 0x01, 0xE0,
  0x0F, 0x07, 0xF9, 0xE0, 0x0F, 0xFF, 0xF9, 0xE0, 0x0F, 0xFF, 0xF9, 0xE0, 0x0F, 0xFF, 0xE1, 0xE0,
  0x00, 0x00, 0x01, 0xE0, 0x00, 0x00, 0x01, 0xE0, 0x00, 0x00, 0x01, 0xE0, 0x00, 0x00, 0x01, 0xE0,
  0x00, 0x00, 0x01, 0xE0, 0x00, 0x00, 0x01, 0xE0, 0x00, 0x00, 0x01, 0xE0, 0x00, 0x00, 0x00, 0x00,
  0x00, 0x00, 0x00, 0x00, 0x00, 0x00, 0x01, 0xE0, 0x0F, 0xFF, 0x81, 0xE0, 0x0F, 0xFF, 0xC1, 0xE0,
  0x0F, 0xFF, 0xC1, 0xE0, 0x0F, 0xFF, 0xC1, 0xE0, 0x00, 0x03, 0xC1, 0xE0, 0x00, 0x03, 0xC1, 0xE0,
  0x00, 0x03, 0xC1, 0xE0, 0x0F, 0xFF, 0xC1, 0xE0, 0x0F, 0xFF, 0xC1, 0xE0, 0x0F, 0xFF, 0xC1, 0xE0,
  0x0F, 0x00, 0x01, 0xE0, 0x0F, 0x00, 0x01, 0xE0, 0x0F, 0x03, 0xF9, 0xE0, 0x0F, 0xFF, 0xF9, 0xE0,
  0x0F, 0xFF, 0xF9, 0xE0, 0x0F, 0xFF, 0xF1, 0xE0, 0x00, 0x00, 0x01, 0xE0, 0x00, 0x00, 0x00, 0x00,
  0x00, 0x00, 0x00, 0x00, 0x01, 0xFF, 0xFF, 0xE0, 0x01, 0xFF, 0xFF, 0xE0, 0x01, 0xFF, 0xFF, 0xE0,
  0x00, 0x00, 0x01, 0xE0, 0x00, 0x00, 0x01, 0xE0, 0x00, 0x00, 0x01, 0xE0, 0x00, 0x00, 0x01, 0xE0,
  0x00, 0x00, 0x01, 0xE0, 0x00, 0x00, 0x01, 0xE0, 0x00, 0x00, 0x01, 0xE0, 0x00, 0x00, 0x00, 0x00,
  0x00, 0x00, 0x00, 0x00, 0x00, 0x00, 0x01, 0xE0, 0x00, 0x00, 0x01, 0xE0, 0x0F, 0xFF, 0xC1, 0xE0,
  0x0F, 0xFF, 0xC1, 0xE0, 0x0F, 0xFF, 0xC1, 0xE0, 0x0F, 0xFF, 0xC1, 0xE0, 0x00, 0x03, 0xC1, 0xE0,
  0x00, 0x03, 0xC1, 0xE0, 0x0F, 0xFF, 0xC1, 0xE0, 0x0F, 0xFF, 0xC1, 0xE0, 0x0F, 0xFF, 0xC1, 0xE0,
  0x0F, 0xFF, 0xC1, 0xE0, 0x0F, 0x00, 0x01, 0xE0, 0x0F, 0x00, 0x01, 0xE0, 0x0F, 0x00, 0xF9, 0xE0,
  0x0F, 0xFF, 0xF9, 0xE0, 0x0F, 0xFF, 0xF9, 0xE0, 0x0F, 0xFF, 0xF1, 0xE0, 0x00, 0x00, 0x01, 0xE0,
  0x00, 0x00, 0x01, 0xE0, 0x01, 0xE0, 0x01, 0xE0, 0x01, 0xE0, 0x01, 0xE0, 0x01, 0xE0, 0x00, 0x00,
  0x01, 0xE0, 0x00, 0x00, 0x01, 0xE0, 0x00, 0x00, 0x01, 0xE0, 0x00, 0x00, 0x01, 0xFF, 0xFF, 0xF0,
  0x01, 0xFF, 0xFF, 0xF0, 0x01, 0xFF, 0xFF, 0xF0, 0x01, 0xFF, 0xFF, 0xF0, 0x00, 0x00, 0x00, 0x00,
  0x00, 0x00, 0x00, 0x00, 0x00, 0x00, 0x01, 0xE0, 0x0F, 0xFF, 0xC1, 0xE0, 0x0F, 0xFF, 0xC1, 0xE0,
  0x0F, 0xFF, 0xC1, 0xE0, 0x0F, 0xFF, 0xC1, 0xE0, 0x00, 0x03, 0xC1, 0xE0, 0x0F, 0xFF, 0xC1, 0xE0,
  0x0F, 0xFF, 0xC1, 0xE0, 0x0F, 0xFF, 0xC1, 0xE0, 0x0F, 0xFF, 0xC1, 0xE0, 0x0F, 0x00, 0x01, 0xE0,
  0x0F, 0x01, 0xF9, 0xE0, 0x0F, 0xFF, 0xF9, 0xE0, 0x0F, 0xFF, 0xF9, 0xE0, 0x0F, 0xFF, 0xE1, 0xE0,
  0x00, 0x00, 0x01, 0xE0, 0x00, 0x00, 0x00, 0x00, 0x01, 0xFF, 0xFF, 0xE0, 0x01, 0xFF, 0xFF, 0xE0,
  0x01, 0xFF, 0xFF, 0xE0, 0x00, 0x00, 0x01, 0xE0, 0x00, 0x00, 0x01, 0xE0, 0x01, 0xFF, 0xFF, 0xE0,
  0x01, 0xFF, 0xFF, 0xE0, 0x01, 0xFF, 0xFF, 0xE0, 0x01, 0xF0, 0x00, 0x00, 0x01, 0xF0, 0x00, 0x00,
  0x01, 0xFF, 0xFF, 0xF0, 0x01, 0xFF, 0xFF, 0xF0, 0x01, 0xFF, 0xFF, 0xF0, 0x00, 0x00, 0x00, 0x00,
  0x00, 0x00, 0x00, 0x00, 0x00, 0x00, 0x01, 0xE0, 0x0F, 0xFF, 0xC1, 0xE0, 0x0F, 0xFF, 0xC1, 0xE0,
  0x0F, 0xFF, 0xC1, 0xE0, 0x0F, 0xFF, 0xC1, 0xE0, 0x00, 0x03, 0xC1, 0xE0, 0x00, 0x03, 0xC1, 0xE0,
  0x0F, 0xFF, 0xC1, 0xE0, 0x0F, 0xFF, 0xC1, 0xE0, 0x0F, 0xFF, 0xC1, 0xE0, 0x0F, 0x00, 0x01, 0xE0,
  0x0F, 0x00, 0x01, 0xE0, 0x0F, 0x00, 0xF9, 0xE0, 0x0F, 0xFF, 0xF9, 0xE0, 0x0F, 0xFF, 0xF9, 0xE0,
  0x0F, 0xFF, 0xF1, 0xE0, 0x00, 0x00, 0x01, 0xE0, 0x00, 0x00, 0x00, 0x00, 0x00, 0xE0, 0x01, 0xE0,
  0x01, 0xF0, 0x01, 0xE0, 0x01, 0xF0, 0x01, 0xE0, 0x01, 0xFF, 0xFF, 0xE0, 0x01, 0xFF, 0xFF, 0xE0,
  0x01, 0xFF, 0xFF, 0xE0, 0x01, 0xF0, 0x01, 0xE0, 0x01, 0xF0, 0x01, 0xE0, 0x01, 0xF0, 0x01, 0xE0,
  0x01, 0xFF, 0xFF, 0xE0, 0x01, 0xFF, 0xFF, 0xE0, 0x01, 0xFF, 0xFF, 0xE0, 0x00, 0x00, 0x00, 0x00,
  0x00, 0x00, 0x00, 0x00, 0x00, 0x00, 0x01, 0xE0, 0x00, 0x00, 0x01, 0xE0, 0x0F, 0xFF, 0xC1, 0xE0,
  0x0F, 0xFF, 0xC1, 0xE0, 0x0F, 0xFF, 0xC1, 0xE0, 0x00, 0x03, 0xC1, 0xE0, 0x00, 0x03, 0xC1, 0xE0,
  0x00, 0x03, 0xC1, 0xE0, 0x0F, 0xFF, 0xC1, 0xE0, 0x0F, 0xFF, 0xC1, 0xE0, 0x0F, 0xFF, 0xC1, 0xE0,
  0x0F, 0x00, 0x01, 0xE0, 0x0F, 0x00, 0x01, 0xE0, 0x0F, 0x00, 0x71, 0xE0, 0x0F, 0xFF, 0xF9, 0xE0,
  0x0F, 0xFF, 0xF9, 0xE0, 0x0F, 0xFF, 0xF1, 0xE0, 0x0F, 0x80, 0x01, 0xE0, 0x00, 0x01, 0xE1, 0xE0,
  0x00, 0x01, 0xE1, 0xE0, 0x00, 0x01, 0xE0, 0x00, 0x00, 0x03, 0xF0, 0x00, 0x00, 0x03, 0xF0, 0x00,
  0x00, 0x07, 0xF8, 0x00, 0x00, 0x1F, 0xFE, 0x00, 0x00, 0x7F, 0x3F, 0x80, 0x03, 0xFE, 0x1F, 0xF0,
  0x03, 0xF8, 0x07, 0xF0, 0x03, 0xE0, 0x01, 0xF0, 0x00, 0x00, 0x00, 0x00, 0x00, 0x00, 0x00, 0x00,
  0x00, 0x00, 0x00, 0x00, 0x00, 0x00, 0x01, 0xE0, 0x00, 0x00, 0x01, 0xE0, 0x0F, 0xFF, 0xC1, 0xE0,
  0x0F, 0xFF, 0xC1, 0xE0, 0x0F, 0xFF, 0xC1, 0xE0, 0x00, 0x03, 0xC1, 0xE0, 0x00, 0x03, 0xC1, 0xE0,
  0x00, 0x03, 0xC1, 0xE0, 0x0F, 0xFF, 0xC1, 0xE0, 0x0F, 0xFF, 0xC1, 0xE0, 0x0F, 0xFF, 0xC1, 0xE0,
  0x0F, 0x00, 0x01, 0xE0, 0x0F, 0x00, 0x01, 0xE0, 0x0F, 0x00, 0xF9, 0xE0, 0x0F, 0xFF, 0xF9, 0xE0,
  0x0F, 0xFF, 0xF9, 0xE0, 0x0F, 0xFF, 0xF9, 0xE0, 0x00, 0x00, 0x01, 0xE0, 0x00, 0x00, 0x01, 0xE0,
  0x00, 0x1F, 0xFE, 0x00, 0x00, 0x7F, 0xFF, 0x80, 0x00, 0xFF, 0xFF, 0xC0, 0x01, 0xFC, 0x07, 0xE0,
  0x01, 0xF0, 0x01, 0xE0, 0x01, 0xE0, 0x01, 0xE0, 0x01, 0xF0, 0x01, 0xE0, 0x01, 0xFC, 0x07, 0xE0,
  0x00, 0xFF, 0xFF, 0xC0, 0x00, 0x7F, 0xFF, 0x80, 0x00, 0x0F, 0xFE, 0x00, 0x00, 0x00, 0x00, 0x00,
  0x00, 0x00, 0x00, 0x00, 0x00, 0x00, 0x07, 0x80, 0x00, 0x00, 0x07, 0x80, 0x00, 0x00, 0x07, 0x80,
  0x1F, 0xFF, 0x87, 0x80, 0x1F, 0xFF, 0x87, 0x80, 0x1F, 0xFF, 0x87, 0x80, 0x1E, 0x07, 0x87, 0x80,
  0x1E, 0x07, 0x87, 0x80, 0x1E, 0x07, 0x87, 0x80, 0x1E, 0x07, 0x87, 0x80, 0x1E, 0x07, 0x87, 0x80,
  0x1E, 0x07, 0x87, 0x80, 0x1E, 0x07, 0x87, 0xFC, 0x1E, 0x07, 0x87, 0xFC, 0x1E, 0x07, 0x87, 0xFC,
  0x1E, 0x07, 0x87, 0x80, 0x1E, 0x07, 0x87, 0x80, 0x1E, 0x07, 0x87, 0x80, 0x1E, 0x07, 0x87, 0x80,
  0x1F, 0xFF, 0x87, 0x80, 0x1F, 0xFF, 0x87, 0x80, 0x1F, 0xFF, 0x87, 0x80, 0x00, 0x00, 0x07, 0x80,
  0x00, 0x00, 0x07, 0x80, 0x00, 0x00, 0x07, 0x80, 0x00, 0x00, 0x07, 0x80, 0x00, 0x00, 0x07, 0x80,
  0x00, 0x00, 0x07, 0x80, 0x00, 0x00, 0x07, 0x80, 0x00, 0x00, 0x07, 0x80, 0x00, 0x00, 0x00, 0x00,
  0x00, 0x00, 0x00, 0x00, 0x00, 0x00, 0x07, 0x80, 0x00, 0x00, 0x07, 0x80, 0x00, 0x00, 0x07, 0x80,
  0x1F, 0xFF, 0x87, 0x80, 0x1F, 0xFF, 0x87, 0x80, 0x1F, 0xFF, 0x87, 0x80, 0x1E, 0x07, 0x87, 0x80,
  0x1E, 0x07, 0x87, 0x80, 0x1E, 0x07, 0x87, 0x80, 0x1E, 0x07, 0x87, 0xF8, 0x1E, 0x07, 0x87, 0xF8,
  0x1E, 0x07, 0x87, 0xF8, 0x1E, 0x07, 0x87, 0x80, 0x1E, 0x07, 0x87, 0x80, 0x1F, 0xFF, 0x87, 0x80,
  0x1F, 0xFF, 0x87, 0x80, 0x1F, 0xFF, 0x87, 0x80, 0x00, 0x00, 0x07, 0x80, 0x00, 0x00, 0x07, 0x80,
  0x01, 0xC0, 0x07, 0x80, 0x03, 0xE0, 0x07, 0x80, 0x03, 0xE0, 0x07, 0x80, 0x03, 0xE0, 0x00, 0x00,
  0x03, 0xE0, 0x00, 0x00, 0x03, 0xE0, 0x00, 0x00, 0x03, 0xE0, 0x00, 0x00, 0x03, 0xFF, 0xFF, 0xC0,
  0x03, 0xFF, 0xFF, 0xC0, 0x03, 0xFF, 0xFF, 0xC0, 0x03, 0xFF, 0xFF, 0xC0, 0x00, 0x00, 0x00, 0x00,
  0x00, 0x00, 0x00, 0x00, 0x00, 0x00, 0x03, 0x80, 0x00, 0x00, 0x03, 0xC0, 0x1F, 0xFF, 0x83, 0xC0,
  0x1F, 0xFF, 0x83, 0xC0, 0x1F, 0xFF, 0x83, 0xC0, 0x1E, 0x07, 0x83, 0xC0, 0x1E, 0x07, 0x83, 0xC0,
  0x1E, 0x07, 0x83, 0xFC, 0x1E, 0x07, 0x83, 0xFC, 0x1E, 0x07, 0x83, 0xFC, 0x1E, 0x07, 0x83, 0xC0,
  0x1F, 0xFF, 0x83, 0xC0, 0x1F, 0xFF, 0x83, 0xC0, 0x1F, 0xFF, 0x83, 0xC0, 0x00, 0x00, 0x03, 0xC0,
  0x00, 0x00, 0x03, 0x80, 0x00, 0x00, 0x1E, 0x00, 0x00, 0x00, 0x1E, 0x00, 0x07, 0x87, 0xFF, 0xF0,
  0x07, 0x87, 0xFF, 0xF0, 0x07, 0x87, 0xFF, 0xF0, 0x07, 0x80, 0x3E, 0x00, 0x07, 0x80, 0xFF, 0x80,
  0x07, 0x81, 0xFF, 0xC0, 0x07, 0x81, 0xF3, 0xC0, 0x07, 0x9D, 0xE1, 0xE0, 0x07, 0xFD, 0xE1, 0xE0,
  0x07, 0xFD, 0xFF, 0xC0, 0x07, 0xFC, 0xFF, 0x80, 0x00, 0x00, 0x7F, 0x00, 0x00, 0x00, 0x00, 0x00,
  0x00, 0x00, 0x00, 0x00, 0x00, 0x00, 0x07, 0x80, 0x00, 0x00, 0x07, 0x80, 0x1F, 0xFF, 0x87, 0x80,
  0x1F, 0xFF, 0x87, 0x80, 0x1F, 0xFF, 0x87, 0x80, 0x1E, 0x07, 0x87, 0x80, 0x1E, 0x07, 0x87, 0xF8,
  0x1E, 0x07, 0x87, 0xF8, 0x1E, 0x07, 0x87, 0xF8, 0x1E, 0x07, 0x87, 0x80, 0x1E, 0x07, 0x87, 0x80,
  0x1F, 0xFF, 0x87, 0x80, 0x1F, 0xFF, 0x87, 0x80, 0x1F, 0xFF, 0x87, 0x80, 0x00, 0x00, 0x07, 0x80,
  0x00, 0x00, 0x00, 0x00, 0x03, 0xFF, 0xFF, 0x80, 0x03, 0xFF, 0xFF, 0x80, 0x03, 0xFF, 0xFF, 0x80,
  0x00, 0x00, 0x07, 0x80, 0x00, 0x00, 0x07, 0x80, 0x03, 0xFF, 0xFF, 0x80, 0x03, 0xFF, 0xFF, 0x80,
  0x03, 0xFF, 0xFF, 0x80, 0x03, 0xC0, 0x00, 0x00, 0x03, 0xC0, 0x00, 0x00, 0x03, 0xFF, 0xFF, 0xC0,
  0x03, 0xFF, 0xFF, 0xC0, 0x03, 0xFF, 0xFF, 0xC0, 0x03, 0xFF, 0xFF, 0xC0, 0x00, 0x00, 0x00, 0x00,
  0x00, 0x00, 0x00, 0x00, 0x00, 0x00, 0x07, 0x80, 0x00, 0x00, 0x07, 0x80, 0x1F, 0xFF, 0x87, 0x80,
  0x1F, 0xFF, 0x87, 0x80, 0x1F, 0xFF, 0x87, 0x80, 0x1E, 0x07, 0x87, 0x80, 0x1E, 0x07, 0x87, 0x80,
  0x1E, 0x07, 0x87, 0x80, 0x1E, 0x07, 0x87, 0xF8, 0x1E, 0x07, 0x87, 0xF8, 0x1E, 0x07, 0x87, 0xF8,
  0x1E, 0x07, 0x87, 0x80, 0x1E, 0x07, 0x87, 0x80, 0x1F, 0xFF, 0x87, 0x80, 0x1F, 0xFF, 0x87, 0x80,
  0x1F, 0xFF, 0x87, 0x80, 0x00, 0x00, 0x07, 0x80, 0x00, 0x00, 0x07, 0x80, 0x00, 0x03, 0xC7, 0x80,
  0x00, 0x03, 0xC7, 0x80, 0x00, 0x03, 0xE0, 0x00, 0x00, 0x03, 0xE0, 0x00, 0x00, 0x07, 0xE0, 0x00,
  0x00, 0x0F, 0xF0, 0x00, 0x00, 0x1F, 0xF8, 0x00, 0x00, 0x7E, 0x7E, 0x00, 0x07, 0xFC, 0x3F, 0xE0,
  0x07, 0xF8, 0x1F, 0xE0, 0x03, 0xE0, 0x07, 0xC0, 0x03, 0x00, 0x00, 0xC0, 0x00, 0x00, 0x00, 0x00,
  0x00, 0x00, 0x00, 0x00, 0x00, 0x00, 0x07, 0xC0, 0x00, 0x00, 0x07, 0xC0, 0x1F, 0xFF, 0x87, 0xC0,
  0x1F, 0xFF, 0x87, 0xC0, 0x1F, 0xFF, 0x87, 0xC0, 0x1E, 0x07, 0x87, 0xC0, 0x1E, 0x07, 0x87, 0xC0,
  0x1E, 0x07, 0x87, 0xFC, 0x1E, 0x07, 0x87, 0xFC, 0x1E, 0x07, 0x87, 0xFC, 0x1E, 0x07, 0x87, 0xC0,
  0x1E, 0x07, 0x87, 0xC0, 0x1F, 0xFF, 0x87, 0xC0, 0x1F, 0xFF, 0x87, 0xC0, 0x1F, 0xFF, 0x87, 0xC0,
  0x00, 0x00, 0x07, 0xC0, 0x00, 0x00, 0x07, 0xC0, 0x00, 0x00, 0x03, 0x80, 0x00, 0x1F, 0xF8, 0x00,
  0x00, 0xFF, 0xFE, 0x00, 0x01, 0xFF, 0xFF, 0x80, 0x03, 0xF8, 0x1F, 0x80, 0x03, 0xE0, 0x07, 0xC0,
  0x03, 0xC0, 0x03, 0xC0, 0x03, 0xC0, 0x03, 0xC0, 0x03, 0xE0, 0x07, 0xC0, 0x03, 0xF8, 0x1F, 0x80,
  0x01, 0xFF, 0xFF, 0x00, 0x00, 0xFF, 0xFE, 0x00, 0x00, 0x1F, 0xF8, 0x00, 0x00, 0x00, 0x00, 0x00,
  0x00, 0x00, 0x00, 0x00, 0x00, 0x00, 0x07, 0x80, 0x00, 0x00, 0x07, 0x80, 0x1F, 0xFF, 0x87, 0x80,
  0x1F, 0xFF, 0x87, 0x80, 0x1F, 0xFF, 0x87, 0x80, 0x1E, 0x07, 0x87, 0x80, 0x1E, 0x07, 0x87, 0x80,
  0x1E, 0x07, 0x87, 0xF8, 0x1E, 0x07, 0x87, 0xF8, 0x1E, 0x07, 0x87, 0xF8, 0x1E, 0x07, 0x87, 0x80,
  0x1E, 0x07, 0x87, 0x80, 0x1F, 0xFF, 0x87, 0x80, 0x1F, 0xFF, 0x87, 0x80, 0x1F, 0xFF, 0x87, 0x80,
  0x00, 0x00, 0x07, 0x80, 0x00, 0x00, 0x07, 0x80, 0x00, 0x00, 0x00, 0x00, 0x03, 0xFF, 0xFF, 0x80,
  0x03, 0xFF, 0xFF, 0xC0, 0x03, 0xFF, 0xFF, 0xC0, 0x03, 0xFF, 0xFF, 0x80, 0x00, 0x07, 0xE0, 0x00,
  0x00, 0x07, 0xF0, 0x00, 0x00, 0x0F, 0xF8, 0x00, 0x00, 0x3F, 0xFC, 0x00, 0x03, 0xFE, 0x7F, 0x80,
  0x07, 0xF8, 0x3F, 0xE0, 0x03, 0xF0, 0x0F, 0xC0, 0x03, 0x80, 0x01, 0xC0, 0x00, 0x00, 0x00, 0x00,
  0x00, 0x00, 0x00, 0x00, 0x00, 0x00, 0x78, 0xF0, 0x00, 0x00, 0x78, 0xF0, 0x00, 0x00, 0x78, 0xF0,
  0x1F, 0xFE, 0x78, 0xF0, 0x1F, 0xFE, 0x78, 0xF0, 0x1F, 0xFE, 0x78, 0xF0, 0x1E, 0x1E, 0x78, 0xF0,
  0x1E, 0x1E, 0x78, 0xF0, 0x1E, 0x1E, 0x78, 0xF0, 0x1E, 0x1E, 0x78, 0xF0, 0x1E, 0x1E, 0x78, 0xF0,
  0x1E, 0x1E, 0x78, 0xF0, 0x1E, 0x1E, 0x7F, 0xF0, 0x1E, 0x1E, 0x7F, 0xF0, 0x1E, 0x1E, 0x7F, 0xF0,
  0x1E, 0x1E, 0x78, 0xF0, 0x1E, 0x1E, 0x78, 0xF0, 0x1E, 0x1E, 0x78, 0xF0, 0x1E, 0x1E, 0x78, 0xF0,
  0x1F, 0xFE, 0x78, 0xF0, 0x1F, 0xFE, 0x78, 0xF0, 0x1F, 0xFE, 0x78, 0xF0, 0x00, 0x00, 0x78, 0xF0,
  0x00, 0x00, 0x78, 0xF0, 0x00, 0x00, 0x78, 0xF0, 0x00, 0x00, 0x78, 0xF0, 0x00, 0x00, 0x78, 0xF0,
  0x00, 0x00, 0x78, 0xF0, 0x00, 0x00, 0x78, 0xF0, 0x00, 0x00, 0x00, 0xF0, 0x00, 0x00, 0x00, 0x00,
  0x00, 0x00, 0x00, 0x00, 0x00, 0x00, 0x00, 0xF0, 0x00, 0x00, 0x78, 0xF0, 0x00, 0x00, 0x78, 0xF0,
  0x1F, 0xFE, 0x78, 0xF0, 0x1F, 0xFE, 0x78, 0xF0, 0x1F, 0xFE, 0x78, 0xF0, 0x1E, 0x1E, 0x78, 0xF0,
  0x1E, 0x1E, 0x78, 0xF0, 0x1E, 0x1E, 0x78, 0xF0, 0x1E, 0x1E, 0x7F, 0xF0, 0x1E, 0x1E, 0x7F, 0xF0,
  0x1E, 0x1E, 0x7F, 0xF0, 0x1E, 0x1E, 0x78, 0xF0, 0x1E, 0x1E, 0x78, 0xF0, 0x1F, 0xFE, 0x78, 0xF0,
  0x1F, 0xFE, 0x78, 0xF0, 0x1F, 0xFE, 0x78, 0xF0, 0x00, 0x00, 0x78, 0xF0, 0x00, 0x00, 0x78, 0xF0,
  0x00, 0xF0, 0x78, 0xF0, 0x01, 0xF0, 0x78, 0xF0, 0x01, 0xF0, 0x00, 0xF0, 0x01, 0xF0, 0x00, 0x00,
  0x01, 0xF0, 0x00, 0x00, 0x01, 0xF0, 0x00, 0x00, 0x01, 0xF0, 0x00, 0x00, 0x01, 0xFF, 0xFF, 0xF8,
  0x01, 0xFF, 0xFF, 0xF8, 0x01, 0xFF, 0xFF, 0xF8, 0x01, 0xFF, 0xFF, 0xF8, 0x00, 0x00, 0x00, 0x00,
  0x00, 0x00, 0x00, 0x00, 0x00, 0x00, 0x00, 0xE0, 0x00, 0x00, 0x78, 0xF0, 0x00, 0x00, 0x78, 0xF0,
  0x1F, 0xFE, 0x78, 0xF0, 0x1F, 0xFE, 0x78, 0xF0, 0x1F, 0xFE, 0x78, 0xF0, 0x1E, 0x1E, 0x78, 0xF0,
  0x1E, 0x1E, 0x78, 0xF0, 0x1E, 0x1E, 0x7F, 0xF0, 0x1E, 0x1E, 0x7F, 0xF0, 0x1E, 0x1E, 0x7F, 0xF0,
  0x1E, 0x1E, 0x78, 0xF0, 0x1E, 0x1E, 0x78, 0xF0, 0x1F, 0xFE, 0x78, 0xF0, 0x1F, 0xFE, 0x78, 0xF0,
  0x1F, 0xFE, 0x78, 0xF0, 0x00, 0x00, 0x78, 0xF0, 0x00, 0x00, 0x38, 0xF0, 0x00, 0x00, 0x00, 0xE0,
  0x00, 0x0F, 0xFE, 0x00, 0x00, 0x3F, 0xFF, 0x80, 0x00, 0x7F, 0xFF, 0xE0, 0x00, 0xFC, 0x07, 0xE0,
  0x01, 0xF0, 0x01, 0xF0, 0x01, 0xE0, 0x00, 0xF0, 0x01, 0xF0, 0x01, 0xF0, 0x00, 0xFC, 0x07, 0xE0,
  0x00, 0x7F, 0xFF, 0xE0, 0x00, 0x3F, 0xFF, 0x80, 0x00, 0x0F, 0xFE, 0x00, 0x00, 0x00, 0x00, 0x00,
  0x00, 0x00, 0x00, 0x00, 0x00, 0x00, 0x01, 0xE0, 0x00, 0x00, 0x01, 0xE0, 0x00, 0x00, 0x01, 0xE0,
  0x1F, 0xFF, 0x81, 0xE0, 0x1F, 0xFF, 0x81, 0xE0, 0x1F, 0xFF, 0x81, 0xE0, 0x1E, 0x07, 0x81, 0xE0,
  0x1E, 0x07, 0x81, 0xE0, 0x1E, 0x07, 0x81, 0xE0, 0x1E, 0x07, 0x81, 0xE0, 0x1E, 0x07, 0x81, 0xE0,
  0x1E, 0x07, 0xFF, 0xE0, 0x1E, 0x07, 0xFF, 0xE0, 0x1E, 0x07, 0xFF, 0xE0, 0x1E, 0x07, 0x81, 0xE0,
  0x1E, 0x07, 0x81, 0xE0, 0x1E, 0x07, 0x81, 0xE0, 0x1E, 0x07, 0x81, 0xE0, 0x1E, 0x07, 0x81, 0xE0,
  0x1F, 0xFF, 0x81, 0xE0, 0x1F, 0xFF, 0x81, 0xE0, 0x1F, 0xFF, 0x81, 0xE0, 0x00, 0x00, 0x01, 0xE0,
  0x00, 0x00, 0x01, 0xE0, 0x00, 0x00, 0x01, 0xE0, 0x00, 0x00, 0x01, 0xE0, 0x00, 0x00, 0x01, 0xE0,
  0x00, 0x00, 0x01, 0xE0, 0x00, 0x00, 0x01, 0xE0, 0x00, 0x00, 0x01, 0xE0, 0x00, 0x00, 0x00, 0x00,
  0x00, 0x00, 0x00, 0x00, 0x00, 0x00, 0x01, 0xE0, 0x00, 0x00, 0x01, 0xE0, 0x0F, 0xFF, 0xC1, 0xE0,
  0x0F, 0xFF, 0xC1, 0xE0, 0x0F, 0xFF, 0xC1, 0xE0, 0x0F, 0x03, 0xC1, 0xE0, 0x0F, 0x03, 0xC1, 0xE0,
  0x0F, 0x03, 0xFF, 0xE0, 0x0F, 0x03, 0xFF, 0xE0, 0x0F, 0x03, 0xFF, 0xE0, 0x0F, 0x03, 0xC1, 0xE0,
  0x0F, 0x03, 0xC1, 0xE0, 0x0F, 0x03, 0xC1, 0xE0, 0x0F, 0xFF, 0xC1, 0xE0, 0x0F, 0xFF, 0xC1, 0xE0,
  0x0F, 0xFF, 0xC1, 0xE0, 0x00, 0x00, 0x01, 0xE0, 0x00, 0x00, 0x00, 0x00, 0x00, 0x00, 0x00, 0x00,
  0x01, 0xFF, 0xFF, 0xE0, 0x01, 0xFF, 0xFF, 0xE0, 0x01, 0xFF, 0xFF, 0xE0, 0x00, 0x00, 0x01, 0xE0,
  0x00, 0x00, 0x01, 0xE0, 0x00, 0x00, 0x01, 0xE0, 0x00, 0x00, 0x01, 0xE0, 0x00, 0x00, 0x01, 0xE0,
  0x00, 0x00, 0x01, 0xE0, 0x00, 0x00, 0x01, 0xE0, 0x00, 0x00, 0x01, 0xE0, 0x00, 0x00, 0x00, 0x00,
  0x00, 0x00, 0x00, 0x00, 0x00, 0x00, 0x01, 0xE0, 0x00, 0x00, 0x01, 0xE0, 0x00, 0x00, 0x01, 0xE0,
  0x0F, 0xFF, 0xC1, 0xE0, 0x0F, 0xFF, 0xC1, 0xE0, 0x0F, 0xFF, 0xC1, 0xE0, 0x0F, 0x03, 0xC1, 0xE0,
  0x0F, 0x03, 0xC1, 0xE0, 0x0F, 0x03, 0xFF, 0xE0, 0x0F, 0x03, 0xFF, 0xE0, 0x0F, 0x03, 0xFF, 0xE0,
  0x0F, 0x03, 0xC1, 0xE0, 0x0F, 0x03, 0xC1, 0xE0, 0x0F, 0x03, 0xC1, 0xE0, 0x0F, 0xFF, 0xC1, 0xE0,
  0x0F, 0xFF, 0xC1, 0xE0, 0x0F, 0xFF, 0xC1, 0xE0, 0x00, 0x00, 0x01, 0xE0, 0x00, 0x00, 0x01, 0xE0,
  0x00, 0xF0, 0x01, 0xE0, 0x00, 0xF0, 0x01, 0xE0, 0x00, 0xF0, 0x01, 0xE0, 0x00, 0xF0, 0x00, 0x00,
  0x00, 0xF0, 0x00, 0x00, 0x00, 0xF0, 0x00, 0x00, 0x00, 0xF0, 0x00, 0x00, 0x00, 0xFF, 0xFF, 0xF0,
  0x00, 0xFF, 0xFF, 0xF0, 0x00, 0xFF, 0xFF, 0xF0, 0x00, 0xFF, 0xFF, 0xF0, 0x00, 0x00, 0x00, 0x00,
  0x00, 0x00, 0x00, 0x00, 0x00, 0x00, 0x01, 0xE0, 0x00, 0x00, 0x01, 0xE0, 0x0F, 0xFF, 0xC1, 0xE0,
  0x0F, 0xFF, 0xC1, 0xE0, 0x0F, 0xFF, 0xC1, 0xE0, 0x0F, 0x03, 0xC1, 0xE0, 0x0F, 0x03, 0xC1, 0xE0,
  0x0F, 0x03, 0xFF, 0xE0, 0x0F, 0x03, 0xFF, 0xE0, 0x0F, 0x03, 0xFF, 0xE0, 0x0F, 0x03, 0xC1, 0xE0,
  0x0F, 0x03, 0xC1, 0xE0, 0x0F, 0x03, 0xC1, 0xE0, 0x0F, 0xFF, 0xC1, 0xE0, 0x0F, 0xFF, 0xC1, 0xE0,
  0x0F, 0xFF, 0xC1, 0xE0, 0x00, 0x00, 0x01, 0xE0, 0x00, 0x00, 0x01, 0xE0, 0x00, 0x00, 0xF1, 0xE0,
  0x00, 0x00, 0xF1, 0xE0, 0x00, 0x01, 0xF0, 0xE0, 0x00, 0x01, 0xF0, 0x00, 0x00, 0x03, 0xF8, 0x00,
  0x00, 0x07, 0xFC, 0x00, 0x00, 0x0F, 0xFE, 0x00, 0x00, 0x3F, 0x9F, 0x80, 0x01, 0xFF, 0x1F, 0xF0,
  0x03, 0xFC, 0x07, 0xF0, 0x01, 0xF8, 0x03, 0xF0, 0x01, 0xC0, 0x00, 0x70, 0x00, 0x00, 0x00, 0x00,
  0x00, 0x00, 0x00, 0x00, 0x00, 0x00, 0x01, 0xE0, 0x00, 0x00, 0x01, 0xE0, 0x0F, 0xFF, 0xC1, 0xE0,
  0x0F, 0xFF, 0xC1, 0xE0, 0x0F, 0xFF, 0xC1, 0xE0, 0x0F, 0x03, 0xC1, 0xE0, 0x0F, 0x03, 0xC1, 0xE0,
  0x0F, 0x03, 0xFF, 0xE0, 0x0F, 0x03, 0xFF, 0xE0, 0x0F, 0x03, 0xFF, 0xE0, 0x0F, 0x03, 0xC1, 0xE0,
  0x0F, 0x03, 0xC1, 0xE0, 0x0F, 0x03, 0xC1, 0xE0, 0x0F, 0xFF, 0xC1, 0xE0, 0x0F, 0xFF, 0xC1, 0xE0,
  0x0F, 0xFF, 0xC1, 0xE0, 0x00, 0x00, 0x01, 0xE0, 0x00, 0x00, 0x00, 0x00, 0x00, 0x0F, 0xFC, 0x00,
  0x00, 0x3F, 0xFF, 0x80, 0x00, 0x7F, 0xFF, 0xC0, 0x00, 0xFC, 0x0F, 0xE0, 0x01, 0xF0, 0x03, 0xE0,
  0x01, 0xF0, 0x01, 0xE0, 0x01, 0xF0, 0x01, 0xE0, 0x01, 0xF0, 0x03, 0xE0, 0x00, 0xFC, 0x07, 0xE0,
  0x00, 0x7F, 0xFF, 0xC0, 0x00, 0x3F, 0xFF, 0x80, 0x00, 0x0F, 0xFC, 0x00, 0x00, 0x00, 0x00, 0x00,
  0x00, 0x00, 0x00, 0x00, 0x00, 0x00, 0x00, 0xE0, 0x00, 0x00, 0x3C, 0xF0, 0x00, 0x00, 0x3C, 0xF0,
  0x1F, 0xFE, 0x3C, 0xF0, 0x1F, 0xFE, 0x3C, 0xF0, 0x1F, 0xFE, 0x3C, 0xF0, 0x1E, 0x1E, 0x3C, 0xF0,
  0x1E, 0x1E, 0x3C, 0xF0, 0x1E, 0x1E, 0x3C, 0xF0, 0x1E, 0x1E, 0x3C, 0xF0, 0x1E, 0x1E, 0x3C, 0xF0,
  0x1E, 0x1F, 0xFC, 0xF0, 0x1E, 0x1F, 0xFC, 0xF0, 0x1E, 0x1F, 0xFC, 0xF0, 0x1E, 0x1E, 0x3C, 0xF0,
  0x1E, 0x1E, 0x3C, 0xF0, 0x1E, 0x1E, 0x3C, 0xF0, 0x1E, 0x1E, 0x3C, 0xF0, 0x1E, 0x1E, 0x3C, 0xF0,
  0x1F, 0xFE, 0x3C, 0xF0, 0x1F, 0xFE, 0x3C, 0xF0, 0x1F, 0xFE, 0x3C, 0xF0, 0x00, 0x00, 0x3C, 0xF0,
  0x00, 0x00, 0x3C, 0xF0, 0x00, 0x00, 0x3C, 0xF0, 0x00, 0x00, 0x3C, 0xF0, 0x00, 0x00, 0x3C, 0xF0,
  0x00, 0x00, 0x3C, 0xF0, 0x00, 0x00, 0x3C, 0xF0, 0x00, 0x00, 0x00, 0xF0, 0x00, 0x00, 0x00, 0x00,
  0x00, 0x00, 0x00, 0x00, 0x00, 0x00, 0x00, 0xF0, 0x00, 0x00, 0x00, 0xF0, 0x0F, 0xFF, 0xC0, 0xF0,
  0x0F, 0xFF, 0xC0, 0xF0, 0x0F, 0xFF, 0xC0, 0xF0, 0x0F, 0xFF, 0xFF, 0xF0, 0x0F, 0x03, 0xFF, 0xF0,
  0x0F, 0x03, 0xFF, 0xF0, 0x0F, 0x03, 0xC0, 0xF0, 0x0F, 0x03, 0xC0, 0xF0, 0x0F, 0x03, 0xC0, 0xF0,
  0x0F, 0x03, 0xFF, 0xF0, 0x0F, 0x03, 0xFF, 0xF0, 0x0F, 0x03, 0xFF, 0xF0, 0x0F, 0xFF, 0xFF, 0xF0,
  0x0F, 0xFF, 0xC0, 0xF0, 0x0F, 0xFF, 0xC0, 0xF0, 0x00, 0x00, 0x00, 0xF0, 0x00, 0x00, 0x00, 0xF0,
  0x00, 0xF0, 0x00, 0xF0, 0x00, 0xF0, 0x00, 0xF0, 0x00, 0xF0, 0x00, 0xF0, 0x00, 0xF0, 0x00, 0x00,
  0x00, 0xF0, 0x00, 0x00, 0x00, 0xF0, 0x00, 0x00, 0x00, 0xF0, 0x00, 0x00, 0x00, 0xFF, 0xFF, 0xF8,
  0x00, 0xFF, 0xFF, 0xF8, 0x00, 0xFF, 0xFF, 0xF8, 0x00, 0xFF, 0xFF, 0xF8, 0x00, 0x00, 0x00, 0x00,
  0x00, 0x00, 0x00, 0x00, 0x00, 0x00, 0x00, 0xE0, 0x00, 0x00, 0x00, 0xF0, 0x0F, 0xFF, 0x80, 0xF0,
  0x0F, 0xFF, 0xC0, 0xF0, 0x0F, 0xFF, 0xC0, 0xF0, 0x0F, 0xFF, 0xFF, 0xF0, 0x0F, 0x03, 0xFF, 0xF0,
  0x0F, 0x03, 0xFF, 0xF0, 0x0F, 0x03, 0xC0, 0xF0, 0x0F, 0x03, 0xC0, 0xF0, 0x0F, 0x03, 0xC1, 0xF0,
  0x0F, 0x03, 0xFF, 0xF0, 0x0F, 0x03, 0xFF, 0xF0, 0x0F, 0xFF, 0xFF, 0xF0, 0x0F, 0xFF, 0xC0, 0xF0,
  0x0F, 0xFF, 0xC0, 0xF0, 0x00, 0x00, 0x00, 0xF0, 0x00, 0x00, 0x00, 0xF0, 0x00, 0x0F, 0xFE, 0x00,
  0x00, 0x3F, 0xFF, 0x80, 0x00, 0x7F, 0xFF, 0xC0, 0x00, 0xFE, 0x07, 0xE0, 0x01, 0xF0, 0x01, 0xF0,
  0x01, 0xF0, 0x00, 0xF0, 0x01, 0xF0, 0x00, 0xF0, 0x01, 0xF0, 0x01, 0xF0, 0x00, 0xFC, 0x07, 0xE0,
  0x00, 0x7F, 0xFF, 0xC0, 0x00, 0x3F, 0xFF, 0x80, 0x00, 0x0F, 0xFE, 0x00, 0x00, 0x00, 0x00, 0x00,
  0x00, 0x00, 0x00, 0x00, 0x00, 0x00, 0x00, 0x00, 0x00, 0x00, 0x00, 0x00, 0x00, 0x00, 0x00, 0x00,
  0x07, 0xFF, 0xFF, 0xC0, 0x07, 0xFF, 0xFF, 0xC0, 0x07, 0xFF, 0xFF, 0xC0, 0x07, 0x80, 0x03, 0xC0,
  0x07, 0x80, 0x03, 0xC0, 0x07, 0x80, 0x03, 0xC0, 0x07, 0x80, 0x03, 0xC0, 0x07, 0x80, 0x03, 0xC0,
  0x07, 0x80, 0x03, 0xC0, 0x07, 0x80, 0x03, 0xC0, 0x07, 0xFF, 0xFF, 0xC0, 0x07, 0xFF, 0xFF, 0xC0,
  0x07, 0xFF, 0xFF, 0xC0, 0x07, 0xFF, 0xFF, 0xC0, 0x00, 0x03, 0xC0, 0x00, 0x00, 0x03, 0xC0, 0x00,
  0x00, 0x03, 0xC0, 0x00, 0x00, 0x03, 0xC0, 0x00, 0x00, 0x03, 0xC0, 0x00, 0x00, 0x03, 0xC0, 0x00,
  0x3F, 0xFF, 0xFF, 0xF8, 0x3F, 0xFF, 0xFF, 0xF8, 0x3F, 0xFF, 0xFF, 0xF8, 0x00, 0x00, 0x00, 0x00,
  0x00, 0x00, 0x00, 0x00, 0x00, 0x00, 0x00, 0x00, 0x00, 0x00, 0x00, 0x00, 0x00, 0x00, 0x00, 0x00,
  0x00, 0x00, 0x00, 0x00, 0x03, 0xFF, 0xFF, 0xC0, 0x03, 0xFF, 0xFF, 0xC0, 0x03, 0xFF, 0xFF, 0xC0,
  0x03, 0xC0, 0x03, 0xC0, 0x03, 0xC0, 0x03, 0xC0, 0x03, 0xC0, 0x03, 0xC0, 0x03, 0xC0, 0x03, 0xC0,
  0x03, 0xC0, 0x03, 0xC0, 0x03, 0xFF, 0xFF, 0xC0, 0x03, 0xFF, 0xFF, 0xC0, 0x03, 0xFF, 0xFF, 0xC0,
  0x00, 0x03, 0xC0, 0x00, 0x00, 0x03, 0xC0, 0x00, 0x00, 0x03, 0xC0, 0x00, 0x3F, 0xFF, 0xFF, 0xFC,
  0x3F, 0xFF, 0xFF, 0xFC, 0x3F, 0xFF, 0xFF, 0xFC, 0x00, 0x00, 0x00, 0x00, 0x00, 0x00, 0x00, 0x00,
  0x07, 0xFF, 0xFF, 0xC0, 0x07, 0xFF, 0xFF, 0xC0, 0x07, 0xFF, 0xFF, 0xC0, 0x00, 0x00, 0x03, 0xC0,
  0x00, 0x00, 0x03, 0xC0, 0x00, 0x00, 0x03, 0xC0, 0x00, 0x00, 0x03, 0xC0, 0x00, 0x00, 0x03, 0xC0,
  0x00, 0x00, 0x03, 0xC0, 0x00, 0x00, 0x03, 0xC0, 0x00, 0x00, 0x00, 0x00, 0x00, 0x00, 0x00, 0x00,
  0x00, 0x00, 0x00, 0x00, 0x00, 0x00, 0x00, 0x00, 0x03, 0xFF, 0xFF, 0xC0, 0x03, 0xFF, 0xFF, 0xC0,
  0x03, 0xFF, 0xFF, 0xC0, 0x03, 0xC0, 0x03, 0xC0, 0x03, 0xC0, 0x03, 0xC0, 0x03, 0xC0, 0x03, 0xC0,
  0x03, 0xC0, 0x03, 0xC0, 0x03, 0xFF, 0xFF, 0xC0, 0x03, 0xFF, 0xFF, 0xC0, 0x03, 0xFF, 0xFF, 0xC0,
  0x00, 0x03, 0xC0, 0x00, 0x00, 0x03, 0xC0, 0x00, 0x00, 0x03, 0xC0, 0x00, 0x1F, 0xFF, 0xFF, 0xF8,
  0x3F, 0xFF, 0xFF, 0xFC, 0x3F, 0xFF, 0xFF, 0xFC, 0x1F, 0xFF, 0xFF, 0xF8, 0x00, 0x00, 0x00, 0x00,
  0x03, 0xC0, 0x00, 0x00, 0x03, 0xC0, 0x00, 0x00, 0x03, 0xC0, 0x00, 0x00, 0x03, 0xC0, 0x00, 0x00,
  0x03, 0xC0, 0x00, 0x00, 0x03, 0xC0, 0x00, 0x00, 0x03, 0xFF, 0xFF, 0xE0, 0x03, 0xFF, 0xFF, 0xE0,
  0x03, 0xFF, 0xFF, 0xE0, 0x03, 0xFF, 0xFF, 0xE0, 0x00, 0x00, 0x00, 0x00, 0x00, 0x00, 0x00, 0x00,
  0x00, 0x00, 0x00, 0x00, 0x07, 0xFF, 0xFF, 0xC0, 0x07, 0xFF, 0xFF, 0xC0, 0x07, 0xFF, 0xFF, 0xC0,
  0x07, 0x80, 0x03, 0xC0, 0x07, 0x80, 0x03, 0xC0, 0x07, 0x80, 0x03, 0xC0, 0x07, 0x80, 0x03, 0xC0,
  0x07, 0xFF, 0xFF, 0xC0, 0x07, 0xFF, 0xFF, 0xC0, 0x07, 0xFF, 0xFF, 0xC0, 0x07, 0xFF, 0xFF, 0xC0,
  0x00, 0x07, 0x80, 0x00, 0x00, 0x07, 0x80, 0x00, 0x3F, 0xFF, 0xFF, 0xF8, 0x3F, 0xFF, 0xFF, 0xF8,
  0x3F, 0xFF, 0xFF, 0xF8, 0x00, 0x00, 0x00, 0x00, 0x00, 0x00, 0x00, 0x00, 0x07, 0xFF, 0xFF, 0xC0,
  0x07, 0xFF, 0xFF, 0xC0, 0x07, 0xFF, 0xFF, 0xC0, 0x07, 0x80, 0x03, 0xC0, 0x07, 0x80, 0x03, 0xC0,
  0x07, 0x80, 0x03, 0xC0, 0x07, 0x80, 0x03, 0xC0, 0x07, 0x80, 0x03, 0xC0, 0x07, 0xFF, 0xFF, 0xC0,
  0x07, 0xFF, 0xFF, 0xC0, 0x07, 0xFF, 0xFF, 0xC0, 0x00, 0x00, 0x00, 0x00, 0x00, 0x00, 0x00, 0x00,
  0x00, 0x00, 0x00, 0x00, 0x03, 0xFF, 0xFF, 0xC0, 0x03, 0xFF, 0xFF, 0xC0, 0x03, 0xFF, 0xFF, 0xC0,
  0x03, 0xC0, 0x03, 0xC0, 0x03, 0xC0, 0x03, 0xC0, 0x03, 0xC0, 0x03, 0xC0, 0x03, 0xC0, 0x03, 0xC0,
  0x03, 0xC0, 0x03, 0xC0, 0x03, 0xFF, 0xFF, 0xC0, 0x03, 0xFF, 0xFF, 0xC0, 0x03, 0xFF, 0xFF, 0xC0,
  0x00, 0x03, 0xC0, 0x00, 0x00, 0x03, 0xC0, 0x00, 0x3F, 0xFF, 0xFF, 0xFC, 0x3F, 0xFF, 0xFF, 0xFC,
  0x3F, 0xFF, 0xFF, 0xFC, 0x00, 0x00, 0x00, 0x00, 0x00, 0x03, 0xC0, 0x00, 0x00, 0x03, 0xC0, 0x00,
  0x00, 0x03, 0xC0, 0x00, 0x00, 0x07, 0xE0, 0x00, 0x00, 0x0F, 0xE0, 0x00, 0x00, 0x1F, 0xF8, 0x00,
  0x00, 0x3F, 0xFC, 0x00, 0x01, 0xFE, 0x7F, 0x80, 0x07, 0xF8, 0x3F, 0xF0, 0x07, 0xF0, 0x0F, 0xE0,
  0x07, 0xC0, 0x03, 0xE0, 0x00, 0x00, 0x00, 0x00, 0x00, 0x00, 0x00, 0x00, 0x00, 0x00, 0x00, 0x00,
  0x00, 0x00, 0x00, 0x00, 0x07, 0xFF, 0xFF, 0x80, 0x07, 0xFF, 0xFF, 0x80, 0x07, 0xFF, 0xFF, 0x80,
  0x07, 0x80, 0x07, 0x80, 0x07, 0x80, 0x07, 0x80, 0x07, 0x80, 0x07, 0x80, 0x07, 0x80, 0x07, 0x80,
  0x07, 0xC0, 0x07, 0x80, 0x07, 0xFF, 0xFF, 0x80, 0x07, 0xFF, 0xFF, 0x80, 0x07, 0xFF, 0xFF, 0x80,
  0x00, 0x07, 0x80, 0x00, 0x00, 0x07, 0x80, 0x00, 0x3F, 0xFF, 0xFF, 0xF8, 0x3F, 0xFF, 0xFF, 0xF8,
  0x3F, 0xFF, 0xFF, 0xF8, 0x00, 0x00, 0x00, 0x00, 0x00, 0x00, 0x00, 0x00, 0x00, 0x3F, 0xF0, 0x00,
  0x00, 0xFF, 0xFE, 0x00, 0x03, 0xFF, 0xFF, 0x00, 0x03, 0xF0, 0x3F, 0x80, 0x07, 0xC0, 0x07, 0x80,
  0x07, 0x80, 0x07, 0x80, 0x07, 0xC0, 0x07, 0x80, 0x07, 0xE0, 0x1F, 0x80, 0x03, 0xFF, 0xFF, 0x00,
  0x01, 0xFF, 0xFE, 0x00, 0x00, 0x3F, 0xF8, 0x00, 0x00, 0x00, 0x00, 0x00, 0x00, 0x00, 0x00, 0x00,
  0x00, 0x00, 0x00, 0x00, 0x00, 0x00, 0x00, 0x00, 0x07, 0xFF, 0xFF, 0xC0, 0x07, 0xFF, 0xFF, 0xC0,
  0x07, 0xFF, 0xFF, 0xC0, 0x07, 0x80, 0x03, 0xC0, 0x07, 0x80, 0x03, 0xC0, 0x07, 0x80, 0x03, 0xC0,
  0x07, 0x80, 0x03, 0xC0, 0x07, 0x80, 0x03, 0xC0, 0x07, 0x80, 0x03, 0xC0, 0x07, 0xFF, 0xFF, 0xC0,
  0x07, 0xFF, 0xFF, 0xC0, 0x07, 0xFF, 0xFF, 0xC0, 0x00, 0x00, 0x00, 0x00, 0x00, 0x00, 0x00, 0x00,
  0x00, 0x00, 0x00, 0x00, 0x3F, 0xFF, 0xFF, 0xF8, 0x3F, 0xFF, 0xFF, 0xF8, 0x3F, 0xFF, 0xFF, 0xF8,
  0x00, 0x07, 0x80, 0x00, 0x00, 0x07, 0x80, 0x00, 0x00, 0x07, 0x80, 0x00, 0x00, 0x07, 0x80, 0x00,
  0x00, 0x07, 0x80, 0x00, 0x00, 0x07, 0x80, 0x00, 0x00, 0x07, 0x80, 0x00, 0x00, 0x07, 0x80, 0x00,
  0x00, 0x07, 0x80, 0x00, 0x00, 0x07, 0x80, 0x00, 0x00, 0x00, 0x00, 0x00, 0x00, 0x00, 0x00, 0x00,
  0x00, 0x00, 0x00, 0x00, 0x00, 0x00, 0x00, 0x00, 0x03, 0xFF, 0xFF, 0xC0, 0x03, 0xFF, 0xFF, 0xC0,
  0x03, 0xFF, 0xFF, 0xC0, 0x03, 0xC0, 0x03, 0xC0, 0x03, 0xC0, 0x03, 0xC0, 0x03, 0xC0, 0x03, 0xC0,
  0x03, 0xC0, 0x03, 0xC0, 0x03, 0xFF, 0xFF, 0xC0, 0x03, 0xFF, 0xFF, 0xC0, 0x03, 0xFF, 0xFF, 0xC0,
  0x00, 0x00, 0x00, 0x00, 0x00, 0x00, 0x00, 0x00, 0x00, 0x00, 0x00, 0x00, 0x3F, 0xFF, 0xFF, 0xF8,
  0x3F, 0xFF, 0xFF, 0xF8, 0x3F, 0xFF, 0xFF, 0xF8, 0x00, 0x03, 0xC0, 0x00, 0x00, 0x03, 0xC0, 0x00,
  0x03, 0xC3, 0xC0, 0x00, 0x03, 0xC3, 0xC0, 0x00, 0x03, 0xC3, 0xC0, 0x00, 0x03, 0xC0, 0x00, 0x00,
  0x03, 0xC0, 0x00, 0x00, 0x03, 0xC0, 0x00, 0x00, 0x07, 0xFF, 0xFF, 0xE0, 0x03, 0xFF, 0xFF, 0xE0,
  0x03, 0xFF, 0xFF, 0xE0, 0x03, 0xFF, 0xFF, 0xE0, 0x00, 0x00, 0x00, 0x00, 0x00, 0x00, 0x00, 0x00,
  0x00, 0x00, 0x00, 0x00, 0x03, 0xFF, 0xFF, 0xC0, 0x03, 0xFF, 0xFF, 0xC0, 0x03, 0xFF, 0xFF, 0xC0,
  0x03, 0xC0, 0x03, 0xC0, 0x03, 0xC0, 0x03, 0xC0, 0x03, 0xC0, 0x03, 0xC0, 0x03, 0xFF, 0xFF, 0xC0,
  0x03, 0xFF, 0xFF, 0xC0, 0x03, 0xFF, 0xFF, 0xC0, 0x00, 0x00, 0x00, 0x00, 0x00, 0x00, 0x00, 0x00,
  0x3F, 0xFF, 0xFF, 0xFC, 0x3F, 0xFF, 0xFF, 0xFC, 0x3F, 0xFF, 0xFF, 0xFC, 0x00, 0x03, 0xC0, 0x00,
  0x00, 0x03, 0xC0, 0x00, 0x03, 0xFF, 0xFF, 0xC0, 0x03, 0xFF, 0xFF, 0xC0, 0x03, 0xFF, 0xFF, 0xC0,
  0x00, 0x00, 0x03, 0xC0, 0x00, 0x00, 0x03, 0xC0, 0x03, 0xFF, 0xFF, 0xC0, 0x03, 0xFF, 0xFF, 0xC0,
  0x03, 0xFF, 0xFF, 0xC0, 0x03, 0xC0, 0x00, 0x00, 0x03, 0xC0, 0x00, 0x00, 0x07, 0xFF, 0xFF, 0xE0,
  0x03, 0xFF, 0xFF, 0xE0, 0x03, 0xFF, 0xFF, 0xE0, 0x00, 0x00, 0x00, 0x00, 0x00, 0x00, 0x00, 0x00,
  0x00, 0x00, 0x00, 0x00, 0x07, 0xFF, 0xFF, 0x80, 0x07, 0xFF, 0xFF, 0x80, 0x07, 0xFF, 0xFF, 0x80,
  0x07, 0x80, 0x07, 0x80, 0x07, 0x80, 0x07, 0x80, 0x07, 0x80, 0x07, 0x80, 0x07, 0x80, 0x07, 0x80,
  0x07, 0x80, 0x07, 0x80, 0x07, 0xFF, 0xFF, 0x80, 0x07, 0xFF, 0xFF, 0x80, 0x07, 0xFF, 0xFF, 0x80,
  0x00, 0x00, 0x00, 0x00, 0x00, 0x00, 0x00, 0x00, 0x3F, 0xFF, 0xFF, 0xF8, 0x3F, 0xFF, 0xFF, 0xF8,
  0x3F, 0xFF, 0xFF, 0xF8, 0x00, 0x07, 0x80, 0x00, 0x00, 0x07, 0x80, 0x00, 0x00, 0x3F, 0xF8, 0x00,
  0x01, 0xFF, 0xFE, 0x00, 0x03, 0xFF, 0xFF, 0x00, 0x07, 0xE0, 0x1F, 0x80, 0x07, 0xC0, 0x07, 0x80,
  0x07, 0x80, 0x07, 0x80, 0x07, 0xC0, 0x07, 0x80, 0x07, 0xE0, 0x1F, 0x80, 0x03, 0xFF, 0xFF, 0x00,
  0x01, 0xFF, 0xFE, 0x00, 0x00, 0x3F, 0xF8, 0x00, 0x00, 0x00, 0x00, 0x00, 0x00, 0x00, 0x00, 0x00,
  0x00, 0x00, 0x00, 0x00, 0x00, 0x00, 0x00, 0x00, 0x07, 0xFF, 0xFF, 0xC0, 0x07, 0xFF, 0xFF, 0xC0,
  0x07, 0xFF, 0xFF, 0xC0, 0x07, 0x80, 0x03, 0xC0, 0x07, 0x80, 0x03, 0xC0, 0x07, 0x80, 0x03, 0xC0,
  0x07, 0x80, 0x03, 0xC0, 0x07, 0x80, 0x03, 0xC0, 0x07, 0xFF, 0xFF, 0xC0, 0x07, 0xFF, 0xFF, 0xC0,
  0x07, 0xFF, 0xFF, 0xC0, 0x00, 0x00, 0x00, 0x00, 0x00, 0x00, 0x00, 0x00, 0x00, 0x00, 0x00, 0x00,
  0x00, 0x00, 0x00, 0x00, 0x3F, 0xFF, 0xFF, 0xF8, 0x3F, 0xFF, 0xFF, 0xF8, 0x3F, 0xFF, 0xFF, 0xF8,
  0x00, 0xF0, 0x1E, 0x00, 0x00, 0xF0, 0x1E, 0x00, 0x00, 0xF0, 0x1E, 0x00, 0x00, 0xF0, 0x1E, 0x00,
  0x00, 0xF0, 0x1E, 0x00, 0x00, 0xF0, 0x1E, 0x00, 0x00, 0xF0, 0x1E, 0x00, 0x00, 0xF0, 0x1E, 0x00,
  0x00, 0xF0, 0x1E, 0x00, 0x00, 0xF0, 0x1E, 0x00, 0x00, 0x00, 0x00, 0x00, 0x00, 0x00, 0x00, 0x00,
  0x00, 0x00, 0x00, 0x00, 0x00, 0x00, 0x01, 0xE0, 0x00, 0x00, 0x01, 0xE0, 0x00, 0x00, 0x01, 0xE0,
  0x0F, 0xFF, 0xC1, 0xE0, 0x0F, 0xFF, 0xC1, 0xE0, 0x0F, 0xFF, 0xC1, 0xE0, 0x0F, 0x03, 0xC1, 0xE0,
  0x0F, 0x03, 0xC1, 0xE0, 0x0F, 0x03, 0xC1, 0xE0, 0x0F, 0x03, 0xC1, 0xE0, 0x0F, 0x03, 0xC1, 0xE0,
  0x0F, 0x03, 0xC1, 0xE0, 0x0F, 0x03, 0xC1, 0xE0, 0x0F, 0x03, 0xC1, 0xE0, 0x0F, 0x03, 0xC1, 0xE0,
  0x0F, 0x03, 0xC1, 0xE0, 0x0F, 0x03, 0xC1, 0xE0, 0x0F, 0x03, 0xC1, 0xE0, 0x0F, 0x03, 0xC1, 0xE0,
  0x0F, 0x03, 0xC1, 0xE0, 0x0F, 0xFF, 0xC1, 0xE0, 0x0F, 0xFF, 0xC1, 0xE0, 0x0F, 0xFF, 0xC1, 0xE0,
  0x00, 0x00, 0x01, 0xE0, 0x00, 0x00, 0x01, 0xE0, 0x00, 0x00, 0x01, 0xE0, 0x00, 0x00, 0x01, 0xE0,
  0x00, 0x00, 0x01, 0xE0, 0x00, 0x00, 0x01, 0xE0, 0x00, 0x00, 0x01, 0xE0, 0x00, 0x00, 0x00, 0x00,
  0x00, 0x00, 0x00, 0x00, 0x00, 0x00, 0x01, 0xE0, 0x0F, 0xFF, 0xC1, 0xE0, 0x0F, 0xFF, 0xC1, 0xE0,
  0x0F, 0xFF, 0xC1, 0xE0, 0x0F, 0xFF, 0xC1, 0xE0, 0x0F, 0x03, 0xC1, 0xE0, 0x0F, 0x03, 0xC1, 0xE0,
  0x0F, 0x03, 0xC1, 0xE0, 0x0F, 0x03, 0xC1, 0xE0, 0x0F, 0x03, 0xC1, 0xE0, 0x0F, 0x03, 0xC1, 0xE0,
  0x0F, 0xFF, 0xC1, 0xE0, 0x0F, 0xFF, 0xC1, 0xE0, 0x0F, 0xFF, 0xC1, 0xE0, 0x00, 0x00, 0x01, 0xE0,
  0x00, 0x00, 0x00, 0x00, 0x00, 0x00, 0x00, 0x00, 0x01, 0xFF, 0xFF, 0xE0, 0x01, 0xFF, 0xFF, 0xE0,
  0x01, 0xFF, 0xFF, 0xE0, 0x00, 0x00, 0x01, 0xE0, 0x01, 0xFF, 0xFF, 0xE0, 0x01, 0xFF, 0xFF, 0xE0,
  0x01, 0xFF, 0xFF, 0xE0, 0x01, 0xE0, 0x00, 0x00, 0x01, 0xE0, 0x00, 0x00, 0x01, 0xF0, 0x00, 0x00,
  0x01, 0xFF, 0xFF, 0xF0, 0x01, 0xFF, 0xFF, 0xF0, 0x01, 0xFF, 0xFF, 0xF0, 0x00, 0x00, 0x00, 0x00,
  0x00, 0x00, 0x00, 0x00, 0x00, 0x00, 0x01, 0xE0, 0x00, 0x00, 0x01, 0xE0, 0x0F, 0xFF, 0xC1, 0xE0,
  0x0F, 0xFF, 0xC1, 0xE0, 0x0F, 0xFF, 0xC1, 0xE0, 0x0F, 0x03, 0xC1, 0xE0, 0x0F, 0x03, 0xC1, 0xE0,
  0x0F, 0x03, 0xC1, 0xE0, 0x0F, 0x03, 0xC1, 0xE0, 0x0F, 0x03, 0xC1, 0xE0, 0x0F, 0x03, 0xC1, 0xE0,
  0x0F, 0x03, 0xC1, 0xE0, 0x0F, 0xFF, 0xC1, 0xE0, 0x0F, 0xFF, 0xC1, 0xE0, 0x0F, 0xFF, 0xC1, 0xE0,
  0x00, 0x00, 0x01, 0xE0, 0x00, 0x00, 0x01, 0xE0, 0x00, 0x00, 0x01, 0xE0, 0x00, 0x0F, 0xFC, 0x00,
  0x00, 0x3F, 0xFF, 0x00, 0x00, 0xFF, 0xFF, 0xC0, 0x01, 0xFC, 0x0F, 0xC0, 0x01, 0xF0, 0x03, 0xE0,
  0x01, 0xE0, 0x01, 0xE0, 0x01, 0xE0, 0x01, 0xE0, 0x01, 0xF0, 0x03, 0xE0, 0x01, 0xFC, 0x0F, 0xE0,
  0x00, 0xFF, 0xFF, 0xC0, 0x00, 0x7F, 0xFF, 0x80, 0x00, 0x0F, 0xFC, 0x00, 0x00, 0x00, 0x00, 0x00,
  0x00, 0x00, 0x00, 0x00, 0x00, 0x00, 0x00, 0x00, 0x00, 0x00, 0x07, 0x80, 0x00, 0x00, 0x07, 0x80,
  0x1E, 0x03, 0xC7, 0x80, 0x1E, 0x03, 0xC7, 0x80, 0x1E, 0x03, 0xC7, 0x80, 0x1E, 0x03, 0xC7, 0x80,
  0x1E, 0x03, 0xC7, 0x80, 0x1E, 0x03, 0xC7, 0x80, 0x1E, 0x03, 0xC7, 0x80, 0x1F, 0xFF, 0xC7, 0x80,
  0x1F, 0xFF, 0xC7, 0x80, 0x1F, 0xFF, 0xC7, 0xFC, 0x1F, 0xFF, 0xC7, 0xFC, 0x1E, 0x03, 0xC7, 0xFC,
  0x1E, 0x03, 0xC7, 0x80, 0x1E, 0x03, 0xC7, 0x80, 0x1E, 0x03, 0xC7, 0x80, 0x1E, 0x03, 0xC7, 0x80,
  0x1E, 0x03, 0xC7, 0x80, 0x1F, 0xFF, 0xC7, 0x80, 0x1F, 0xFF, 0xC7, 0x80, 0x1F, 0xFF, 0xC7, 0x80,
  0x00, 0x00, 0x07, 0x80, 0x00, 0x00, 0x07, 0x80, 0x00, 0x00, 0x07, 0x80, 0x00, 0x00, 0x07, 0x80,
  0x00, 0x00, 0x07, 0x80, 0x00, 0x00, 0x07, 0x80, 0x00, 0x00, 0x07, 0x80, 0x00, 0x00, 0x00, 0x00,
  0x00, 0x00, 0x00, 0x00, 0x00, 0x00, 0x07, 0x80, 0x00, 0x00, 0x07, 0x80, 0x1E, 0x07, 0x87, 0x80,
  0x1E, 0x07, 0x87, 0x80, 0x1E, 0x07, 0x87, 0x80, 0x1E, 0x07, 0x87, 0x80, 0x1F, 0xFF, 0x87, 0x80,
  0x1F, 0xFF, 0x87, 0x80, 0x1F, 0xFF, 0x87, 0xF8, 0x1F, 0xFF, 0x87, 0xF8, 0x1E, 0x07, 0x87, 0xF8,
  0x1E, 0x07, 0x87, 0x80, 0x1E, 0x07, 0x87, 0x80, 0x1F, 0xFF, 0x87, 0x80, 0x1F, 0xFF, 0x87, 0x80,
  0x1F, 0xFF, 0x87, 0x80, 0x00, 0x00, 0x07, 0x80, 0x00, 0x00, 0x07, 0x80, 0x00, 0x00, 0x00, 0x00,
  0x03, 0xFF, 0xFF, 0x80, 0x03, 0xFF, 0xFF, 0x80, 0x03, 0xFF, 0xFF, 0x80, 0x00, 0x00, 0x07, 0x80,
  0x00, 0x00, 0x07, 0x80, 0x00, 0x00, 0x07, 0x80, 0x00, 0x00, 0x07, 0x80, 0x00, 0x00, 0x07, 0x80,
  0x00, 0x00, 0x07, 0x80, 0x00, 0x00, 0x07, 0x80, 0x00, 0x00, 0x07, 0x80, 0x00, 0x00, 0x00, 0x00,
  0x00, 0x00, 0x00, 0x00, 0x00, 0x00, 0x07, 0x80, 0x00, 0x00, 0x07, 0x80, 0x1E, 0x07, 0x87, 0x80,
  0x1E, 0x07, 0x87, 0x80, 0x1E, 0x07, 0x87, 0x80, 0x1E, 0x07, 0x87, 0x80, 0x1E, 0x07, 0x87, 0x80,
  0x1F, 0xFF, 0x87, 0x80, 0x1F, 0xFF, 0x87, 0x80, 0x1F, 0xFF, 0x87, 0xF8, 0x1E, 0x07, 0x87, 0xF8,
  0x1E, 0x07, 0x87, 0xF8, 0x1E, 0x07, 0x87, 0x80, 0x1E, 0x07, 0x87, 0x80, 0x1F, 0xFF, 0x87, 0x80,
  0x1F, 0xFF, 0x87, 0x80, 0x1F, 0xFF, 0x87, 0x80, 0x00, 0x00, 0x07, 0x80, 0x00, 0x00, 0x07, 0x80,
  0x00, 0x00, 0x07, 0x80, 0x03, 0xC0, 0x07, 0x80, 0x03, 0xC0, 0x07, 0x80, 0x03, 0xC0, 0x00, 0x00,
  0x03, 0xC0, 0x00, 0x00, 0x03, 0xC0, 0x00, 0x00, 0x03, 0xC0, 0x00, 0x00, 0x03, 0xFF, 0xFF, 0xC0,
  0x03, 0xFF, 0xFF, 0xC0, 0x03, 0xFF, 0xFF, 0xC0, 0x03, 0xFF, 0xFF, 0xC0, 0x00, 0x00, 0x00, 0x00,
  0x00, 0x00, 0x00, 0x00, 0x00, 0x00, 0x07, 0x80, 0x00, 0x00, 0x07, 0x80, 0x1E, 0x07, 0x87, 0x80,
  0x1E, 0x07, 0x87, 0x80, 0x1E, 0x07, 0x87, 0x80, 0x1E, 0x07, 0x87, 0x80, 0x1F, 0xFF, 0x87, 0x80,
  0x1F, 0xFF, 0x87, 0xF8, 0x1F, 0xFF, 0x87, 0xF8, 0x1E, 0x07, 0x87, 0xF8, 0x1E, 0x07, 0x87, 0x80,
  0x1E, 0x07, 0x87, 0x80, 0x1E, 0x07, 0x87, 0x80, 0x1F, 0xFF, 0x87, 0x80, 0x1F, 0xFF, 0x87, 0x80,
  0x1F, 0xFF, 0x87, 0x80, 0x00, 0x00, 0x07, 0x80, 0x00, 0x00, 0x07, 0x80, 0x00, 0x00, 0x00, 0x00,
  0x03, 0xFF, 0xFF, 0x80, 0x03, 0xFF, 0xFF, 0x80, 0x03, 0xFF, 0xFF, 0x80, 0x03, 0xC0, 0x00, 0x00,
  0x03, 0xC0, 0x00, 0x00, 0x03, 0xC0, 0x00, 0x00, 0x03, 0xC0, 0x00, 0x00, 0x03, 0xFF, 0xFF, 0xC0,
  0x03, 0xFF, 0xFF, 0xC0, 0x03, 0xFF, 0xFF, 0xC0, 0x03, 0xFF, 0xFF, 0xC0, 0x00, 0x00, 0x00, 0x00,
  0x00, 0x00, 0x00, 0x00, 0x00, 0x00, 0x07, 0x80, 0x1E, 0x07, 0x87, 0x80, 0x1E, 0x07, 0x87, 0x80,
  0x1E, 0x07, 0x87, 0x80, 0x1E, 0x07, 0x87, 0x80, 0x1F, 0xFF, 0x87, 0x80, 0x1F, 0xFF, 0x87, 0xF8,
  0x1F, 0xFF, 0x87, 0xF8, 0x1E, 0x07, 0x87, 0xF8, 0x1E, 0x07, 0x87, 0x80, 0x1E, 0x07, 0x87, 0x80,
  0x1F, 0xFF, 0x87, 0x80, 0x1F, 0xFF, 0x87, 0x80, 0x1F, 0xFF, 0x87, 0x80, 0x00, 0x00, 0x07, 0x80,
  0x00, 0x00, 0x00, 0x00, 0x03, 0xFF, 0xFF, 0x80, 0x03, 0xFF, 0xFF, 0x80, 0x03, 0xFF, 0xFF, 0x80,
  0x00, 0x00, 0x07, 0x80, 0x00, 0x00, 0x07, 0x80, 0x03, 0xFF, 0xFF, 0x80, 0x03, 0xFF, 0xFF, 0x80,
  0x03, 0xFF, 0xFF, 0x80, 0x03, 0xC0, 0x00, 0x00, 0x03, 0xC0, 0x00, 0x00, 0x03, 0xFF, 0xFF, 0xC0,
  0x03, 0xFF, 0xFF, 0xC0, 0x03, 0xFF, 0xFF, 0xC0, 0x03, 0xFF, 0xFF, 0xC0, 0x00, 0x00, 0x00, 0x00,
  0x00, 0x00, 0x00, 0x00, 0x00, 0x00, 0x07, 0x80, 0x00, 0x00, 0x07, 0xC0, 0x1E, 0x07, 0x87, 0xC0,
  0x1E, 0x07, 0x87, 0xC0, 0x1E, 0x07, 0x87, 0xC0, 0x1F, 0xFF, 0x87, 0xC0, 0x1F, 0xFF, 0x87, 0xFC,
  0x1F, 0xFF, 0x87, 0xFC, 0x1E, 0x07, 0x87, 0xFC, 0x1E, 0x07, 0x87, 0xC0, 0x1E, 0x07, 0x87, 0xC0,
  0x1E, 0x07, 0x87, 0xC0, 0x1F, 0xFF, 0x87, 0xC0, 0x1F, 0xFF, 0x87, 0xC0, 0x1F, 0xFF, 0x87, 0xC0,
  0x00, 0x00, 0x03, 0x80, 0x00, 0x00, 0x00, 0x00, 0x0F, 0xFC, 0xE3, 0x80, 0x0F, 0xFD, 0xE3, 0xC0,
  0x0F, 0xFD, 0xE3, 0xC0, 0x00, 0x3D, 0xFF, 0xC0, 0x00, 0x3D, 0xFF, 0xC0, 0x0F, 0xFD, 0xFF, 0xC0,
  0x0F, 0xFD, 0xE3, 0xC0, 0x0F, 0xFD, 0xE3, 0xC0, 0x0F, 0x81, 0xE3, 0xC0, 0x0F, 0x81, 0xE3, 0xC0,
  0x0F, 0xFF, 0xFF, 0xC0, 0x0F, 0xFF, 0xFF, 0xC0, 0x0F, 0xFF, 0xFF, 0xC0, 0x00, 0x00, 0x00, 0x00,
  0x00, 0x00, 0x00, 0x00, 0x00, 0x00, 0x07, 0x80, 0x00, 0x00, 0x07, 0x80, 0x1E, 0x07, 0x87, 0x80,
  0x1E, 0x07, 0x87, 0x80, 0x1E, 0x07, 0x87, 0x80, 0x1F, 0xFF, 0x87, 0x80, 0x1F, 0xFF, 0x87, 0x80,
  0x1F, 0xFF, 0x87, 0xF8, 0x1F, 0xFF, 0x87, 0xF8, 0x1E, 0x07, 0x87, 0xF8, 0x1E, 0x07, 0x87, 0x80,
  0x1E, 0x07, 0x87, 0x80, 0x1E, 0x07, 0x87, 0x80, 0x1F, 0xFF, 0x87, 0x80, 0x1F, 0xFF, 0x87, 0x80,
  0x1F, 0xFF, 0x87, 0x80, 0x00, 0x00, 0x07, 0x80, 0x00, 0x00, 0x00, 0x00, 0x00, 0x00, 0x00, 0x00,
  0x03, 0xFF, 0xFF, 0x80, 0x03, 0xFF, 0xFF, 0x80, 0x03, 0xFF, 0xFF, 0x80, 0x03, 0xC0, 0x07, 0x80,
  0x03, 0xC0, 0x07, 0x80, 0x03, 0xC0, 0x07, 0x80, 0x03, 0xC0, 0x07, 0x80, 0x03, 0xC0, 0x07, 0x80,
  0x03, 0xFF, 0xFF, 0x80, 0x03, 0xFF, 0xFF, 0x80, 0x03, 0xFF, 0xFF, 0x80, 0x00, 0x00, 0x00, 0x00,
  0x00, 0x00, 0x00, 0x00, 0x00, 0x00, 0x07, 0xC0, 0x00, 0x00, 0x07, 0xC0, 0x1E, 0x07, 0x87, 0xC0,
  0x1E, 0x07, 0x87, 0xC0, 0x1E, 0x07, 0x87, 0xC0, 0x1F, 0xFF, 0x87, 0xC0, 0x1F, 0xFF, 0x87, 0xC0,
  0x1F, 0xFF, 0x87, 0xFC, 0x1F, 0xFF, 0x87, 0xFC, 0x1E, 0x07, 0x87, 0xFC, 0x1E, 0x07, 0x87, 0xC0,
  0x1E, 0x07, 0x87, 0xC0, 0x1E, 0x07, 0x87, 0xC0, 0x1F, 0xFF, 0x87, 0xC0, 0x1F, 0xFF, 0x87, 0xC0,
  0x1F, 0xFF, 0x87, 0xC0, 0x00, 0x00, 0x07, 0xC0, 0x00, 0x00, 0x03, 0x80, 0x00, 0x1F, 0xF8, 0x00,
  0x00, 0xFF, 0xFE, 0x00, 0x01, 0xFF, 0xFF, 0x00, 0x03, 0xF8, 0x1F, 0x80, 0x03, 0xC0, 0x07, 0xC0,
  0x03, 0xC0, 0x03, 0xC0, 0x03, 0xC0, 0x03, 0xC0, 0x03, 0xC0, 0x07, 0xC0, 0x03, 0xF8, 0x1F, 0x80,
  0x01, 0xFF, 0xFF, 0x00, 0x00, 0xFF, 0xFE, 0x00, 0x00, 0x1F, 0xF8, 0x00, 0x00, 0x00, 0x00, 0x00,
  0x00, 0x00, 0x00, 0x00, 0x00, 0x00, 0x00, 0xE0, 0x00, 0x00, 0x78, 0xF0, 0x00, 0x00, 0x78, 0xF0,
  0x1E, 0x1E, 0x78, 0xF0, 0x1E, 0x1E, 0x78, 0xF0, 0x1E, 0x1E, 0x78, 0xF0, 0x1E, 0x1E, 0x78, 0xF0,
  0x1E, 0x1E, 0x78, 0xF0, 0x1E, 0x1E, 0x78, 0xF0, 0x1E, 0x1E, 0x78, 0xF0, 0x1F, 0xFE, 0x78, 0xF0,
  0x1F, 0xFE, 0x78, 0xF0, 0x1F, 0xFE, 0x7F, 0xF0, 0x1E, 0x1E, 0x7F, 0xF0, 0x1E, 0x1E, 0x7F, 0xF0,
  0x1E, 0x1E, 0x78, 0xF0, 0x1E, 0x1E, 0x78, 0xF0, 0x1E, 0x1E, 0x78, 0xF0, 0x1E, 0x1E, 0x78, 0xF0,
  0x1E, 0x1E, 0x78, 0xF0, 0x1F, 0xFE, 0x78, 0xF0, 0x1F, 0xFE, 0x78, 0xF0, 0x1F, 0xFE, 0x78, 0xF0,
  0x00, 0x00, 0x78, 0xF0, 0x00, 0x00, 0x78, 0xF0, 0x00, 0x00, 0x78, 0xF0, 0x00, 0x00, 0x78, 0xF0,
  0x00, 0x00, 0x78, 0xF0, 0x00, 0x00, 0x78, 0xF0, 0x00, 0x00, 0x00, 0xF0, 0x00, 0x00, 0x00, 0x00,
  0x00, 0x00, 0x00, 0x00, 0x00, 0x00, 0x78, 0xF0, 0x0E, 0x0E, 0x78, 0xF0, 0x1E, 0x1E, 0x78, 0xF0,
  0x1E, 0x1E, 0x78, 0xF0, 0x1E, 0x1E, 0x78, 0xF0, 0x1E, 0x1E, 0x78, 0xF0, 0x1F, 0xFE, 0x78, 0xF0,
  0x1F, 0xFE, 0x7F, 0xF0, 0x1F, 0xFE, 0x7F, 0xF0, 0x1E, 0x1E, 0x7F, 0xF0, 0x1E, 0x1E, 0x78, 0xF0,
  0x1E, 0x1E, 0x78, 0xF0, 0x1F, 0xFE, 0x78, 0xF0, 0x1F, 0xFE, 0x78, 0xF0, 0x1F, 0xFE, 0x78, 0xF0,
  0x00, 0x00, 0x78, 0xF0, 0x00, 0x00, 0x78, 0xF0, 0x00, 0x00, 0x00, 0xF0, 0x00, 0x01, 0xE0, 0xF0,
  0x00, 0x01, 0xF0, 0xF0, 0x00, 0x01, 0xF0, 0x00, 0x00, 0x01, 0xF0, 0x00, 0x00, 0x03, 0xF8, 0x00,
  0x00, 0x07, 0xFC, 0x00, 0x00, 0x1F, 0xBF, 0x00, 0x00, 0xFF, 0x1F, 0xE0, 0x03, 0xFE, 0x0F, 0xF8,
  0x03, 0xF8, 0x03, 0xF0, 0x01, 0xE0, 0x00, 0xF0, 0x00, 0x00, 0x00, 0x00, 0x00, 0x00, 0x00, 0x00,
  0x00, 0x00, 0x00, 0x00, 0x00, 0x00, 0x01, 0xE0, 0x00, 0x00, 0x01, 0xE0, 0x00, 0x00, 0x01, 0xE0,
  0x1E, 0x07, 0x81, 0xE0, 0x1E, 0x07, 0x81, 0xE0, 0x1E, 0x07, 0x81, 0xE0, 0x1E, 0x07, 0x81, 0xE0,
  0x1E, 0x07, 0x81, 0xE0, 0x1E, 0x07, 0x81, 0xE0, 0x1E, 0x07, 0x81, 0xE0, 0x1F, 0xFF, 0x81, 0xE0,
  0x1F, 0xFF, 0xFF, 0xE0, 0x1F, 0xFF, 0xFF, 0xE0, 0x1E, 0x07, 0xFF, 0xE0, 0x1E, 0x07, 0x81, 0xE0,
  0x1E, 0x07, 0x81, 0xE0, 0x1E, 0x07, 0x81, 0xE0, 0x1E, 0x07, 0x81, 0xE0, 0x1E, 0x07, 0x81, 0xE0,
  0x1E, 0x07, 0x81, 0xE0, 0x1F, 0xFF, 0x81, 0xE0, 0x1F, 0xFF, 0x81, 0xE0, 0x1F, 0xFF, 0x81, 0xE0,
  0x00, 0x00, 0x01, 0xE0, 0x00, 0x00, 0x01, 0xE0, 0x00, 0x00, 0x01, 0xE0, 0x00, 0x00, 0x01, 0xE0,
  0x00, 0x00, 0x01, 0xE0, 0x00, 0x00, 0x01, 0xE0, 0x00, 0x00, 0x01, 0xE0, 0x00, 0x00, 0x00, 0x00,
  0x00, 0x00, 0x00, 0x00, 0x00, 0x00, 0x01, 0xE0, 0x00, 0x00, 0x01, 0xE0, 0x0F, 0x03, 0xC1, 0xE0,
  0x0F, 0x03, 0xC1, 0xE0, 0x0F, 0x03, 0xC1, 0xE0, 0x0F, 0x03, 0xC1, 0xE0, 0x0F, 0xFF, 0xC1, 0xE0,
  0x0F, 0xFF, 0xC1, 0xE0, 0x0F, 0xFF, 0xFF, 0xE0, 0x0F, 0xFF, 0xFF, 0xE0, 0x0F, 0x03, 0xFF, 0xE0,
  0x0F, 0x03, 0xC1, 0xE0, 0x0F, 0x03, 0xC1, 0xE0, 0x0F, 0xFF, 0xC1, 0xE0, 0x0F, 0xFF, 0xC1, 0xE0,
  0x0F, 0xFF, 0xC1, 0xE0, 0x00, 0x00, 0x01, 0xE0, 0x00, 0x00, 0x01, 0xE0, 0x00, 0x00, 0x00, 0x00,
  0x01, 0xFF, 0xFF, 0xE0, 0x01, 0xFF, 0xFF, 0xE0, 0x01, 0xFF, 0xFF, 0xE0, 0x00, 0x00, 0x01, 0xE0,
  0x00, 0x00, 0x01, 0xE0, 0x00, 0x00, 0x01, 0xE0, 0x00, 0x00, 0x01, 0xE0, 0x00, 0x00, 0x01, 0xE0,
  0x00, 0x00, 0x01, 0xE0, 0x00, 0x00, 0x01, 0xE0, 0x00, 0x00, 0x01, 0xE0, 0x00, 0x00, 0x00, 0x00,
  0x00, 0x00, 0x00, 0x00, 0x00, 0x00, 0x01, 0xE0, 0x00, 0x00, 0x01, 0xE0, 0x0F, 0x03, 0xC1, 0xE0,
  0x0F, 0x03, 0xC1, 0xE0, 0x0F, 0x03, 0xC1, 0xE0, 0x0F, 0x03, 0xC1, 0xE0, 0x0F, 0xFF, 0xC1, 0xE0,
  0x0F, 0xFF, 0xC1, 0xE0, 0x0F, 0xFF, 0xFF, 0xE0, 0x0F, 0xFF, 0xFF, 0xE0, 0x0F, 0x03, 0xFF, 0xE0,
  0x0F, 0x03, 0xC1, 0xE0, 0x0F, 0x03, 0xC1, 0xE0, 0x0F, 0x03, 0xC1, 0xE0, 0x0F, 0xFF, 0xC1, 0xE0,
  0x0F, 0xFF, 0xC1, 0xE0, 0x0F, 0xFF, 0xC1, 0xE0, 0x00, 0x00, 0x01, 0xE0, 0x00, 0x00, 0x01, 0xE0,
  0x00, 0x00, 0x01, 0xE0, 0x00, 0xF0, 0x01, 0xE0, 0x00, 0xF0, 0x01, 0xE0, 0x00, 0xF0, 0x00, 0x00,
  0x00, 0xF0, 0x00, 0x00, 0x00, 0xF0, 0x00, 0x00, 0x00, 0xF0, 0x00, 0x00, 0x00, 0xFF, 0xFF, 0xF0,
  0x00, 0xFF, 0xFF, 0xF0, 0x00, 0xFF, 0xFF, 0xF0, 0x00, 0xFF, 0xFF, 0xF0, 0x00, 0x00, 0x00, 0x00,
  0x00, 0x00, 0x00, 0x00, 0x00, 0x00, 0x01, 0xE0, 0x0F, 0x03, 0xC1, 0xE0, 0x0F, 0x03, 0xC1, 0xE0,
  0x0F, 0x03, 0xC1, 0xE0, 0x0F, 0xFF, 0xC1, 0xE0, 0x0F, 0xFF, 0xC1, 0xE0, 0x0F, 0xFF, 0xFF, 0xE0,
  0x0F, 0xFF, 0xFF, 0xE0, 0x0F, 0x03, 0xFF, 0xE0, 0x0F, 0x03, 0xC1, 0xE0, 0x0F, 0x03, 0xC1, 0xE0,
  0x0F, 0xFF, 0xC1, 0xE0, 0x0F, 0xFF, 0xC1, 0xE0, 0x0F, 0xFF, 0xC1, 0xE0, 0x00, 0x00, 0x01, 0xE0,
  0x00, 0x00, 0x00, 0x00, 0x00, 0x00, 0x00, 0x00, 0x00, 0xFF, 0xFF, 0xE0, 0x00, 0xFF, 0xFF, 0xE0,
  0x00, 0xFF, 0xFF, 0xE0, 0x00, 0x00, 0x01, 0xE0, 0x00, 0xFF, 0xFF, 0xE0, 0x00, 0xFF, 0xFF, 0xE0,
  0x00, 0xFF, 0xFF, 0xE0, 0x00, 0xF0, 0x00, 0x00, 0x00, 0xF0, 0x00, 0x00, 0x00, 0xFF, 0xFF, 0xF0,
  0x00, 0xFF, 0xFF, 0xF0, 0x00, 0xFF, 0xFF, 0xF0, 0x00, 0xFF, 0xFF, 0xF0, 0x00, 0x00, 0x00, 0x00,
  0x00, 0x00, 0x00, 0x00, 0x00, 0x00, 0x01, 0xE0, 0x0E, 0x01, 0xC1, 0xE0, 0x0F, 0x03, 0xC1, 0xE0,
  0x0F, 0x03, 0xC1, 0xE0, 0x0F, 0x03, 0xC1, 0xE0, 0x0F, 0xFF, 0xC1, 0xE0, 0x0F, 0xFF, 0xC1, 0xE0,
  0x0F, 0xFF, 0xFF, 0xE0, 0x0F, 0xFF, 0xFF, 0xE0, 0x0F, 0x03, 0xFF, 0xE0, 0x0F, 0x03, 0xC1, 0xE0,
  0x0F, 0x03, 0xC1, 0xE0, 0x0F, 0xFF, 0xC1, 0xE0, 0x0F, 0xFF, 0xC1, 0xE0, 0x0F, 0xFF, 0xC1, 0xE0,
  0x00, 0x00, 0x01, 0xE0, 0x00, 0x00, 0x00, 0xC0, 0x00, 0x00, 0x00, 0x00, 0x00, 0xF0, 0x01, 0xE0,
  0x00, 0xF0, 0x01, 0xE0, 0x00, 0xF0, 0x01, 0xE0, 0x00, 0xFF, 0xFF, 0xE0, 0x00, 0xFF, 0xFF, 0xE0,
  0x00, 0xFF, 0xFF, 0xE0, 0x00, 0xF0, 0x01, 0xE0, 0x00, 0xF0, 0x01, 0xE0, 0x00, 0xF0, 0x01, 0xE0,
  0x00, 0xFF, 0xFF, 0xE0, 0x00, 0xFF, 0xFF, 0xE0, 0x00, 0xFF, 0xFF, 0xE0, 0x00, 0x00, 0x00, 0x00,
  0x00, 0x00, 0x00, 0x00, 0x00, 0x00, 0x00, 0xE0, 0x00, 0x00, 0x3C, 0xF0, 0x00, 0x00, 0x3C, 0xF0,
  0x1E, 0x1E, 0x3C, 0xF0, 0x1E, 0x1E, 0x3C, 0xF0, 0x1E, 0x1E, 0x3C, 0xF0, 0x1E, 0x1E, 0x3C, 0xF0,
  0x1E, 0x1E, 0x3C, 0xF0, 0x1E, 0x1E, 0x3C, 0xF0, 0x1E, 0x1E, 0x3C, 0xF0, 0x1F, 0xFE, 0x3C, 0xF0,
  0x1F, 0xFF, 0xFC, 0xF0, 0x1F, 0xFF, 0xFC, 0xF0, 0x1E, 0x1F, 0xFC, 0xF0, 0x1E, 0x1E, 0x3C, 0xF0,
  0x1E, 0x1E, 0x3C, 0xF0, 0x1E, 0x1E, 0x3C, 0xF0, 0x1E, 0x1E, 0x3C, 0xF0, 0x1E, 0x1E, 0x3C, 0xF0,
  0x1E, 0x1E, 0x3C, 0xF0, 0x1F, 0xFE, 0x3C, 0xF0, 0x1F, 0xFE, 0x3C, 0xF0, 0x1F, 0xFE, 0x3C, 0xF0,
  0x00, 0x00, 0x3C, 0xF0, 0x00, 0x00, 0x3C, 0xF0, 0x00, 0x00, 0x3C, 0xF0, 0x00, 0x00, 0x3C, 0xF0,
  0x00, 0x00, 0x3C, 0xF0, 0x00, 0x00, 0x3C, 0xF0, 0x00, 0x00, 0x00, 0xF0, 0x00, 0x00, 0x00, 0x00,
  0x00, 0x00, 0x00, 0x00, 0x00, 0x00, 0x00, 0xF0, 0x00, 0x00, 0x3C, 0xF0, 0x0E, 0x0E, 0x3C, 0xF0,
  0x1E, 0x1E, 0x3C, 0xF0, 0x1E, 0x1E, 0x3C, 0xF0, 0x1E, 0x1E, 0x3C, 0xF0, 0x1E, 0x1E, 0x3C, 0xF0,
  0x1F, 0xFE, 0x3C, 0xF0, 0x1F, 0xFF, 0xFC, 0xF0, 0x1F, 0xFF, 0xFC, 0xF0, 0x1E, 0x1F, 0xFC, 0xF0,
  0x1E, 0x1F, 0xFC, 0xF0, 0x1E, 0x1E, 0x3C, 0xF0, 0x1E, 0x1E, 0x3C, 0xF0, 0x1F, 0xFE, 0x3C, 0xF0,
  0x1F, 0xFE, 0x3C, 0xF0, 0x1F, 0xFE, 0x3C, 0xF0, 0x0F, 0xFE, 0x3C, 0xF0, 0x00, 0x00, 0x3C, 0xF0,
  0x00, 0xE0, 0x3C, 0xF0, 0x01, 0xF0, 0x3C, 0xF0, 0x01, 0xF0, 0x38, 0xF0, 0x01, 0xF0, 0x00, 0x00,
  0x01, 0xF0, 0x00, 0x00, 0x01, 0xF0, 0x00, 0x00, 0x01, 0xF0, 0x00, 0x00, 0x01, 0xFF, 0xFF, 0xF8,
  0x01, 0xFF, 0xFF, 0xF8, 0x01, 0xFF, 0xFF, 0xF8, 0x01, 0xFF, 0xFF, 0xF8, 0x00, 0x00, 0x00, 0x00,
  0x00, 0x00, 0x00, 0x00, 0x00, 0x00, 0x00, 0xF0, 0x00, 0x00, 0x3C, 0xF0, 0x1E, 0x1E, 0x3C, 0xF0,
  0x1E, 0x1E, 0x3C, 0xF0, 0x1E, 0x1E, 0x3C, 0xF0, 0x1F, 0xFE, 0x3C, 0xF0, 0x1F, 0xFF, 0xFC, 0xF0,
  0x1F, 0xFF, 0xFC, 0xF0, 0x1E, 0x1F, 0xFC, 0xF0, 0x1E, 0x1F, 0xFC, 0xF0, 0x1E, 0x1E, 0x3C, 0xF0,
  0x1F, 0xFE, 0x3C, 0xF0, 0x1F, 0xFE, 0x3C, 0xF0, 0x1F, 0xFE, 0x3C, 0xF0, 0x00, 0x00, 0x3C, 0xF0,
  0x00, 0x00, 0x00, 0x00, 0x00, 0x00, 0x00, 0x00, 0x01, 0xFF, 0xFF, 0xF0, 0x01, 0xFF, 0xFF, 0xF0,
  0x01, 0xFF, 0xFF, 0xF0, 0x00, 0x00, 0x00, 0xF0, 0x00, 0x00, 0x00, 0xF0, 0x01, 0xFF, 0xFF, 0xF0,
  0x01, 0xFF, 0xFF, 0xF0, 0x01, 0xFF, 0xFF, 0xF0, 0x01, 0xF0, 0x00, 0x00, 0x01, 0xFF, 0xFF, 0xF8,
  0x01, 0xFF, 0xFF, 0xF8, 0x01, 0xFF, 0xFF, 0xF8, 0x01, 0xFF, 0xFF, 0xF8, 0x00, 0x00, 0x00, 0x00,
  0x00, 0x00, 0x00, 0x00, 0x00, 0x00, 0x00, 0xF0, 0x00, 0x00, 0x01, 0xF0, 0x0F, 0x03, 0xC1, 0xF0,
  0x0F, 0x03, 0xC1, 0xF0, 0x0F, 0x03, 0xC1, 0xF0, 0x0F, 0x03, 0xFF, 0xF0, 0x0F, 0x03, 0xFF, 0xF0,
  0x0F, 0xFF, 0xFF, 0xF0, 0x0F, 0xFF, 0xFF, 0xF0, 0x0F, 0xFF, 0xC1, 0xF0, 0x0F, 0x03, 0xC1, 0xF0,
  0x0F, 0x03, 0xFF, 0xF0, 0x0F, 0x03, 0xFF, 0xF0, 0x0F, 0x03, 0xFF, 0xF0, 0x0F, 0xFF, 0xFF, 0xF0,
  0x0F, 0xFF, 0xC1, 0xF0, 0x0F, 0xFF, 0xC1, 0xF0, 0x00, 0x00, 0x01, 0xF0, 0x00, 0x00, 0x01, 0xF0,
  0x00, 0x00, 0x01, 0xF0, 0x00, 0xF0, 0x01, 0xF0, 0x00, 0xF0, 0x01, 0xF0, 0x00, 0xF0, 0x00, 0x00,
  0x00, 0xF0, 0x00, 0x00, 0x00, 0xF0, 0x00, 0x00, 0x00, 0xF0, 0x00, 0x00, 0x00, 0xFF, 0xFF, 0xF0,
  0x00, 0xFF, 0xFF, 0xF0, 0x00, 0xFF, 0xFF, 0xF0, 0x00, 0xFF, 0xFF, 0xF0, 0x00, 0x00, 0x00, 0x00,
  0x00, 0x00, 0x00, 0x00, 0x00, 0x00, 0x01, 0xE0, 0x0F, 0x03, 0xC1, 0xE0, 0x0F, 0x03, 0xC1, 0xE0,
  0x0F, 0x03, 0xC1, 0xE0, 0x0F, 0x03, 0xFF, 0xE0, 0x0F, 0xFF, 0xFF, 0xE0, 0x0F, 0xFF, 0xFF, 0xE0,
  0x0F, 0xFF, 0xC1, 0xE0, 0x0F, 0x03, 0xC1, 0xE0, 0x0F, 0x03, 0xFF, 0xE0, 0x0F, 0x03, 0xFF, 0xE0,
  0x0F, 0x03, 0xFF, 0xE0, 0x0F, 0xFF, 0xFF, 0xE0, 0x0F, 0xFF, 0xC1, 0xE0, 0x0F, 0xFF, 0xC1, 0xE0,
  0x00, 0x00, 0x01, 0xE0, 0x00, 0x00, 0x00, 0x00, 0x00, 0xFF, 0xFF, 0xE0, 0x00, 0xFF, 0xFF, 0xE0,
  0x00, 0xFF, 0xFF, 0xE0, 0x00, 0x00, 0x01, 0xE0, 0x00, 0xFF, 0xFF, 0xE0, 0x00, 0xFF, 0xFF, 0xE0,
  0x00, 0xFF, 0xFF, 0xE0, 0x00, 0xF0, 0x00, 0x00, 0x00, 0xF0, 0x00, 0x00, 0x00, 0xFF, 0xFF, 0xF0,
  0x00, 0xFF, 0xFF, 0xF0, 0x00, 0xFF, 0xFF, 0xF0, 0x00, 0xFF, 0xFF, 0xF0, 0x00, 0x00, 0x00, 0x00,
  0x00, 0x00, 0x00, 0x00, 0x00, 0x00, 0x00, 0x00, 0x00, 0x00, 0x00, 0x00, 0x07, 0x80, 0x03, 0xC0,
  0x07, 0x80, 0x03, 0xC0, 0x07, 0x80, 0x03, 0xC0, 0x07, 0x80, 0x03, 0xC0, 0x07, 0x80, 0x03, 0xC0,
  0x07, 0xFF, 0xFF, 0xC0, 0x07, 0xFF, 0xFF, 0xC0, 0x07, 0xFF, 0xFF, 0xC0, 0x07, 0x80, 0x03, 0xC0,
  0x07, 0x80, 0x03, 0xC0, 0x07, 0x80, 0x03, 0xC0, 0x07, 0x80, 0x03, 0xC0, 0x07, 0x80, 0x03, 0xC0,
  0x07, 0xFF, 0xFF, 0xC0, 0x07, 0xFF, 0xFF, 0xC0, 0x07, 0xFF, 0xFF, 0xC0, 0x00, 0x03, 0xC0, 0x00,
  0x00, 0x03, 0xC0, 0x00, 0x00, 0x03, 0xC0, 0x00, 0x00, 0x03, 0xC0, 0x00, 0x00, 0x03, 0xC0, 0x00,
  0x3F, 0xFF, 0xFF, 0xF8, 0x3F, 0xFF, 0xFF, 0xF8, 0x3F, 0xFF, 0xFF, 0xF8, 0x00, 0x00, 0x00, 0x00,
  0x00, 0x00, 0x00, 0x00, 0x00, 0x00, 0x00, 0x00, 0x00, 0x00, 0x00, 0x00, 0x00, 0x00, 0x00, 0x00,
  0x00, 0x00, 0x00, 0x00, 0x00, 0x00, 0x00, 0x00, 0x03, 0xC0, 0x03, 0xC0, 0x03, 0xC0, 0x03, 0xC0,
  0x03, 0xC0, 0x03, 0xC0, 0x03, 0xFF, 0xFF, 0xC0, 0x03, 0xFF, 0xFF, 0xC0, 0x03, 0xFF, 0xFF, 0xC0,
  0x03, 0xC0, 0x03, 0xC0, 0x03, 0xC0, 0x03, 0xC0, 0x03, 0xFF, 0xFF, 0xC0, 0x03, 0xFF, 0xFF, 0xC0,
  0x03, 0xFF, 0xFF, 0xC0, 0x00, 0x03, 0xC0, 0x00, 0x00, 0x03, 0xC0, 0x00, 0x00, 0x03, 0xC0, 0x00,
  0x3F, 0xFF, 0xFF, 0xF8, 0x3F, 0xFF, 0xFF, 0xF8, 0x3F, 0xFF, 0xFF, 0xF8, 0x00, 0x00, 0x00, 0x00,
  0x00, 0x00, 0x00, 0x00, 0x07, 0xFF, 0xFF, 0xC0, 0x07, 0xFF, 0xFF, 0xC0, 0x07, 0xFF, 0xFF, 0xC0,
  0x00, 0x00, 0x03, 0xC0, 0x00, 0x00, 0x03, 0xC0, 0x00, 0x00, 0x03, 0xC0, 0x00, 0x00, 0x03, 0xC0,
  0x00, 0x00, 0x03, 0xC0, 0x00, 0x00, 0x03, 0xC0, 0x00, 0x00, 0x03, 0xC0, 0x00, 0x00, 0x00, 0x00,
  0x00, 0x00, 0x00, 0x00, 0x03, 0x80, 0x03, 0x80, 0x03, 0xC0, 0x03, 0xC0, 0x03, 0xC0, 0x03, 0xC0,
  0x03, 0xFF, 0xFF, 0xC0, 0x03, 0xFF, 0xFF, 0xC0, 0x03, 0xFF, 0xFF, 0xC0, 0x03, 0xC0, 0x03, 0xC0,
  0x03, 0xC0, 0x03, 0xC0, 0x03, 0xC0, 0x03, 0xC0, 0x03, 0xFF, 0xFF, 0xC0, 0x03, 0xFF, 0xFF, 0xC0,
  0x03, 0xFF, 0xFF, 0xC0, 0x03, 0xFF, 0xFF, 0xC0, 0x00, 0x03, 0xC0, 0x00, 0x00, 0x03, 0xC0, 0x00,
  0x3F, 0xFF, 0xFF, 0xF8, 0x3F, 0xFF, 0xFF, 0xF8, 0x3F, 0xFF, 0xFF, 0xF8, 0x00, 0x00, 0x00, 0x00,
  0x00, 0x00, 0x00, 0x00, 0x03, 0xC0, 0x00, 0x00, 0x03, 0xC0, 0x00, 0x00, 0x03, 0xC0, 0x00, 0x00,
  0x03, 0xC0, 0x00, 0x00, 0x03, 0xC0, 0x00, 0x00, 0x03, 0xFF, 0xFF, 0xC0, 0x03, 0xFF, 0xFF, 0xC0,
  0x03, 0xFF, 0xFF, 0xC0, 0x03, 0xFF, 0xFF, 0xC0, 0x00, 0x00, 0x00, 0x00, 0x00, 0x00, 0x00, 0x00,
  0x00, 0x00, 0x00, 0x00, 0x03, 0x80, 0x07, 0x80, 0x07, 0xC0, 0x07, 0x80, 0x07, 0xC0, 0x07, 0x80,
  0x07, 0xFF, 0xFF, 0x80, 0x07, 0xFF, 0xFF, 0x80, 0x07, 0xFF, 0xFF, 0x80, 0x07, 0xC0, 0x07, 0x80,
  0x07, 0xFF, 0xFF, 0x80, 0x07, 0xFF, 0xFF, 0x80, 0x07, 0xFF, 0xFF, 0x80, 0x00, 0x07, 0x80, 0x00,
  0x00, 0x07, 0x80, 0x00, 0x00, 0x07, 0x80, 0x00, 0x3F, 0xFF, 0xFF, 0xF8, 0x3F, 0xFF, 0xFF, 0xF8,
  0x3F, 0xFF, 0xFF, 0xF8, 0x00, 0x00, 0x00, 0x00, 0x07, 0xFF, 0xFF, 0x80, 0x07, 0xFF, 0xFF, 0x80,
  0x07, 0xFF, 0xFF, 0x80, 0x00, 0x00, 0x07, 0x80, 0x00, 0x00, 0x07, 0x80, 0x07, 0xFF, 0xFF, 0x80,
  0x07, 0xFF, 0xFF, 0x80, 0x07, 0xFF, 0xFF, 0x80, 0x07, 0x80, 0x00, 0x00, 0x07, 0x80, 0x00, 0x00,
  0x07, 0xFF, 0xFF, 0xC0, 0x07, 0xFF, 0xFF, 0xC0, 0x07, 0xFF, 0xFF, 0xC0, 0x00, 0x00, 0x00, 0x00,
  0x00, 0x00, 0x00, 0x00, 0x00, 0x00, 0x00, 0x00, 0x07, 0xC0, 0x07, 0x80, 0x07, 0xC0, 0x07, 0x80,
  0x07, 0xC0, 0x07, 0x80, 0x07, 0xFF, 0xFF, 0x80, 0x07, 0xFF, 0xFF, 0x80, 0x07, 0xFF, 0xFF, 0x80,
  0x07, 0xC0, 0x07, 0x80, 0x07, 0xC0, 0x07, 0x80, 0x07, 0xFF, 0xFF, 0x80, 0x07, 0xFF, 0xFF, 0x80,
  0x07, 0xFF, 0xFF, 0x80, 0x00, 0x07, 0x80, 0x00, 0x00, 0x07, 0x80, 0x00, 0x00, 0x07, 0x80, 0x00,
  0x3F, 0xFF, 0xFF, 0xF8, 0x3F, 0xFF, 0xFF, 0xF8, 0x3F, 0xFF, 0xFF, 0xF8, 0x00, 0x00, 0x00, 0x00,
  0x00, 0x00, 0x00, 0x00, 0x07, 0xFF, 0xFF, 0x80, 0x07, 0xFF, 0xFF, 0x80, 0x07, 0xFF, 0xFF, 0x80,
  0x07, 0x80, 0x07, 0x80, 0x07, 0x80, 0x07, 0x80, 0x07, 0x80, 0x07, 0x80, 0x07, 0x80, 0x07, 0x80,
  0x07, 0xFF, 0xFF, 0x80, 0x07, 0xFF, 0xFF, 0x80, 0x07, 0xFF, 0xFF, 0x80, 0x00, 0x00, 0x00, 0x00,
  0x00, 0x00, 0x00, 0x00, 0x07, 0x80, 0x03, 0xC0, 0x07, 0x80, 0x03, 0xC0, 0x07, 0x80, 0x03, 0xC0,
  0x07, 0xFF, 0xFF, 0xC0, 0x07, 0xFF, 0xFF, 0xC0, 0x07, 0xFF, 0xFF, 0xC0, 0x07, 0x80, 0x03, 0xC0,
  0x07, 0x80, 0x03, 0xC0, 0x07, 0xFF, 0xFF, 0xC0, 0x07, 0xFF, 0xFF, 0xC0, 0x07, 0xFF, 0xFF, 0xC0,
  0x00, 0x07, 0x80, 0x00, 0x00, 0x07, 0x80, 0x00, 0x00, 0x07, 0x80, 0x00, 0x3F, 0xFF, 0xFF, 0xF8,
  0x3F, 0xFF, 0xFF, 0xF8, 0x3F, 0xFF, 0xFF, 0xF8, 0x00, 0x00, 0x00, 0x00, 0x00, 0x3F, 0xF8, 0x00,
  0x00, 0xFF, 0xFE, 0x00, 0x03, 0xFF, 0xFF, 0x80, 0x03, 0xF0, 0x1F, 0x80, 0x07, 0xC0, 0x07, 0xC0,
  0x07, 0x80, 0x03, 0xC0, 0x07, 0xC0, 0x07, 0xC0, 0x07, 0xE0, 0x0F, 0xC0, 0x03, 0xFF, 0xFF, 0x80,
  0x01, 0xFF, 0xFF, 0x00, 0x00, 0x3F, 0xF8, 0x00, 0x00, 0x00, 0x00, 0x00, 0x00, 0x00, 0x00, 0x00,
  0x00, 0x00, 0x00, 0x00, 0x00, 0x00, 0x03, 0xC0, 0x00, 0x00, 0x03, 0xC0, 0x0F, 0x01, 0xE3, 0xC0,
  0x0F, 0x01, 0xE3, 0xC0, 0x0F, 0x01, 0xE3, 0xC0, 0x0F, 0x01, 0xE3, 0xC0, 0x0F, 0xFF, 0xE3, 0xC0,
  0x0F, 0xFF, 0xE3, 0xC0, 0x0F, 0xFF, 0xE3, 0xC0, 0x0F, 0x01, 0xE3, 0xC0, 0x0F, 0x01, 0xE3, 0xC0,
  0x0F, 0x01, 0xE3, 0xC0, 0x0F, 0x01, 0xE3, 0xFC, 0x0F, 0xFF, 0xE3, 0xFC, 0x0F, 0xFF, 0xE3, 0xFC,
  0x0F, 0xFF, 0xE3, 0xC0, 0x00, 0x78, 0x03, 0xC0, 0x00, 0x78, 0x03, 0xC0, 0x00, 0x78, 0x03, 0xC0,
  0x00, 0x78, 0x03, 0xC0, 0x00, 0x78, 0x73, 0xC0, 0x3F, 0xFF, 0xFB, 0xC0, 0x3F, 0xFF, 0xFB, 0xC0,
  0x3F, 0xFF, 0xF3, 0xC0, 0x1C, 0x00, 0x03, 0xC0, 0x00, 0x00, 0x03, 0xC0, 0x00, 0x00, 0x03, 0xC0,
  0x00, 0x00, 0x03, 0xC0, 0x00, 0x00, 0x03, 0xC0, 0x00, 0x00, 0x03, 0xC0, 0x00, 0x00, 0x00, 0x00,
  0x00, 0x00, 0x00, 0x00, 0x07, 0x80, 0x03, 0xC0, 0x07, 0x80, 0x03, 0xC0, 0x07, 0x80, 0x03, 0xC0,
  0x07, 0x80, 0x03, 0xC0, 0x07, 0xFF, 0xFF, 0xC0, 0x07, 0xFF, 0xFF, 0xC0, 0x07, 0xFF, 0xFF, 0xC0,
  0x07, 0x80, 0x03, 0xC0, 0x07, 0x80, 0x03, 0xC0, 0x07, 0x80, 0x03, 0xC0, 0x07, 0xFF, 0xFF, 0xC0,
  0x07, 0xFF, 0xFF, 0xC0, 0x07, 0xFF, 0xFF, 0xC0, 0x00, 0x00, 0x00, 0x00, 0x00, 0x00, 0x00, 0x00,
  0x00, 0x00, 0x00, 0x00, 0x3F, 0xFF, 0xFF, 0xF8, 0x3F, 0xFF, 0xFF, 0xF8, 0x3F, 0xFF, 0xFF, 0xF8,
  0x3F, 0xFF, 0xFF, 0xF8, 0x00, 0x07, 0x80, 0x00, 0x00, 0x07, 0x80, 0x00, 0x00, 0x07, 0x80, 0x00,
  0x00, 0x07, 0x80, 0x00, 0x00, 0x07, 0x80, 0x00, 0x00, 0x07, 0x80, 0x00, 0x00, 0x07, 0x80, 0x00,
  0x00, 0x07, 0x80, 0x00, 0x00, 0x07, 0x80, 0x00, 0x00, 0x00, 0x00, 0x00, 0x00, 0x00, 0x00, 0x00,
  0x00, 0x00, 0x00, 0x00, 0x00, 0x00, 0x00, 0x00, 0x03, 0xC0, 0x03, 0xC0, 0x03, 0xC0, 0x03, 0xC0,
  0x03, 0xC0, 0x03, 0xC0, 0x03, 0xFF, 0xFF, 0xC0, 0x03, 0xFF, 0xFF, 0xC0, 0x03, 0xFF, 0xFF, 0xC0,
  0x03, 0xC0, 0x03, 0xC0, 0x03, 0xC0, 0x03, 0xC0, 0x03, 0xFF, 0xFF, 0xC0, 0x03, 0xFF, 0xFF, 0xC0,
  0x03, 0xFF, 0xFF, 0xC0, 0x00, 0x00, 0x00, 0x00, 0x00, 0x00, 0x00, 0x00, 0x00, 0x00, 0x00, 0x00,
  0x3F, 0xFF, 0xFF, 0xF8, 0x3F, 0xFF, 0xFF, 0xF8, 0x3F, 0xFF, 0xFF, 0xF8, 0x00, 0x03, 0xC0, 0x00,
  0x00, 0x03, 0xC0, 0x00, 0x07, 0xFF, 0xFF, 0xC0, 0x07, 0xFF, 0xFF, 0xC0, 0x07, 0xFF, 0xFF, 0xC0,
  0x00, 0x00, 0x03, 0xC0, 0x00, 0x00, 0x03, 0xC0, 0x00, 0x00, 0x03, 0xC0, 0x00, 0x00, 0x03, 0xC0,
  0x00, 0x00, 0x03, 0xC0, 0x00, 0x00, 0x03, 0xC0, 0x00, 0x00, 0x03, 0xC0, 0x00, 0x00, 0x00, 0x00,
  0x00, 0x00, 0x00, 0x00, 0x07, 0x80, 0x07, 0x80, 0x07, 0x80, 0x07, 0x80, 0x07, 0x80, 0x07, 0x80,
  0x07, 0xFF, 0xFF, 0x80, 0x07, 0xFF, 0xFF, 0x80, 0x07, 0xFF, 0xFF, 0x80, 0x07, 0x80, 0x07, 0x80,
  0x07, 0x80, 0x07, 0x80, 0x07, 0x80, 0x07, 0x80, 0x07, 0xFF, 0xFF, 0x80, 0x07, 0xFF, 0xFF, 0x80,
  0x07, 0xFF, 0xFF, 0x80, 0x00, 0x00, 0x00, 0x00, 0x00, 0x00, 0x00, 0x00, 0x3F, 0xFF, 0xFF, 0xF8,
  0x3F, 0xFF, 0xFF, 0xF8, 0x3F, 0xFF, 0xFF, 0xF8, 0x3F, 0xFF, 0xFF, 0xF8, 0x00, 0x03, 0xC0, 0x00,
  0x00, 0x03, 0xC0, 0x00, 0x07, 0x83, 0xC0, 0x00, 0x07, 0x83, 0xC0, 0x00, 0x07, 0x83, 0xC0, 0x00,
  0x07, 0x80, 0x00, 0x00, 0x07, 0x80, 0x00, 0x00, 0x07, 0xFF, 0xFF, 0xC0, 0x07, 0xFF, 0xFF, 0xC0,
  0x07, 0xFF, 0xFF, 0xC0, 0x07, 0xFF, 0xFF, 0xC0, 0x00, 0x00, 0x00, 0x00, 0x00, 0x00, 0x00, 0x00,
  0x00, 0x00, 0x00, 0x00, 0x07, 0xC0, 0x07, 0x80, 0x07, 0xC0, 0x07, 0x80, 0x07, 0xFF, 0xFF, 0x80,
  0x07, 0xFF, 0xFF, 0x80, 0x07, 0xFF, 0xFF, 0x80, 0x07, 0xC0, 0x07, 0x80, 0x07, 0xC0, 0x07, 0x80,
  0x07, 0xFF, 0xFF, 0x80, 0x07, 0xFF, 0xFF, 0x80, 0x07, 0xFF, 0xFF, 0x80, 0x00, 0x00, 0x00, 0x00,
  0x3F, 0xFF, 0xFF, 0xF8, 0x3F, 0xFF, 0xFF, 0xF8, 0x3F, 0xFF, 0xFF, 0xF8, 0x00, 0x07, 0x80, 0x00,
  0x00, 0x07, 0x80, 0x00, 0x00, 0x07, 0x80, 0x00, 0x07, 0xFF, 0xFF, 0x80, 0x07, 0xFF, 0xFF, 0x80,
  0x07, 0xFF, 0xFF, 0x80, 0x00, 0x00, 0x07, 0x80, 0x07, 0xFF, 0xFF, 0x80, 0x07, 0xFF, 0xFF, 0x80,
  0x07, 0xFF, 0xFF, 0x80, 0x07, 0x80, 0x00, 0x00, 0x07, 0x80, 0x00, 0x00, 0x07, 0xFF, 0xFF, 0xC0,
  0x07, 0xFF, 0xFF, 0xC0, 0x07, 0xFF, 0xFF, 0xC0, 0x00, 0x00, 0x00, 0x00, 0x00, 0x00, 0x00, 0x00,
  0x00, 0x00, 0x00, 0x00, 0x00, 0x00, 0x00, 0x00, 0x07, 0xC0, 0x07, 0x80, 0x07, 0xC0, 0x07, 0x80,
  0x07, 0xC0, 0x07, 0x80, 0x07, 0xFF, 0xFF, 0x80, 0x07, 0xFF, 0xFF, 0x80, 0x07, 0xFF, 0xFF, 0x80,
  0x07, 0xC0, 0x07, 0x80, 0x07, 0xC0, 0x07, 0x80, 0x07, 0xFF, 0xFF, 0x80, 0x07, 0xFF, 0xFF, 0x80,
  0x07, 0xFF, 0xFF, 0x80, 0x00, 0x00, 0x00, 0x00, 0x00, 0x00, 0x00, 0x00, 0x3F, 0xFF, 0xFF, 0xF8,
  0x3F, 0xFF, 0xFF, 0xF8, 0x3F, 0xFF, 0xFF, 0xF8, 0x00, 0x07, 0x80, 0x00, 0x00, 0x07, 0x80, 0x00,
  0x00, 0x07, 0x80, 0x00, 0x07, 0xFF, 0xFF, 0x80, 0x07, 0xFF, 0xFF, 0x80, 0x07, 0xFF, 0xFF, 0x80,
  0x07, 0x80, 0x07, 0x80, 0x07, 0x80, 0x07, 0x80, 0x07, 0x80, 0x07, 0x80, 0x07, 0x80, 0x07, 0x80,
  0x07, 0xFF, 0xFF, 0x80, 0x07, 0xFF, 0xFF, 0x80, 0x07, 0xFF, 0xFF, 0x80, 0x00, 0x00, 0x00, 0x00,
  0x00, 0x00, 0x00, 0x00, 0x00, 0x00, 0x00, 0x00, 0x07, 0x80, 0x03, 0xC0, 0x07, 0x80, 0x03, 0xC0,
  0x07, 0x80, 0x03, 0xC0, 0x07, 0xFF, 0xFF, 0xC0, 0x07, 0xFF, 0xFF, 0xC0, 0x07, 0xFF, 0xFF, 0xC0,
  0x07, 0x80, 0x03, 0xC0, 0x07, 0x80, 0x03, 0xC0, 0x07, 0xFF, 0xFF, 0xC0, 0x07, 0xFF, 0xFF, 0xC0,
  0x07, 0xFF, 0xFF, 0xC0, 0x00, 0x00, 0x00, 0x00, 0x00, 0x00, 0x00, 0x00, 0x3F, 0xFF, 0xFF, 0xF8,
  0x3F, 0xFF, 0xFF, 0xF8, 0x3F, 0xFF, 0xFF, 0xF8, 0x00, 0x07, 0x80, 0x00, 0x00, 0x07, 0x80, 0x00,
  0x00, 0x3F, 0xF8, 0x00, 0x00, 0xFF, 0xFE, 0x00, 0x03, 0xFF, 0xFF, 0x80, 0x03, 0xF0, 0x1F, 0xC0,
  0x07, 0xC0, 0x07, 0xC0, 0x07, 0x80, 0x03, 0xC0, 0x07, 0xC0, 0x07, 0xC0, 0x07, 0xE0, 0x0F, 0xC0,
  0x03, 0xFF, 0xFF, 0x80, 0x01, 0xFF, 0xFF, 0x00, 0x00, 0x3F, 0xF8, 0x00, 0x00, 0x00, 0x00, 0x00,
  0x00, 0x00, 0x00, 0x00, 0x00, 0x00, 0x00, 0x00, 0x03, 0xC0, 0x03, 0xC0, 0x03, 0xC0, 0x03, 0xC0,
  0x03, 0xFF, 0xFF, 0xC0, 0x03, 0xFF, 0xFF, 0xC0, 0x03, 0xFF, 0xFF, 0xC0, 0x03, 0xC0, 0x03, 0xC0,
  0x03, 0xC0, 0x03, 0xC0, 0x03, 0xFF, 0xFF, 0xC0, 0x03, 0xFF, 0xFF, 0xC0, 0x03, 0xFF, 0xFF, 0xC0,
  0x00, 0x00, 0x00, 0x00, 0x00, 0x00, 0x00, 0x00, 0x1F, 0xFF, 0xFF, 0xFC, 0x1F, 0xFF, 0xFF, 0xFC,
  0x1F, 0xFF, 0xFF, 0xFC, 0x00, 0x03, 0xC0, 0x00, 0x00, 0x03, 0xC0, 0x00, 0x03, 0xFF, 0xFF, 0xE0,
  0x03, 0xFF, 0xFF, 0xE0, 0x03, 0xFF, 0xFF, 0xC0, 0x03, 0xC0, 0x00, 0x00, 0x03, 0xFF, 0xFF, 0xC0,
  0x03, 0xFF, 0xFF, 0xC0, 0x03, 0xFF, 0xFF, 0xC0, 0x03, 0xC0, 0x00, 0x00, 0x03, 0xC0, 0x00, 0x00,
  0x03, 0xFF, 0xFF, 0xE0, 0x03, 0xFF, 0xFF, 0xE0, 0x03, 0xFF, 0xFF, 0xE0, 0x00, 0x00, 0x00, 0x00,
  0x00, 0x00, 0x00, 0x00, 0x00, 0x00, 0x00, 0x00, 0x00, 0x00, 0x00, 0x00, 0x07, 0x80, 0x03, 0xC0,
  0x07, 0x80, 0x03, 0xC0, 0x07, 0x80, 0x03, 0xC0, 0x07, 0x80, 0x03, 0xC0, 0x07, 0x80, 0x03, 0xC0,
  0x07, 0xFF, 0xFF, 0xC0, 0x07, 0xFF, 0xFF, 0xC0, 0x07, 0xFF, 0xFF, 0xC0, 0x07, 0x80, 0x03, 0xC0,
  0x07, 0x80, 0x03, 0xC0, 0x07, 0x80, 0x03, 0xC0, 0x07, 0x80, 0x03, 0xC0, 0x07, 0x80, 0x03, 0xC0,
  0x07, 0xFF, 0xFF, 0xC0, 0x07, 0xFF, 0xFF, 0xC0, 0x07, 0xFF, 0xFF, 0xC0, 0x00, 0x00, 0x00, 0x00,
  0x00, 0x00, 0x00, 0x00, 0x00, 0x00, 0x00, 0x00, 0x00, 0x00, 0x00, 0x00, 0x00, 0x00, 0x00, 0x00,
  0x3F, 0xFF, 0xFF, 0xF8, 0x3F, 0xFF, 0xFF, 0xF8, 0x3F, 0xFF, 0xFF, 0xF8, 0x00, 0x00, 0x00, 0x00,
  0x00, 0x00, 0x00, 0x00, 0x00, 0x00, 0x00, 0x00, 0x00, 0x00, 0x00, 0x00, 0x00, 0x00, 0x00, 0x00,
  0x00, 0x00, 0x00, 0x00, 0x03, 0xC0, 0x03, 0xC0, 0x03, 0xC0, 0x03, 0xC0, 0x03, 0xFF, 0xFF, 0xC0,
  0x03, 0xFF, 0xFF, 0xC0, 0x03, 0xFF, 0xFF, 0xC0, 0x03, 0xC0, 0x03, 0xC0, 0x03, 0xC0, 0x03, 0xC0,
  0x03, 0xFF, 0xFF, 0xC0, 0x03, 0xFF, 0xFF, 0xC0, 0x03, 0xFF, 0xFF, 0xC0, 0x00, 0x00, 0x00, 0x00,
  0x3F, 0xFF, 0xFF, 0xF8, 0x3F, 0xFF, 0xFF, 0xF8, 0x3F, 0xFF, 0xFF, 0xF8, 0x00, 0x00, 0x00, 0x00,
  0x00, 0x00, 0x00, 0x00, 0x07, 0xFF, 0xFF, 0xC0, 0x07, 0xFF, 0xFF, 0xC0, 0x07, 0xFF, 0xFF, 0xC0,
  0x00, 0x00, 0x03, 0xC0, 0x00, 0x00, 0x03, 0xC0, 0x07, 0xFF, 0xFF, 0xC0, 0x07, 0xFF, 0xFF, 0xC0,
  0x07, 0xFF, 0xFF, 0xC0, 0x07, 0x80, 0x00, 0x00, 0x07, 0x80, 0x00, 0x00, 0x07, 0xFF, 0xFF, 0xE0,
  0x07, 0xFF, 0xFF, 0xE0, 0x07, 0xFF, 0xFF, 0xE0, 0x00, 0x00, 0x00, 0x00, 0x00, 0x00, 0x00, 0x00,
  0x00, 0x00, 0x00, 0x00, 0x00, 0x00, 0x01, 0xE0, 0x00, 0x00, 0x01, 0xE0, 0x00, 0x00, 0x01, 0xE0,
  0x0F, 0x03, 0xC1, 0xE0, 0x0F, 0x03, 0xC1, 0xE0, 0x0F, 0x03, 0xC1, 0xE0, 0x0F, 0x03, 0xC1, 0xE0,
  0x0F, 0x03, 0xC1, 0xE0, 0x0F, 0x03, 0xC1, 0xE0, 0x0F, 0x03, 0xC1, 0xE0, 0x0F, 0xFF, 0xC1, 0xE0,
  0x0F, 0xFF, 0xC1, 0xE0, 0x0F, 0xFF, 0xC1, 0xE0, 0x0F, 0x03, 0xC1, 0xE0, 0x0F, 0x03, 0xC1, 0xE0,
  0x0F, 0x03, 0xC1, 0xE0, 0x0F, 0x03, 0xC1, 0xE0, 0x0F, 0x03, 0xC1, 0xE0, 0x0F, 0x03, 0xC1, 0xE0,
  0x0F, 0x03, 0xC1, 0xE0, 0x0F, 0xFF, 0xC1, 0xE0, 0x0F, 0xFF, 0xC1, 0xE0, 0x0F, 0xFF, 0xC1, 0xE0,
  0x00, 0x00, 0x01, 0xE0, 0x00, 0x00, 0x01, 0xE0, 0x00, 0x00, 0x01, 0xE0, 0x00, 0x00, 0x01, 0xE0,
  0x00, 0x00, 0x01, 0xE0, 0x00, 0x00, 0x01, 0xE0, 0x00, 0x00, 0x01, 0xE0, 0x00, 0x00, 0x00, 0x00,
  0x00, 0x00, 0x00, 0x00, 0x00, 0x00, 0x01, 0xE0, 0x0F, 0x03, 0xC1, 0xE0, 0x0F, 0x03, 0xC1, 0xE0,
  0x0F, 0x03, 0xC1, 0xE0, 0x0F, 0x03, 0xC1, 0xE0, 0x0F, 0xFF, 0xC1, 0xE0, 0x0F, 0xFF, 0xC1, 0xE0,
  0x0F, 0xFF, 0xC1, 0xE0, 0x0F, 0xFF, 0xC1, 0xE0, 0x0F, 0x03, 0xC1, 0xE0, 0x0F, 0x03, 0xC1, 0xE0,
  0x0F, 0x03, 0xC1, 0xE0, 0x0F, 0xFF, 0xC1, 0xE0, 0x0F, 0xFF, 0xC1, 0xE0, 0x0F, 0xFF, 0xC1, 0xE0,
  0x0F, 0xFF, 0xC1, 0xE0, 0x00, 0x00, 0x01, 0xE0, 0x00, 0x00, 0x00, 0x00, 0x00, 0x00, 0x00, 0x00,
  0x01, 0xFF, 0xFF, 0xE0, 0x01, 0xFF, 0xFF, 0xE0, 0x01, 0xFF, 0xFF, 0xE0, 0x01, 0xE0, 0x01, 0xE0,
  0x01, 0xE0, 0x01, 0xE0, 0x01, 0xE0, 0x01, 0xE0, 0x01, 0xE0, 0x01, 0xE0, 0x01, 0xE0, 0x01, 0xE0,
  0x01, 0xFF, 0xFF, 0xE0, 0x01, 0xFF, 0xFF, 0xE0, 0x01, 0xFF, 0xFF, 0xE0, 0x00, 0x00, 0x00, 0x00,
  0x00, 0x00, 0x00, 0x00, 0x00, 0x00, 0x01, 0xE0, 0x00, 0x00, 0x01, 0xE0, 0x0F, 0x03, 0xC1, 0xE0,
  0x0F, 0x03, 0xC1, 0xE0, 0x0F, 0x03, 0xC1, 0xE0, 0x0F, 0x03, 0xC1, 0xE0, 0x0F, 0xFF, 0xC1, 0xE0,
  0x0F, 0xFF, 0xC1, 0xE0, 0x0F, 0xFF, 0xC1, 0xE0, 0x0F, 0x03, 0xC1, 0xE0, 0x0F, 0x03, 0xC1, 0xE0,
  0x0F, 0x03, 0xC1, 0xE0, 0x0F, 0x03, 0xC1, 0xE0, 0x0F, 0xFF, 0xC1, 0xE0, 0x0F, 0xFF, 0xC1, 0xE0,
  0x0F, 0xFF, 0xC1, 0xE0, 0x00, 0x00, 0x01, 0xE0, 0x00, 0x00, 0x01, 0xE0, 0x00, 0x01, 0xE1, 0xE0,
  0x00, 0x01, 0xE1, 0xE0, 0x00, 0x03, 0xE0, 0x00, 0x00, 0x03, 0xF0, 0x00, 0x00, 0x07, 0xF0, 0x00,
  0x00, 0x0F, 0xF8, 0x00, 0x00, 0x1F, 0x7E, 0x00, 0x00, 0x7F, 0x3F, 0x80, 0x03, 0xFE, 0x1F, 0xF0,
  0x03, 0xF8, 0x07, 0xF0, 0x03, 0xE0, 0x01, 0xF0, 0x01, 0x00, 0x00, 0x20, 0x00, 0x00, 0x00, 0x00,
  0x00, 0x00, 0x00, 0x00, 0x00, 0x00, 0x01, 0xE0, 0x00, 0x00, 0x01, 0xE0, 0x1C, 0xE7, 0x39, 0xE0,
  0x1C, 0xE7, 0x39, 0xE0, 0x1C, 0xE7, 0x39, 0xE0, 0x1C, 0xE7, 0x39, 0xE0, 0x1C, 0xE7, 0x39, 0xE0,
  0x1C, 0xE7, 0x39, 0xE0, 0x1C, 0xE7, 0x39, 0xE0, 0x1F, 0xE7, 0xF9, 0xE0, 0x1F, 0xE7, 0xF9, 0xE0,
  0x1F, 0xE7, 0xF9, 0xFC, 0x1F, 0xE7, 0xF9, 0xFC, 0x1C, 0xE7, 0x39, 0xFC, 0x1C, 0xE7, 0x39, 0xE0,
  0x1C, 0xE7, 0x39, 0xE0, 0x1C, 0xE7, 0x39, 0xE0, 0x1C, 0xE7, 0x39, 0xE0, 0x1C, 0xE7, 0x39, 0xE0,
  0x1C, 0xE7, 0x39, 0xE0, 0x1F, 0xE7, 0xF9, 0xE0, 0x1F, 0xE7, 0xF9, 0xE0, 0x1F, 0xE7, 0xF9, 0xE0,
  0x00, 0x00, 0x01, 0xE0, 0x00, 0x00, 0x01, 0xE0, 0x00, 0x00, 0x01, 0xE0, 0x00, 0x00, 0x01, 0xE0,
  0x00, 0x00, 0x01, 0xE0, 0x00, 0x00, 0x01, 0xE0, 0x00, 0x00, 0x01, 0xE0, 0x00, 0x00, 0x00, 0x00,
  0x00, 0x00, 0x00, 0x00, 0x00, 0x00, 0x01, 0xE0, 0x1C, 0xE7, 0x39, 0xE0, 0x1C, 0xE7, 0x39, 0xE0,
  0x1C, 0xE7, 0x39, 0xE0, 0x1C, 0xE7, 0x39, 0xE0, 0x1F, 0xE7, 0xF9, 0xE0, 0x1F, 0xE7, 0xF9, 0xFC,
  0x1F, 0xE7, 0xF9, 0xFC, 0x1C, 0xE7, 0x39, 0xFC, 0x1C, 0xE7, 0x39, 0xE0, 0x1C, 0xE7, 0x39, 0xE0,
  0x1F, 0xE7, 0xF9, 0xE0, 0x1F, 0xE7, 0xF9, 0xE0, 0x1F, 0xE7, 0xF9, 0xE0, 0x00, 0x00, 0x01, 0xE0,
  0x00, 0x00, 0x01, 0xE0, 0x00, 0x00, 0x00, 0x00, 0x03, 0xFF, 0xFF, 0xE0, 0x03, 0xFF, 0xFF, 0xE0,
  0x03, 0xFF, 0xFF, 0xE0, 0x00, 0x00, 0x01, 0xE0, 0x01, 0xFF, 0xFF, 0xE0, 0x03, 0xFF, 0xFF, 0xE0,
  0x03, 0xFF, 0xFF, 0xE0, 0x03, 0xE0, 0x00, 0x00, 0x03, 0xE0, 0x00, 0x00, 0x03, 0xFF, 0xFF, 0xF0,
  0x03, 0xFF, 0xFF, 0xF0, 0x03, 0xFF, 0xFF, 0xF0, 0x03, 0xFF, 0xFF, 0xF0, 0x00, 0x00, 0x00, 0x00,
  0x00, 0x00, 0x00, 0x00, 0x00, 0x00, 0x00, 0xF0, 0x00, 0x00, 0x00, 0xF0, 0x00, 0x00, 0x00, 0xF0,
  0x1C, 0xE7, 0x38, 0xF0, 0x1C, 0xE7, 0x38, 0xF0, 0x1C, 0xE7, 0x38, 0xF0, 0x1C, 0xE7, 0x38, 0xF0,
  0x1C, 0xE7, 0x38, 0xF0, 0x1C, 0xE7, 0x38, 0xF0, 0x1C, 0xE7, 0x38, 0xF0, 0x1F, 0xE7, 0xF8, 0xF0,
  0x1F, 0xE7, 0xFF, 0xF0, 0x1F, 0xE7, 0xFF, 0xF0, 0x1C, 0xE7, 0x3F, 0xF0, 0x1C, 0xE7, 0x38, 0xF0,
  0x1C, 0xE7, 0x38, 0xF0, 0x1C, 0xE7, 0x38, 0xF0, 0x1C, 0xE7, 0x38, 0xF0, 0x1C, 0xE7, 0x38, 0xF0,
  0x1C, 0xE7, 0x38, 0xF0, 0x1F, 0xE7, 0xF8, 0xF0, 0x1F, 0xE7, 0xF8, 0xF0, 0x1F, 0xE7, 0xF8, 0xF0,
  0x00, 0x00, 0x00, 0xF0, 0x00, 0x00, 0x00, 0xF0, 0x00, 0x00, 0x00, 0xF0, 0x00, 0x00, 0x00, 0xF0,
  0x00, 0x00, 0x00, 0xF0, 0x00, 0x00, 0x00, 0xF0, 0x00, 0x00, 0x00, 0xF0, 0x00, 0x00, 0x00, 0x00,
  0x00, 0x00, 0x00, 0x00, 0x00, 0x00, 0x00, 0xF0, 0x00, 0x00, 0x00, 0xF0, 0x00, 0x00, 0x00, 0xF0,
  0x1C, 0xE7, 0x38, 0xF0, 0x1C, 0xE7, 0x38, 0xF0, 0x1C, 0xE7, 0x38, 0xF0, 0x1C, 0xE7, 0x38, 0xF0,
  0x1C, 0xE7, 0x3F, 0xF0, 0x1C, 0xE7, 0x3F, 0xF0, 0x1C, 0xE7, 0x3F, 0xF0, 0x1F, 0xE7, 0xFF, 0xF0,
  0x1F, 0xE7, 0xF8, 0xF0, 0x1F, 0xE7, 0xF8, 0xF0, 0x1C, 0xE7, 0x38, 0xF0, 0x1C, 0xE7, 0x38, 0xF0,
  0x1C, 0xE7, 0x3F, 0xF0, 0x1C, 0xE7, 0x3F, 0xF0, 0x1C, 0xE7, 0x3F, 0xF0, 0x1C, 0xE7, 0x38, 0xF0,
  0x1C, 0xE7, 0x38, 0xF0, 0x1F, 0xE7, 0xF8, 0xF0, 0x1F, 0xE7, 0xF8, 0xF0, 0x1F, 0xE7, 0xF8, 0xF0,
  0x00, 0x00, 0x00, 0xF0, 0x00, 0x00, 0x00, 0xF0, 0x00, 0x00, 0x00, 0xF0, 0x00, 0x00, 0x00, 0xF0,
  0x00, 0x00, 0x00, 0xF0, 0x00, 0x00, 0x00, 0xF0, 0x00, 0x00, 0x00, 0xF0, 0x00, 0x00, 0x00, 0x00,
  0x00, 0x00, 0x00, 0x00, 0x0F, 0x1E, 0xF1, 0xE0, 0x0F, 0x1E, 0xF1, 0xE0, 0x0F, 0x1E, 0xF1, 0xE0,
  0x0F, 0xFE, 0xFF, 0xE0, 0x0F, 0xFE, 0xFF, 0xE0, 0x0F, 0xFE, 0xFF, 0xE0, 0x0F, 0x1E, 0xF1, 0xE0,
  0x0F, 0x1E, 0xF1, 0xE0, 0x0F, 0x1E, 0xF1, 0xE0, 0x0F, 0xFE, 0xFF, 0xE0, 0x0F, 0xFE, 0xFF, 0xE0,
  0x0F, 0xFE, 0xFF, 0xE0, 0x00, 0xF8, 0x3E, 0x00, 0x00, 0xF8, 0x3E, 0x00, 0x3F, 0xFF, 0xFF, 0xF8,
  0x3F, 0xFF, 0xFF, 0xF8, 0x3F, 0xFF, 0xFF, 0xF8, 0x00, 0x00, 0x00, 0x00, 0x00, 0x00, 0x00, 0x00,
  0x00, 0x3F, 0xFC, 0x00, 0x01, 0xFF, 0xFF, 0x00, 0x03, 0xFF, 0xFF, 0x80, 0x07, 0xE0, 0x0F, 0xC0,
  0x07, 0xC0, 0x03, 0xC0, 0x07, 0xC0, 0x03, 0xC0, 0x07, 0xE0, 0x0F, 0xC0, 0x03, 0xFF, 0xFF, 0x80,
  0x01, 0xFF, 0xFF, 0x00, 0x00, 0x3F, 0xFC, 0x00, 0x00, 0x00, 0x00, 0x00, 0x00, 0x00, 0x00, 0x00,
  0x00, 0x00, 0x00, 0x00, 0x07, 0x1C, 0x70, 0xE0, 0x0F, 0x1E, 0xF1, 0xE0, 0x0F, 0x1E, 0xF1, 0xE0,
  0x0F, 0x1E, 0xF1, 0xE0, 0x0F, 0xFE, 0xFF, 0xE0, 0x0F, 0xFE, 0xFF, 0xE0, 0x0F, 0xFE, 0xFF, 0xE0,
  0x0F, 0x1E, 0xF1, 0xE0, 0x0F, 0x1E, 0xF1, 0xE0, 0x0F, 0x1E, 0xF1, 0xE0, 0x0F, 0xFE, 0xFF, 0xE0,
  0x0F, 0xFE, 0xFF, 0xE0, 0x0F, 0xFE, 0xFF, 0xE0, 0x00, 0x00, 0x00, 0x00, 0x00, 0x00, 0x00, 0x00,
  0x00, 0x00, 0x00, 0x00, 0x3F, 0xFF, 0xFF, 0xF8, 0x3F, 0xFF, 0xFF, 0xF8, 0x3F, 0xFF, 0xFF, 0xF8,
  0x00, 0x07, 0xC0, 0x00, 0x00, 0x07, 0xC0, 0x00, 0x00, 0x07, 0xC0, 0x00, 0x00, 0x07, 0xC0, 0x00,
  0x00, 0x07, 0xC0, 0x00, 0x00, 0x07, 0xC0, 0x00, 0x00, 0x07, 0xC0, 0x00, 0x00, 0x07, 0xC0, 0x00,
  0x00, 0x07, 0xC0, 0x00, 0x00, 0x07, 0xC0, 0x00, 0x00, 0x00, 0x00, 0x00, 0x00, 0x00, 0x00, 0x00,
  0x00, 0x00, 0x00, 0x00, 0x00, 0x00, 0x00, 0x00, 0x0F, 0x1E, 0xF1, 0xE0, 0x0F, 0x1E, 0xF1, 0xE0,
  0x0F, 0xFE, 0xFF, 0xE0, 0x0F, 0xFE, 0xFF, 0xE0, 0x0F, 0xFE, 0xFF, 0xE0, 0x0F, 0x1E, 0xF1, 0xE0,
  0x0F, 0x1E, 0xF1, 0xE0, 0x0F, 0xFE, 0xFF, 0xE0, 0x0F, 0xFE, 0xFF, 0xE0, 0x0F, 0xFE, 0xFF, 0xE0,
  0x00, 0x00, 0x00, 0x00, 0x3F, 0xFF, 0xFF, 0xF8, 0x3F, 0xFF, 0xFF, 0xF8, 0x3F, 0xFF, 0xFF, 0xF8,
  0x00, 0x07, 0xC0, 0x00, 0x00, 0x07, 0xC0, 0x00, 0x00, 0x07, 0xC0, 0x00, 0x07, 0xFF, 0xFF, 0xC0,
  0x07, 0xFF, 0xFF, 0xC0, 0x07, 0xFF, 0xFF, 0xC0, 0x00, 0x00, 0x03, 0xC0, 0x07, 0xFF, 0xFF, 0xC0,
  0x07, 0xFF, 0xFF, 0xC0, 0x07, 0xFF, 0xFF, 0xC0, 0x07, 0x80, 0x00, 0x00, 0x07, 0x80, 0x00, 0x00,
  0x07, 0xFF, 0xFF, 0xE0, 0x07, 0xFF, 0xFF, 0xE0, 0x07, 0xFF, 0xFF, 0xE0, 0x00, 0x00, 0x00, 0x00,
  0x00, 0x00, 0x00, 0x00, 0x00, 0x00, 0x00, 0x00, 0x00, 0x00, 0x00, 0x00, 0x0F, 0x1E, 0x71, 0xE0,
  0x0F, 0x1E, 0xF9, 0xE0, 0x0F, 0x1E, 0xF9, 0xE0, 0x0F, 0x1E, 0xF9, 0xE0, 0x0F, 0x1E, 0xF9, 0xE0,
  0x0F, 0xFE, 0xFF, 0xE0, 0x0F, 0xFE, 0xFF, 0xE0, 0x0F, 0xFE, 0xFF, 0xE0, 0x0F, 0x1E, 0xF9, 0xE0,
  0x0F, 0x1E, 0xF9, 0xE0, 0x0F, 0x1E, 0xF9, 0xE0, 0x0F, 0x1E, 0xF9, 0xE0, 0x0F, 0x1E, 0xF9, 0xE0,
  0x0F, 0xFE, 0xFF, 0xE0, 0x0F, 0xFE, 0xFF, 0xE0, 0x0F, 0xFE, 0xFF, 0xE0, 0x00, 0x00, 0x00, 0x00,
  0x00, 0x00, 0x00, 0x00, 0x00, 0x00, 0x00, 0x00, 0x00, 0x00, 0x00, 0x00, 0x00, 0x00, 0x00, 0x00,
  0x3F, 0xFF, 0xFF, 0xF8, 0x3F, 0xFF, 0xFF, 0xF8, 0x3F, 0xFF, 0xFF, 0xF8, 0x00, 0x00, 0x00, 0x00,
  0x00, 0x00, 0x00, 0x00, 0x00, 0x00, 0x00, 0x00, 0x00, 0x00, 0x00, 0x00, 0x00, 0x00, 0x00, 0x00,
  0x00, 0x00, 0x00, 0x00, 0x00, 0x00, 0x00, 0xE0, 0x00, 0x00, 0x00, 0xF0, 0x00, 0x00, 0x00, 0xF0,
  0x1C, 0x77, 0x1C, 0xF0, 0x1C, 0x77, 0x1C, 0xF0, 0x1C, 0x77, 0x1C, 0xF0, 0x1C, 0x77, 0x1C, 0xF0,
  0x1C, 0x77, 0x1C, 0xF0, 0x1C, 0x77, 0x1C, 0xF0, 0x1C, 0x77, 0x1C, 0xF0, 0x1F, 0xF7, 0xFC, 0xF0,
  0x1F, 0xF7, 0xFC, 0xF0, 0x1F, 0xF7, 0xFC, 0xF0, 0x1C, 0x77, 0x1C, 0xF0, 0x1C, 0x77, 0x1C, 0xF0,
  0x1C, 0x77, 0x1C, 0xF0, 0x1C, 0x77, 0x1C, 0xF0, 0x1C, 0x77, 0x1C, 0xF0, 0x1C, 0x77, 0x1C, 0xF0,
  0x1C, 0x77, 0x1C, 0xF0, 0x1F, 0xF7, 0xFC, 0xF0, 0x1F, 0xF7, 0xFC, 0xF0, 0x1F, 0xF7, 0xFC, 0xF0,
  0x00, 0x00, 0x00, 0xF0, 0x00, 0x00, 0x00, 0xF0, 0x00, 0x00, 0x00, 0xF0, 0x00, 0x00, 0x00, 0xF0,
  0x00, 0x00, 0x00, 0xF0, 0x00, 0x00, 0x00, 0xF0, 0x00, 0x00, 0x00, 0xF0, 0x00, 0x00, 0x00, 0x00,
  0x00, 0x00, 0x00, 0x00, 0x00, 0x00, 0x07, 0x80, 0x00, 0x00, 0x07, 0x80, 0x00, 0x78, 0x07, 0x80,
  0x00, 0x78, 0x07, 0x80, 0x00, 0x78, 0x07, 0x80, 0x00, 0x78, 0x07, 0x80, 0x00, 0x78, 0x07, 0x80,
  0x00, 0x78, 0x07, 0x80, 0x00, 0x78, 0x07, 0x80, 0x00, 0x78, 0x07, 0x80, 0x00, 0x78, 0x07, 0x80,
  0x00, 0xFC, 0x07, 0x80, 0x00, 0xFC, 0x07, 0xFC, 0x00, 0xFC, 0x07, 0xFC, 0x01, 0xFE, 0x07, 0xFC,
  0x01, 0xFE, 0x07, 0x80, 0x03, 0xFF, 0x07, 0x80, 0x03, 0xCF, 0x87, 0x80, 0x07, 0xCF, 0xC7, 0x80,
  0x1F, 0x87, 0xE7, 0x80, 0x3F, 0x03, 0xF7, 0x80, 0x3E, 0x01, 0xE7, 0x80, 0x1C, 0x00, 0xC7, 0x80,
  0x08, 0x00, 0x07, 0x80, 0x00, 0x00, 0x07, 0x80, 0x00, 0x00, 0x07, 0x80, 0x00, 0x00, 0x07, 0x80,
  0x00, 0x00, 0x07, 0x80, 0x00, 0x00, 0x07, 0x80, 0x00, 0x00, 0x07, 0x80, 0x00, 0x00, 0x00, 0x00,
  0x00, 0x00, 0x00, 0x00, 0x00, 0x00, 0x03, 0xC0, 0x00, 0x00, 0x03, 0xC0, 0x00, 0x78, 0x03, 0xC0,
  0x00, 0x78, 0x03, 0xC0, 0x00, 0x78, 0x03, 0xC0, 0x00, 0x78, 0x03, 0xC0, 0x00, 0x78, 0x03, 0xC0,
  0x00, 0x7C, 0x03, 0xC0, 0x00, 0xFC, 0x03, 0xFC, 0x00, 0xFC, 0x03, 0xFC, 0x01, 0xFE, 0x03, 0xFC,
  0x03, 0xFF, 0x03, 0xC0, 0x07, 0xCF, 0xC3, 0xC0, 0x1F, 0xC7, 0xF3, 0xC0, 0x3F, 0x83, 0xF3, 0xC0,
  0x1E, 0x01, 0xE3, 0xC0, 0x1C, 0x00, 0x43, 0xC0, 0x00, 0x00, 0x03, 0xC0, 0x00, 0x00, 0x03, 0x80,
  0x03, 0xFF, 0xFF, 0xC0, 0x03, 0xFF, 0xFF, 0xC0, 0x03, 0xFF, 0xFF, 0xC0, 0x00, 0x00, 0x03, 0xC0,
  0x00, 0x00, 0x03, 0xC0, 0x00, 0x00, 0x03, 0xC0, 0x00, 0x00, 0x03, 0xC0, 0x00, 0x00, 0x03, 0xC0,
  0x00, 0x00, 0x03, 0xC0, 0x00, 0x00, 0x03, 0xC0, 0x00, 0x00, 0x03, 0xC0, 0x00, 0x00, 0x00, 0x00,
  0x00, 0x00, 0x00, 0x00, 0x00, 0x00, 0x03, 0xC0, 0x00, 0x00, 0x03, 0xC0, 0x00, 0x78, 0x03, 0xC0,
  0x00, 0x78, 0x03, 0xC0, 0x00, 0x78, 0x03, 0xC0, 0x00, 0x78, 0x03, 0xC0, 0x00, 0x78, 0x03, 0xC0,
  0x00, 0x78, 0x03, 0xC0, 0x00, 0xFC, 0x03, 0xC0, 0x00, 0xFC, 0x03, 0xFC, 0x00, 0xFE, 0x03, 0xFC,
  0x01, 0xFF, 0x03, 0xFC, 0x03, 0xEF, 0x83, 0xC0, 0x07, 0xC7, 0xE3, 0xC0, 0x1F, 0xC7, 0xF3, 0xC0,
  0x3F, 0x81, 0xF3, 0xC0, 0x1E, 0x00, 0xE3, 0xC0, 0x0C, 0x00, 0x03, 0xC0, 0x00, 0x00, 0x03, 0xC0,
  0x01, 0xC0, 0x03, 0xC0, 0x01, 0xE0, 0x03, 0xC0, 0x01, 0xE0, 0x03, 0xC0, 0x01, 0xE0, 0x00, 0x00,
  0x01, 0xE0, 0x00, 0x00, 0x01, 0xE0, 0x00, 0x00, 0x01, 0xE0, 0x00, 0x00, 0x01, 0xFF, 0xFF, 0xE0,
  0x01, 0xFF, 0xFF, 0xE0, 0x01, 0xFF, 0xFF, 0xE0, 0x01, 0xFF, 0xFF, 0xE0, 0x00, 0x00, 0x00, 0x00,
  0x00, 0x00, 0x00, 0x00, 0x00, 0x00, 0x07, 0x80, 0x00, 0x78, 0x07, 0x80, 0x00, 0x78, 0x07, 0x80,
  0x00, 0x78, 0x07, 0x80, 0x00, 0x78, 0x07, 0x80, 0x00, 0x78, 0x07, 0x80, 0x00, 0xFC, 0x07, 0xF8,
  0x00, 0xFC, 0x07, 0xF8, 0x01, 0xFE, 0x07, 0xF8, 0x03, 0xFF, 0x07, 0x80, 0x07, 0xCF, 0xC7, 0x80,
  0x1F, 0xC7, 0xE7, 0x80, 0x3F, 0x83, 0xE7, 0x80, 0x1F, 0x01, 0xC7, 0x80, 0x1C, 0x00, 0x07, 0x80,
  0x00, 0x00, 0x03, 0x80, 0x00, 0x00, 0x00, 0x00, 0x03, 0xFF, 0xFF, 0x80, 0x03, 0xFF, 0xFF, 0x80,
  0x03, 0xFF, 0xFF, 0x80, 0x00, 0x00, 0x07, 0x80, 0x03, 0xFF, 0xFF, 0x80, 0x03, 0xFF, 0xFF, 0x80,
  0x03, 0xFF, 0xFF, 0x80, 0x03, 0xC0, 0x00, 0x00, 0x03, 0xC0, 0x00, 0x00, 0x03, 0xFF, 0xFF, 0xC0,
  0x03, 0xFF, 0xFF, 0xC0, 0x03, 0xFF, 0xFF, 0xC0, 0x03, 0xFF, 0xFF, 0xC0, 0x00, 0x00, 0x00, 0x00,
  0x00, 0x00, 0x00, 0x00, 0x00, 0x00, 0x07, 0xC0, 0x00, 0x78, 0x07, 0xC0, 0x00, 0x78, 0x07, 0xC0,
  0x00, 0x78, 0x07, 0xC0, 0x00, 0x78, 0x07, 0xC0, 0x00, 0x78, 0x07, 0xC0, 0x00, 0x78, 0x07, 0xC0,
  0x00, 0xFC, 0x07, 0xFC, 0x00, 0xFC, 0x07, 0xFC, 0x01, 0xFE, 0x07, 0xFC, 0x01, 0xFE, 0x07, 0xC0,
  0x03, 0xFF, 0x87, 0xC0, 0x07, 0xCF, 0xC7, 0xC0, 0x1F, 0x87, 0xF7, 0xC0, 0x3F, 0x03, 0xE7, 0xC0,
  0x1E, 0x00, 0xC7, 0xC0, 0x1C, 0x00, 0x07, 0xC0, 0x00, 0x00, 0x03, 0x80, 0x00, 0x00, 0x00, 0x00,
  0x00, 0x3F, 0xF8, 0x00, 0x00, 0xFF, 0xFE, 0x00, 0x01, 0xFF, 0xFF, 0x80, 0x03, 0xF8, 0x1F, 0x80,
  0x03, 0xC0, 0x07, 0xC0, 0x03, 0xC0, 0x03, 0xC0, 0x03, 0xC0, 0x07, 0xC0, 0x03, 0xF0, 0x1F, 0x80,
  0x01, 0xFF, 0xFF, 0x80, 0x00, 0xFF, 0xFE, 0x00, 0x00, 0x3F, 0xF8, 0x00, 0x00, 0x00, 0x00, 0x00,
  0x00, 0x00, 0x00, 0x00, 0x00, 0x00, 0x00, 0xF0, 0x00, 0x00, 0x78, 0xF0, 0x00, 0x00, 0x78, 0xF0,
  0x00, 0xF0, 0x78, 0xF0, 0x00, 0xF0, 0x78, 0xF0, 0x00, 0xF0, 0x78, 0xF0, 0x00, 0xF0, 0x78, 0xF0,
  0x00, 0xF0, 0x78, 0xF0, 0x00, 0xF0, 0x78, 0xF0, 0x00, 0xF0, 0x78, 0xF0, 0x00, 0xF0, 0x78, 0xF0,
  0x00, 0xF0, 0x78, 0xF0, 0x01, 0xF0, 0x7F, 0xF0, 0x01, 0xF8, 0x7F, 0xF0, 0x01, 0xF8, 0x7F, 0xF0,
  0x03, 0xF8, 0x78, 0xF0, 0x03, 0xFC, 0x78, 0xF0, 0x07, 0xFE, 0x78, 0xF0, 0x07, 0x9F, 0x78, 0xF0,
  0x0F, 0x9F, 0xF8, 0xF0, 0x3F, 0x0F, 0xF8, 0xF0, 0x3E, 0x07, 0x78, 0xF0, 0x1C, 0x03, 0x78, 0xF0,
  0x08, 0x00, 0x78, 0xF0, 0x00, 0x00, 0x78, 0xF0, 0x00, 0x00, 0x78, 0xF0, 0x00, 0x00, 0x78, 0xF0,
  0x00, 0x00, 0x78, 0xF0, 0x00, 0x00, 0x78, 0xF0, 0x00, 0x00, 0x00, 0xF0, 0x00, 0x00, 0x00, 0x00,
  0x00, 0x00, 0x00, 0x00, 0x00, 0x00, 0x00, 0xE0, 0x00, 0x00, 0x78, 0xF0, 0x00, 0xF0, 0x78, 0xF0,
  0x00, 0xF0, 0x78, 0xF0, 0x00, 0xF0, 0x78, 0xF0, 0x00, 0xF0, 0x78, 0xF0, 0x00, 0xF0, 0x78, 0xF0,
  0x00, 0xF0, 0x78, 0xF0, 0x01, 0xF0, 0x7F, 0xF0, 0x01, 0xF8, 0x7F, 0xF0, 0x01, 0xF8, 0x7F, 0xF0,
  0x03, 0xFC, 0x78, 0xF0, 0x07, 0xFE, 0x78, 0xF0, 0x0F, 0x9F, 0xF8, 0xF0, 0x3F, 0x0F, 0xF8, 0xF0,
  0x1F, 0x07, 0x78, 0xF0, 0x1E, 0x03, 0x78, 0xF0, 0x08, 0x00, 0x78, 0xF0, 0x00, 0x00, 0x38, 0xF0,
  0x00, 0x00, 0x00, 0x00, 0x01, 0xFF, 0xFF, 0xF0, 0x01, 0xFF, 0xFF, 0xF0, 0x01, 0xFF, 0xFF, 0xF0,
  0x00, 0x00, 0x00, 0xF0, 0x00, 0x00, 0x00, 0xF0, 0x00, 0x00, 0x00, 0xF0, 0x00, 0x00, 0x00, 0xF0,
  0x00, 0x00, 0x00, 0xF0, 0x00, 0x00, 0x00, 0xF0, 0x00, 0x00, 0x00, 0xF0, 0x00, 0x00, 0x00, 0x00,
  0x00, 0x00, 0x00, 0x00, 0x00, 0x00, 0x00, 0xE0, 0x00, 0x00, 0x79, 0xE0, 0x00, 0xE0, 0x79, 0xE0,
  0x01, 0xF0, 0x79, 0xE0, 0x01, 0xF0, 0x79, 0xE0, 0x01, 0xF0, 0x79, 0xE0, 0x01, 0xF0, 0x79, 0xE0,
  0x01, 0xF0, 0x79, 0xE0, 0x01, 0xF0, 0x7F, 0xE0, 0x01, 0xF0, 0x7F, 0xE0, 0x03, 0xF8, 0x7F, 0xE0,
  0x03, 0xFC, 0x79, 0xE0, 0x07, 0xBE, 0x79, 0xE0, 0x0F, 0x9F, 0xF9, 0xE0, 0x3F, 0x1F, 0xF9, 0xE0,
  0x3E, 0x07, 0x79, 0xE0, 0x1C, 0x02, 0x79, 0xE0, 0x00, 0x00, 0x79, 0xE0, 0x00, 0x00, 0x01, 0xE0,
  0x00, 0x0F, 0xFE, 0x00, 0x00, 0x7F, 0xFF, 0x80, 0x00, 0xFF, 0xFF, 0xC0, 0x00, 0xF8, 0x07, 0xE0,
  0x01, 0xF0, 0x01, 0xE0, 0x01, 0xE0, 0x01, 0xE0, 0x01, 0xF0, 0x01, 0xE0, 0x00, 0xF8, 0x07, 0xE0,
  0x00, 0xFF, 0xFF, 0xC0, 0x00, 0x7F, 0xFF, 0x80, 0x00, 0x0F, 0xFE, 0x00, 0x00, 0x00, 0x00, 0x00,
  0x00, 0x00, 0x00, 0x00, 0x00, 0x00, 0x07, 0x80, 0x00, 0x00, 0x07, 0x80, 0x00, 0x78, 0x07, 0x80,
  0x00, 0x78, 0x07, 0x80, 0x00, 0x78, 0x07, 0x80, 0x00, 0x78, 0x07, 0x80, 0x00, 0x78, 0x07, 0x80,
  0x00, 0x78, 0x07, 0xF8, 0x00, 0x78, 0x07, 0xF8, 0x00, 0x78, 0x07, 0xF8, 0x00, 0x7C, 0x07, 0x80,
  0x00, 0xFC, 0x07, 0x80, 0x00, 0xFC, 0x07, 0x80, 0x00, 0xFC, 0x07, 0x80, 0x01, 0xFE, 0x07, 0x80,
  0x01, 0xFE, 0x07, 0x80, 0x03, 0xFF, 0x07, 0xF8, 0x07, 0xCF, 0x87, 0xF8, 0x07, 0xC7, 0xC7, 0xF8,
  0x1F, 0x87, 0xE7, 0x80, 0x3F, 0x03, 0xF7, 0x80, 0x3F, 0x01, 0xE7, 0x80, 0x1E, 0x00, 0xC7, 0x80,
  0x08, 0x00, 0x07, 0x80, 0x00, 0x00, 0x07, 0x80, 0x00, 0x00, 0x07, 0x80, 0x00, 0x00, 0x07, 0x80,
  0x00, 0x00, 0x07, 0x80, 0x00, 0x00, 0x07, 0x80, 0x00, 0x00, 0x07, 0x80, 0x00, 0x00, 0x00, 0x00,
  0x00, 0x00, 0x00, 0x00, 0x00, 0x00, 0x00, 0xE0, 0x00, 0x00, 0x78, 0xF0, 0x00, 0x00, 0x78, 0xF0,
  0x00, 0xF0, 0x78, 0xF0, 0x00, 0xF0, 0x78, 0xF0, 0x00, 0xF0, 0x78, 0xF0, 0x00, 0xF0, 0x78, 0xF0,
  0x00, 0xF0, 0x78, 0xF0, 0x00, 0xF0, 0x7F, 0xF0, 0x00, 0xF0, 0x7F, 0xF0, 0x00, 0xF0, 0x7F, 0xF0,
  0x00, 0xF0, 0x78, 0xF0, 0x01, 0xF0, 0x78, 0xF0, 0x01, 0xF8, 0x78, 0xF0, 0x01, 0xF8, 0x78, 0xF0,
  0x03, 0xF8, 0x78, 0xF0, 0x03, 0xFC, 0x7F, 0xF0, 0x07, 0xFE, 0x7F, 0xF0, 0x07, 0x9F, 0x7F, 0xF0,
  0x0F, 0x9F, 0xF8, 0xF0, 0x1F, 0x0F, 0xF8, 0xF0, 0x3E, 0x07, 0xF8, 0xF0, 0x1C, 0x03, 0x78, 0xF0,
  0x08, 0x00, 0x78, 0xF0, 0x00, 0x00, 0x78, 0xF0, 0x00, 0x00, 0x78, 0xF0, 0x00, 0x00, 0x78, 0xF0,
  0x00, 0x00, 0x78, 0xF0, 0x00, 0x00, 0x78, 0xF0, 0x00, 0x00, 0x00, 0xF0, 0x00, 0x00, 0x00, 0x00,
  0x00, 0x00, 0x00, 0x00, 0x00, 0x00, 0x01, 0xE0, 0x00, 0x00, 0x01, 0xE0, 0x00, 0x30, 0x01, 0xE0,
  0x00, 0x78, 0x01, 0xE0, 0x00, 0x78, 0x01, 0xE0, 0x00, 0x78, 0x01, 0xE0, 0x00, 0x78, 0x01, 0xE0,
  0x00, 0x78, 0x01, 0xE0, 0x00, 0x78, 0x01, 0xE0, 0x00, 0x78, 0x01, 0xE0, 0x00, 0x78, 0x7F, 0xE0,
  0x00, 0x7C, 0x7F, 0xE0, 0x00, 0xFC, 0x7F, 0xE0, 0x00, 0xFC, 0x01, 0xE0, 0x01, 0xFE, 0x01, 0xE0,
  0x01, 0xFE, 0x01, 0xE0, 0x03, 0xEF, 0x01, 0xE0, 0x03, 0xCF, 0x81, 0xE0, 0x07, 0xC7, 0xC1, 0xE0,
  0x0F, 0x87, 0xE1, 0xE0, 0x3F, 0x03, 0xF1, 0xE0, 0x3F, 0x01, 0xF1, 0xE0, 0x1E, 0x00, 0xE1, 0xE0,
  0x08, 0x00, 0x01, 0xE0, 0x00, 0x00, 0x01, 0xE0, 0x00, 0x00, 0x01, 0xE0, 0x00, 0x00, 0x01, 0xE0,
  0x00, 0x00, 0x01, 0xE0, 0x00, 0x00, 0x01, 0xE0, 0x00, 0x00, 0x01, 0xE0, 0x00, 0x00, 0x00, 0x00,
  0x00, 0x00, 0x00, 0x00, 0x00, 0x00, 0x01, 0xE0, 0x00, 0x30, 0x01, 0xE0, 0x00, 0x78, 0x01, 0xE0,
  0x00, 0x78, 0x01, 0xE0, 0x00, 0x78, 0x01, 0xE0, 0x00, 0x78, 0x01, 0xE0, 0x00, 0x78, 0x7F, 0xE0,
  0x00, 0x7C, 0x7F, 0xE0, 0x00, 0xFC, 0x7F, 0xE0, 0x00, 0xFC, 0x01, 0xE0, 0x01, 0xFE, 0x01, 0xE0,
  0x03, 0xFF, 0x01, 0xE0, 0x07, 0xCF, 0xC1, 0xE0, 0x1F, 0xC7, 0xF1, 0xE0, 0x3F, 0x83, 0xF1, 0xE0,
  0x1F, 0x01, 0xE1, 0xE0, 0x1C, 0x00, 0x41, 0xE0, 0x00, 0x00, 0x01, 0xE0, 0x00, 0x00, 0x00, 0x00,
  0x01, 0xFF, 0xFF, 0xE0, 0x01, 0xFF, 0xFF, 0xE0, 0x01, 0xFF, 0xFF, 0xE0, 0x00, 0x00, 0x01, 0xE0,
  0x00, 0x00, 0x01, 0xE0, 0x00, 0x00, 0x01, 0xE0, 0x00, 0x00, 0x01, 0xE0, 0x00, 0x00, 0x01, 0xE0,
  0x00, 0x00, 0x01, 0xE0, 0x00, 0x00, 0x01, 0xE0, 0x00, 0x00, 0x01, 0xE0, 0x00, 0x00, 0x00, 0x00,
  0x00, 0x00, 0x00, 0x00, 0x00, 0x00, 0x00, 0xE0, 0x00, 0x00, 0x01, 0xF0, 0x00, 0x78, 0x01, 0xF0,
  0x00, 0x78, 0x01, 0xF0, 0x00, 0x78, 0x01, 0xF0, 0x00, 0x78, 0x01, 0xF0, 0x00, 0x78, 0x01, 0xF0,
  0x00, 0x7C, 0x3F, 0xF0, 0x00, 0x7C, 0x3F, 0xF0, 0x00, 0xFC, 0x3F, 0xF0, 0x00, 0xFE, 0x01, 0xF0,
  0x01, 0xFF, 0x01, 0xF0, 0x01, 0xEF, 0x81, 0xF0, 0x03, 0xE7, 0xC1, 0xF0, 0x0F, 0xC7, 0xF1, 0xF0,
  0x1F, 0x83, 0xF1, 0xF0, 0x1F, 0x00, 0xE1, 0xF0, 0x0E, 0x00, 0x21, 0xF0, 0x00, 0x00, 0x01, 0xF0,
  0x00, 0xE0, 0x01, 0xF0, 0x00, 0xF0, 0x01, 0xF0, 0x00, 0xF0, 0x01, 0xF0, 0x00, 0xF0, 0x00, 0x00,
  0x00, 0xF0, 0x00, 0x00, 0x00, 0xF0, 0x00, 0x00, 0x00, 0xF0, 0x00, 0x00, 0x00, 0xFF, 0xFF, 0xF0,
  0x00, 0xFF, 0xFF, 0xF0, 0x00, 0xFF, 0xFF, 0xF0, 0x00, 0xFF, 0xFF, 0xF0, 0x00, 0x00, 0x00, 0x00,
  0x00, 0x00, 0x00, 0x00, 0x00, 0x00, 0x01, 0xE0, 0x00, 0x38, 0x01, 0xE0, 0x00, 0x78, 0x01, 0xE0,
  0x00, 0x78, 0x01, 0xE0, 0x00, 0x78, 0x01, 0xE0, 0x00, 0x7C, 0x7F, 0xE0, 0x00, 0x7C, 0x7F, 0xE0,
  0x00, 0xFC, 0x7F, 0xE0, 0x00, 0xFE, 0x01, 0xE0, 0x01, 0xFF, 0x01, 0xE0, 0x03, 0xEF, 0x81, 0xE0,
  0x07, 0xC7, 0xE1, 0xE0, 0x1F, 0xC7, 0xF1, 0xE0, 0x1F, 0x81, 0xE1, 0xE0, 0x0E, 0x00, 0xE1, 0xE0,
  0x08, 0x00, 0x01, 0xE0, 0x00, 0x00, 0x00, 0x00, 0x00, 0xFF, 0xFF, 0xE0, 0x00, 0xFF, 0xFF, 0xE0,
  0x00, 0xFF, 0xFF, 0xE0, 0x00, 0x00, 0x01, 0xE0, 0x00, 0xFF, 0xFF, 0xE0, 0x00, 0xFF, 0xFF, 0xE0,
  0x00, 0xFF, 0xFF, 0xE0, 0x00, 0xF0, 0x00, 0x00, 0x00, 0xF0, 0x00, 0x00, 0x00, 0xFF, 0xFF, 0xF0,
  0x00, 0xFF, 0xFF, 0xF0, 0x00, 0xFF, 0xFF, 0xF0, 0x00, 0xFF, 0xFF, 0xF0, 0x00, 0x00, 0x00, 0x00,
  0x00, 0x00, 0x00, 0x00, 0x00, 0x00, 0x01, 0xE0, 0x00, 0x00, 0x01, 0xE0, 0x00, 0x78, 0x01, 0xE0,
  0x00, 0x78, 0x01, 0xE0, 0x00, 0x78, 0x01, 0xE0, 0x00, 0x7C, 0x01, 0xE0, 0x00, 0x7C, 0x7F, 0xE0,
  0x00, 0x7C, 0x7F, 0xE0, 0x00, 0xFC, 0x7F, 0xE0, 0x00, 0xFE, 0x01, 0xE0, 0x01, 0xFF, 0x01, 0xE0,
  0x01, 0xEF, 0x01, 0xE0, 0x07, 0xEF, 0xC1, 0xE0, 0x0F, 0xC7, 0xF1, 0xE0, 0x3F, 0x83, 0xF1, 0xE0,
  0x1F, 0x01, 0xE1, 0xE0, 0x1E, 0x00, 0x41, 0xE0, 0x00, 0x00, 0x01, 0xE0, 0x00, 0x0F, 0xFC, 0x00,
  0x00, 0x3F, 0xFF, 0x80, 0x00, 0xFF, 0xFF, 0xC0, 0x00, 0xFC, 0x0F, 0xE0, 0x01, 0xF0, 0x03, 0xE0,
  0x01, 0xE0, 0x01, 0xE0, 0x01, 0xE0, 0x01, 0xE0, 0x01, 0xF0, 0x03, 0xE0, 0x01, 0xFC, 0x0F, 0xE0,
  0x00, 0xFF, 0xFF, 0xC0, 0x00, 0x7F, 0xFF, 0x80, 0x00, 0x0F, 0xFC, 0x00, 0x00, 0x00, 0x00, 0x00,
  0x00, 0x00, 0x00, 0x00, 0x00, 0x00, 0x00, 0xE0, 0x00, 0x00, 0x3C, 0xF0, 0x00, 0x00, 0x3C, 0xF0,
  0x00, 0xF0, 0x3C, 0xF0, 0x00, 0xF0, 0x3C, 0xF0, 0x00, 0xF0, 0x3C, 0xF0, 0x00, 0xF0, 0x3C, 0xF0,
  0x00, 0xF0, 0x3C, 0xF0, 0x00, 0xF0, 0x3C, 0xF0, 0x00, 0xF0, 0x3C, 0xF0, 0x00, 0xF3, 0xFC, 0xF0,
  0x00, 0xF3, 0xFC, 0xF0, 0x01, 0xFB, 0xFC, 0xF0, 0x01, 0xF8, 0x3C, 0xF0, 0x01, 0xF8, 0x3C, 0xF0,
  0x03, 0xFC, 0x3C, 0xF0, 0x03, 0xFC, 0x3C, 0xF0, 0x07, 0xFE, 0x3C, 0xF0, 0x07, 0x9F, 0x3C, 0xF0,
  0x0F, 0x9F, 0xBC, 0xF0, 0x3F, 0x0F, 0xBC, 0xF0, 0x3E, 0x07, 0x3C, 0xF0, 0x1C, 0x03, 0x3C, 0xF0,
  0x08, 0x00, 0x3C, 0xF0, 0x00, 0x00, 0x3C, 0xF0, 0x00, 0x00, 0x3C, 0xF0, 0x00, 0x00, 0x3C, 0xF0,
  0x00, 0x00, 0x3C, 0xF0, 0x00, 0x00, 0x3C, 0xF0, 0x00, 0x00, 0x00, 0xF0, 0x00, 0x00, 0x00, 0x00,
  0x00, 0x00, 0x00, 0x00, 0x00, 0x00, 0x00, 0xF0, 0x00, 0x00, 0x3C, 0xF0, 0x00, 0xF0, 0x3C, 0xF0,
  0x00, 0xF0, 0x3C, 0xF0, 0x00, 0xF0, 0x3C, 0xF0, 0x00, 0xF0, 0x3C, 0xF0, 0x00, 0xF3, 0xFC, 0xF0,
  0x00, 0xF3, 0xFC, 0xF0, 0x01, 0xF3, 0xFC, 0xF0, 0x01, 0xFB, 0xFC, 0xF0, 0x01, 0xF8, 0x3C, 0xF0,
  0x03, 0xFC, 0x3C, 0xF0, 0x07, 0xFE, 0x3C, 0xF0, 0x0F, 0x9F, 0xBC, 0xF0, 0x3F, 0x0F, 0xBC, 0xF0,
  0x1E, 0x07, 0x3C, 0xF0, 0x0C, 0x02, 0x3C, 0xF0, 0x00, 0x00, 0x3C, 0xF0, 0x00, 0x00, 0x00, 0x00,
  0x00, 0x00, 0x00, 0x00, 0x01, 0xFF, 0xFF, 0xF0, 0x01, 0xFF, 0xFF, 0xF0, 0x01, 0xFF, 0xFF, 0xF0,
  0x00, 0x00, 0x00, 0xF0, 0x00, 0x00, 0x00, 0xF0, 0x00, 0x00, 0x00, 0xF0, 0x00, 0x00, 0x00, 0xF0,
  0x00, 0x00, 0x00, 0xF0, 0x00, 0x00, 0x00, 0xF0, 0x00, 0x00, 0x00, 0xF0, 0x00, 0x00, 0x00, 0x00,
  0x00, 0x00, 0x00, 0x00, 0x00, 0x00, 0x00, 0xF0, 0x00, 0x00, 0x3C, 0xF0, 0x00, 0xF0, 0x3C, 0xF0,
  0x00, 0xF0, 0x3C, 0xF0, 0x00, 0xF0, 0x3C, 0xF0, 0x00, 0xF0, 0x3C, 0xF0, 0x00, 0xF0, 0x3C, 0xF0,
  0x00, 0xF3, 0xFC, 0xF0, 0x00, 0xF3, 0xFC, 0xF0, 0x01, 0xFB, 0xFC, 0xF0, 0x01, 0xF8, 0x3C, 0xF0,
  0x03, 0xFC, 0x3C, 0xF0, 0x03, 0xFC, 0x3C, 0xF0, 0x07, 0xBE, 0x3C, 0xF0, 0x1F, 0x9F, 0xBC, 0xF0,
  0x3F, 0x0F, 0x3C, 0xF0, 0x1E, 0x07, 0x3C, 0xF0, 0x0C, 0x00, 0x3C, 0xF0, 0x00, 0x00, 0x3C, 0xF0,
  0x00, 0xF0, 0x3C, 0xF0, 0x00, 0xF0, 0x3C, 0xF0, 0x00, 0xF0, 0x00, 0xF0, 0x00, 0xF0, 0x00, 0x00,
  0x00, 0xF0, 0x00, 0x00, 0x00, 0xF0, 0x00, 0x00, 0x00, 0xF0, 0x00, 0x00, 0x00, 0xFF, 0xFF, 0xF8,
  0x00, 0xFF, 0xFF, 0xF8, 0x00, 0xFF, 0xFF, 0xF8, 0x00, 0xFF, 0xFF, 0xF8, 0x00, 0x00, 0x00, 0x00,
  0x00, 0x00, 0x00, 0x00, 0x00, 0x00, 0x00, 0xE0, 0x00, 0xE0, 0x3C, 0xF0, 0x00, 0xF0, 0x3C, 0xF0,
  0x00, 0xF0, 0x3C, 0xF0, 0x00, 0xF0, 0x3C, 0xF0, 0x00, 0xF3, 0xFC, 0xF0, 0x01, 0xF3, 0xFC, 0xF0,
  0x01, 0xFB, 0xFC, 0xF0, 0x01, 0xF9, 0xFC, 0xF0, 0x03, 0xFC, 0x3C, 0xF0, 0x07, 0xFC, 0x3C, 0xF0,
  0x0F, 0x9F, 0x3C, 0xF0, 0x1F, 0x9F, 0xBC, 0xF0, 0x3F, 0x0F, 0x3C, 0xF0, 0x1E, 0x07, 0x3C, 0xF0,
  0x0C, 0x00, 0x3C, 0xF0, 0x00, 0x00, 0x00, 0x00, 0x00, 0xFF, 0xFF, 0xF0, 0x00, 0xFF, 0xFF, 0xF0,
  0x00, 0xFF, 0xFF, 0xF0, 0x00, 0x00, 0x00, 0xF0, 0x00, 0x00, 0x00, 0xF0, 0x00, 0xFF, 0xFF, 0xF0,
  0x00, 0xFF, 0xFF, 0xF0, 0x00, 0xFF, 0xFF, 0xF0, 0x00, 0xF0, 0x00, 0x00, 0x01, 0xFF, 0xFF, 0xF8,
  0x01, 0xFF, 0xFF, 0xF8, 0x00, 0xFF, 0xFF, 0xF8, 0x00, 0xFF, 0xFF, 0xF8, 0x00, 0x00, 0x00, 0x00,
  0x00, 0x00, 0x00, 0x00, 0x00, 0x00, 0x00, 0x00, 0x00, 0x00, 0x00, 0x00, 0x00, 0x03, 0xC0, 0x00,
  0x00, 0x03, 0xC0, 0x00, 0x00, 0x03, 0xC0, 0x00, 0x00, 0x03, 0xC0, 0x00, 0x00, 0x07, 0xE0, 0x00,
  0x00, 0x07, 0xE0, 0x00, 0x00, 0x0F, 0xF0, 0x00, 0x00, 0x0F, 0xF0, 0x00, 0x00, 0x1F, 0xF8, 0x00,
  0x00, 0x7E, 0x7E, 0x00, 0x01, 0xFC, 0x3F, 0x00, 0x07, 0xF8, 0x1F, 0xE0, 0x1F, 0xF0, 0x0F, 0xF0,
  0x0F, 0xC0, 0x03, 0xF0, 0x0F, 0x03, 0xC0, 0xE0, 0x00, 0x03, 0xC0, 0x00, 0x00, 0x03, 0xC0, 0x00,
  0x00, 0x03, 0xC0, 0x00, 0x00, 0x03, 0xC0, 0x00, 0x00, 0x03, 0xC0, 0x00, 0x00, 0x03, 0xC0, 0x00,
  0x1F, 0xFF, 0xFF, 0xFC, 0x1F, 0xFF, 0xFF, 0xFC, 0x1F, 0xFF, 0xFF, 0xFC, 0x00, 0x00, 0x00, 0x00,
  0x00, 0x00, 0x00, 0x00, 0x00, 0x00, 0x00, 0x00, 0x00, 0x00, 0x00, 0x00, 0x00, 0x00, 0x00, 0x00,
  0x00, 0x00, 0x00, 0x00, 0x00, 0x03, 0x80, 0x00, 0x00, 0x03, 0xC0, 0x00, 0x00, 0x03, 0xC0, 0x00,
  0x00, 0x07, 0xC0, 0x00, 0x00, 0x07, 0xE0, 0x00, 0x00, 0x0F, 0xF0, 0x00, 0x00, 0x1F, 0xF8, 0x00,
  0x00, 0x3E, 0xFC, 0x00, 0x01, 0xFC, 0x7F, 0x80, 0x0F, 0xF8, 0x1F, 0xF0, 0x0F, 0xF3, 0x8F, 0xE0,
  0x07, 0xC3, 0xC3, 0xE0, 0x00, 0x03, 0xC0, 0x00, 0x00, 0x03, 0xC0, 0x00, 0x1F, 0xFF, 0xFF, 0xF8,
  0x3F, 0xFF, 0xFF, 0xF8, 0x3F, 0xFF, 0xFF, 0xF8, 0x1F, 0xFF, 0xFF, 0xF8, 0x00, 0x00, 0x00, 0x00,
  0x00, 0x00, 0x00, 0x00, 0x07, 0xFF, 0xFF, 0xC0, 0x07, 0xFF, 0xFF, 0xC0, 0x07, 0xFF, 0xFF, 0xC0,
  0x00, 0x00, 0x03, 0xC0, 0x00, 0x00, 0x03, 0xC0, 0x00, 0x00, 0x03, 0xC0, 0x00, 0x00, 0x03, 0xC0,
  0x00, 0x00, 0x03, 0xC0, 0x00, 0x00, 0x03, 0xC0, 0x00, 0x00, 0x03, 0xC0, 0x00, 0x00, 0x00, 0x00,
  0x00, 0x00, 0x00, 0x00, 0x00, 0x07, 0x80, 0x00, 0x00, 0x07, 0x80, 0x00, 0x00, 0x07, 0xC0, 0x00,
  0x00, 0x0F, 0xC0, 0x00, 0x00, 0x1F, 0xE0, 0x00, 0x00, 0x3F, 0xF8, 0x00, 0x01, 0xFC, 0xFE, 0x00,
  0x1F, 0xF8, 0x7F, 0xE0, 0x0F, 0xF0, 0x1F, 0xE0, 0x0F, 0x87, 0x87, 0xE0, 0x04, 0x07, 0x80, 0x40,
  0x00, 0x07, 0x80, 0x00, 0x3F, 0xFF, 0xFF, 0xF8, 0x3F, 0xFF, 0xFF, 0xF8, 0x3F, 0xFF, 0xFF, 0xF8,
  0x00, 0x00, 0x00, 0x00, 0x00, 0x00, 0x00, 0x00, 0x07, 0xFF, 0xFF, 0xC0, 0x07, 0xFF, 0xFF, 0xC0,
  0x07, 0xFF, 0xFF, 0xC0, 0x00, 0x00, 0x03, 0xC0, 0x00, 0x00, 0x03, 0xC0, 0x07, 0xFF, 0xFF, 0xC0,
  0x07, 0xFF, 0xFF, 0xC0, 0x07, 0xFF, 0xFF, 0xC0, 0x07, 0x80, 0x00, 0x00, 0x07, 0x80, 0x00, 0x00,
  0x07, 0xFF, 0xFF, 0xE0, 0x07, 0xFF, 0xFF, 0xE0, 0x07, 0xFF, 0xFF, 0xE0, 0x00, 0x00, 0x00, 0x00,
  0x00, 0x00, 0x00, 0x00, 0x00, 0x00, 0x00, 0x00, 0x00, 0x00, 0x00, 0x00, 0x00, 0x01, 0x80, 0x00,
  0x00, 0x07, 0xC0, 0x00, 0x00, 0x07, 0xC0, 0x00, 0x00, 0x07, 0xC0, 0x00, 0x00, 0x07, 0xC0, 0x00,
  0x00, 0x07, 0xC0, 0x00, 0x00, 0x0F, 0xE0, 0x00, 0x00, 0x0F, 0xF0, 0x00, 0x00, 0x1F, 0xF8, 0x00,
  0x00, 0x3E, 0xFC, 0x00, 0x00, 0xFC, 0x7E, 0x00, 0x03, 0xF8, 0x3F, 0xC0, 0x1F, 0xF0, 0x1F, 0xF8,
  0x1F, 0xE0, 0x07, 0xF0, 0x0F, 0x80, 0x01, 0xF0, 0x04, 0x00, 0x00, 0x20, 0x00, 0x78, 0x1E, 0x00,
  0x00, 0x78, 0x1E, 0x00, 0x00, 0x78, 0x1E, 0x00, 0x00, 0x78, 0x1E, 0x00, 0x00, 0x78, 0x1E, 0x00,
  0x00, 0x78, 0x1E, 0x00, 0x3F, 0xFF, 0xFF, 0xFC, 0x3F, 0xFF, 0xFF, 0xFC, 0x3F, 0xFF, 0xFF, 0xFC,
  0x1F, 0xFF, 0xFF, 0xF8, 0x00, 0x00, 0x00, 0x00, 0x00, 0x00, 0x00, 0x00, 0x00, 0x00, 0x00, 0x00,
  0x00, 0x00, 0x00, 0x00, 0x00, 0x03, 0xC0, 0x00, 0x00, 0x03, 0xC0, 0x00, 0x00, 0x03, 0xC0, 0x00,
  0x00, 0x07, 0xE0, 0x00, 0x00, 0x07, 0xE0, 0x00, 0x00, 0x0F, 0xF0, 0x00, 0x00, 0x0F, 0xF8, 0x00,
  0x00, 0x3F, 0xFC, 0x00, 0x00, 0x7E, 0x7F, 0x00, 0x03, 0xFC, 0x3F, 0xC0, 0x0F, 0xF8, 0x1F, 0xF0,
  0x0F, 0xE0, 0x07, 0xF0, 0x07, 0x80, 0x01, 0xE0, 0x00, 0x00, 0x00, 0x00, 0x00, 0x00, 0x00, 0x00,
  0x1F, 0xFF, 0xFF, 0xF8, 0x3F, 0xFF, 0xFF, 0xF8, 0x3F, 0xFF, 0xFF, 0xF8, 0x1F, 0xFF, 0xFF, 0xF8,
  0x00, 0x03, 0xC0, 0x00, 0x00, 0x03, 0xC0, 0x00, 0x00, 0x03, 0xC0, 0x00, 0x00, 0x03, 0xC0, 0x00,
  0x00, 0x03, 0xC0, 0x00, 0x00, 0x03, 0xC0, 0x00, 0x00, 0x03, 0xC0, 0x00, 0x00, 0x03, 0xC0, 0x00,
  0x00, 0x03, 0xC0, 0x00, 0x00, 0x03, 0xC0, 0x00, 0x00, 0x00, 0x00, 0x00, 0x00, 0x00, 0x00, 0x00,
  0x00, 0x00, 0x00, 0x00, 0x00, 0x07, 0xC0, 0x00, 0x00, 0x07, 0xC0, 0x00, 0x00, 0x07, 0xC0, 0x00,
  0x00, 0x07, 0xC0, 0x00, 0x00, 0x0F, 0xE0, 0x00, 0x00, 0x1F, 0xF0, 0x00, 0x00, 0x3E, 0xF8, 0x00,
  0x00, 0xFE, 0x7E, 0x00, 0x03, 0xFC, 0x3F, 0xC0, 0x1F, 0xF0, 0x1F, 0xE0, 0x0F, 0xE0, 0x07, 0xE0,
  0x0F, 0x00, 0x01, 0xE0, 0x00, 0x00, 0x00, 0x00, 0x00, 0x00, 0x00, 0x00, 0x3F, 0xFF, 0xFF, 0xF8,
  0x3F, 0xFF, 0xFF, 0xF8, 0x3F, 0xFF, 0xFF, 0xF8, 0x00, 0x03, 0xC0, 0x00, 0x00, 0x03, 0xC0, 0x00,
  0x07, 0x83, 0xC0, 0x00, 0x07, 0x83, 0xC0, 0x00, 0x07, 0x83, 0xC0, 0x00, 0x07, 0x80, 0x00, 0x00,
  0x07, 0x80, 0x00, 0x00, 0x07, 0x80, 0x00, 0x00, 0x07, 0xFF, 0xFF, 0xC0, 0x07, 0xFF, 0xFF, 0xC0,
  0x07, 0xFF, 0xFF, 0xC0, 0x07, 0xFF, 0xFF, 0xC0, 0x00, 0x00, 0x00, 0x00, 0x00, 0x00, 0x00, 0x00,
  0x00, 0x00, 0x00, 0x00, 0x00, 0x07, 0x80, 0x00, 0x00, 0x07, 0x80, 0x00, 0x00, 0x07, 0xC0, 0x00,
  0x00, 0x0F, 0xC0, 0x00, 0x00, 0x1F, 0xE0, 0x00, 0x00, 0x3F, 0xF8, 0x00, 0x00, 0xFC, 0xFE, 0x00,
  0x0F, 0xF8, 0x7F, 0xE0, 0x0F, 0xF0, 0x1F, 0xF0, 0x0F, 0xC0, 0x07, 0xE0, 0x04, 0x00, 0x00, 0x40,
  0x00, 0x00, 0x00, 0x00, 0x3F, 0xFF, 0xFF, 0xF8, 0x3F, 0xFF, 0xFF, 0xF8, 0x3F, 0xFF, 0xFF, 0xF8,
  0x00, 0x07, 0x80, 0x00, 0x00, 0x07, 0x80, 0x00, 0x07, 0xFF, 0xFF, 0xC0, 0x07, 0xFF, 0xFF, 0xC0,
  0x07, 0xFF, 0xFF, 0xC0, 0x00, 0x00, 0x03, 0xC0, 0x00, 0x00, 0x03, 0xC0, 0x07, 0xFF, 0xFF, 0xC0,
  0x07, 0xFF, 0xFF, 0xC0, 0x07, 0xFF, 0xFF, 0xC0, 0x07, 0x80, 0x00, 0x00, 0x07, 0x80, 0x00, 0x00,
  0x07, 0xFF, 0xFF, 0xE0, 0x07, 0xFF, 0xFF, 0xE0, 0x07, 0xFF, 0xFF, 0xE0, 0x00, 0x00, 0x00, 0x00,
  0x00, 0x00, 0x00, 0x00, 0x00, 0x07, 0x80, 0x00, 0x00, 0x07, 0x80, 0x00, 0x00, 0x07, 0xC0, 0x00,
  0x00, 0x0F, 0xC0, 0x00, 0x00, 0x0F, 0xE0, 0x00, 0x00, 0x1F, 0xF0, 0x00, 0x00, 0x7E, 0xFC, 0x00,
  0x01, 0xFC, 0x7F, 0x00, 0x0F, 0xF8, 0x3F, 0xE0, 0x0F, 0xE0, 0x1F, 0xE0, 0x0F, 0x80, 0x03, 0xE0,
  0x04, 0x00, 0x00, 0x40, 0x00, 0x00, 0x00, 0x00, 0x3F, 0xFF, 0xFF, 0xF8, 0x3F, 0xFF, 0xFF, 0xF8,
  0x3F, 0xFF, 0xFF, 0xF8, 0x00, 0x07, 0x80, 0x00, 0x00, 0x07, 0x80, 0x00, 0x00, 0x07, 0x80, 0x00,
  0x07, 0xFF, 0xFF, 0xC0, 0x07, 0xFF, 0xFF, 0xC0, 0x07, 0xFF, 0xFF, 0xC0, 0x07, 0x80, 0x03, 0xC0,
  0x07, 0x80, 0x03, 0xC0, 0x07, 0x80, 0x03, 0xC0, 0x07, 0x80, 0x03, 0xC0, 0x07, 0x80, 0x03, 0xC0,
  0x07, 0xFF, 0xFF, 0xC0, 0x07, 0xFF, 0xFF, 0xC0, 0x07, 0xFF, 0xFF, 0xC0, 0x00, 0x00, 0x00, 0x00,
  0x00, 0x00, 0x00, 0x00, 0x00, 0x07, 0x80, 0x00, 0x00, 0x07, 0x80, 0x00, 0x00, 0x07, 0x80, 0x00,
  0x00, 0x0F, 0xC0, 0x00, 0x00, 0x1F, 0xE0, 0x00, 0x00, 0x3F, 0xF0, 0x00, 0x00, 0x7E, 0xFC, 0x00,
  0x03, 0xFC, 0x7F, 0x00, 0x0F, 0xF8, 0x3F, 0xF0, 0x0F, 0xE0, 0x0F, 0xE0, 0x0F, 0x80, 0x03, 0xE0,
  0x00, 0x00, 0x00, 0x00, 0x00, 0x00, 0x00, 0x00, 0x3F, 0xFF, 0xFF, 0xF8, 0x3F, 0xFF, 0xFF, 0xF8,
  0x3F, 0xFF, 0xFF, 0xF8, 0x00, 0x07, 0x80, 0x00, 0x00, 0x07, 0x80, 0x00, 0x00, 0x3F, 0xF8, 0x00,
  0x01, 0xFF, 0xFF, 0x00, 0x03, 0xFF, 0xFF, 0x80, 0x07, 0xF0, 0x1F, 0xC0, 0x07, 0xC0, 0x07, 0xC0,
  0x07, 0x80, 0x03, 0xC0, 0x07, 0xC0, 0x07, 0xC0, 0x07, 0xF0, 0x1F, 0xC0, 0x03, 0xFF, 0xFF, 0x80,
  0x00, 0xFF, 0xFF, 0x00, 0x00, 0x3F, 0xF8, 0x00, 0x00, 0x00, 0x00, 0x00, 0x00, 0x00, 0x00, 0x00,
  0x00, 0x00, 0x00, 0x00, 0x00, 0x00, 0x01, 0xE0, 0x00, 0x3C, 0x01, 0xE0, 0x00, 0x3C, 0x01, 0xE0,
  0x00, 0x3C, 0x01, 0xE0, 0x00, 0x3C, 0x01, 0xE0, 0x00, 0x7E, 0x01, 0xE0, 0x00, 0x7E, 0x01, 0xE0,
  0x00, 0xFF, 0x01, 0xE0, 0x01, 0xFF, 0x81, 0xE0, 0x03, 0xE7, 0xE1, 0xE0, 0x1F, 0xE3, 0xF9, 0xE0,
  0x1F, 0xC1, 0xF1, 0xE0, 0x0F, 0x00, 0xF1, 0xE0, 0x0C, 0x00, 0x01, 0xE0, 0x00, 0x00, 0x01, 0xE0,
  0x00, 0x0F, 0xFD, 0xE0, 0x3F, 0xFF, 0xFD, 0xE0, 0x3F, 0xFF, 0xFD, 0xE0, 0x1F, 0xFF, 0xC1, 0xE0,
  0x00, 0x3C, 0x01, 0xE0, 0x00, 0x3C, 0x01, 0xE0, 0x00, 0x3C, 0x01, 0xE0, 0x00, 0x3C, 0x01, 0xE0,
  0x00, 0x3C, 0x01, 0xE0, 0x00, 0x3C, 0x01, 0xE0, 0x00, 0x3C, 0x01, 0xE0, 0x00, 0x3C, 0x01, 0xE0,
  0x00, 0x3C, 0x01, 0xE0, 0x00, 0x3C, 0x01, 0xE0, 0x00, 0x00, 0x01, 0xE0, 0x00, 0x00, 0x00, 0x00,
  0x00, 0x00, 0x00, 0x00, 0x00, 0x00, 0x01, 0xE0, 0x00, 0x3E, 0x01, 0xE0, 0x00, 0x3E, 0x01, 0xE0,
  0x00, 0x3E, 0x01, 0xE0, 0x00, 0x7F, 0x01, 0xE0, 0x00, 0xFF, 0x81, 0xE0, 0x01, 0xF7, 0xE1, 0xE0,
  0x0F, 0xE3, 0xF9, 0xE0, 0x0F, 0xC1, 0xF1, 0xE0, 0x0F, 0x80, 0x71, 0xE0, 0x04, 0x00, 0x01, 0xE0,
  0x00, 0x3F, 0xFD, 0xE0, 0x3F, 0xFF, 0xFD, 0xE0, 0x3F, 0xFF, 0xFD, 0xE0, 0x1F, 0xFF, 0x81, 0xE0,
  0x00, 0x3C, 0x01, 0xE0, 0x00, 0x3C, 0x00, 0x00, 0x01, 0xFF, 0xFF, 0xE0, 0x01, 0xFF, 0xFF, 0xE0,
  0x01, 0xFF, 0xFF, 0xE0, 0x00, 0x00, 0x01, 0xE0, 0x00, 0x00, 0x01, 0xE0, 0x01, 0xFF, 0xFF, 0xE0,
  0x01, 0xFF, 0xFF, 0xE0, 0x01, 0xFF, 0xFF, 0xE0, 0x01, 0xE0, 0x00, 0x00, 0x01, 0xFF, 0xFF, 0xF0,
  0x01, 0xFF, 0xFF, 0xF0, 0x01, 0xFF, 0xFF, 0xF0, 0x01, 0xFF, 0xFF, 0xF0, 0x00, 0x00, 0x00, 0x00,
  0x00, 0x00, 0x00, 0x00, 0x00, 0x03, 0xC0, 0x00, 0x00, 0x03, 0xE0, 0x00, 0x00, 0x03, 0xE0, 0x00,
  0x00, 0x03, 0xE0, 0x00, 0x00, 0x07, 0xE0, 0x00, 0x00, 0x07, 0xF0, 0x00, 0x00, 0x0F, 0xF8, 0x00,
  0x00, 0x1F, 0xFC, 0x00, 0x00, 0x7E, 0x7E, 0x00, 0x01, 0xFC, 0x3F, 0xC0, 0x0F, 0xF8, 0x1F, 0xF0,
  0x0F, 0xF0, 0x07, 0xF0, 0x07, 0x80, 0x01, 0xE0, 0x00, 0x00, 0x00, 0x00, 0x00, 0x00, 0x00, 0x00,
  0x00, 0x00, 0x00, 0x00, 0x1F, 0xFF, 0xFF, 0xF8, 0x1F, 0xFF, 0xFF, 0xF8, 0x1F, 0xFF, 0xFF, 0xF8,
  0x00, 0x78, 0x1E, 0x00, 0x00, 0x78, 0x1E, 0x00, 0x00, 0x78, 0x1E, 0x00, 0x00, 0x78, 0x1E, 0x00,
  0x00, 0x78, 0x1E, 0x00, 0x00, 0x78, 0x1E, 0x00, 0x00, 0x78, 0x1E, 0x00, 0x00, 0x78, 0x1E, 0x00,
  0x00, 0x78, 0x1E, 0x00, 0x00, 0x78, 0x1E, 0x00, 0x00, 0x00, 0x00, 0x00, 0x00, 0x00, 0x00, 0x00,
  0x00, 0x00, 0x00, 0x00, 0x00, 0x00, 0x00, 0x00, 0x00, 0x00, 0x00, 0x00, 0x00, 0x07, 0xC0, 0x00,
  0x00, 0x07, 0xC0, 0x00, 0x00, 0x07, 0xC0, 0x00, 0x00, 0x07, 0xC0, 0x00, 0x00, 0x07, 0xC0, 0x00,
  0x00, 0x07, 0xE0, 0x00, 0x00, 0x0F, 0xE0, 0x00, 0x00, 0x1F, 0xF0, 0x00, 0x00, 0x3E, 0xF8, 0x00,
  0x00, 0x7E, 0xFC, 0x00, 0x00, 0xFC, 0x7E, 0x00, 0x03, 0xF8, 0x3F, 0x80, 0x1F, 0xF0, 0x1F, 0xF0,
  0x1F, 0xC0, 0x07, 0xF0, 0x0F, 0x80, 0x03, 0xE0, 0x04, 0x00, 0x00, 0x40, 0x00, 0x00, 0x00, 0x00,
  0x00, 0x00, 0x00, 0x00, 0x00, 0x00, 0x00, 0x00, 0x00, 0x00, 0x00, 0x00, 0x00, 0x00, 0x00, 0x00,
  0x3F, 0xFF, 0xFF, 0xF8, 0x3F, 0xFF, 0xFF, 0xF8, 0x3F, 0xFF, 0xFF, 0xF8, 0x00, 0x00, 0x00, 0x00,
  0x00, 0x00, 0x00, 0x00, 0x00, 0x00, 0x00, 0x00, 0x00, 0x00, 0x00, 0x00, 0x00, 0x00, 0x00, 0x00,
  0x00, 0x00, 0x00, 0x00, 0x00, 0x03, 0xC0, 0x00, 0x00, 0x07, 0xC0, 0x00, 0x00, 0x07, 0xC0, 0x00,
  0x00, 0x07, 0xE0, 0x00, 0x00, 0x0F, 0xF0, 0x00, 0x00, 0x3F, 0xF8, 0x00, 0x00, 0xFE, 0xFE, 0x00,
  0x0F, 0xFC, 0x3F, 0xE0, 0x0F, 0xF0, 0x1F, 0xF0, 0x0F, 0xC0, 0x07, 0xE0, 0x06, 0x00, 0x00, 0xE0,
  0x00, 0x00, 0x00, 0x00, 0x3F, 0xFF, 0xFF, 0xF8, 0x3F, 0xFF, 0xFF, 0xF8, 0x3F, 0xFF, 0xFF, 0xF8,
  0x00, 0x00, 0x00, 0x00, 0x00, 0x00, 0x00, 0x00, 0x07, 0xFF, 0xFF, 0xC0, 0x07, 0xFF, 0xFF, 0xC0,
  0x07, 0xFF, 0xFF, 0xC0, 0x00, 0x00, 0x03, 0xC0, 0x00, 0x00, 0x03, 0xC0, 0x07, 0xFF, 0xFF, 0xC0,
  0x07, 0xFF, 0xFF, 0xC0, 0x07, 0xFF, 0xFF, 0xC0, 0x07, 0x80, 0x00, 0x00, 0x07, 0xFF, 0xFF, 0xE0,
  0x07, 0xFF, 0xFF, 0xE0, 0x07, 0xFF, 0xFF, 0xE0, 0x07, 0xFF, 0xFF, 0xE0, 0x00, 0x00, 0x00, 0x00,
  0x00, 0x00, 0x00, 0x00, 0x00, 0x03, 0xC0, 0x00, 0x00, 0x07, 0xC0, 0x00, 0x00, 0x07, 0xC0, 0x00,
  0x00, 0x07, 0xC0, 0x00, 0x00, 0x0F, 0xE0, 0x00, 0x00, 0x1F, 0xF0, 0x00, 0x00, 0x3E, 0xFC, 0x00,
  0x01, 0xFC, 0x7F, 0x00, 0x0F, 0xF8, 0x3F, 0xE0, 0x0F, 0xF0, 0x0F, 0xE0, 0x0F, 0xC0, 0x03, 0xE0,
  0x04, 0x00, 0x00, 0x40, 0x00, 0x00, 0x00, 0x00, 0x3F, 0xFF, 0xFF, 0xF8, 0x3F, 0xFF, 0xFF, 0xF8,
  0x3F, 0xFF, 0xFF, 0xF8, 0x00, 0x00, 0x00, 0x00, 0x00, 0x00, 0x00, 0x00, 0x03, 0x80, 0x03, 0xC0,
  0x07, 0xC0, 0x03, 0xC0, 0x07, 0xC0, 0x03, 0xC0, 0x07, 0xFF, 0xFF, 0xC0, 0x07, 0xFF, 0xFF, 0xC0,
  0x07, 0xFF, 0xFF, 0xC0, 0x07, 0xC0, 0x03, 0xC0, 0x07, 0xC0, 0x03, 0xC0, 0x07, 0xC0, 0x03, 0xC0,
  0x07, 0xFF, 0xFF, 0xC0, 0x07, 0xFF, 0xFF, 0xC0, 0x07, 0xFF, 0xFF, 0xC0, 0x00, 0x00, 0x00, 0x00,
  0x00, 0x00, 0x00, 0x00, 0x00, 0x03, 0x80, 0x00, 0x00, 0x03, 0xC0, 0x00, 0x00, 0x07, 0xC0, 0x00,
  0x00, 0x07, 0xC0, 0x00, 0x00, 0x07, 0xE0, 0x00, 0x00, 0x0F, 0xF0, 0x00, 0x00, 0x1F, 0xF8, 0x00,
  0x00, 0x7E, 0xFC, 0x00, 0x03, 0xFC, 0x7F, 0x80, 0x0F, 0xF8, 0x1F, 0xF0, 0x0F, 0xE0, 0x0F, 0xE0,
  0x07, 0x80, 0x01, 0xE0, 0x00, 0x00, 0x00, 0x00, 0x00, 0x00, 0x00, 0x00, 0x3F, 0xFF, 0xFF, 0xF8,
  0x3F, 0xFF, 0xFF, 0xF8, 0x3F, 0xFF, 0xFF, 0xF8, 0x00, 0x00, 0x00, 0x00, 0x00, 0x00, 0x00, 0x00,
  0x00, 0x3F, 0xF8, 0x00, 0x00, 0xFF, 0xFE, 0x00, 0x01, 0xFF, 0xFF, 0x80, 0x03, 0xF0, 0x1F, 0x80,
  0x07, 0xC0, 0x07, 0xC0, 0x07, 0xC0, 0x03, 0xC0, 0x07, 0xC0, 0x07, 0xC0, 0x03, 0xF0, 0x0F, 0xC0,
  0x03, 0xFF, 0xFF, 0x80, 0x00, 0xFF, 0xFF, 0x00, 0x00, 0x3F, 0xF8, 0x00, 0x00, 0x00, 0x00, 0x00,
  0x00, 0x00, 0x00, 0x00, 0x00, 0x00, 0x01, 0xE0, 0x00, 0x00, 0x01, 0xE0, 0x00, 0x00, 0x01, 0xE0,
  0x00, 0x3C, 0x01, 0xE0, 0x00, 0x3C, 0x01, 0xE0, 0x00, 0x3C, 0x01, 0xE0, 0x00, 0x3C, 0x01, 0xE0,
  0x00, 0x3C, 0x01, 0xE0, 0x00, 0x3C, 0x01, 0xE0, 0x00, 0x3C, 0x01, 0xE0, 0x00, 0x7C, 0x01, 0xE0,
  0x00, 0x7C, 0x01, 0xE0, 0x00, 0x7E, 0x01, 0xE0, 0x00, 0x7E, 0x01, 0xE0, 0x00, 0xFF, 0x01, 0xE0,
  0x00, 0xFF, 0x01, 0xE0, 0x01, 0xEF, 0x81, 0xE0, 0x03, 0xE7, 0xC1, 0xE0, 0x07, 0xC7, 0xE1, 0xE0,
  0x0F, 0xC3, 0xF1, 0xE0, 0x1F, 0x81, 0xF9, 0xE0, 0x3F, 0x00, 0xF9, 0xE0, 0x1E, 0x00, 0x71, 0xE0,
  0x0C, 0x00, 0x01, 0xE0, 0x00, 0x00, 0x01, 0xE0, 0x00, 0x00, 0x01, 0xE0, 0x00, 0x00, 0x01, 0xE0,
  0x00, 0x00, 0x01, 0xE0, 0x00, 0x00, 0x01, 0xE0, 0x00, 0x00, 0x01, 0xE0, 0x00, 0x00, 0x00, 0x00,
  0x00, 0x00, 0x00, 0x00, 0x00, 0x00, 0x01, 0xE0, 0x00, 0x38, 0x01, 0xE0, 0x00, 0x78, 0x01, 0xE0,
  0x00, 0x78, 0x01, 0xE0, 0x00, 0x78, 0x01, 0xE0, 0x00, 0x78, 0x01, 0xE0, 0x00, 0x7C, 0x01, 0xE0,
  0x00, 0x7C, 0x01, 0xE0, 0x00, 0xFC, 0x01, 0xE0, 0x00, 0xFE, 0x01, 0xE0, 0x01, 0xFF, 0x01, 0xE0,
  0x03, 0xEF, 0x81, 0xE0, 0x07, 0xCF, 0xC1, 0xE0, 0x1F, 0x87, 0xF1, 0xE0, 0x3F, 0x83, 0xF1, 0xE0,
  0x1E, 0x00, 0xE1, 0xE0, 0x1C, 0x00, 0x01, 0xE0, 0x00, 0x00, 0x01, 0xE0, 0x00, 0x00, 0x00, 0x00,
  0x03, 0xFF, 0xFF, 0xE0, 0x03, 0xFF, 0xFF, 0xE0, 0x03, 0xFF, 0xFF, 0xE0, 0x00, 0x00, 0x01, 0xE0,
  0x00, 0x00, 0x01, 0xE0, 0x00, 0x00, 0x01, 0xE0, 0x00, 0x00, 0x01, 0xE0, 0x00, 0x00, 0x01, 0xE0,
  0x00, 0x00, 0x01, 0xE0, 0x00, 0x00, 0x01, 0xE0, 0x00, 0x00, 0x01, 0xE0, 0x00, 0x00, 0x00, 0x00,
  0x00, 0x00, 0x00, 0x00, 0x00, 0x00, 0x01, 0xE0, 0x00, 0x00, 0x01, 0xE0, 0x00, 0x7C, 0x01, 0xE0,
  0x00, 0x7C, 0x01, 0xE0, 0x00, 0x7C, 0x01, 0xE0, 0x00, 0x7C, 0x01, 0xE0, 0x00, 0x7C, 0x01, 0xE0,
  0x00, 0x7C, 0x01, 0xE0, 0x00, 0x7C, 0x01, 0xE0, 0x00, 0xFE, 0x01, 0xE0, 0x00, 0xFE, 0x01, 0xE0,
  0x01, 0xFF, 0x01, 0xE0, 0x03, 0xEF, 0x81, 0xE0, 0x0F, 0xC7, 0xE1, 0xE0, 0x3F, 0x83, 0xF1, 0xE0,
  0x1F, 0x01, 0xF1, 0xE0, 0x1E, 0x00, 0x61, 0xE0, 0x08, 0x00, 0x01, 0xE0, 0x00, 0x00, 0x01, 0xE0,
  0x01, 0xE0, 0x01, 0xE0, 0x01, 0xE0, 0x01, 0xE0, 0x01, 0xE0, 0x01, 0xE0, 0x01, 0xE0, 0x00, 0x00,
  0x01, 0xE0, 0x00, 0x00, 0x01, 0xE0, 0x00, 0x00, 0x01, 0xE0, 0x00, 0x00, 0x01, 0xFF, 0xFF, 0xF0,
  0x01, 0xFF, 0xFF, 0xF0, 0x01, 0xFF, 0xFF, 0xF0, 0x01, 0xFF, 0xFF, 0xF0, 0x00, 0x00, 0x00, 0x00,
  0x00, 0x00, 0x00, 0x00, 0x00, 0x00, 0x01, 0xE0, 0x00, 0x78, 0x01, 0xE0, 0x00, 0x7C, 0x01, 0xE0,
  0x00, 0x7C, 0x01, 0xE0, 0x00, 0x7C, 0x01, 0xE0, 0x00, 0x7C, 0x01, 0xE0, 0x00, 0x7C, 0x01, 0xE0,
  0x00, 0xFE, 0x01, 0xE0, 0x00, 0xFE, 0x01, 0xE0, 0x01, 0xFF, 0x81, 0xE0, 0x07, 0xEF, 0xC1, 0xE0,
  0x1F, 0xC7, 0xF1, 0xE0, 0x3F, 0x83, 0xF1, 0xE0, 0x1F, 0x00, 0xE1, 0xE0, 0x0C, 0x00, 0x21, 0xE0,
  0x00, 0x00, 0x00, 0x00, 0x00, 0x00, 0x00, 0x00, 0x01, 0xFF, 0xFF, 0xE0, 0x01, 0xFF, 0xFF, 0xE0,
  0x01, 0xFF, 0xFF, 0xE0, 0x00, 0x00, 0x01, 0xE0, 0x01, 0xFF, 0xFF, 0xE0, 0x01, 0xFF, 0xFF, 0xE0,
  0x01, 0xFF, 0xFF, 0xE0, 0x01, 0xE0, 0x00, 0x00, 0x01, 0xE0, 0x00, 0x00, 0x01, 0xE0, 0x00, 0x00,
  0x01, 0xFF, 0xFF, 0xF0, 0x01, 0xFF, 0xFF, 0xF0, 0x01, 0xFF, 0xFF, 0xF0, 0x00, 0x00, 0x00, 0x00,
  0x00, 0x00, 0x00, 0x00, 0x00, 0x00, 0x01, 0xC0, 0x00, 0x00, 0x03, 0xC0, 0x00, 0x00, 0x03, 0xC0,
  0x03, 0xC3, 0xC3, 0xC0, 0x03, 0xC3, 0xC3, 0xC0, 0x03, 0xC3, 0xC3, 0xC0, 0x03, 0xC3, 0xC3, 0xC0,
  0x03, 0xC3, 0xC3, 0xC0, 0x03, 0xC3, 0xC3, 0xC0, 0x03, 0xC3, 0xC3, 0xC0, 0x03, 0xC3, 0xC3, 0xC0,
  0x03, 0xC3, 0xC3, 0xC0, 0x03, 0xC3, 0xC3, 0xFC, 0x03, 0xC3, 0xC3, 0xFC, 0x07, 0xE7, 0xE3, 0xFC,
  0x07, 0xE7, 0xE3, 0xC0, 0x07, 0xE7, 0xE3, 0xC0, 0x0F, 0xEF, 0xF3, 0xC0, 0x0F, 0xFF, 0xF3, 0xC0,
  0x1E, 0x7E, 0xFB, 0xC0, 0x3E, 0x7E, 0x7F, 0xC0, 0x3C, 0x3C, 0x3F, 0xC0, 0x1C, 0x3C, 0x3B, 0xC0,
  0x00, 0x18, 0x13, 0xC0, 0x00, 0x00, 0x03, 0xC0, 0x00, 0x00, 0x03, 0xC0, 0x00, 0x00, 0x03, 0xC0,
  0x00, 0x00, 0x03, 0xC0, 0x00, 0x00, 0x03, 0xC0, 0x00, 0x00, 0x03, 0xC0, 0x00, 0x00, 0x00, 0x00,
  0x00, 0x00, 0x00, 0x00, 0x00, 0x00, 0x3C, 0xF0, 0x00, 0x00, 0x3C, 0xF0, 0x07, 0x0F, 0x3C, 0xF0,
  0x07, 0x8F, 0x3C, 0xF0, 0x07, 0x8F, 0x3C, 0xF0, 0x07, 0x8F, 0x3C, 0xF0, 0x07, 0x8F, 0x3C, 0xF0,
  0x07, 0x8F, 0x3F, 0xF0, 0x07, 0x8F, 0x3F, 0xF0, 0x0F, 0x9F, 0x3F, 0xF0, 0x0F, 0xDF, 0xBC, 0xF0,
  0x1F, 0xDF, 0xBC, 0xF0, 0x1F, 0xFF, 0xFC, 0xF0, 0x3D, 0xFF, 0xFC, 0xF0, 0x3C, 0xF9, 0xFC, 0xF0,
  0x18, 0x70, 0xFC, 0xF0, 0x00, 0x20, 0x3C, 0xF0, 0x00, 0x00, 0x00, 0xF0, 0x00, 0x00, 0x00, 0x00,
  0x00, 0x0F, 0xFE, 0x00, 0x00, 0x3F, 0xFF, 0xC0, 0x00, 0x7F, 0xFF, 0xE0, 0x00, 0xFC, 0x03, 0xF0,
  0x01, 0xF0, 0x00, 0xF0, 0x01, 0xF0, 0x00, 0xF0, 0x01, 0xF0, 0x00, 0xF0, 0x00, 0xFC, 0x03, 0xF0,
  0x00, 0x7F, 0xFF, 0xE0, 0x00, 0x3F, 0xFF, 0xC0, 0x00, 0x0F, 0xFE, 0x00, 0x00, 0x00, 0x00, 0x00,
  0x00, 0x00, 0x00, 0x00, 0x00, 0x00, 0x00, 0xF0, 0x00, 0x00, 0x00, 0xF0, 0x03, 0xC3, 0xC0, 0xF0,
  0x03, 0xC3, 0xC0, 0xF0, 0x03, 0xC3, 0xC0, 0xF0, 0x03, 0xC3, 0xC0, 0xF0, 0x03, 0xC3, 0xC0, 0xF0,
  0x03, 0xC3, 0xCF, 0xF0, 0x03, 0xC3, 0xCF, 0xF0, 0x07, 0xE7, 0xEF, 0xF0, 0x07, 0xE7, 0xE0, 0xF0,
  0x07, 0xE7, 0xE0, 0xF0, 0x0F, 0xFF, 0xF0, 0xF0, 0x1F, 0xFF, 0xF8, 0xF0, 0x3E, 0x7E, 0x7C, 0xF0,
  0x3C, 0x7E, 0x3C, 0xF0, 0x18, 0x3C, 0x18, 0xF0, 0x00, 0x18, 0x00, 0xF0, 0x00, 0x00, 0x00, 0xF0,
  0x01, 0xE0, 0x00, 0xF0, 0x01, 0xE0, 0x00, 0xF0, 0x01, 0xE0, 0x00, 0xF0, 0x01, 0xE0, 0x00, 0x00,
  0x01, 0xE0, 0x00, 0x00, 0x01, 0xE0, 0x00, 0x00, 0x01, 0xE0, 0x00, 0x00, 0x01, 0xFF, 0xFF, 0xF8,
  0x01, 0xFF, 0xFF, 0xF8, 0x01, 0xFF, 0xFF, 0xF8, 0x01, 0xFF, 0xFF, 0xF8, 0x00, 0x00, 0x00, 0x00,
  0x00, 0x00, 0x00, 0x00, 0x00, 0x00, 0x00, 0x00, 0x00, 0x00, 0x00, 0x00, 0x00, 0xF0, 0x0F, 0x00,
  0x00, 0xF0, 0x0F, 0x00, 0x00, 0xF0, 0x0F, 0x00, 0x00, 0xF0, 0x0F, 0x00, 0x00, 0xF0, 0x0F, 0x00,
  0x00, 0xF0, 0x0F, 0x00, 0x01, 0xF8, 0x1F, 0x80, 0x01, 0xF8, 0x1F, 0x80, 0x03, 0xFC, 0x3F, 0xC0,
  0x03, 0xFE, 0x7F, 0xC0, 0x0F, 0x9F, 0xF9, 0xF0, 0x1F, 0x9F, 0xF1, 0xF8, 0x1F, 0x0F, 0xF0, 0xF8,
  0x1E, 0x03, 0xC0, 0x78, 0x08, 0x01, 0x80, 0x10, 0x00, 0x03, 0xC0, 0x00, 0x00, 0x03, 0xC0, 0x00,
  0x00, 0x03, 0xC0, 0x00, 0x00, 0x03, 0xC0, 0x00, 0x00, 0x03, 0xC0, 0x00, 0x00, 0x03, 0xC0, 0x00,
  0x3F, 0xFF, 0xFF, 0xFC, 0x3F, 0xFF, 0xFF, 0xFC, 0x3F, 0xFF, 0xFF, 0xFC, 0x00, 0x00, 0x00, 0x00,
  0x00, 0x00, 0x00, 0x00, 0x00, 0x00, 0x00, 0x00, 0x00, 0x00, 0x00, 0x00, 0x00, 0x00, 0x00, 0x00,
  0x00, 0x00, 0x00, 0x00, 0x00, 0x00, 0x00, 0x00, 0x00, 0x00, 0x00, 0x00, 0x00, 0xF0, 0x0E, 0x00,
  0x00, 0xF0, 0x1F, 0x00, 0x00, 0xF0, 0x1F, 0x00, 0x00, 0xF0, 0x1F, 0x00, 0x00, 0xF0, 0x1F, 0x00,
  0x00, 0xF0, 0x1F, 0x00, 0x01, 0xF0, 0x1F, 0x00, 0x01, 0xF8, 0x1F, 0x00, 0x01, 0xF8, 0x3F, 0x80,
  0x03, 0xFC, 0x3F, 0x80, 0x07, 0xFC, 0x7B, 0xC0, 0x0F, 0xBE, 0xFB, 0xE0, 0x1F, 0x1F, 0xF1, 0xF8,
  0x1F, 0x0F, 0xE0, 0xF8, 0x1C, 0x07, 0xC0, 0x70, 0x08, 0x03, 0x80, 0x20, 0x00, 0x00, 0x00, 0x00,
  0x00, 0x00, 0x00, 0x00, 0x00, 0x00, 0x00, 0x00, 0x00, 0x00, 0x00, 0x00, 0x00, 0x00, 0x00, 0x00,
  0x3F, 0xFF, 0xFF, 0xF8, 0x3F, 0xFF, 0xFF, 0xF8, 0x3F, 0xFF, 0xFF, 0xF8, 0x00, 0x00, 0x00, 0x00,
  0x00, 0x00, 0x00, 0x00, 0x00, 0x00, 0x00, 0x00, 0x00, 0x00, 0x00, 0x00, 0x00, 0x00, 0x00, 0x00,
  0x00, 0x00, 0x00, 0x00, 0x00, 0x00, 0x01, 0xE0, 0x00, 0x00, 0x01, 0xE0, 0x00, 0x00, 0x01, 0xE0,
  0x03, 0xC3, 0xC1, 0xE0, 0x03, 0xC3, 0xC1, 0xE0, 0x03, 0xC3, 0xC1, 0xE0, 0x03, 0xC3, 0xC1, 0xE0,
  0x03, 0xC3, 0xC1, 0xE0, 0x03, 0xC3, 0xC1, 0xE0, 0x03, 0xC3, 0xC1, 0xE0, 0x03, 0xC3, 0xC1, 0xE0,
  0x03, 0xC3, 0xC1, 0xE0, 0x03, 0xC3, 0xC1, 0xE0, 0x07, 0xC3, 0xE1, 0xE0, 0x07, 0xE7, 0xE1, 0xE0,
  0x07, 0xE7, 0xE1, 0xE0, 0x07, 0xE7, 0xE1, 0xE0, 0x0F, 0xFF, 0xF1, 0xE0, 0x0F, 0xFF, 0xF1, 0xE0,
  0x1E, 0x7E, 0x79, 0xE0, 0x3E, 0x7E, 0x7D, 0xE0, 0x3C, 0x3C, 0x3D, 0xE0, 0x18, 0x3C, 0x19, 0xE0,
  0x00, 0x18, 0x01, 0xE0, 0x00, 0x00, 0x01, 0xE0, 0x00, 0x00, 0x01, 0xE0, 0x00, 0x00, 0x01, 0xE0,
  0x00, 0x00, 0x01, 0xE0, 0x00, 0x00, 0x01, 0xE0, 0x00, 0x00, 0x01, 0xE0, 0x00, 0x00, 0x00, 0x00,
  0x00, 0x00, 0x00, 0x00, 0x00, 0x00, 0x01, 0xE0, 0x01, 0x81, 0x81, 0xE0, 0x03, 0xC3, 0xC1, 0xE0,
  0x03, 0xC3, 0xC1, 0xE0, 0x03, 0xC3, 0xC1, 0xE0, 0x03, 0xC3, 0xC1, 0xE0, 0x03, 0xC3, 0xC1, 0xE0,
  0x03, 0xC3, 0xC1, 0xE0, 0x07, 0xE7, 0xE1, 0xE0, 0x07, 0xE7, 0xE1, 0xE0, 0x0F, 0xE7, 0xE1, 0xE0,
  0x0F, 0xFF, 0xF1, 0xE0, 0x1E, 0x7E, 0x79, 0xE0, 0x3E, 0x7E, 0x7D, 0xE0, 0x1C, 0x3C, 0x39, 0xE0,
  0x18, 0x18, 0x19, 0xE0, 0x00, 0x00, 0x01, 0xE0, 0x00, 0x00, 0x01, 0xE0, 0x00, 0x01, 0xF1, 0xE0,
  0x00, 0x01, 0xF1, 0xE0, 0x00, 0x01, 0xF0, 0x00, 0x00, 0x01, 0xF0, 0x00, 0x00, 0x03, 0xF8, 0x00,
  0x00, 0x07, 0xFC, 0x00, 0x00, 0x1F, 0xBE, 0x00, 0x00, 0x7F, 0x1F, 0xC0, 0x03, 0xFE, 0x0F, 0xF0,
  0x03, 0xF8, 0x07, 0xF0, 0x01, 0xE0, 0x01, 0xF0, 0x00, 0x00, 0x00, 0x00, 0x00, 0x00, 0x00, 0x00,
  0x00, 0x00, 0x00, 0x00, 0x00, 0x00, 0x07, 0x80, 0x00, 0x00, 0x07, 0x80, 0x00, 0x60, 0x07, 0x80,
  0x03, 0xFC, 0x07, 0x80, 0x07, 0xFE, 0x07, 0x80, 0x0F, 0xFF, 0x07, 0x80, 0x0F, 0x9F, 0x07, 0x80,
  0x1F, 0x0F, 0x87, 0x80, 0x1E, 0x07, 0x87, 0x80, 0x3E, 0x07, 0x87, 0x80, 0x3C, 0x03, 0xC7, 0x80,
  0x3C, 0x03, 0xC7, 0x80, 0x3C, 0x03, 0xC7, 0xFC, 0x3C, 0x03, 0xC7, 0xFC, 0x3C, 0x03, 0xC7, 0xFC,
  0x3C, 0x03, 0xC7, 0x80, 0x1E, 0x07, 0x87, 0x80, 0x1E, 0x07, 0x87, 0x80, 0x1F, 0x0F, 0x87, 0x80,
  0x0F, 0x9F, 0x07, 0x80, 0x0F, 0xFF, 0x07, 0x80, 0x07, 0xFE, 0x07, 0x80, 0x03, 0xFC, 0x07, 0x80,
  0x00, 0x00, 0x07, 0x80, 0x00, 0x00, 0x07, 0x80, 0x00, 0x00, 0x07, 0x80, 0x00, 0x00, 0x07, 0x80,
  0x00, 0x00, 0x07, 0x80, 0x00, 0x00, 0x07, 0x80, 0x00, 0x00, 0x07, 0x80, 0x00, 0x00, 0x00, 0x00,
  0x00, 0x00, 0x00, 0x00, 0x00, 0x00, 0x03, 0xC0, 0x00, 0x00, 0x03, 0xC0, 0x01, 0xFC, 0x03, 0xC0,
  0x03, 0xFF, 0x03, 0xC0, 0x07, 0xFF, 0x83, 0xC0, 0x0F, 0xCF, 0xC3, 0xC0, 0x1F, 0x03, 0xC3, 0xC0,
  0x1E, 0x03, 0xE3, 0xFC, 0x1E, 0x01, 0xE3, 0xFC, 0x1E, 0x01, 0xE3, 0xFC, 0x1E, 0x01, 0xE3, 0xC0,
  0x1F, 0x03, 0xC3, 0xC0, 0x0F, 0x8F, 0xC3, 0xC0, 0x0F, 0xFF, 0x83, 0xC0, 0x07, 0xFF, 0x03, 0xC0,
  0x01, 0xFE, 0x03, 0xC0, 0x00, 0x00, 0x03, 0xC0, 0x00, 0x00, 0x00, 0x00, 0x00, 0x00, 0x00, 0x00,
  0x03, 0xFF, 0xFF, 0xC0, 0x03, 0xFF, 0xFF, 0xC0, 0x03, 0xFF, 0xFF, 0xC0, 0x00, 0x00, 0x03, 0xC0,
  0x00, 0x00, 0x03, 0xC0, 0x00, 0x00, 0x03, 0xC0, 0x00, 0x00, 0x03, 0xC0, 0x00, 0x00, 0x03, 0xC0,
  0x00, 0x00, 0x03, 0xC0, 0x00, 0x00, 0x03, 0xC0, 0x00, 0x00, 0x03, 0xC0, 0x00, 0x00, 0x00, 0x00,
  0x00, 0x00, 0x00, 0x00, 0x00, 0x00, 0x03, 0xC0, 0x00, 0x00, 0x03, 0xC0, 0x00, 0xFC, 0x03, 0xC0,
  0x03, 0xFF, 0x03, 0xC0, 0x07, 0xFF, 0x83, 0xC0, 0x0F, 0xFF, 0xC3, 0xC0, 0x1F, 0x03, 0xC3, 0xC0,
  0x1E, 0x03, 0xE3, 0xC0, 0x1E, 0x01, 0xE3, 0xC0, 0x1E, 0x01, 0xE3, 0xFC, 0x1E, 0x01, 0xE3, 0xFC,
  0x1E, 0x03, 0xE3, 0xFC, 0x1F, 0x03, 0xC3, 0xC0, 0x0F, 0xFF, 0xC3, 0xC0, 0x07, 0xFF, 0x83, 0xC0,
  0x03, 0xFF, 0x03, 0xC0, 0x01, 0xFC, 0x03, 0xC0, 0x00, 0x00, 0x03, 0xC0, 0x00, 0x00, 0x03, 0xC0,
  0x01, 0xE0, 0x03, 0xC0, 0x01, 0xE0, 0x03, 0xC0, 0x01, 0xE0, 0x03, 0xC0, 0x01, 0xE0, 0x00, 0x00,
  0x01, 0xE0, 0x00, 0x00, 0x01, 0xE0, 0x00, 0x00, 0x01, 0xE0, 0x00, 0x00, 0x01, 0xFF, 0xFF, 0xE0,
  0x01, 0xFF, 0xFF, 0xE0, 0x01, 0xFF, 0xFF, 0xE0, 0x01, 0xFF, 0xFF, 0xE0, 0x00, 0x00, 0x00, 0x00,
  0x00, 0x00, 0x00, 0x00, 0x00, 0x00, 0x03, 0x80, 0x00, 0x00, 0x03, 0xC0, 0x01, 0xFE, 0x03, 0xC0,
  0x07, 0xFF, 0x03, 0xC0, 0x0F, 0xFF, 0x83, 0xC0, 0x0F, 0x87, 0xC3, 0xC0, 0x1F, 0x03, 0xE3, 0xC0,
  0x1E, 0x01, 0xE3, 0xFC, 0x1E, 0x01, 0xE3, 0xFC, 0x1E, 0x01, 0xE3, 0xFC, 0x1F, 0x03, 0xE3, 0xC0,
  0x0F, 0x87, 0xC3, 0xC0, 0x0F, 0xFF, 0x83, 0xC0, 0x07, 0xFF, 0x03, 0xC0, 0x01, 0xFE, 0x03, 0xC0,
  0x00, 0x00, 0x06, 0x00, 0x00, 0x00, 0x1E, 0x00, 0x00, 0x00, 0x1E, 0x00, 0x07, 0x87, 0xFF, 0xF0,
  0x07, 0x87, 0xFF, 0xF0, 0x07, 0x87, 0xFF, 0xF0, 0x07, 0x80, 0x1E, 0x00, 0x07, 0x80, 0x7F, 0x80,
  0x07, 0x80, 0xFF, 0xC0, 0x07, 0x81, 0xF3, 0xC0, 0x07, 0x9D, 0xE1, 0xE0, 0x07, 0xFD, 0xE1, 0xE0,
  0x07, 0xFE, 0xFF, 0xC0, 0x07, 0xFC, 0xFF, 0x80, 0x00, 0x00, 0x3F, 0x00, 0x00, 0x00, 0x00, 0x00,
  0x00, 0x00, 0x00, 0x00, 0x00, 0x00, 0x03, 0xC0, 0x01, 0xFC, 0x03, 0xC0, 0x07, 0xFF, 0x03, 0xC0,
  0x0F, 0xFF, 0x83, 0xC0, 0x0F, 0x8F, 0xC3, 0xC0, 0x1F, 0x03, 0xE3, 0xC0, 0x1E, 0x01, 0xE3, 0xFC,
  0x1E, 0x01, 0xE3, 0xFC, 0x1E, 0x01, 0xE3, 0xFC, 0x1F, 0x03, 0xE3, 0xC0, 0x0F, 0x87, 0xC3, 0xC0,
  0x0F, 0xFF, 0x83, 0xC0, 0x07, 0xFF, 0x03, 0xC0, 0x01, 0xFE, 0x03, 0xC0, 0x00, 0x00, 0x03, 0xC0,
  0x00, 0x00, 0x00, 0x00, 0x03, 0xFF, 0xFF, 0xC0, 0x03, 0xFF, 0xFF, 0xC0, 0x03, 0xFF, 0xFF, 0xC0,
  0x00, 0x00, 0x03, 0xC0, 0x00, 0x00, 0x03, 0xC0, 0x03, 0xFF, 0xFF, 0xC0, 0x03, 0xFF, 0xFF, 0xC0,
  0x03, 0xFF, 0xFF, 0xC0, 0x03, 0xE0, 0x00, 0x00, 0x03, 0xE0, 0x00, 0x00, 0x03, 0xFF, 0xFF, 0xE0,
  0x03, 0xFF, 0xFF, 0xE0, 0x03, 0xFF, 0xFF, 0xE0, 0x03, 0xFF, 0xFF, 0xE0, 0x00, 0x00, 0x00, 0x00,
  0x00, 0x00, 0x00, 0x00, 0x00, 0x00, 0x03, 0xC0, 0x00, 0x00, 0x03, 0xC0, 0x01, 0xFC, 0x03, 0xC0,
  0x03, 0xFF, 0x03, 0xC0, 0x07, 0xFF, 0x83, 0xC0, 0x0F, 0xCF, 0xC3, 0xC0, 0x1F, 0x03, 0xC3, 0xC0,
  0x1E, 0x03, 0xE3, 0xFC, 0x1E, 0x01, 0xE3, 0xFC, 0x1E, 0x01, 0xE3, 0xFC, 0x1E, 0x03, 0xE3, 0xC0,
  0x1F, 0x03, 0xC3, 0xC0, 0x0F, 0xCF, 0xC3, 0xC0, 0x0F, 0xFF, 0x83, 0xC0, 0x07, 0xFF, 0x03, 0xC0,
  0x01, 0xFE, 0x03, 0xC0, 0x00, 0x00, 0x03, 0xC0, 0x00, 0x00, 0x00, 0x00, 0x01, 0xFF, 0xFF, 0xC0,
  0x01, 0xFF, 0xFF, 0xC0, 0x01, 0xFF, 0xFF, 0xC0, 0x01, 0xE0, 0x03, 0xC0, 0x01, 0xE0, 0x03, 0xC0,
  0x01, 0xE0, 0x03, 0xC0, 0x01, 0xE0, 0x03, 0xC0, 0x01, 0xE0, 0x03, 0xC0, 0x01, 0xE0, 0x03, 0xC0,
  0x01, 0xFF, 0xFF, 0xC0, 0x01, 0xFF, 0xFF, 0xC0, 0x01, 0xFF, 0xFF, 0xC0, 0x00, 0x00, 0x00, 0x00,
  0x00, 0x00, 0x00, 0x00, 0x00, 0x00, 0x03, 0xC0, 0x00, 0x00, 0x03, 0xC0, 0x01, 0xFE, 0x03, 0xC0,
  0x03, 0xFF, 0x03, 0xC0, 0x07, 0xFF, 0x83, 0xC0, 0x0F, 0xCF, 0xC3, 0xC0, 0x1F, 0x03, 0xC3, 0xC0,
  0x1E, 0x03, 0xE3, 0xFC, 0x1E, 0x01, 0xE3, 0xFC, 0x1E, 0x01, 0xE3, 0xFC, 0x1E, 0x03, 0xE3, 0xC0,
  0x1F, 0x03, 0xC3, 0xC0, 0x0F, 0xCF, 0xC3, 0xC0, 0x07, 0xFF, 0x83, 0xC0, 0x03, 0xFF, 0x03, 0xC0,
  0x01, 0xFE, 0x03, 0xC0, 0x00, 0x00, 0x03, 0xC0, 0x00, 0x00, 0x00, 0x00, 0x00, 0x78, 0x0F, 0x00,
  0x00, 0x78, 0x0F, 0x00, 0x00, 0x78, 0x0F, 0x00, 0x00, 0x78, 0x0F, 0x00, 0x00, 0xFC, 0x1F, 0x80,
  0x00, 0xFC, 0x1F, 0x80, 0x01, 0xFE, 0x3F, 0xC0, 0x03, 0xFF, 0x7F, 0xE0, 0x0F, 0xCF, 0xF9, 0xF8,
  0x0F, 0x87, 0xF0, 0xF8, 0x07, 0x03, 0xE0, 0x70, 0x00, 0x01, 0x80, 0x10, 0x00, 0x00, 0x00, 0x00,
  0x00, 0x00, 0x00, 0x00, 0x00, 0x00, 0x03, 0xC0, 0x00, 0x00, 0x03, 0xC0, 0x01, 0xFE, 0x03, 0xC0,
  0x07, 0xFF, 0x03, 0xC0, 0x0F, 0xFF, 0x83, 0xC0, 0x0F, 0x8F, 0xC3, 0xC0, 0x1F, 0x03, 0xE3, 0xC0,
  0x1E, 0x01, 0xE3, 0xFC, 0x1E, 0x01, 0xE3, 0xFC, 0x1E, 0x01, 0xE3, 0xFC, 0x1E, 0x03, 0xE3, 0xC0,
  0x1F, 0x03, 0xE3, 0xC0, 0x0F, 0xCF, 0xC3, 0xC0, 0x07, 0xFF, 0x83, 0xC0, 0x03, 0xFF, 0x03, 0xC0,
  0x01, 0xFC, 0x03, 0xC0, 0x00, 0x00, 0x03, 0xC0, 0x00, 0x00, 0x00, 0x00, 0x03, 0xFF, 0xFF, 0xE0,
  0x03, 0xFF, 0xFF, 0xE0, 0x03, 0xFF, 0xFF, 0xE0, 0x00, 0x3C, 0x1E, 0x00, 0x00, 0x3C, 0x1E, 0x00,
  0x00, 0x3C, 0x1E, 0x00, 0x00, 0x3C, 0x1E, 0x00, 0x00, 0x3C, 0x1E, 0x00, 0x03, 0xFF, 0xFF, 0xE0,
  0x03, 0xFF, 0xFF, 0xE0, 0x03, 0xFF, 0xFF, 0xE0, 0x03, 0xFF, 0xFF, 0xE0, 0x00, 0x00, 0x00, 0x00,
  0x00, 0x00, 0x00, 0x00, 0x00, 0x00, 0x00, 0xE0, 0x00, 0x00, 0x38, 0xF0, 0x03, 0xF0, 0x78, 0xF0,
  0x07, 0xFC, 0x78, 0xF0, 0x0F, 0xFE, 0x78, 0xF0, 0x1F, 0xBE, 0x78, 0xF0, 0x1E, 0x0F, 0x78, 0xF0,
  0x1C, 0x0F, 0x78, 0xF0, 0x3C, 0x0F, 0x7F, 0xF0, 0x3C, 0x0F, 0x7F, 0xF0, 0x1C, 0x0F, 0x7F, 0xF0,
  0x1E, 0x0F, 0x78, 0xF0, 0x1F, 0x1E, 0x78, 0xF0, 0x0F, 0xFE, 0x78, 0xF0, 0x07, 0xFC, 0x78, 0xF0,
  0x03, 0xF8, 0x78, 0xF0, 0x00, 0x00, 0x78, 0xF0, 0x00, 0x00, 0x78, 0xF0, 0x00, 0x00, 0x00, 0x00,
  0x01, 0xFF, 0xFF, 0xF0, 0x01, 0xFF, 0xFF, 0xF0, 0x01, 0xFF, 0xFF, 0xF0, 0x00, 0x00, 0x00, 0xF0,
  0x00, 0x00, 0x00, 0xF0, 0x00, 0x00, 0x00, 0xF0, 0x00, 0x00, 0x00, 0xF0, 0x00, 0x00, 0x00, 0xF0,
  0x00, 0x00, 0x00, 0xF0, 0x00, 0x00, 0x00, 0xF0, 0x00, 0x00, 0x00, 0xF0, 0x00, 0x00, 0x00, 0x00,
  0x00, 0x00, 0x00, 0x00, 0x00, 0x00, 0x07, 0x80, 0x00, 0x00, 0x07, 0x80, 0x00, 0x60, 0x07, 0x80,
  0x03, 0xFC, 0x07, 0x80, 0x07, 0xFE, 0x07, 0x80, 0x0F, 0xFF, 0x07, 0x80, 0x0F, 0x9F, 0x07, 0x80,
  0x1F, 0x0F, 0x87, 0xF8, 0x1E, 0x07, 0x87, 0xF8, 0x3E, 0x07, 0x87, 0xF8, 0x3C, 0x03, 0xC7, 0x80,
  0x3C, 0x03, 0xC7, 0x80, 0x3C, 0x03, 0xC7, 0x80, 0x3C, 0x03, 0xC7, 0x80, 0x3C, 0x03, 0xC7, 0x80,
  0x3C, 0x03, 0xC7, 0x80, 0x1E, 0x07, 0x87, 0xF8, 0x1E, 0x07, 0x87, 0xF8, 0x1F, 0x0F, 0x87, 0xF8,
  0x0F, 0x9F, 0x07, 0x80, 0x0F, 0xFF, 0x07, 0x80, 0x07, 0xFE, 0x07, 0x80, 0x03, 0xFC, 0x07, 0x80,
  0x00, 0x00, 0x07, 0x80, 0x00, 0x00, 0x07, 0x80, 0x00, 0x00, 0x07, 0x80, 0x00, 0x00, 0x07, 0x80,
  0x00, 0x00, 0x07, 0x80, 0x00, 0x00, 0x07, 0x80, 0x00, 0x00, 0x07, 0x80, 0x00, 0x00, 0x00, 0x00,
  0x00, 0x00, 0x00, 0x00, 0x00, 0x00, 0x03, 0xC0, 0x00, 0x00, 0x03, 0xC0, 0x01, 0xFE, 0x03, 0xC0,
  0x07, 0xFF, 0x03, 0xC0, 0x0F, 0xFF, 0x83, 0xFC, 0x0F, 0x8F, 0xC3, 0xFC, 0x1F, 0x03, 0xC3, 0xFC,
  0x1E, 0x03, 0xE3, 0xC0, 0x1E, 0x01, 0xE3, 0xC0, 0x1E, 0x01, 0xE3, 0xC0, 0x1E, 0x03, 0xE3, 0xF8,
  0x1F, 0x03, 0xC3, 0xFC, 0x0F, 0xCF, 0xC3, 0xFC, 0x07, 0xFF, 0x83, 0xF8, 0x03, 0xFF, 0x03, 0xC0,
  0x01, 0xFE, 0x03, 0xC0, 0x00, 0x00, 0x03, 0xC0, 0x00, 0x00, 0x03, 0xC0, 0x00, 0x1F, 0xF8, 0x00,
  0x00, 0x7F, 0xFE, 0x00, 0x00, 0xFF, 0xFF, 0x80, 0x01, 0xF8, 0x1F, 0xC0, 0x03, 0xE0, 0x07, 0xC0,
  0x03, 0xC0, 0x03, 0xC0, 0x03, 0xC0, 0x03, 0xC0, 0x03, 0xE0, 0x07, 0xC0, 0x01, 0xF8, 0x1F, 0xC0,
  0x00, 0xFF, 0xFF, 0x80, 0x00, 0x7F, 0xFE, 0x00, 0x00, 0x1F, 0xF8, 0x00, 0x00, 0x00, 0x00, 0x00,
  0x00, 0x00, 0x00, 0x00, 0x00, 0x00, 0x01, 0xE0, 0x00, 0x00, 0x01, 0xE0, 0x00, 0x70, 0x01, 0xE0,
  0x01, 0xFC, 0x01, 0xE0, 0x03, 0xFE, 0x01, 0xE0, 0x07, 0xFF, 0x01, 0xE0, 0x0F, 0x8F, 0x81, 0xE0,
  0x0F, 0x07, 0x81, 0xE0, 0x1F, 0x07, 0xC1, 0xE0, 0x1E, 0x03, 0xC1, 0xE0, 0x1E, 0x03, 0xC1, 0xE0,
  0x1E, 0x03, 0xFF, 0xE0, 0x1E, 0x03, 0xFF, 0xE0, 0x1E, 0x03, 0xFF, 0xE0, 0x1E, 0x03, 0xC1, 0xE0,
  0x1E, 0x03, 0xC1, 0xE0, 0x1E, 0x03, 0xC1, 0xE0, 0x1F, 0x07, 0xC1, 0xE0, 0x0F, 0x07, 0x81, 0xE0,
  0x0F, 0xDF, 0x81, 0xE0, 0x07, 0xFF, 0x01, 0xE0, 0x03, 0xFE, 0x01, 0xE0, 0x01, 0xFC, 0x01, 0xE0,
  0x00, 0x00, 0x01, 0xE0, 0x00, 0x00, 0x01, 0xE0, 0x00, 0x00, 0x01, 0xE0, 0x00, 0x00, 0x01, 0xE0,
  0x00, 0x00, 0x01, 0xE0, 0x00, 0x00, 0x01, 0xE0, 0x00, 0x00, 0x01, 0xE0, 0x00, 0x00, 0x00, 0x00,
  0x00, 0x00, 0x00, 0x00, 0x00, 0x00, 0x00, 0xE0, 0x00, 0x00, 0x01, 0xE0, 0x01, 0xFC, 0x01, 0xE0,
  0x07, 0xFF, 0x01, 0xE0, 0x0F, 0xFF, 0x81, 0xE0, 0x0F, 0xCF, 0xC1, 0xE0, 0x1F, 0x03, 0xC1, 0xE0,
  0x1E, 0x03, 0xC1, 0xE0, 0x1E, 0x03, 0xFF, 0xE0, 0x1E, 0x03, 0xFF, 0xE0, 0x1E, 0x03, 0xFF, 0xE0,
  0x1F, 0x03, 0xC1, 0xE0, 0x0F, 0x8F, 0xC1, 0xE0, 0x0F, 0xFF, 0x81, 0xE0, 0x07, 0xFF, 0x01, 0xE0,
  0x01, 0xFE, 0x01, 0xE0, 0x00, 0x00, 0x01, 0xE0, 0x00, 0x00, 0x01, 0xE0, 0x00, 0x00, 0x00, 0x00,
  0x01, 0xFF, 0xFF, 0xE0, 0x01, 0xFF, 0xFF, 0xE0, 0x01, 0xFF, 0xFF, 0xE0, 0x00, 0x00, 0x01, 0xE0,
  0x00, 0x00, 0x01, 0xE0, 0x00, 0x00, 0x01, 0xE0, 0x00, 0x00, 0x01, 0xE0, 0x00, 0x00, 0x01, 0xE0,
  0x00, 0x00, 0x01, 0xE0, 0x00, 0x00, 0x01, 0xE0, 0x00, 0x00, 0x01, 0xE0, 0x00, 0x00, 0x00, 0x00,
  0x00, 0x00, 0x00, 0x00, 0x00, 0x00, 0x01, 0xE0, 0x00, 0x00, 0x01, 0xE0, 0x01, 0xFC, 0x01, 0xE0,
  0x03, 0xFE, 0x01, 0xE0, 0x07, 0xFF, 0x01, 0xE0, 0x0F, 0xFF, 0x81, 0xE0, 0x1F, 0x07, 0xC1, 0xE0,
  0x1E, 0x03, 0xC1, 0xE0, 0x1E, 0x03, 0xFF, 0xE0, 0x1E, 0x03, 0xFF, 0xE0, 0x1E, 0x03, 0xFF, 0xE0,
  0x1E, 0x03, 0xC1, 0xE0, 0x1F, 0x07, 0xC1, 0xE0, 0x0F, 0xFF, 0x81, 0xE0, 0x07, 0xFF, 0x01, 0xE0,
  0x03, 0xFE, 0x01, 0xE0, 0x01, 0xFC, 0x01, 0xE0, 0x00, 0x00, 0x01, 0xE0, 0x00, 0x00, 0x01, 0xE0,
  0x00, 0xF0, 0x01, 0xE0, 0x00, 0xF0, 0x01, 0xE0, 0x00, 0xF0, 0x01, 0xE0, 0x00, 0xF0, 0x00, 0x00,
  0x00, 0xF0, 0x00, 0x00, 0x00, 0xF0, 0x00, 0x00, 0x00, 0xF0, 0x00, 0x00, 0x00, 0xFF, 0xFF, 0xF0,
  0x00, 0xFF, 0xFF, 0xF0, 0x00, 0xFF, 0xFF, 0xF0, 0x00, 0xFF, 0xFF, 0xF0, 0x00, 0x00, 0x00, 0x00,
  0x00, 0x00, 0x00, 0x00, 0x00, 0x00, 0x01, 0xE0, 0x00, 0x00, 0x01, 0xE0, 0x01, 0xFE, 0x01, 0xE0,
  0x07, 0xFF, 0x01, 0xE0, 0x0F, 0xFF, 0x81, 0xE0, 0x0F, 0x8F, 0xC1, 0xE0, 0x1F, 0x03, 0xC1, 0xE0,
  0x1E, 0x03, 0xFF, 0xE0, 0x1E, 0x01, 0xFF, 0xE0, 0x1E, 0x03, 0xFF, 0xE0, 0x1E, 0x03, 0xE1, 0xE0,
  0x1F, 0x03, 0xC1, 0xE0, 0x0F, 0xCF, 0xC1, 0xE0, 0x07, 0xFF, 0x81, 0xE0, 0x03, 0xFF, 0x01, 0xE0,
  0x01, 0xFC, 0x01, 0xE0, 0x00, 0x00, 0x01, 0xE0, 0x00, 0x00, 0x00, 0x00, 0x01, 0xFF, 0xFF, 0xE0,
  0x01, 0xFF, 0xFF, 0xE0, 0x01, 0xFF, 0xFF, 0xE0, 0x01, 0xF0, 0x00, 0x00, 0x01, 0xF0, 0x00, 0x00,
  0x01, 0xF0, 0x00, 0x00, 0x01, 0xF0, 0x00, 0x00, 0x01, 0xF0, 0x00, 0x00, 0x01, 0xFF, 0xFF, 0xF0,
  0x01, 0xFF, 0xFF, 0xF0, 0x01, 0xFF, 0xFF, 0xF0, 0x01, 0xFF, 0xFF, 0xF0, 0x00, 0x00, 0x00, 0x00,
  0x00, 0x00, 0x00, 0x00, 0x00, 0x00, 0x01, 0xF0, 0x01, 0xFC, 0x01, 0xF0, 0x03, 0xFF, 0x01, 0xF0,
  0x0F, 0xFF, 0x81, 0xF0, 0x0F, 0x8F, 0x81, 0xF0, 0x1F, 0x03, 0xC1, 0xF0, 0x1E, 0x03, 0xFF, 0xF0,
  0x1E, 0x03, 0xFF, 0xF0, 0x1E, 0x03, 0xFF, 0xF0, 0x1E, 0x03, 0xC1, 0xF0, 0x1F, 0x03, 0xC1, 0xF0,
  0x0F, 0x8F, 0x81, 0xF0, 0x0F, 0xFF, 0x81, 0xF0, 0x07, 0xFF, 0x01, 0xF0, 0x01, 0xFC, 0x01, 0xE0,
  0x00, 0x00, 0x00, 0x00, 0x00, 0xFF, 0xFF, 0xF0, 0x00, 0xFF, 0xFF, 0xF0, 0x00, 0xFF, 0xFF, 0xF0,
  0x00, 0x00, 0x01, 0xF0, 0x00, 0x00, 0x01, 0xF0, 0x00, 0xFF, 0xFF, 0xF0, 0x00, 0xFF, 0xFF, 0xF0,
  0x00, 0xFF, 0xFF, 0xF0, 0x00, 0xF0, 0x00, 0x00, 0x00, 0xF0, 0x00, 0x00, 0x00, 0xFF, 0xFF, 0xF0,
  0x01, 0xFF, 0xFF, 0xF0, 0x00, 0xFF, 0xFF, 0xF0, 0x00, 0xFF, 0xFF, 0xF0, 0x00, 0x00, 0x00, 0x00,
  0x00, 0x00, 0x00, 0x00, 0x00, 0x00, 0x01, 0xE0, 0x00, 0x00, 0x01, 0xE0, 0x01, 0xFC, 0x01, 0xE0,
  0x07, 0xFF, 0x01, 0xE0, 0x0F, 0xFF, 0x81, 0xE0, 0x0F, 0x8F, 0xC1, 0xE0, 0x1F, 0x03, 0xC1, 0xE0,
  0x1E, 0x03, 0xFF, 0xE0, 0x1E, 0x01, 0xFF, 0xE0, 0x1E, 0x03, 0xFF, 0xE0, 0x1E, 0x03, 0xE1, 0xE0,
  0x1F, 0x03, 0xC1, 0xE0, 0x0F, 0x8F, 0xC1, 0xE0, 0x0F, 0xFF, 0x81, 0xE0, 0x07, 0xFF, 0x01, 0xE0,
  0x01, 0xFC, 0x01, 0xE0, 0x00, 0x00, 0x01, 0xE0, 0x00, 0x00, 0x00, 0x00, 0x01, 0xFF, 0xFF, 0xE0,
  0x01, 0xFF, 0xFF, 0xE0, 0x01, 0xFF, 0xFF, 0xE0, 0x01, 0xF0, 0x01, 0xE0, 0x01, 0xF0, 0x01, 0xE0,
  0x01, 0xF0, 0x01, 0xE0, 0x01, 0xF0, 0x01, 0xE0, 0x01, 0xF0, 0x01, 0xE0, 0x01, 0xF0, 0x01, 0xE0,
  0x01, 0xFF, 0xFF, 0xE0, 0x01, 0xFF, 0xFF, 0xE0, 0x01, 0xFF, 0xFF, 0xE0, 0x00, 0x00, 0x00, 0x00,
  0x00, 0x00, 0x01, 0xE0, 0x00, 0x00, 0x01, 0xE0, 0x01, 0xFE, 0x01, 0xE0, 0x07, 0xFF, 0x01, 0xE0,
  0x0F, 0xFF, 0x81, 0xE0, 0x0F, 0x8F, 0xC1, 0xE0, 0x1F, 0x03, 0xC1, 0xE0, 0x1E, 0x03, 0xFF, 0xE0,
  0x1E, 0x03, 0xFF, 0xE0, 0x1E, 0x03, 0xFF, 0xE0, 0x1F, 0x03, 0xC1, 0xE0, 0x0F, 0x8F, 0xC1, 0xE0,
  0x0F, 0xFF, 0x81, 0xE0, 0x07, 0xFF, 0x01, 0xE0, 0x01, 0xFE, 0x01, 0xE0, 0x00, 0x00, 0x01, 0xE0,
  0x00, 0x00, 0x00, 0x00, 0x00, 0x00, 0x00, 0x00, 0x03, 0xC7, 0x87, 0x80, 0x03, 0xC7, 0x87, 0x80,
  0x03, 0xC7, 0x87, 0x80, 0x03, 0xFF, 0x87, 0x80, 0x03, 0xFF, 0x87, 0x80, 0x03, 0xFF, 0x8F, 0xC0,
  0x03, 0xC7, 0x8F, 0xC0, 0x03, 0xC7, 0x9F, 0xE0, 0x03, 0xC7, 0xFF, 0xF8, 0x03, 0xFF, 0xFC, 0xFC,
  0x03, 0xFF, 0xF8, 0x78, 0x03, 0xFF, 0xF0, 0x38, 0x00, 0x00, 0x00, 0x00, 0x00, 0x00, 0x00, 0x00,
  0x00, 0x00, 0x00, 0x00, 0x00, 0x00, 0x01, 0xE0, 0x00, 0x00, 0x01, 0xE0, 0x01, 0xFC, 0x01, 0xE0,
  0x03, 0xFF, 0x01, 0xE0, 0x07, 0xFF, 0x81, 0xE0, 0x0F, 0xDF, 0x81, 0xE0, 0x1F, 0x07, 0xC1, 0xE0,
  0x1E, 0x03, 0xC1, 0xE0, 0x1E, 0x03, 0xFF, 0xE0, 0x1E, 0x03, 0xFF, 0xE0, 0x1E, 0x03, 0xFF, 0xE0,
  0x1E, 0x03, 0xC1, 0xE0, 0x1F, 0x07, 0xC1, 0xE0, 0x0F, 0xDF, 0x81, 0xE0, 0x07, 0xFF, 0x81, 0xE0,
  0x03, 0xFF, 0x01, 0xE0, 0x01, 0xFC, 0x01, 0xE0, 0x00, 0x00, 0x01, 0xE0, 0x00, 0x01, 0xE1, 0xE0,
  0x00, 0x01, 0xF1, 0xE0, 0x00, 0x01, 0xF0, 0x00, 0x00, 0x01, 0xF0, 0x00, 0x00, 0x03, 0xF8, 0x00,
  0x00, 0x07, 0xFC, 0x00, 0x00, 0x0F, 0xFE, 0x00, 0x00, 0x7F, 0x3F, 0x80, 0x03, 0xFE, 0x1F, 0xF0,
  0x03, 0xFC, 0x07, 0xF0, 0x01, 0xF0, 0x01, 0xF0, 0x01, 0x80, 0x00, 0x20, 0x00, 0x00, 0x00, 0x00,
  0x00, 0x00, 0x00, 0x00, 0x00, 0x00, 0x00, 0xE0, 0x00, 0x00, 0x3C, 0xF0, 0x01, 0xE0, 0x3C, 0xF0,
  0x03, 0xF0, 0x3C, 0xF0, 0x07, 0xF8, 0x3C, 0xF0, 0x0F, 0xFC, 0x3C, 0xF0, 0x0F, 0x3C, 0x3C, 0xF0,
  0x1E, 0x1E, 0x3C, 0xF0, 0x1E, 0x1E, 0x3C, 0xF0, 0x1E, 0x1E, 0x3C, 0xF0, 0x1C, 0x1E, 0x3C, 0xF0,
  0x1C, 0x1F, 0xFC, 0xF0, 0x3C, 0x1F, 0xFC, 0xF0, 0x3C, 0x1F, 0xFC, 0xF0, 0x1C, 0x1E, 0x3C, 0xF0,
  0x1C, 0x1E, 0x3C, 0xF0, 0x1E, 0x1E, 0x3C, 0xF0, 0x1E, 0x1E, 0x3C, 0xF0, 0x1E, 0x1E, 0x3C, 0xF0,
  0x0F, 0x3C, 0x3C, 0xF0, 0x0F, 0xFC, 0x3C, 0xF0, 0x07, 0xF8, 0x3C, 0xF0, 0x03, 0xF0, 0x3C, 0xF0,
  0x01, 0xE0, 0x3C, 0xF0, 0x00, 0x00, 0x3C, 0xF0, 0x00, 0x00, 0x3C, 0xF0, 0x00, 0x00, 0x3C, 0xF0,
  0x00, 0x00, 0x3C, 0xF0, 0x00, 0x00, 0x3C, 0xF0, 0x00, 0x00, 0x00, 0xF0, 0x00, 0x00, 0x00, 0x00,
  0x00, 0x00, 0x00, 0x00, 0x00, 0x00, 0x01, 0xE0, 0x00, 0x00, 0x01, 0xE0, 0x01, 0xFC, 0x01, 0xE0,
  0x03, 0xFE, 0x01, 0xE0, 0x07, 0xFF, 0x01, 0xE0, 0x0F, 0xFF, 0x81, 0xE0, 0x0F, 0x87, 0xFF, 0xE0,
  0x0F, 0x07, 0xFF, 0xE0, 0x1E, 0x03, 0xFF, 0xE0, 0x1E, 0x03, 0xC1, 0xE0, 0x1E, 0x03, 0xC1, 0xE0,
  0x1E, 0x03, 0xC1, 0xE0, 0x1E, 0x03, 0xC1, 0xE0, 0x1E, 0x03, 0xC1, 0xE0, 0x1E, 0x03, 0xC1, 0xE0,
  0x1E, 0x03, 0xC1, 0xE0, 0x1E, 0x03, 0xFF, 0xE0, 0x0F, 0x07, 0xFF, 0xE0, 0x0F, 0x07, 0xFF, 0xE0,
  0x0F, 0xDF, 0x81, 0xE0, 0x07, 0xFF, 0x01, 0xE0, 0x03, 0xFE, 0x01, 0xE0, 0x01, 0xFC, 0x01, 0xE0,
  0x00, 0x00, 0x01, 0xE0, 0x00, 0x00, 0x01, 0xE0, 0x00, 0x00, 0x01, 0xE0, 0x00, 0x00, 0x01, 0xE0,
  0x00, 0x00, 0x01, 0xE0, 0x00, 0x00, 0x01, 0xE0, 0x00, 0x00, 0x01, 0xE0, 0x00, 0x00, 0x00, 0x00,
  0x00, 0x00, 0x00, 0x00, 0x00, 0x00, 0x01, 0xE0, 0x00, 0x78, 0x01, 0xE0, 0x01, 0xFE, 0x01, 0xE0,
  0x07, 0xFF, 0x81, 0xE0, 0x0F, 0xFF, 0xFF, 0xE0, 0x0F, 0x87, 0xFF, 0xE0, 0x1F, 0x03, 0xFF, 0xE0,
  0x1E, 0x01, 0xE1, 0xE0, 0x1E, 0x01, 0xE1, 0xE0, 0x1E, 0x01, 0xE1, 0xE0, 0x1E, 0x01, 0xFF, 0xE0,
  0x1F, 0x03, 0xFF, 0xE0, 0x0F, 0x8F, 0xFF, 0xE0, 0x0F, 0xFF, 0xFF, 0xE0, 0x07, 0xFF, 0x01, 0xE0,
  0x01, 0xFE, 0x01, 0xE0, 0x00, 0x00, 0x01, 0xE0, 0x00, 0x00, 0x01, 0xE0, 0x00, 0x00, 0x00, 0x00,
  0x01, 0xFF, 0xFF, 0xE0, 0x01, 0xFF, 0xFF, 0xE0, 0x01, 0xFF, 0xFF, 0xE0, 0x00, 0x00, 0x01, 0xE0,
  0x00, 0x00, 0x01, 0xE0, 0x00, 0x00, 0x01, 0xE0, 0x00, 0x00, 0x01, 0xE0, 0x00, 0x00, 0x01, 0xE0,
  0x00, 0x00, 0x01, 0xE0, 0x00, 0x00, 0x01, 0xE0, 0x00, 0x00, 0x01, 0xE0, 0x00, 0x00, 0x00, 0x00,
  0x00, 0x00, 0x00, 0x00, 0x00, 0x00, 0x00, 0x00, 0x00, 0x00, 0x01, 0xF0, 0x00, 0x70, 0x01, 0xF0,
  0x03, 0xFE, 0x01, 0xF0, 0x07, 0xFF, 0x01, 0xF0, 0x0F, 0xFF, 0xFF, 0xF0, 0x0F, 0x87, 0xFF, 0xF0,
  0x1F, 0x03, 0xFF, 0xF0, 0x1E, 0x03, 0xC1, 0xF0, 0x1E, 0x01, 0xE1, 0xF0, 0x1E, 0x03, 0xE1, 0xF0,
  0x1E, 0x03, 0xE1, 0xF0, 0x1F, 0x03, 0xFF, 0xF0, 0x0F, 0xCF, 0xFF, 0xF0, 0x0F, 0xFF, 0xFF, 0xF0,
  0x07, 0xFF, 0x01, 0xF0, 0x01, 0xFC, 0x01, 0xF0, 0x00, 0x00, 0x01, 0xF0, 0x00, 0x00, 0x01, 0xF0,
  0x00, 0xF0, 0x01, 0xF0, 0x00, 0xF0, 0x01, 0xF0, 0x00, 0xF0, 0x01, 0xF0, 0x00, 0xF0, 0x00, 0x00,
  0x00, 0xF0, 0x00, 0x00, 0x00, 0xF0, 0x00, 0x00, 0x00, 0xF0, 0x00, 0x00, 0x00, 0xFF, 0xFF, 0xF0,
  0x00, 0xFF, 0xFF, 0xF0, 0x00, 0xFF, 0xFF, 0xF0, 0x00, 0xFF, 0xFF, 0xF0, 0x00, 0x00, 0x00, 0x00,
  0x00, 0x00, 0x00, 0x00, 0x00, 0x00, 0x01, 0xE0, 0x01, 0xFC, 0x01, 0xE0, 0x07, 0xFF, 0x01, 0xE0,
  0x0F, 0xFF, 0xFF, 0xE0, 0x0F, 0x8F, 0xFF, 0xE0, 0x1F, 0x03, 0xFF, 0xE0, 0x1E, 0x03, 0xC1, 0xE0,
  0x1E, 0x03, 0xC1, 0xE0, 0x1E, 0x03, 0xC1, 0xE0, 0x1E, 0x03, 0xFF, 0xE0, 0x1F, 0x07, 0xFF, 0xE0,
  0x0F, 0x8F, 0xFF, 0xE0, 0x07, 0xFF, 0xFF, 0xE0, 0x03, 0xFF, 0x01, 0xE0, 0x01, 0xFC, 0x01, 0xE0,
  0x00, 0x00, 0x00, 0x00, 0x00, 0xFF, 0xFF, 0xE0, 0x00, 0xFF, 0xFF, 0xE0, 0x00, 0xFF, 0xFF, 0xE0,
  0x00, 0x00, 0x01, 0xE0, 0x00, 0x00, 0x01, 0xE0, 0x00, 0xFF, 0xFF, 0xE0, 0x00, 0xFF, 0xFF, 0xE0,
  0x00, 0xFF, 0xFF, 0xE0, 0x00, 0xF0, 0x00, 0x00, 0x00, 0xF0, 0x00, 0x00, 0x00, 0xFF, 0xFF, 0xF0,
  0x00, 0xFF, 0xFF, 0xF0, 0x00, 0xFF, 0xFF, 0xF0, 0x00, 0xFF, 0xFF, 0xF0, 0x00, 0x00, 0x00, 0x00,
  0x00, 0x00, 0x00, 0x00, 0x00, 0x00, 0x01, 0xE0, 0x00, 0x00, 0x01, 0xE0, 0x01, 0xFE, 0x01, 0xE0,
  0x07, 0xFF, 0x81, 0xE0, 0x0F, 0xFF, 0xFF, 0xE0, 0x0F, 0x87, 0xFF, 0xE0, 0x1F, 0x03, 0xFF, 0xE0,
  0x1E, 0x01, 0xE1, 0xE0, 0x1E, 0x01, 0xE1, 0xE0, 0x1E, 0x01, 0xE1, 0xE0, 0x1E, 0x03, 0xFF, 0xE0,
  0x1F, 0x03, 0xFF, 0xE0, 0x0F, 0xCF, 0xFF, 0xE0, 0x07, 0xFF, 0xFF, 0xE0, 0x03, 0xFF, 0x01, 0xE0,
  0x01, 0xFE, 0x01, 0xE0, 0x00, 0x00, 0x01, 0xE0, 0x00, 0x00, 0x00, 0x00, 0x01, 0xFF, 0xFF, 0xE0,
  0x01, 0xFF, 0xFF, 0xE0, 0x01, 0xFF, 0xFF, 0xE0, 0x01, 0xF0, 0x01, 0xE0, 0x01, 0xF0, 0x01, 0xE0,
  0x01, 0xF0, 0x01, 0xE0, 0x01, 0xF0, 0x01, 0xE0, 0x01, 0xF0, 0x01, 0xE0, 0x01, 0xF0, 0x01, 0xE0,
  0x01, 0xFF, 0xFF, 0xE0, 0x01, 0xFF, 0xFF, 0xE0, 0x01, 0xFF, 0xFF, 0xE0, 0x00, 0x00, 0x00, 0x00,
  0x00, 0x00, 0x00, 0x00, 0x00, 0x00, 0x01, 0xE0, 0x00, 0x00, 0x01, 0xE0, 0x01, 0xFE, 0x01, 0xE0,
  0x07, 0xFF, 0x01, 0xE0, 0x0F, 0xFF, 0xFF, 0xE0, 0x0F, 0x87, 0xFF, 0xE0, 0x1F, 0x03, 0xFF, 0xE0,
  0x1E, 0x01, 0xE1, 0xE0, 0x1E, 0x01, 0xE1, 0xE0, 0x1E, 0x01, 0xE1, 0xE0, 0x1E, 0x03, 0xFF, 0xE0,
  0x1F, 0x03, 0xFF, 0xE0, 0x0F, 0xCF, 0xFF, 0xE0, 0x07, 0xFF, 0xFF, 0xE0, 0x03, 0xFF, 0x01, 0xE0,
  0x01, 0xFC, 0x01, 0xE0, 0x00, 0x00, 0x01, 0xE0, 0x00, 0x00, 0x00, 0x00, 0x00, 0x3C, 0x0F, 0x00,
  0x00, 0x3C, 0x0F, 0x00, 0x00, 0x3C, 0x0F, 0x00, 0x00, 0x7C, 0x0F, 0x80, 0x00, 0x7E, 0x1F, 0x80,
  0x00, 0xFE, 0x1F, 0xC0, 0x01, 0xFF, 0x3F, 0xC0, 0x03, 0xEF, 0xFD, 0xF0, 0x0F, 0xE7, 0xF9, 0xFC,
  0x07, 0xC3, 0xF0, 0xF8, 0x07, 0x01, 0xE0, 0x38, 0x00, 0x00, 0xC0, 0x00, 0x00, 0x00, 0x00, 0x00,
  0x00, 0x00, 0x00, 0x00, 0x00, 0x00, 0x01, 0xE0, 0x00, 0x00, 0x01, 0xE0, 0x01, 0xFE, 0x01, 0xE0,
  0x07, 0xFF, 0x01, 0xE0, 0x0F, 0xFF, 0xFF, 0xE0, 0x0F, 0x8F, 0xFF, 0xE0, 0x1F, 0x03, 0xFF, 0xE0,
  0x1E, 0x03, 0xE1, 0xE0, 0x1E, 0x03, 0xE1, 0xE0, 0x1E, 0x03, 0xE1, 0xE0, 0x1E, 0x03, 0xE1, 0xE0,
  0x1F, 0x07, 0xFF, 0xE0, 0x0F, 0xCF, 0xFF, 0xE0, 0x07, 0xFF, 0xFF, 0xE0, 0x03, 0xFF, 0x01, 0xE0,
  0x01, 0xFC, 0x01, 0xE0, 0x00, 0x00, 0x01, 0xE0, 0x00, 0x00, 0x00, 0x00, 0x01, 0xFF, 0xFF, 0xE0,
  0x01, 0xFF, 0xFF, 0xE0, 0x01, 0xFF, 0xFF, 0xE0, 0x00, 0x1E, 0x0F, 0x00, 0x00, 0x1E, 0x0F, 0x00,
  0x00, 0x1E, 0x0F, 0x00, 0x00, 0x1E, 0x0F, 0x00, 0x00, 0x1E, 0x0F, 0x00, 0x01, 0xFF, 0xFF, 0xF0,
  0x01, 0xFF, 0xFF, 0xF0, 0x01, 0xFF, 0xFF, 0xF0, 0x01, 0xFF, 0xFF, 0xF0, 0x00, 0x00, 0x00, 0x00,
  0x00, 0x00, 0x00, 0x00, 0x00, 0x00, 0x00, 0xE0, 0x00, 0x00, 0x3C, 0xF0, 0x01, 0xC0, 0x3C, 0xF0,
  0x03, 0xF0, 0x3C, 0xF0, 0x07, 0xF8, 0x3C, 0xF0, 0x0F, 0xFC, 0x3C, 0xF0, 0x0F, 0x3C, 0x3C, 0xF0,
  0x1E, 0x1F, 0xFC, 0xF0, 0x1E, 0x1F, 0xFC, 0xF0, 0x1E, 0x1F, 0xFC, 0xF0, 0x1C, 0x1E, 0x3C, 0xF0,
  0x1C, 0x0E, 0x3C, 0xF0, 0x3C, 0x0E, 0x3C, 0xF0, 0x3C, 0x0E, 0x3C, 0xF0, 0x1C, 0x0E, 0x3C, 0xF0,
  0x1C, 0x1E, 0x3C, 0xF0, 0x1E, 0x1F, 0xFC, 0xF0, 0x1E, 0x1F, 0xFC, 0xF0, 0x1E, 0x1F, 0xFC, 0xF0,
  0x0F, 0x3C, 0x3C, 0xF0, 0x0F, 0xFC, 0x3C, 0xF0, 0x07, 0xF8, 0x3C, 0xF0, 0x03, 0xF0, 0x3C, 0xF0,
  0x01, 0xE0, 0x3C, 0xF0, 0x00, 0x00, 0x3C, 0xF0, 0x00, 0x00, 0x3C, 0xF0, 0x00, 0x00, 0x3C, 0xF0,
  0x00, 0x00, 0x3C, 0xF0, 0x00, 0x00, 0x3C, 0xF0, 0x00, 0x00, 0x00, 0xF0, 0x00, 0x00, 0x00, 0x00,
  0x00, 0x00, 0x00, 0x00, 0x00, 0x00, 0x00, 0x00, 0x00, 0x00, 0x00, 0x00, 0x00, 0x00, 0x00, 0x00,
  0x00, 0x1F, 0xF8, 0x00, 0x00, 0x7F, 0xFE, 0x00, 0x01, 0xFF, 0xFF, 0x00, 0x03, 0xF8, 0x3F, 0x80,
  0x03, 0xE0, 0x07, 0xC0, 0x07, 0xC0, 0x03, 0xC0, 0x07, 0x80, 0x03, 0xE0, 0x07, 0x80, 0x01, 0xE0,
  0x07, 0x80, 0x01, 0xE0, 0x07, 0x80, 0x03, 0xE0, 0x07, 0xC0, 0x03, 0xC0, 0x03, 0xE0, 0x07, 0xC0,
  0x03, 0xF8, 0x3F, 0x80, 0x01, 0xFF, 0xFF, 0x00, 0x00, 0x7F, 0xFE, 0x00, 0x00, 0x1F, 0xF8, 0x00,
  0x00, 0x03, 0xC0, 0x00, 0x00, 0x03, 0xC0, 0x00, 0x00, 0x03, 0xC0, 0x00, 0x00, 0x03, 0xC0, 0x00,
  0x00, 0x03, 0xC0, 0x00, 0x3F, 0xFF, 0xFF, 0xF8, 0x3F, 0xFF, 0xFF, 0xF8, 0x3F, 0xFF, 0xFF, 0xF8,
  0x1F, 0xFF, 0xFF, 0xF8, 0x00, 0x00, 0x00, 0x00, 0x00, 0x00, 0x00, 0x00, 0x00, 0x00, 0x00, 0x00,
  0x00, 0x00, 0x00, 0x00, 0x00, 0x3F, 0xF8, 0x00, 0x00, 0xFF, 0xFF, 0x00, 0x03, 0xFF, 0xFF, 0x80,
  0x07, 0xF0, 0x1F, 0xC0, 0x07, 0xC0, 0x03, 0xC0, 0x07, 0x80, 0x03, 0xC0, 0x07, 0xC0, 0x03, 0xC0,
  0x07, 0xE0, 0x0F, 0xC0, 0x03, 0xFF, 0xFF, 0x80, 0x01, 0xFF, 0xFF, 0x00, 0x00, 0x7F, 0xFC, 0x00,
  0x00, 0x03, 0xC0, 0x00, 0x00, 0x03, 0xC0, 0x00, 0x00, 0x03, 0xC0, 0x00, 0x3F, 0xFF, 0xFF, 0xF8,
  0x3F, 0xFF, 0xFF, 0xF8, 0x3F, 0xFF, 0xFF, 0xF8, 0x00, 0x00, 0x00, 0x00, 0x00, 0x00, 0x00, 0x00,
  0x07, 0xFF, 0xFF, 0xC0, 0x07, 0xFF, 0xFF, 0xC0, 0x07, 0xFF, 0xFF, 0xC0, 0x00, 0x00, 0x03, 0xC0,
  0x00, 0x00, 0x03, 0xC0, 0x00, 0x00, 0x03, 0xC0, 0x00, 0x00, 0x03, 0xC0, 0x00, 0x00, 0x03, 0xC0,
  0x00, 0x00, 0x03, 0xC0, 0x00, 0x00, 0x03, 0xC0, 0x00, 0x00, 0x00, 0x00, 0x00, 0x00, 0x00, 0x00,
  0x00, 0x00, 0x00, 0x00, 0x00, 0x3F, 0xF8, 0x00, 0x00, 0xFF, 0xFF, 0x00, 0x03, 0xFF, 0xFF, 0x80,
  0x03, 0xF8, 0x1F, 0xC0, 0x07, 0xC0, 0x07, 0xC0, 0x07, 0x80, 0x03, 0xC0, 0x07, 0x80, 0x03, 0xC0,
  0x07, 0xC0, 0x07, 0xC0, 0x03, 0xFC, 0x3F, 0xC0, 0x03, 0xFF, 0xFF, 0x80, 0x00, 0xFF, 0xFF, 0x00,
  0x00, 0x3F, 0xF8, 0x00, 0x00, 0x03, 0xC0, 0x00, 0x00, 0x03, 0xC0, 0x00, 0x1F, 0xFF, 0xFF, 0xF8,
  0x3F, 0xFF, 0xFF, 0xF8, 0x3F, 0xFF, 0xFF, 0xF8, 0x3F, 0xFF, 0xFF, 0xF8, 0x00, 0x00, 0x00, 0x00,
  0x03, 0x80, 0x00, 0x00, 0x07, 0xC0, 0x00, 0x00, 0x07, 0xC0, 0x00, 0x00, 0x07, 0xC0, 0x00, 0x00,
  0x07, 0xC0, 0x00, 0x00, 0x07, 0xC0, 0x00, 0x00, 0x07, 0xFF, 0xFF, 0xC0, 0x07, 0xFF, 0xFF, 0xC0,
  0x07, 0xFF, 0xFF, 0xC0, 0x07, 0xFF, 0xFF, 0xC0, 0x00, 0x00, 0x00, 0x00, 0x00, 0x00, 0x00, 0x00,
  0x00, 0x00, 0x00, 0x00, 0x00, 0x3F, 0xF8, 0x00, 0x00, 0xFF, 0xFF, 0x00, 0x03, 0xFF, 0xFF, 0x80,
  0x07, 0xF0, 0x1F, 0xC0, 0x07, 0xC0, 0x03, 0xC0, 0x07, 0x80, 0x03, 0xC0, 0x07, 0xC0, 0x03, 0xC0,
  0x07, 0xE0, 0x0F, 0xC0, 0x03, 0xFF, 0xFF, 0x80, 0x01, 0xFF, 0xFF, 0x00, 0x00, 0x3F, 0xFC, 0x00,
  0x00, 0x03, 0xC0, 0x00, 0x00, 0x03, 0xC0, 0x00, 0x3F, 0xFF, 0xFF, 0xF8, 0x3F, 0xFF, 0xFF, 0xF8,
  0x3F, 0xFF, 0xFF, 0xF8, 0x00, 0x00, 0x00, 0x00, 0x07, 0xFF, 0xFF, 0xC0, 0x07, 0xFF, 0xFF, 0xC0,
  0x07, 0xFF, 0xFF, 0xC0, 0x00, 0x00, 0x03, 0xC0, 0x00, 0x00, 0x03, 0xC0, 0x07, 0xFF, 0xFF, 0xC0,
  0x07, 0xFF, 0xFF, 0xC0, 0x07, 0xFF, 0xFF, 0xC0, 0x07, 0x80, 0x00, 0x00, 0x07, 0x80, 0x00, 0x00,
  0x07, 0xFF, 0xFF, 0xE0, 0x07, 0xFF, 0xFF, 0xE0, 0x07, 0xFF, 0xFF, 0xE0, 0x00, 0x00, 0x00, 0x00,
  0x00, 0x00, 0x00, 0x00, 0x00, 0x3F, 0xF8, 0x00, 0x00, 0xFF, 0xFF, 0x00, 0x03, 0xFF, 0xFF, 0x80,
  0x07, 0xF0, 0x1F, 0xC0, 0x07, 0xC0, 0x03, 0xC0, 0x07, 0x80, 0x03, 0xC0, 0x07, 0xC0, 0x03, 0xC0,
  0x07, 0xF0, 0x0F, 0xC0, 0x03, 0xFF, 0xFF, 0x80, 0x01, 0xFF, 0xFF, 0x00, 0x00, 0x3F, 0xFC, 0x00,
  0x00, 0x03, 0xC0, 0x00, 0x00, 0x03, 0xC0, 0x00, 0x3F, 0xFF, 0xFF, 0xF8, 0x3F, 0xFF, 0xFF, 0xF8,
  0x3F, 0xFF, 0xFF, 0xF8, 0x00, 0x00, 0x00, 0x00, 0x00, 0x00, 0x00, 0x00, 0x00, 0x3F, 0xF8, 0x00,
  0x00, 0xFF, 0xFF, 0x00, 0x03, 0xFF, 0xFF, 0x80, 0x03, 0xF0, 0x1F, 0xC0, 0x07, 0xC0, 0x07, 0xC0,
  0x07, 0xC0, 0x03, 0xC0, 0x07, 0xC0, 0x07, 0xC0, 0x03, 0xF0, 0x0F, 0xC0, 0x03, 0xFF, 0xFF, 0x80,
  0x00, 0xFF, 0xFF, 0x00, 0x00, 0x3F, 0xF8, 0x00, 0x00, 0x00, 0x00, 0x00, 0x00, 0x00, 0x00, 0x00,
  0x00, 0x00, 0x00, 0x00, 0x00, 0x00, 0x07, 0x80, 0x00, 0x00, 0x07, 0x80, 0x01, 0xFE, 0x07, 0x80,
  0x03, 0xFF, 0x07, 0x80, 0x07, 0xFF, 0x87, 0x80, 0x0F, 0xCF, 0xC7, 0x80, 0x1F, 0x03, 0xE7, 0x80,
  0x1E, 0x01, 0xE7, 0x80, 0x1E, 0x01, 0xE7, 0x80, 0x1E, 0x01, 0xE7, 0x80, 0x1E, 0x01, 0xE7, 0x80,
  0x1F, 0x03, 0xE7, 0xC0, 0x0F, 0x87, 0xC7, 0xF8, 0x0F, 0xFF, 0xC7, 0xF8, 0x07, 0xFF, 0x87, 0xF8,
  0x01, 0xFE, 0x07, 0x80, 0x00, 0x78, 0x07, 0x80, 0x00, 0x78, 0x07, 0x80, 0x00, 0x78, 0x07, 0x80,
  0x00, 0x78, 0x37, 0x80, 0x3F, 0xFF, 0xF7, 0x80, 0x3F, 0xFF, 0xF7, 0x80, 0x3F, 0xFF, 0xF7, 0x80,
  0x3F, 0xFC, 0x07, 0x80, 0x00, 0x00, 0x07, 0x80, 0x00, 0x00, 0x07, 0x80, 0x00, 0x00, 0x07, 0x80,
  0x00, 0x00, 0x07, 0x80, 0x00, 0x00, 0x07, 0x80, 0x00, 0x00, 0x07, 0x80, 0x00, 0x00, 0x00, 0x00,
  0x00, 0x00, 0x00, 0x00, 0x00, 0x00, 0x03, 0xC0, 0x00, 0xFE, 0x03, 0xC0, 0x03, 0xFF, 0x03, 0xC0,
  0x07, 0xFF, 0x83, 0xC0, 0x0F, 0xC7, 0xC3, 0xC0, 0x0F, 0x03, 0xE3, 0xC0, 0x0F, 0x01, 0xE3, 0xC0,
  0x0F, 0x01, 0xE3, 0xC0, 0x0F, 0x03, 0xE3, 0xC0, 0x0F, 0x87, 0xC3, 0xFC, 0x07, 0xFF, 0xC3, 0xFC,
  0x03, 0xFF, 0x83, 0xFC, 0x01, 0xFE, 0x03, 0xFC, 0x00, 0x78, 0x03, 0xC0, 0x00, 0x78, 0x03, 0xC0,
  0x00, 0x79, 0xFB, 0xC0, 0x3F, 0xFF, 0xFB, 0xC0, 0x3F, 0xFF, 0xFB, 0xC0, 0x1F, 0xFF, 0xC3, 0xC0,
  0x00, 0x00, 0x03, 0xC0, 0x00, 0x00, 0x03, 0xC0, 0x03, 0xC0, 0x03, 0xC0, 0x03, 0xC0, 0x03, 0xC0,
  0x03, 0xC0, 0x00, 0x00, 0x03, 0xC0, 0x00, 0x00, 0x03, 0xC0, 0x00, 0x00, 0x03, 0xFF, 0xFF, 0xE0,
  0x03, 0xFF, 0xFF, 0xE0, 0x03, 0xFF, 0xFF, 0xE0, 0x03, 0xFF, 0xFF, 0xE0, 0x00, 0x00, 0x00, 0x00,
  0x00, 0x00, 0x00, 0x00, 0x00, 0x00, 0x03, 0xC0, 0x00, 0xFE, 0x03, 0xC0, 0x03, 0xFF, 0x83, 0xC0,
  0x07, 0xFF, 0xC3, 0xC0, 0x0F, 0x87, 0xC3, 0xC0, 0x0F, 0x01, 0xE3, 0xC0, 0x0F, 0x01, 0xE3, 0xC0,
  0x0F, 0x01, 0xE3, 0xFC, 0x0F, 0x83, 0xC3, 0xFC, 0x07, 0xFF, 0xC3, 0xFC, 0x03, 0xFF, 0x83, 0xFC,
  0x01, 0xFE, 0x03, 0xC0, 0x00, 0x78, 0x03, 0xC0, 0x00, 0x78, 0xF3, 0xC0, 0x3F, 0xFF, 0xF3, 0xC0,
  0x3F, 0xFF, 0xF3, 0xC0, 0x1F, 0xFF, 0xC3, 0xC0, 0x00, 0x00, 0x03, 0xC0, 0x00, 0x00, 0x00, 0x00,
  0x00, 0x70, 0x1E, 0x00, 0x00, 0xF8, 0x1E, 0x00, 0x00, 0xF8, 0x1E, 0x00, 0x00, 0xF8, 0x1F, 0x00,
  0x01, 0xFC, 0x3F, 0x80, 0x01, 0xFC, 0x7F, 0x80, 0x07, 0xDF, 0xFB, 0xE0, 0x1F, 0x8F, 0xF3, 0xF8,
  0x0F, 0x8F, 0xE1, 0xF8, 0x0E, 0x03, 0xC0, 0x70, 0x00, 0x01, 0x80, 0x00, 0x00, 0x00, 0x00, 0x00,
  0x00, 0x00, 0x00, 0x00, 0x00, 0x00, 0x03, 0xC0, 0x00, 0xFE, 0x03, 0xC0, 0x03, 0xFF, 0x83, 0xC0,
  0x07, 0xFF, 0xC3, 0xC0, 0x0F, 0xC7, 0xC3, 0xC0, 0x0F, 0x03, 0xE3, 0xC0, 0x0F, 0x01, 0xE3, 0xC0,
  0x0F, 0x01, 0xE3, 0xC0, 0x0F, 0x83, 0xC3, 0xFC, 0x07, 0xFF, 0xC3, 0xFC, 0x03, 0xFF, 0x83, 0xFC,
  0x01, 0xFE, 0x03, 0xC0, 0x00, 0x78, 0x03, 0xC0, 0x00, 0x78, 0x03, 0xC0, 0x1F, 0xFF, 0xFB, 0xC0,
  0x3F, 0xFF, 0xFB, 0xC0, 0x3F, 0xFF, 0xFB, 0xC0, 0x1F, 0xFC, 0x03, 0xC0, 0x00, 0x00, 0x03, 0xC0,
  0x00, 0x1F, 0xF8, 0x00, 0x00, 0xFF, 0xFF, 0x00, 0x01, 0xFF, 0xFF, 0x80, 0x03, 0xF8, 0x1F, 0xC0,
  0x03, 0xC0, 0x03, 0xC0, 0x03, 0xC0, 0x03, 0xC0, 0x03, 0xC0, 0x03, 0xC0, 0x03, 0xF0, 0x0F, 0xC0,
  0x01, 0xFF, 0xFF, 0x80, 0x00, 0xFF, 0xFF, 0x00, 0x00, 0x1F, 0xFC, 0x00, 0x00, 0x00, 0x00, 0x00,
  0x00, 0x00, 0x00, 0x00, 0x00, 0x00, 0x01, 0xE0, 0x00, 0x00, 0x01, 0xE0, 0x00, 0xFF, 0x01, 0xE0,
  0x01, 0xFF, 0x81, 0xE0, 0x03, 0xFF, 0xC1, 0xE0, 0x07, 0xFF, 0xE1, 0xE0, 0x0F, 0x81, 0xF1, 0xE0,
  0x0F, 0x00, 0xF1, 0xE0, 0x0F, 0x00, 0xF1, 0xE0, 0x0F, 0x00, 0xF1, 0xE0, 0x0F, 0x00, 0xF1, 0xE0,
  0x0F, 0x81, 0xF1, 0xE0, 0x07, 0xC3, 0xE1, 0xE0, 0x07, 0xFF, 0xE1, 0xE0, 0x03, 0xFF, 0xC1, 0xE0,
  0x00, 0xFF, 0x01, 0xE0, 0x00, 0x3C, 0x01, 0xE0, 0x00, 0x3C, 0x01, 0xE0, 0x00, 0x3C, 0x01, 0xE0,
  0x00, 0x3C, 0x39, 0xE0, 0x1F, 0xFF, 0xFD, 0xE0, 0x1F, 0xFF, 0xFD, 0xE0, 0x1F, 0xFF, 0xF9, 0xE0,
  0x1F, 0xC0, 0x01, 0xE0, 0x00, 0x00, 0x01, 0xE0, 0x00, 0x00, 0x01, 0xE0, 0x00, 0x00, 0x01, 0xE0,
  0x00, 0x00, 0x01, 0xE0, 0x00, 0x00, 0x01, 0xE0, 0x00, 0x00, 0x01, 0xE0, 0x00, 0x00, 0x00, 0x00,
  0x00, 0x00, 0x00, 0x00, 0x00, 0x00, 0x00, 0x00, 0x00, 0x00, 0x00, 0x00, 0x00, 0x1F, 0xF8, 0x00,
  0x00, 0x7F, 0xFE, 0x00, 0x01, 0xFF, 0xFF, 0x00, 0x03, 0xF8, 0x3F, 0x80, 0x03, 0xE0, 0x07, 0xC0,
  0x07, 0xC0, 0x03, 0xC0, 0x07, 0x80, 0x03, 0xE0, 0x07, 0x80, 0x01, 0xE0, 0x07, 0x80, 0x03, 0xE0,
  0x07, 0xC0, 0x03, 0xE0, 0x03, 0xE0, 0x07, 0xC0, 0x03, 0xF8, 0x1F, 0x80, 0x01, 0xFF, 0xFF, 0x00,
  0x00, 0xFF, 0xFE, 0x00, 0x00, 0xFF, 0xFE, 0x00, 0x00, 0xF8, 0x1E, 0x00, 0x00, 0xF8, 0x1E, 0x00,
  0x00, 0xF8, 0x1E, 0x00, 0x00, 0xF8, 0x1E, 0x00, 0x00, 0xF8, 0x1E, 0x00, 0x00, 0xF8, 0x1E, 0x00,
  0x3F, 0xFF, 0xFF, 0xF8, 0x3F, 0xFF, 0xFF, 0xF8, 0x3F, 0xFF, 0xFF, 0xF8, 0x1F, 0xFF, 0xFF, 0xF8,
  0x00, 0x00, 0x00, 0x00, 0x00, 0x00, 0x00, 0x00, 0x00, 0x00, 0x00, 0x00, 0x00, 0x00, 0x00, 0x00,
  0x00, 0x00, 0x00, 0x00, 0x00, 0x3F, 0xF8, 0x00, 0x00, 0xFF, 0xFF, 0x00, 0x03, 0xFF, 0xFF, 0x80,
  0x07, 0xF0, 0x0F, 0xC0, 0x07, 0xC0, 0x03, 0xC0, 0x07, 0x80, 0x03, 0xC0, 0x07, 0xC0, 0x03, 0xC0,
  0x07, 0xF0, 0x1F, 0xC0, 0x03, 0xFF, 0xFF, 0x80, 0x00, 0xFF, 0xFF, 0x00, 0x00, 0xFF, 0xFE, 0x00,
  0x00, 0xF8, 0x1E, 0x00, 0x00, 0xF8, 0x1E, 0x00, 0x00, 0xF8, 0x1E, 0x00, 0x3F, 0xFF, 0xFF, 0xF8,
  0x3F, 0xFF, 0xFF, 0xF8, 0x3F, 0xFF, 0xFF, 0xF8, 0x00, 0x00, 0x00, 0x00, 0x00, 0x00, 0x00, 0x00,
  0x07, 0xFF, 0xFF, 0xC0, 0x07, 0xFF, 0xFF, 0xC0, 0x07, 0xFF, 0xFF, 0xC0, 0x00, 0x00, 0x03, 0xC0,
  0x00, 0x00, 0x03, 0xC0, 0x00, 0x00, 0x03, 0xC0, 0x00, 0x00, 0x03, 0xC0, 0x00, 0x00, 0x03, 0xC0,
  0x00, 0x00, 0x03, 0xC0, 0x00, 0x00, 0x03, 0xC0, 0x00, 0x00, 0x00, 0x00, 0x00, 0x00, 0x00, 0x00,
  0x00, 0x00, 0x00, 0x00, 0x00, 0x3F, 0xF8, 0x00, 0x01, 0xFF, 0xFF, 0x00, 0x03, 0xFF, 0xFF, 0x80,
  0x07, 0xF0, 0x0F, 0xC0, 0x07, 0xC0, 0x03, 0xC0, 0x07, 0x80, 0x03, 0xC0, 0x07, 0xC0, 0x03, 0xC0,
  0x07, 0xF0, 0x1F, 0xC0, 0x03, 0xFF, 0xFF, 0x80, 0x00, 0xFF, 0xFF, 0x00, 0x00, 0xFF, 0xFE, 0x00,
  0x00, 0xF8, 0x1E, 0x00, 0x00, 0xF8, 0x1E, 0x00, 0x00, 0xF8, 0x1E, 0x00, 0x3F, 0xFF, 0xFF, 0xF8,
  0x3F, 0xFF, 0xFF, 0xF8, 0x3F, 0xFF, 0xFF, 0xF8, 0x00, 0x00, 0x00, 0x00, 0x00, 0x3F, 0xF8, 0x00,
  0x00, 0xFF, 0xFE, 0x00, 0x01, 0xFF, 0xFF, 0x80, 0x03, 0xF0, 0x1F, 0x80, 0x07, 0xC0, 0x07, 0xC0,
  0x07, 0xC0, 0x03, 0xC0, 0x07, 0xC0, 0x07, 0xC0, 0x03, 0xF0, 0x0F, 0xC0, 0x03, 0xFF, 0xFF, 0x80,
  0x00, 0xFF, 0xFF, 0x00, 0x00, 0x3F, 0xF8, 0x00, 0x00, 0x00, 0x00, 0x00, 0x00, 0x00, 0x00, 0x00,
  0x00, 0x00, 0x00, 0x00, 0x00, 0x1F, 0xF8, 0x00, 0x00, 0xFF, 0xFE, 0x00, 0x01, 0xFF, 0xFF, 0x00,
  0x03, 0xF8, 0x3F, 0x80, 0x07, 0xC0, 0x07, 0xC0, 0x07, 0x80, 0x03, 0xC0, 0x07, 0x80, 0x03, 0xC0,
  0x07, 0x80, 0x03, 0xC0, 0x07, 0xC0, 0x07, 0xC0, 0x03, 0xF8, 0x3F, 0x80, 0x01, 0xFF, 0xFF, 0x00,
  0x00, 0xFF, 0xFE, 0x00, 0x00, 0x3F, 0xF8, 0x00, 0x00, 0x00, 0x00, 0x00, 0x00, 0x00, 0x00, 0x00,
  0x00, 0x00, 0x00, 0x00, 0x3F, 0xFF, 0xFF, 0xF8, 0x3F, 0xFF, 0xFF, 0xF8, 0x3F, 0xFF, 0xFF, 0xF8,
  0x00, 0x03, 0xC0, 0x00, 0x00, 0x03, 0xC0, 0x00, 0x00, 0x03, 0xC0, 0x00, 0x00, 0x03, 0xC0, 0x00,
  0x00, 0x03, 0xC0, 0x00, 0x00, 0x03, 0xC0, 0x00, 0x00, 0x03, 0xC0, 0x00, 0x00, 0x03, 0xC0, 0x00,
  0x00, 0x03, 0xC0, 0x00, 0x00, 0x03, 0xC0, 0x00, 0x00, 0x00, 0x00, 0x00, 0x00, 0x00, 0x00, 0x00,
  0x00, 0x00, 0x00, 0x00, 0x00, 0x00, 0x00, 0x00, 0x00, 0x3F, 0xF8, 0x00, 0x00, 0xFF, 0xFE, 0x00,
  0x03, 0xFF, 0xFF, 0x80, 0x03, 0xF8, 0x1F, 0xC0, 0x07, 0xC0, 0x07, 0xC0, 0x07, 0x80, 0x03, 0xC0,
  0x07, 0x80, 0x03, 0xC0, 0x07, 0xC0, 0x07, 0xC0, 0x03, 0xF8, 0x3F, 0x80, 0x03, 0xFF, 0xFF, 0x80,
  0x00, 0xFF, 0xFE, 0x00, 0x00, 0x3F, 0xF8, 0x00, 0x00, 0x00, 0x00, 0x00, 0x00, 0x00, 0x00, 0x00,
  0x3F, 0xFF, 0xFF, 0xF8, 0x3F, 0xFF, 0xFF, 0xF8, 0x3F, 0xFF, 0xFF, 0xF8, 0x00, 0x03, 0xC0, 0x00,
  0x00, 0x03, 0xC0, 0x00, 0x07, 0x83, 0xC0, 0x00, 0x07, 0x83, 0xC0, 0x00, 0x07, 0x83, 0xC0, 0x00,
  0x07, 0x83, 0x80, 0x00, 0x07, 0x80, 0x00, 0x00, 0x07, 0x80, 0x00, 0x00, 0x07, 0xFF, 0xFF, 0xC0,
  0x07, 0xFF, 0xFF, 0xC0, 0x07, 0xFF, 0xFF, 0xC0, 0x07, 0xFF, 0xFF, 0xC0, 0x00, 0x00, 0x00, 0x00,
  0x00, 0x00, 0x00, 0x00, 0x00, 0x3F, 0xF8, 0x00, 0x00, 0xFF, 0xFF, 0x00, 0x03, 0xFF, 0xFF, 0x80,
  0x07, 0xF0, 0x1F, 0xC0, 0x07, 0xC0, 0x03, 0xC0, 0x07, 0x80, 0x03, 0xC0, 0x07, 0xC0, 0x03, 0xC0,
  0x07, 0xF0, 0x1F, 0xC0, 0x03, 0xFF, 0xFF, 0x80, 0x00, 0xFF, 0xFF, 0x00, 0x00, 0x3F, 0xF8, 0x00,
  0x00, 0x00, 0x00, 0x00, 0x3F, 0xFF, 0xFF, 0xF8, 0x3F, 0xFF, 0xFF, 0xF8, 0x3F, 0xFF, 0xFF, 0xF8,
  0x00, 0x03, 0xC0, 0x00, 0x00, 0x03, 0xC0, 0x00, 0x07, 0xFF, 0xFF, 0xC0, 0x07, 0xFF, 0xFF, 0xC0,
  0x07, 0xFF, 0xFF, 0xC0, 0x00, 0x00, 0x03, 0xC0, 0x00, 0x00, 0x03, 0xC0, 0x07, 0xFF, 0xFF, 0xC0,
  0x07, 0xFF, 0xFF, 0xC0, 0x07, 0xFF, 0xFF, 0xC0, 0x07, 0x80, 0x00, 0x00, 0x07, 0x80, 0x00, 0x00,
  0x07, 0xFF, 0xFF, 0xE0, 0x07, 0xFF, 0xFF, 0xE0, 0x07, 0xFF, 0xFF, 0xE0, 0x00, 0x00, 0x00, 0x00,
  0x00, 0x00, 0x00, 0x00, 0x00, 0x3F, 0xF8, 0x00, 0x00, 0xFF, 0xFF, 0x00, 0x03, 0xFF, 0xFF, 0x80,
  0x07, 0xF0, 0x0F, 0xC0, 0x07, 0xC0, 0x03, 0xC0, 0x07, 0x80, 0x03, 0xC0, 0x07, 0xC0, 0x03, 0xC0,
  0x07, 0xF0, 0x0F, 0xC0, 0x03, 0xFF, 0xFF, 0x80, 0x00, 0xFF, 0xFF, 0x00, 0x00, 0x3F, 0xF8, 0x00,
  0x00, 0x00, 0x00, 0x00, 0x00, 0x00, 0x00, 0x00, 0x3F, 0xFF, 0xFF, 0xF8, 0x3F, 0xFF, 0xFF, 0xF8,
  0x3F, 0xFF, 0xFF, 0xF8, 0x00, 0x03, 0xC0, 0x00, 0x00, 0x03, 0xC0, 0x00, 0x07, 0xFF, 0xFF, 0xC0,
  0x07, 0xFF, 0xFF, 0xC0, 0x07, 0xFF, 0xFF, 0xC0, 0x07, 0xC0, 0x03, 0xC0, 0x07, 0x80, 0x03, 0xC0,
  0x07, 0x80, 0x03, 0xC0, 0x07, 0x80, 0x03, 0xC0, 0x07, 0x80, 0x03, 0xC0, 0x07, 0xFF, 0xFF, 0xC0,
  0x07, 0xFF, 0xFF, 0xC0, 0x07, 0xFF, 0xFF, 0xC0, 0x00, 0x00, 0x00, 0x00, 0x00, 0x00, 0x00, 0x00,
  0x00, 0x00, 0x00, 0x00, 0x00, 0x00, 0x01, 0xE0, 0x00, 0x00, 0x01, 0xE0, 0x00, 0xFF, 0x01, 0xE0,
  0x01, 0xFF, 0xC1, 0xE0, 0x03, 0xFF, 0xE1, 0xE0, 0x07, 0xC3, 0xE1, 0xE0, 0x0F, 0x81, 0xF1, 0xE0,
  0x0F, 0x00, 0xF1, 0xE0, 0x0F, 0x00, 0xF1, 0xE0, 0x0F, 0x81, 0xF1, 0xE0, 0x07, 0xC3, 0xE1, 0xE0,
  0x03, 0xFF, 0xC1, 0xE0, 0x01, 0xFF, 0x81, 0xE0, 0x00, 0xFF, 0x01, 0xE0, 0x00, 0x00, 0x01, 0xE0,
  0x1F, 0xFF, 0xFD, 0xE0, 0x3F, 0xFF, 0xFD, 0xE0, 0x3F, 0xFF, 0xFD, 0xE0, 0x1F, 0xFE, 0x01, 0xE0,
  0x00, 0x3C, 0x01, 0xE0, 0x00, 0x3C, 0x7F, 0xE0, 0x00, 0x3C, 0x7F, 0xE0, 0x00, 0x3C, 0x7F, 0xE0,
  0x00, 0x3C, 0x01, 0xE0, 0x00, 0x3C, 0x01, 0xE0, 0x00, 0x3C, 0x01, 0xE0, 0x00, 0x3C, 0x01, 0xE0,
  0x00, 0x3C, 0x01, 0xE0, 0x00, 0x3C, 0x01, 0xE0, 0x00, 0x00, 0x01, 0xE0, 0x00, 0x00, 0x00, 0x00,
  0x00, 0x00, 0x00, 0x00, 0x00, 0x00, 0x01, 0xE0, 0x00, 0xFE, 0x01, 0xE0, 0x03, 0xFF, 0x81, 0xE0,
  0x07, 0xFF, 0xC1, 0xE0, 0x07, 0xC3, 0xE1, 0xE0, 0x0F, 0x01, 0xE1, 0xE0, 0x0F, 0x01, 0xE1, 0xE0,
  0x0F, 0x01, 0xE1, 0xE0, 0x07, 0xC7, 0xE1, 0xE0, 0x07, 0xFF, 0xC1, 0xE0, 0x03, 0xFF, 0x81, 0xE0,
  0x00, 0xFE, 0x01, 0xE0, 0x00, 0x00, 0x09, 0xE0, 0x3F, 0xFF, 0xF9, 0xE0, 0x3F, 0xFF, 0xF9, 0xE0,
  0x3F, 0xFF, 0xF1, 0xE0, 0x10, 0x3C, 0x01, 0xE0, 0x00, 0x3C, 0x7F, 0xE0, 0x00, 0x3C, 0x7F, 0xE0,
  0x00, 0x3C, 0x7F, 0xE0, 0x03, 0xFC, 0x01, 0xE0, 0x03, 0xFC, 0x01, 0xE0, 0x03, 0xC0, 0x01, 0xE0,
  0x03, 0xC0, 0x00, 0x00, 0x03, 0xC0, 0x00, 0x00, 0x03, 0xC0, 0x00, 0x00, 0x03, 0xFF, 0xFF, 0xF0,
  0x03, 0xFF, 0xFF, 0xF0, 0x03, 0xFF, 0xFF, 0xF0, 0x03, 0xFF, 0xFF, 0xF0, 0x00, 0x00, 0x00, 0x00,
  0x00, 0x00, 0x00, 0x00, 0x00, 0x00, 0x01, 0xE0, 0x00, 0xFF, 0x01, 0xE0, 0x03, 0xFF, 0xC1, 0xE0,
  0x07, 0xFF, 0xE1, 0xE0, 0x0F, 0x83, 0xE1, 0xE0, 0x0F, 0x01, 0xE1, 0xE0, 0x0F, 0x83, 0xE1, 0xE0,
  0x07, 0xFF, 0xE1, 0xE0, 0x03, 0xFF, 0xC1, 0xE0, 0x01, 0xFF, 0x01, 0xE0, 0x00, 0x00, 0x19, 0xE0,
  0x3F, 0xFF, 0xF9, 0xE0, 0x3F, 0xFF, 0xFD, 0xE0, 0x3F, 0xFF, 0xF9, 0xE0, 0x1F, 0xFC, 0x01, 0xE0,
  0x00, 0x3C, 0x7F, 0xE0, 0x00, 0x3C, 0x7F, 0xE0, 0x00, 0x3C, 0x3F, 0xE0, 0x00, 0x3C, 0x01, 0xE0,
  0x00, 0x00, 0x00, 0x00, 0x00, 0x78, 0x0F, 0x00, 0x00, 0x7C, 0x0F, 0x00, 0x00, 0x7C, 0x1F, 0x00,
  0x00, 0xFC, 0x1F, 0x80, 0x01, 0xFE, 0x3F, 0xC0, 0x03, 0xFF, 0x7F, 0xE0, 0x0F, 0xCF, 0xF9, 0xF8,
  0x0F, 0x87, 0xF0, 0xF8, 0x07, 0x03, 0xE0, 0x70, 0x04, 0x01, 0xC0, 0x10, 0x00, 0x00, 0x00, 0x00,
  0x00, 0x00, 0x00, 0x00, 0x00, 0x00, 0x38, 0xE0, 0x00, 0x00, 0x3C, 0xF0, 0x03, 0xF8, 0x3C, 0xF0,
  0x07, 0xFC, 0x3C, 0xF0, 0x0F, 0xFE, 0x3C, 0xF0, 0x1F, 0x1F, 0x3C, 0xF0, 0x1E, 0x0F, 0x3C, 0xF0,
  0x1E, 0x0F, 0x3C, 0xF0, 0x1E, 0x0F, 0x3C, 0xF0, 0x1F, 0x1F, 0x3C, 0xF0, 0x0F, 0xFE, 0x3C, 0xF0,
  0x07, 0xFC, 0x3C, 0xF0, 0x03, 0xF8, 0x3C, 0xF0, 0x00, 0x00, 0x3C, 0xF0, 0x00, 0x1F, 0xBC, 0xF0,
  0x3F, 0xFF, 0xBC, 0xF0, 0x3F, 0xFF, 0xBC, 0xF0, 0x3F, 0xFE, 0x3C, 0xF0, 0x01, 0xE0, 0x3C, 0xF0,
  0x01, 0xE7, 0xFC, 0xF0, 0x01, 0xE7, 0xFC, 0xF0, 0x01, 0xE7, 0xFC, 0xF0, 0x01, 0xE0, 0x3C, 0xF0,
  0x01, 0xE0, 0x3C, 0xF0, 0x01, 0xE0, 0x3C, 0xF0, 0x01, 0xE0, 0x3C, 0xF0, 0x01, 0xE0, 0x3C, 0xF0,
  0x01, 0xE0, 0x3C, 0xF0, 0x00, 0x00, 0x00, 0xF0, 0x00, 0x00, 0x00, 0xF0, 0x00, 0x00, 0x00, 0x00,
  0x00, 0x00, 0x00, 0x00, 0x00, 0x00, 0x1C, 0xF0, 0x03, 0xFC, 0x3C, 0xF0, 0x07, 0xFE, 0x3C, 0xF0,
  0x0F, 0xFF, 0x3C, 0xF0, 0x0F, 0x0F, 0x3C, 0xF0, 0x1E, 0x07, 0xBC, 0xF0, 0x0F, 0x0F, 0x3C, 0xF0,
  0x0F, 0xFF, 0x3C, 0xF0, 0x07, 0xFE, 0x3C, 0xF0, 0x03, 0xFC, 0x3C, 0xF0, 0x00, 0x01, 0xBC, 0xF0,
  0x3F, 0xFF, 0xFC, 0xF0, 0x3F, 0xFF, 0xFC, 0xF0, 0x3F, 0xFF, 0x3C, 0xF0, 0x00, 0xF3, 0xFC, 0xF0,
  0x00, 0xF3, 0xFC, 0xF0, 0x00, 0xF3, 0xFC, 0xF0, 0x00, 0xF0, 0x3C, 0xF0, 0x00, 0x00, 0x00, 0x00,
  0x00, 0x00, 0x00, 0x00, 0x01, 0xE0, 0x00, 0xF0, 0x01, 0xFF, 0xFF, 0xF0, 0x01, 0xFF, 0xFF, 0xF0,
  0x01, 0xFF, 0xFF, 0xF0, 0x01, 0xE0, 0x00, 0xF0, 0x01, 0xE0, 0x00, 0xF0, 0x01, 0xE0, 0x00, 0xF0,
  0x01, 0xFF, 0xFF, 0xF0, 0x01, 0xFF, 0xFF, 0xF0, 0x01, 0xFF, 0xFF, 0xF0, 0x00, 0x00, 0x00, 0x00,
  0x00, 0x00, 0x00, 0x00, 0x00, 0x00, 0x01, 0xE0, 0x00, 0x00, 0x01, 0xE0, 0x00, 0xFF, 0x01, 0xE0,
  0x03, 0xFF, 0xC1, 0xE0, 0x07, 0xFF, 0xE1, 0xE0, 0x07, 0xC3, 0xE1, 0xE0, 0x0F, 0x81, 0xF1, 0xE0,
  0x0F, 0x00, 0xF1, 0xE0, 0x0F, 0x00, 0xF1, 0xE0, 0x0F, 0x81, 0xF1, 0xE0, 0x07, 0xE7, 0xE1, 0xE0,
  0x07, 0xFF, 0xE1, 0xE0, 0x01, 0xFF, 0x81, 0xE0, 0x00, 0xFF, 0x01, 0xE0, 0x00, 0x00, 0x01, 0xE0,
  0x00, 0x0F, 0xFD, 0xE0, 0x3F, 0xFF, 0xFD, 0xE0, 0x1F, 0xFF, 0xFD, 0xE0, 0x1F, 0xFF, 0xC1, 0xE0,
  0x00, 0x3C, 0x01, 0xE0, 0x00, 0x3C, 0x01, 0xE0, 0x00, 0x3C, 0x01, 0xE0, 0x00, 0x3C, 0x01, 0xE0,
  0x00, 0x3C, 0x01, 0xE0, 0x00, 0x3C, 0x01, 0xE0, 0x00, 0x3C, 0x01, 0xE0, 0x00, 0x3C, 0x01, 0xE0,
  0x00, 0x3C, 0x01, 0xE0, 0x00, 0x3C, 0x01, 0xE0, 0x00, 0x00, 0x01, 0xE0, 0x00, 0x00, 0x00, 0x00,
  0x00, 0x00, 0x00, 0x00, 0x00, 0x00, 0x01, 0xE0, 0x00, 0x7E, 0x01, 0xE0, 0x01, 0xFF, 0x81, 0xE0,
  0x07, 0xFF, 0xE1, 0xE0, 0x07, 0xC3, 0xE1, 0xE0, 0x0F, 0x81, 0xF1, 0xE0, 0x0F, 0x00, 0xF1, 0xE0,
  0x0F, 0x00, 0xF1, 0xE0, 0x0F, 0x81, 0xE1, 0xE0, 0x07, 0xFF, 0xE1, 0xE0, 0x03, 0xFF, 0xC1, 0xE0,
  0x01, 0xFF, 0x81, 0xE0, 0x00, 0x3C, 0x01, 0xE0, 0x00, 0x00, 0x79, 0xE0, 0x3F, 0xFF, 0xFD, 0xE0,
  0x3F, 0xFF, 0xFD, 0xE0, 0x3F, 0xFF, 0xE1, 0xE0, 0x00, 0x3C, 0x01, 0xE0, 0x00, 0x3C, 0x01, 0xE0,
  0x00, 0x3C, 0x01, 0xE0, 0x03, 0xFC, 0x01, 0xE0, 0x03, 0xFC, 0x01, 0xE0, 0x03, 0xC0, 0x01, 0xC0,
  0x03, 0xC0, 0x00, 0x00, 0x03, 0xC0, 0x00, 0x00, 0x03, 0xC0, 0x00, 0x00, 0x03, 0xFF, 0xFF, 0xF0,
  0x03, 0xFF, 0xFF, 0xF0, 0x03, 0xFF, 0xFF, 0xF0, 0x03, 0xFF, 0xFF, 0xF0, 0x00, 0x00, 0x00, 0x00,
  0x00, 0x00, 0x00, 0x00, 0x00, 0x1F, 0xF8, 0x00, 0x00, 0xFF, 0xFE, 0x00, 0x01, 0xFF, 0xFF, 0x80,
  0x03, 0xF8, 0x3F, 0xC0, 0x07, 0xC0, 0x07, 0xC0, 0x07, 0x80, 0x03, 0xC0, 0x07, 0x80, 0x03, 0xE0,
  0x07, 0x80, 0x03, 0xC0, 0x07, 0xC0, 0x07, 0xC0, 0x03, 0xF8, 0x1F, 0xC0, 0x01, 0xFF, 0xFF, 0x80,
  0x00, 0xFF, 0xFE, 0x00, 0x00, 0x1F, 0xF8, 0x00, 0x00, 0x00, 0x00, 0x00, 0x00, 0x00, 0x00, 0x00,
  0x00, 0x00, 0x00, 0x00, 0x3F, 0xFF, 0xFF, 0xF8, 0x3F, 0xFF, 0xFF, 0xF8, 0x3F, 0xFF, 0xFF, 0xF8,
  0x00, 0xF8, 0x1E, 0x00, 0x00, 0xF8, 0x1E, 0x00, 0x00, 0xF8, 0x1E, 0x00, 0x00, 0xF8, 0x1E, 0x00,
  0x00, 0xF8, 0x1E, 0x00, 0x00, 0xF8, 0x1E, 0x00, 0x00, 0xF8, 0x1E, 0x00, 0x00, 0xF8, 0x1E, 0x00,
  0x00, 0xF8, 0x1E, 0x00, 0x00, 0xF8, 0x1E, 0x00, 0x00, 0x00, 0x00, 0x00, 0x00, 0x00, 0x00, 0x00,
  0x00, 0x00, 0x00, 0x00, 0x00, 0x3F, 0xFC, 0x00, 0x00, 0xFF, 0xFF, 0x00, 0x03, 0xFF, 0xFF, 0x80,
  0x07, 0xF0, 0x0F, 0xC0, 0x07, 0xC0, 0x03, 0xE0, 0x07, 0x80, 0x03, 0xE0, 0x07, 0xC0, 0x03, 0xE0,
  0x07, 0xF0, 0x0F, 0xC0, 0x03, 0xFF, 0xFF, 0x80, 0x00, 0xFF, 0xFF, 0x00, 0x00, 0x3F, 0xFC, 0x00,
  0x00, 0x00, 0x00, 0x00, 0x00, 0x00, 0x00, 0x00, 0x3F, 0xFF, 0xFF, 0xFC, 0x3F, 0xFF, 0xFF, 0xFC,
  0x3F, 0xFF, 0xFF, 0xFC, 0x00, 0x78, 0x1E, 0x00, 0x00, 0x78, 0x1E, 0x00, 0x00, 0x78, 0x1E, 0x00,
  0x07, 0xFF, 0xFF, 0xC0, 0x07, 0xFF, 0xFF, 0xC0, 0x07, 0xFF, 0xFF, 0xC0, 0x00, 0x00, 0x03, 0xC0,
  0x00, 0x00, 0x03, 0xC0, 0x00, 0x00, 0x03, 0xC0, 0x00, 0x00, 0x03, 0xC0, 0x00, 0x00, 0x03, 0xC0,
  0x00, 0x00, 0x03, 0xC0, 0x00, 0x00, 0x03, 0xC0, 0x00, 0x00, 0x00, 0x00, 0x00, 0x00, 0x00, 0x00,
  0x00, 0x00, 0x00, 0x00, 0x00, 0x00, 0x00, 0x00, 0x00, 0x3F, 0xF8, 0x00, 0x00, 0xFF, 0xFF, 0x00,
  0x03, 0xFF, 0xFF, 0x80, 0x03, 0xF8, 0x1F, 0xC0, 0x07, 0xC0, 0x07, 0xC0, 0x07, 0x80, 0x03, 0xC0,
  0x07, 0x80, 0x03, 0xC0, 0x07, 0xC0, 0x07, 0xC0, 0x03, 0xF8, 0x1F, 0xC0, 0x03, 0xFF, 0xFF, 0x80,
  0x00, 0xFF, 0xFF, 0x00, 0x00, 0x3F, 0xF8, 0x00, 0x00, 0x00, 0x00, 0x00, 0x00, 0x00, 0x00, 0x00,
  0x3F, 0xFF, 0xFF, 0xF8, 0x3F, 0xFF, 0xFF, 0xF8, 0x3F, 0xFF, 0xFF, 0xF8, 0x00, 0x1E, 0x1E, 0x00,
  0x00, 0x1E, 0x1E, 0x00, 0x07, 0x9E, 0x1E, 0x00, 0x07, 0x9E, 0x1E, 0x00, 0x07, 0x9E, 0x1E, 0x00,
  0x07, 0x8E, 0x1E, 0x00, 0x07, 0x80, 0x00, 0x00, 0x07, 0x80, 0x00, 0x00, 0x07, 0xFF, 0xFF, 0xE0,
  0x07, 0xFF, 0xFF, 0xE0, 0x07, 0xFF, 0xFF, 0xE0, 0x07, 0xFF, 0xFF, 0xE0, 0x00, 0x00, 0x00, 0x00,
  0x00, 0x00, 0x00, 0x00, 0x00, 0x00, 0x00, 0x00, 0x00, 0x00, 0x00, 0x00, 0x00, 0x00, 0x00, 0x00,
  0x00, 0x1F, 0xF0, 0x00, 0x00, 0x7F, 0xFE, 0x00, 0x01, 0xFF, 0xFF, 0x00, 0x03, 0xF8, 0x3F, 0x80,
  0x03, 0xE0, 0x0F, 0xC0, 0x07, 0xC0, 0x03, 0xC0, 0x07, 0x80, 0x03, 0xC0, 0x07, 0x80, 0x03, 0xE0,
  0x07, 0x80, 0x01, 0xE0, 0x07, 0x80, 0x03, 0xE0, 0x07, 0x80, 0x03, 0xC0, 0x07, 0xC0, 0x07, 0xC0,
  0x03, 0xE0, 0x0F, 0xC0, 0x03, 0xFC, 0x7F, 0x80, 0x01, 0xFF, 0xFF, 0x00, 0x00, 0x7F, 0xFC, 0x00,
  0x00, 0x1F, 0xF0, 0x00, 0x00, 0x00, 0x00, 0x00, 0x00, 0x00, 0x00, 0x00, 0x00, 0x00, 0x00, 0x00,
  0x00, 0x00, 0x00, 0x00, 0x3F, 0xFF, 0xFF, 0xF8, 0x3F, 0xFF, 0xFF, 0xF8, 0x3F, 0xFF, 0xFF, 0xF8,
  0x00, 0x00, 0x00, 0x00, 0x00, 0x00, 0x00, 0x00, 0x00, 0x00, 0x00, 0x00, 0x00, 0x00, 0x00, 0x00,
  0x00, 0x00, 0x00, 0x00, 0x00, 0x3F, 0xF8, 0x00, 0x00, 0xFF, 0xFF, 0x00, 0x01, 0xFF, 0xFF, 0x80,
  0x03, 0xF8, 0x1F, 0xC0, 0x07, 0xC0, 0x07, 0xC0, 0x07, 0x80, 0x03, 0xC0, 0x07, 0x80, 0x03, 0xC0,
  0x07, 0xC0, 0x07, 0xC0, 0x03, 0xF8, 0x1F, 0xC0, 0x03, 0xFF, 0xFF, 0x80, 0x00, 0xFF, 0xFF, 0x00,
  0x00, 0x3F, 0xF8, 0x00, 0x00, 0x00, 0x00, 0x00, 0x00, 0x00, 0x00, 0x00, 0x3F, 0xFF, 0xFF, 0xF8,
  0x3F, 0xFF, 0xFF, 0xF8, 0x3F, 0xFF, 0xFF, 0xF8, 0x00, 0x00, 0x00, 0x00, 0x00, 0x00, 0x00, 0x00,
  0x03, 0x80, 0x00, 0x00, 0x07, 0xC0, 0x00, 0x00, 0x07, 0xC0, 0x00, 0x00, 0x07, 0xC0, 0x00, 0x00,
  0x07, 0xC0, 0x00, 0x00, 0x07, 0xC0, 0x00, 0x00, 0x07, 0xFF, 0xFF, 0xC0, 0x07, 0xFF, 0xFF, 0xC0,
  0x07, 0xFF, 0xFF, 0xC0, 0x07, 0xFF, 0xFF, 0xC0, 0x00, 0x00, 0x00, 0x00, 0x00, 0x00, 0x00, 0x00,
  0x00, 0x00, 0x00, 0x00, 0x00, 0x3F, 0xFC, 0x00, 0x01, 0xFF, 0xFF, 0x00, 0x03, 0xFF, 0xFF, 0x80,
  0x07, 0xE0, 0x0F, 0xC0, 0x07, 0x80, 0x03, 0xC0, 0x07, 0xC0, 0x03, 0xC0, 0x07, 0xF0, 0x0F, 0xC0,
  0x03, 0xFF, 0xFF, 0x80, 0x01, 0xFF, 0xFF, 0x00, 0x00, 0x3F, 0xF8, 0x00, 0x00, 0x00, 0x00, 0x00,
  0x3F, 0xFF, 0xFF, 0xF8, 0x3F, 0xFF, 0xFF, 0xF8, 0x3F, 0xFF, 0xFF, 0xF8, 0x00, 0x00, 0x00, 0x00,
  0x00, 0x00, 0x00, 0x00, 0x07, 0xFF, 0xFF, 0xC0, 0x07, 0xFF, 0xFF, 0xC0, 0x07, 0xFF, 0xFF, 0xC0,
  0x00, 0x00, 0x03, 0xC0, 0x00, 0x00, 0x03, 0xC0, 0x07, 0xFF, 0xFF, 0xC0, 0x07, 0xFF, 0xFF, 0xC0,
  0x07, 0xFF, 0xFF, 0xC0, 0x07, 0x80, 0x00, 0x00, 0x07, 0x80, 0x00, 0x00, 0x07, 0xFF, 0xFF, 0xE0,
  0x07, 0xFF, 0xFF, 0xE0, 0x07, 0xFF, 0xFF, 0xE0, 0x00, 0x00, 0x00, 0x00, 0x00, 0x00, 0x00, 0x00,
  0x00, 0x00, 0x00, 0x00, 0x00, 0x3F, 0xF8, 0x00, 0x00, 0xFF, 0xFF, 0x00, 0x03, 0xFF, 0xFF, 0x80,
  0x07, 0xF0, 0x1F, 0xC0, 0x07, 0xC0, 0x03, 0xC0, 0x07, 0x80, 0x03, 0xC0, 0x07, 0xC0, 0x03, 0xC0,
  0x07, 0xF0, 0x1F, 0xC0, 0x03, 0xFF, 0xFF, 0x80, 0x00, 0xFF, 0xFF, 0x00, 0x00, 0x3F, 0xFC, 0x00,
  0x00, 0x00, 0x00, 0x00, 0x00, 0x00, 0x00, 0x00, 0x3F, 0xFF, 0xFF, 0xF8, 0x3F, 0xFF, 0xFF, 0xF8,
  0x3F, 0xFF, 0xFF, 0xF8, 0x00, 0x00, 0x00, 0x00, 0x00, 0x00, 0x00, 0x00, 0x07, 0xFF, 0xFF, 0xC0,
  0x07, 0xFF, 0xFF, 0xC0, 0x07, 0xFF, 0xFF, 0xC0, 0x07, 0x80, 0x03, 0xC0, 0x07, 0x80, 0x03, 0xC0,
  0x07, 0x80, 0x03, 0xC0, 0x07, 0x80, 0x03, 0xC0, 0x07, 0x80, 0x03, 0xC0, 0x07, 0xFF, 0xFF, 0xC0,
  0x07, 0xFF, 0xFF, 0xC0, 0x07, 0xFF, 0xFF, 0xC0, 0x00, 0x00, 0x00, 0x00, 0x00, 0x00, 0x00, 0x00,
  0x00, 0x00, 0x00, 0x00, 0x00, 0x00, 0x01, 0xE0, 0x00, 0x00, 0x01, 0xE0, 0x00, 0x7E, 0x01, 0xE0,
  0x01, 0xFF, 0x81, 0xE0, 0x03, 0xFF, 0xC1, 0xE0, 0x07, 0xFF, 0xE1, 0xE0, 0x0F, 0x81, 0xF1, 0xE0,
  0x0F, 0x00, 0xF1, 0xE0, 0x0F, 0x00, 0xF1, 0xE0, 0x0F, 0x00, 0xF1, 0xE0, 0x0F, 0x00, 0xF1, 0xE0,
  0x0F, 0x00, 0xF1, 0xE0, 0x0F, 0x81, 0xF1, 0xE0, 0x07, 0xFF, 0xE1, 0xE0, 0x03, 0xFF, 0xC1, 0xE0,
  0x01, 0xFF, 0x81, 0xE0, 0x00, 0x7F, 0x01, 0xE0, 0x00, 0x00, 0x01, 0xE0, 0x00, 0x00, 0x01, 0xE0,
  0x00, 0x00, 0x39, 0xE0, 0x1F, 0xFF, 0xFD, 0xE0, 0x1F, 0xFF, 0xFD, 0xE0, 0x1F, 0xFF, 0xF1, 0xE0,
  0x1F, 0x80, 0x01, 0xE0, 0x00, 0x00, 0x01, 0xE0, 0x00, 0x00, 0x01, 0xE0, 0x00, 0x00, 0x01, 0xE0,
  0x00, 0x00, 0x01, 0xE0, 0x00, 0x00, 0x01, 0xE0, 0x00, 0x00, 0x01, 0xE0, 0x00, 0x00, 0x00, 0x00,
  0x00, 0x00, 0x00, 0x00, 0x00, 0x00, 0x01, 0xE0, 0x00, 0x00, 0x01, 0xE0, 0x00, 0x30, 0x01, 0xE0,
  0x01, 0xFE, 0x01, 0xE0, 0x03, 0xFF, 0x01, 0xE0, 0x07, 0xFF, 0x81, 0xE0, 0x07, 0xCF, 0x81, 0xE0,
  0x0F, 0x87, 0xC1, 0xE0, 0x0F, 0x03, 0xC1, 0xE0, 0x1F, 0x03, 0xC1, 0xE0, 0x1E, 0x01, 0xE1, 0xE0,
  0x1E, 0x01, 0xE1, 0xE0, 0x1E, 0x01, 0xE1, 0xE0, 0x1E, 0x01, 0xE1, 0xE0, 0x1E, 0x01, 0xE1, 0xE0,
  0x1E, 0x01, 0xE1, 0xE0, 0x0F, 0x03, 0xC1, 0xE0, 0x0F, 0x03, 0xC1, 0xE0, 0x0F, 0x87, 0xC1, 0xE0,
  0x07, 0xCF, 0x81, 0xE0, 0x07, 0xFF, 0x81, 0xE0, 0x03, 0xFF, 0x01, 0xE0, 0x01, 0xFE, 0x01, 0xE0,
  0x00, 0x00, 0x01, 0xE0, 0x00, 0x00, 0x01, 0xE0, 0x00, 0x00, 0x01, 0xE0, 0x00, 0x00, 0x01, 0xE0,
  0x00, 0x00, 0x01, 0xE0, 0x00, 0x00, 0x01, 0xE0, 0x00, 0x00, 0x01, 0xE0, 0x00, 0x00, 0x00, 0x00,
  0x00, 0x00, 0x00, 0x00, 0x00, 0x00, 0x01, 0xE0, 0x00, 0x00, 0x01, 0xE0, 0x01, 0xFC, 0x01, 0xE0,
  0x03, 0xFF, 0x01, 0xE0, 0x07, 0xFF, 0x81, 0xE0, 0x0F, 0xFF, 0xC1, 0xE0, 0x1F, 0x03, 0xC1, 0xE0,
  0x1E, 0x03, 0xE1, 0xE0, 0x1E, 0x01, 0xE1, 0xE0, 0x1E, 0x01, 0xE1, 0xE0, 0x1E, 0x01, 0xE1, 0xE0,
  0x1E, 0x03, 0xE1, 0xE0, 0x1F, 0x07, 0xC1, 0xE0, 0x0F, 0xFF, 0xC1, 0xE0, 0x07, 0xFF, 0x81, 0xE0,
  0x03, 0xFF, 0x01, 0xE0, 0x00, 0xFC, 0x01, 0xE0, 0x00, 0x00, 0x01, 0xE0, 0x00, 0x00, 0x01, 0xE0,
  0x01, 0xE0, 0x01, 0xE0, 0x01, 0xE0, 0x01, 0xE0, 0x01, 0xE0, 0x00, 0x00, 0x01, 0xE0, 0x00, 0x00,
  0x01, 0xE0, 0x00, 0x00, 0x01, 0xE0, 0x00, 0x00, 0x01, 0xE0, 0x00, 0x00, 0x01, 0xFF, 0xFF, 0xF0,
  0x01, 0xFF, 0xFF, 0xF0, 0x01, 0xFF, 0xFF, 0xF0, 0x01, 0xFF, 0xFF, 0xF0, 0x00, 0x00, 0x00, 0x00,
  0x00, 0x00, 0x00, 0x00, 0x00, 0x00, 0x01, 0xE0, 0x01, 0xFC, 0x01, 0xE0, 0x03, 0xFF, 0x01, 0xE0,
  0x07, 0xFF, 0x81, 0xE0, 0x0F, 0xCF, 0xC1, 0xE0, 0x1F, 0x03, 0xC1, 0xE0, 0x1E, 0x03, 0xE1, 0xE0,
  0x1E, 0x01, 0xE1, 0xE0, 0x1E, 0x01, 0xE1, 0xE0, 0x1E, 0x03, 0xE1, 0xE0, 0x1F, 0x03, 0xC1, 0xE0,
  0x0F, 0x8F, 0xC1, 0xE0, 0x07, 0xFF, 0x81, 0xE0, 0x03, 0xFF, 0x01, 0xE0, 0x01, 0xFC, 0x01, 0xE0,
  0x00, 0x00, 0x01, 0xC0, 0x01, 0xFF, 0xFF, 0xE0, 0x01, 0xFF, 0xFF, 0xE0, 0x01, 0xFF, 0xFF, 0xE0,
  0x00, 0x00, 0x01, 0xE0, 0x00, 0x00, 0x01, 0xE0, 0x01, 0xFF, 0xFF, 0xE0, 0x01, 0xFF, 0xFF, 0xE0,
  0x01, 0xFF, 0xFF, 0xE0, 0x01, 0xE0, 0x00, 0x00, 0x01, 0xE0, 0x00, 0x00, 0x01, 0xFF, 0xFF, 0xF0,
  0x01, 0xFF, 0xFF, 0xF0, 0x01, 0xFF, 0xFF, 0xF0, 0x01, 0xFF, 0xFF, 0xF0, 0x00, 0x00, 0x00, 0x00,
  0x00, 0x00, 0x01, 0xE0, 0x00, 0xFC, 0x01, 0xE0, 0x03, 0xFF, 0x01, 0xE0, 0x07, 0xFF, 0x81, 0xE0,
  0x0F, 0xFF, 0xC1, 0xE0, 0x1F, 0x03, 0xC1, 0xE0, 0x1E, 0x03, 0xE1, 0xE0, 0x1E, 0x01, 0xE1, 0xE0,
  0x1E, 0x01, 0xE1, 0xE0, 0x1E, 0x03, 0xE1, 0xE0, 0x1F, 0x03, 0xC1, 0xE0, 0x0F, 0xFF, 0xC1, 0xE0,
  0x07, 0xFF, 0x81, 0xE0, 0x03, 0xFF, 0x01, 0xE0, 0x00, 0xF8, 0x01, 0xE0, 0x00, 0x00, 0x01, 0xC0,
  0x00, 0x00, 0x00, 0x00, 0x03, 0xFF, 0x7F, 0xE0, 0x03, 0xFF, 0x7F, 0xE0, 0x03, 0xFF, 0x7F, 0xE0,
  0x00, 0x0F, 0x01, 0xE0, 0x03, 0xFF, 0x01, 0xE0, 0x03, 0xFF, 0x01, 0xE0, 0x03, 0xFF, 0x01, 0xE0,
  0x03, 0xC0, 0x01, 0xE0, 0x03, 0xC0, 0x01, 0xE0, 0x03, 0xFF, 0xC1, 0xE0, 0x03, 0xFF, 0xC1, 0xE0,
  0x03, 0xFF, 0xC1, 0xE0, 0x03, 0xFF, 0x81, 0xE0, 0x00, 0x00, 0x00, 0x00, 0x00, 0x00, 0x00, 0x00,
  0x00, 0x00, 0x00, 0x00, 0x00, 0x00, 0x01, 0xE0, 0x00, 0x00, 0x01, 0xE0, 0x01, 0xFE, 0x01, 0xE0,
  0x07, 0xFF, 0x01, 0xE0, 0x0F, 0xFF, 0x81, 0xE0, 0x0F, 0x8F, 0xC1, 0xE0, 0x1F, 0x03, 0xE1, 0xE0,
  0x1E, 0x01, 0xE1, 0xE0, 0x1E, 0x01, 0xE1, 0xE0, 0x1E, 0x01, 0xE1, 0xE0, 0x1E, 0x03, 0xE1, 0xE0,
  0x1F, 0x03, 0xC1, 0xE0, 0x0F, 0xCF, 0xC1, 0xE0, 0x07, 0xFF, 0x81, 0xE0, 0x03, 0xFF, 0x01, 0xE0,
  0x01, 0xFC, 0x01, 0xE0, 0x00, 0x00, 0x01, 0xE0, 0x00, 0x00, 0x00, 0x00, 0x01, 0xFF, 0xFF, 0xE0,
  0x01, 0xFF, 0xFF, 0xE0, 0x01, 0xFF, 0xFF, 0xE0, 0x01, 0xE0, 0x01, 0xE0, 0x01, 0xE0, 0x01, 0xE0,
  0x01, 0xE0, 0x01, 0xE0, 0x01, 0xE0, 0x01, 0xE0, 0x01, 0xE0, 0x01, 0xE0, 0x01, 0xE0, 0x01, 0xE0,
  0x01, 0xFF, 0xFF, 0xE0, 0x01, 0xFF, 0xFF, 0xE0, 0x01, 0xFF, 0xFF, 0xE0, 0x00, 0x00, 0x00, 0x00,
  0x00, 0x00, 0x00, 0x00, 0x00, 0x00, 0x01, 0xE0, 0x00, 0x78, 0x01, 0xE0, 0x03, 0xFF, 0x01, 0xE0,
  0x07, 0xFF, 0x81, 0xE0, 0x0F, 0xFF, 0xC1, 0xE0, 0x1F, 0x07, 0xC1, 0xE0, 0x1E, 0x03, 0xE1, 0xE0,
  0x1E, 0x01, 0xE1, 0xE0, 0x1E, 0x01, 0xE1, 0xE0, 0x1E, 0x01, 0xE1, 0xE0, 0x1F, 0x03, 0xE1, 0xE0,
  0x0F, 0x87, 0xC1, 0xE0, 0x0F, 0xFF, 0x81, 0xE0, 0x07, 0xFF, 0x81, 0xE0, 0x01, 0xFE, 0x01, 0xE0,
  0x00, 0x00, 0x01, 0xE0, 0x00, 0x00, 0x00, 0x00, 0x00, 0x00, 0x00, 0x00, 0x01, 0xE0, 0x01, 0xE0,
  0x01, 0xE0, 0x01, 0xE0, 0x01, 0xFF, 0xFF, 0xE0, 0x01, 0xFF, 0xFF, 0xE0, 0x01, 0xFF, 0xFF, 0xE0,
  0x01, 0xE0, 0x01, 0xE0, 0x01, 0xE0, 0x01, 0xE0, 0x01, 0xE0, 0x01, 0xE0, 0x01, 0xE0, 0x01, 0xE0,
  0x01, 0xFF, 0xFF, 0xE0, 0x01, 0xFF, 0xFF, 0xE0, 0x01, 0xFF, 0xFF, 0xE0, 0x00, 0x00, 0x00, 0x00,
  0x00, 0x00, 0x00, 0x00, 0x00, 0x00, 0x01, 0xE0, 0x00, 0x00, 0x01, 0xE0, 0x01, 0xFE, 0x01, 0xE0,
  0x07, 0xFF, 0x01, 0xE0, 0x0F, 0xFF, 0x81, 0xE0, 0x0F, 0x8F, 0xC1, 0xE0, 0x1F, 0x03, 0xE1, 0xE0,
  0x1E, 0x01, 0xE1, 0xE0, 0x1E, 0x01, 0xE1, 0xE0, 0x1E, 0x01, 0xE1, 0xE0, 0x1E, 0x03, 0xE1, 0xE0,
  0x1F, 0x03, 0xC1, 0xE0, 0x0F, 0xFF, 0xC1, 0xE0, 0x07, 0xFF, 0x81, 0xE0, 0x03, 0xFF, 0x01, 0xE0,
  0x00, 0xFC, 0x01, 0xE0, 0x00, 0x00, 0x01, 0xE0, 0x00, 0x00, 0x00, 0x00, 0x00, 0x78, 0x0F, 0x00,
  0x00, 0x78, 0x0F, 0x00, 0x00, 0x78, 0x0F, 0x00, 0x00, 0x78, 0x0F, 0x00, 0x00, 0xFC, 0x1F, 0x80,
  0x00, 0xFC, 0x1F, 0x80, 0x01, 0xFE, 0x3F, 0xC0, 0x07, 0xDF, 0x7B, 0xF0, 0x0F, 0xCF, 0xF9, 0xF8,
  0x0F, 0x87, 0xF0, 0xF8, 0x07, 0x03, 0xE0, 0x30, 0x00, 0x00, 0x80, 0x00, 0x00, 0x00, 0x00, 0x00,
  0x00, 0x00, 0x00, 0x00, 0x00, 0x00, 0x01, 0xE0, 0x00, 0x00, 0x01, 0xE0, 0x01, 0xFC, 0x01, 0xE0,
  0x03, 0xFF, 0x01, 0xE0, 0x07, 0xFF, 0x81, 0xE0, 0x0F, 0xCF, 0xC1, 0xE0, 0x1F, 0x03, 0xC1, 0xE0,
  0x1E, 0x03, 0xE1, 0xE0, 0x1E, 0x01, 0xE1, 0xE0, 0x1E, 0x01, 0xE1, 0xE0, 0x1E, 0x03, 0xE1, 0xE0,
  0x1F, 0x03, 0xC1, 0xE0, 0x0F, 0xCF, 0xC1, 0xE0, 0x07, 0xFF, 0x81, 0xE0, 0x03, 0xFF, 0x01, 0xE0,
  0x01, 0xFC, 0x01, 0xE0, 0x00, 0x00, 0x01, 0xE0, 0x00, 0x00, 0x01, 0xE0, 0x00, 0x0F, 0xFC, 0x00,
  0x00, 0x7F, 0xFF, 0x00, 0x00, 0xFF, 0xFF, 0xC0, 0x01, 0xFC, 0x0F, 0xC0, 0x01, 0xF0, 0x03, 0xE0,
  0x01, 0xE0, 0x01, 0xE0, 0x01, 0xE0, 0x01, 0xE0, 0x01, 0xF0, 0x03, 0xE0, 0x01, 0xFC, 0x0F, 0xC0,
  0x00, 0xFF, 0xFF, 0xC0, 0x00, 0x7F, 0xFF, 0x00, 0x00, 0x0F, 0xFC, 0x00, 0x00, 0x00, 0x00, 0x00,
  0x00, 0x00, 0x00, 0x00, 0x00, 0x00, 0x01, 0xE0, 0x00, 0x78, 0x01, 0xE0, 0x03, 0xFF, 0x01, 0xE0,
  0x07, 0xFF, 0x81, 0xE0, 0x0F, 0xFF, 0xC1, 0xE0, 0x1F, 0x03, 0xE1, 0xE0, 0x1E, 0x01, 0xE1, 0xE0,
  0x1E, 0x01, 0xE1, 0xE0, 0x1E, 0x01, 0xE1, 0xE0, 0x1E, 0x01, 0xE1, 0xE0, 0x1F, 0x03, 0xE1, 0xE0,
  0x0F, 0x87, 0xE1, 0xE0, 0x0F, 0xFF, 0xC1, 0xE0, 0x07, 0xFF, 0x81, 0xE0, 0x01, 0xFE, 0x01, 0xE0,
  0x00, 0x10, 0x01, 0xE0, 0x00, 0x00, 0x00, 0x00, 0x00, 0x00, 0x00, 0x00, 0x01, 0xFF, 0xFF, 0xF0,
  0x01, 0xFF, 0xFF, 0xF0, 0x01, 0xFF, 0xFF, 0xF0, 0x00, 0x1E, 0x0F, 0x00, 0x00, 0x1E, 0x0F, 0x00,
  0x00, 0x1E, 0x0F, 0x00, 0x00, 0x1E, 0x0F, 0x00, 0x00, 0x1E, 0x0F, 0x00, 0x00, 0x1E, 0x0F, 0x00,
  0x01, 0xFF, 0xFF, 0xF0, 0x01, 0xFF, 0xFF, 0xF0, 0x01, 0xFF, 0xFF, 0xF0, 0x00, 0x00, 0x00, 0x00,
  0x00, 0x00, 0x00, 0x00, 0x00, 0x00, 0x07, 0x80, 0x00, 0x00, 0x07, 0x80, 0x00, 0x00, 0x07, 0x80,
  0x1F, 0xFF, 0xE7, 0x80, 0x1F, 0xFF, 0xE7, 0x80, 0x1F, 0xFF, 0xE7, 0x80, 0x1F, 0xFF, 0xE7, 0x80,
  0x00, 0x78, 0x07, 0x80, 0x00, 0x78, 0x07, 0x80, 0x00, 0x78, 0x07, 0x80, 0x00, 0x78, 0x07, 0x80,
  0x00, 0x78, 0x07, 0x80, 0x00, 0xFC, 0x07, 0xFC, 0x00, 0xFC, 0x07, 0xFC, 0x00, 0xFC, 0x07, 0xFC,
  0x01, 0xFE, 0x07, 0x80, 0x01, 0xFF, 0x07, 0x80, 0x03, 0xCF, 0x07, 0x80, 0x07, 0xCF, 0x87, 0x80,
  0x0F, 0x87, 0xC7, 0x80, 0x1F, 0x83, 0xF7, 0x80, 0x3F, 0x01, 0xF7, 0x80, 0x3E, 0x00, 0xE7, 0x80,
  0x1C, 0x00, 0x47, 0x80, 0x00, 0x00, 0x07, 0x80, 0x00, 0x00, 0x07, 0x80, 0x00, 0x00, 0x07, 0x80,
  0x00, 0x00, 0x07, 0x80, 0x00, 0x00, 0x07, 0x80, 0x00, 0x00, 0x07, 0x80, 0x00, 0x00, 0x00, 0x00,
  0x00, 0x00, 0x00, 0x00, 0x00, 0x00, 0x03, 0xC0, 0x00, 0x00, 0x03, 0xC0, 0x1F, 0xFF, 0xE3, 0xC0,
  0x1F, 0xFF, 0xE3, 0xC0, 0x1F, 0xFF, 0xE3, 0xC0, 0x00, 0x78, 0x03, 0xC0, 0x00, 0x78, 0x03, 0xC0,
  0x00, 0x7C, 0x03, 0xC0, 0x00, 0xFC, 0x03, 0xFC, 0x00, 0xFC, 0x03, 0xFC, 0x01, 0xFE, 0x03, 0xFC,
  0x01, 0xFF, 0x03, 0xC0, 0x03, 0xEF, 0x83, 0xC0, 0x0F, 0xCF, 0xE3, 0xC0, 0x3F, 0x87, 0xF3, 0xC0,
  0x3F, 0x01, 0xF3, 0xC0, 0x1E, 0x00, 0xE3, 0xC0, 0x08, 0x00, 0x03, 0xC0, 0x00, 0x00, 0x03, 0x80,
  0x03, 0xFF, 0xFF, 0xC0, 0x03, 0xFF, 0xFF, 0xC0, 0x03, 0xFF, 0xFF, 0xC0, 0x00, 0x00, 0x03, 0xC0,
  0x00, 0x00, 0x03, 0xC0, 0x00, 0x00, 0x03, 0xC0, 0x00, 0x00, 0x03, 0xC0, 0x00, 0x00, 0x03, 0xC0,
  0x00, 0x00, 0x03, 0xC0, 0x00, 0x00, 0x03, 0xC0, 0x00, 0x00, 0x03, 0xC0, 0x00, 0x00, 0x00, 0x00,
  0x00, 0x00, 0x00, 0x00, 0x00, 0x00, 0x07, 0x80, 0x00, 0x00, 0x07, 0x80, 0x1F, 0xFF, 0xE7, 0x80,
  0x1F, 0xFF, 0xE7, 0x80, 0x1F, 0xFF, 0xE7, 0x80, 0x00, 0x78, 0x07, 0x80, 0x00, 0x78, 0x07, 0xF8,
  0x00, 0xFC, 0x07, 0xF8, 0x00, 0xFC, 0x07, 0xF8, 0x01, 0xFE, 0x07, 0x80, 0x03, 0xFF, 0x87, 0x80,
  0x0F, 0xCF, 0xE7, 0x80, 0x3F, 0x87, 0xE7, 0x80, 0x3F, 0x03, 0xE7, 0x80, 0x1E, 0x00, 0xC7, 0x80,
  0x18, 0x00, 0x00, 0x00, 0x00, 0x00, 0x00, 0x00, 0x03, 0xFF, 0xFF, 0x80, 0x03, 0xFF, 0xFF, 0x80,
  0x03, 0xFF, 0xFF, 0x80, 0x00, 0x00, 0x07, 0x80, 0x03, 0xFF, 0xFF, 0x80, 0x03, 0xFF, 0xFF, 0x80,
  0x03, 0xFF, 0xFF, 0x80, 0x03, 0xC0, 0x00, 0x00, 0x03, 0xC0, 0x00, 0x00, 0x03, 0xFF, 0xFF, 0xC0,
  0x03, 0xFF, 0xFF, 0xC0, 0x03, 0xFF, 0xFF, 0xC0, 0x03, 0xFF, 0xFF, 0xC0, 0x00, 0x00, 0x00, 0x00,
  0x00, 0x00, 0x00, 0x00, 0x00, 0x00, 0x07, 0x80, 0x00, 0x00, 0x07, 0x80, 0x1F, 0xFF, 0xE7, 0x80,
  0x1F, 0xFF, 0xE7, 0x80, 0x1F, 0xFF, 0xE7, 0x80, 0x00, 0x78, 0x07, 0x80, 0x00, 0x78, 0x07, 0x80,
  0x00, 0xF8, 0x07, 0xF8, 0x00, 0xFC, 0x07, 0xF8, 0x00, 0xFC, 0x07, 0xF8, 0x01, 0xFE, 0x07, 0x80,
  0x03, 0xFF, 0x07, 0x80, 0x07, 0xCF, 0x87, 0x80, 0x1F, 0xC7, 0xE7, 0x80, 0x3F, 0x83, 0xE7, 0x80,
  0x3E, 0x01, 0xE7, 0x80, 0x1C, 0x00, 0x47, 0x80, 0x00, 0x00, 0x03, 0x80, 0x00, 0x00, 0x00, 0x00,
  0x03, 0xFF, 0xFF, 0x80, 0x03, 0xFF, 0xFF, 0x80, 0x03, 0xFF, 0xFF, 0x80, 0x03, 0xC0, 0x07, 0x80,
  0x03, 0xC0, 0x07, 0x80, 0x03, 0xC0, 0x07, 0x80, 0x03, 0xC0, 0x07, 0x80, 0x03, 0xC0, 0x07, 0x80,
  0x03, 0xFF, 0xFF, 0x80, 0x03, 0xFF, 0xFF, 0x80, 0x03, 0xFF, 0xFF, 0x80, 0x00, 0x00, 0x00, 0x00,
  0x00, 0x00, 0x00, 0x00, 0x00, 0x00, 0x07, 0x80, 0x00, 0x00, 0x07, 0x80, 0x1F, 0xFF, 0xE7, 0x80,
  0x1F, 0xFF, 0xE7, 0x80, 0x1F, 0xFF, 0xE7, 0x80, 0x00, 0x78, 0x07, 0x80, 0x00, 0x78, 0x07, 0x80,
  0x00, 0xFC, 0x07, 0xF8, 0x00, 0xFC, 0x07, 0xF8, 0x00, 0xFC, 0x07, 0xF8, 0x01, 0xFE, 0x07, 0x80,
  0x03, 0xFF, 0x07, 0x80, 0x07, 0xCF, 0xC7, 0x80, 0x1F, 0x87, 0xE7, 0x80, 0x3F, 0x03, 0xE7, 0x80,
  0x1E, 0x01, 0xC7, 0x80, 0x1C, 0x00, 0x07, 0x80, 0x00, 0x00, 0x00, 0x00, 0x03, 0xC0, 0x07, 0x80,
  0x03, 0xC0, 0x07, 0x80, 0x03, 0xC0, 0x07, 0x80, 0x03, 0xFF, 0xFF, 0x80, 0x03, 0xFF, 0xFF, 0x80,
  0x03, 0xFF, 0xFF, 0x80, 0x03, 0xC0, 0x07, 0x80, 0x03, 0xC0, 0x07, 0x80, 0x03, 0xC0, 0x07, 0x80,
  0x03, 0xFF, 0xFF, 0x80, 0x03, 0xFF, 0xFF, 0x80, 0x03, 0xFF, 0xFF, 0x80, 0x00, 0x00, 0x00, 0x00,
  0x00, 0x00, 0x00, 0x00, 0x00, 0x00, 0x07, 0xC0, 0x00, 0x00, 0x07, 0xC0, 0x1F, 0xFF, 0xE7, 0xC0,
  0x1F, 0xFF, 0xE7, 0xC0, 0x1F, 0xFF, 0xE7, 0xC0, 0x00, 0x78, 0x07, 0xC0, 0x00, 0x78, 0x07, 0xC0,
  0x00, 0x7C, 0x07, 0xFC, 0x00, 0xFC, 0x07, 0xFC, 0x00, 0xFC, 0x07, 0xFC, 0x01, 0xFE, 0x07, 0xC0,
  0x03, 0xFF, 0x07, 0xC0, 0x07, 0xCF, 0xC7, 0xC0, 0x0F, 0xC7, 0xF7, 0xC0, 0x3F, 0x83, 0xE7, 0xC0,
  0x3F, 0x01, 0xE7, 0xC0, 0x1E, 0x00, 0x47, 0xC0, 0x08, 0x00, 0x03, 0x80, 0x00, 0x1F, 0xF8, 0x00,
  0x00, 0xFF, 0xFE, 0x00, 0x01, 0xFF, 0xFF, 0x80, 0x03, 0xF8, 0x1F, 0x80, 0x03, 0xE0, 0x07, 0xC0,
  0x03, 0xC0, 0x03, 0xC0, 0x03, 0xC0, 0x03, 0xC0, 0x03, 0xE0, 0x07, 0xC0, 0x03, 0xF8, 0x1F, 0x80,
  0x01, 0xFF, 0xFF, 0x80, 0x00, 0xFF, 0xFE, 0x00, 0x00, 0x1F, 0xF8, 0x00, 0x00, 0x00, 0x00, 0x00,
  0x00, 0x00, 0x00, 0x00, 0x00, 0x00, 0x00, 0x70, 0x00, 0x00, 0x3C, 0x78, 0x00, 0x00, 0x3C, 0x78,
  0x1F, 0xFF, 0xBC, 0x78, 0x1F, 0xFF, 0xBC, 0x78, 0x1F, 0xFF, 0xBC, 0x78, 0x1F, 0xFF, 0xBC, 0x78,
  0x00, 0xF0, 0x3C, 0x78, 0x00, 0xF0, 0x3C, 0x78, 0x00, 0xF0, 0x3C, 0x78, 0x00, 0xF0, 0x3C, 0x78,
  0x00, 0xF0, 0x3C, 0x78, 0x01, 0xF8, 0x3F, 0xF8, 0x01, 0xF8, 0x3F, 0xF8, 0x01, 0xF8, 0x3F, 0xF8,
  0x01, 0xFC, 0x3C, 0x78, 0x03, 0xFC, 0x3C, 0x78, 0x03, 0xFE, 0x3C, 0x78, 0x07, 0x9F, 0x3C, 0x78,
  0x0F, 0x8F, 0xBC, 0x78, 0x1F, 0x0F, 0xFC, 0x78, 0x3F, 0x07, 0xBC, 0x78, 0x1E, 0x01, 0xBC, 0x78,
  0x0C, 0x00, 0x3C, 0x78, 0x00, 0x00, 0x3C, 0x78, 0x00, 0x00, 0x3C, 0x78, 0x00, 0x00, 0x3C, 0x78,
  0x00, 0x00, 0x3C, 0x78, 0x00, 0x00, 0x3C, 0x78, 0x00, 0x00, 0x00, 0x78, 0x00, 0x00, 0x00, 0x00,
  0x00, 0x00, 0x00, 0x00, 0x00, 0x00, 0x01, 0xE0, 0x00, 0x00, 0x01, 0xE0, 0x00, 0x00, 0x01, 0xE0,
  0x1F, 0xFF, 0xE1, 0xE0, 0x1F, 0xFF, 0xF1, 0xE0, 0x1F, 0xFF, 0xF1, 0xE0, 0x00, 0x78, 0x01, 0xE0,
  0x00, 0x78, 0x01, 0xE0, 0x00, 0x78, 0x01, 0xE0, 0x00, 0x78, 0x01, 0xE0, 0x00, 0x78, 0x01, 0xE0,
  0x00, 0x7C, 0x7F, 0xE0, 0x00, 0xFC, 0x7F, 0xE0, 0x00, 0xFC, 0x7F, 0xE0, 0x00, 0xFE, 0x01, 0xE0,
  0x01, 0xFE, 0x01, 0xE0, 0x01, 0xFF, 0x01, 0xE0, 0x03, 0xCF, 0x01, 0xE0, 0x07, 0xCF, 0x81, 0xE0,
  0x0F, 0x87, 0xE1, 0xE0, 0x1F, 0x83, 0xF1, 0xE0, 0x3F, 0x01, 0xF1, 0xE0, 0x3E, 0x00, 0xE1, 0xE0,
  0x1C, 0x00, 0x61, 0xE0, 0x00, 0x00, 0x01, 0xE0, 0x00, 0x00, 0x01, 0xE0, 0x00, 0x00, 0x01, 0xE0,
  0x00, 0x00, 0x01, 0xE0, 0x00, 0x00, 0x01, 0xE0, 0x00, 0x00, 0x01, 0xE0, 0x00, 0x00, 0x00, 0x00,
  0x00, 0x00, 0x00, 0x00, 0x00, 0x00, 0x01, 0xE0, 0x00, 0x00, 0x01, 0xE0, 0x1F, 0xFF, 0xE1, 0xE0,
  0x1F, 0xFF, 0xE1, 0xE0, 0x1F, 0xFF, 0xE1, 0xE0, 0x00, 0x7C, 0x01, 0xE0, 0x00, 0x78, 0x01, 0xE0,
  0x00, 0x7C, 0x01, 0xE0, 0x00, 0x7C, 0x3F, 0xE0, 0x00, 0xFC, 0x3F, 0xE0, 0x00, 0xFE, 0x3F, 0xE0,
  0x01, 0xFE, 0x01, 0xE0, 0x01, 0xEF, 0x01, 0xE0, 0x07, 0xEF, 0xC1, 0xE0, 0x0F, 0xC7, 0xF1, 0xE0,
  0x3F, 0x83, 0xF1, 0xE0, 0x1F, 0x01, 0xE1, 0xE0, 0x1E, 0x00, 0x41, 0xE0, 0x00, 0x00, 0x01, 0xE0,
  0x00, 0x00, 0x01, 0xE0, 0x00, 0xF0, 0x01, 0xE0, 0x00, 0xF0, 0x01, 0xE0, 0x00, 0xF0, 0x00, 0x00,
  0x00, 0xF0, 0x00, 0x00, 0x00, 0xF0, 0x00, 0x00, 0x00, 0xF0, 0x00, 0x00, 0x00, 0xFF, 0xFF, 0xF0,
  0x00, 0xFF, 0xFF, 0xF0, 0x00, 0xFF, 0xFF, 0xF0, 0x00, 0xFF, 0xFF, 0xF0, 0x00, 0x00, 0x00, 0x00,
  0x00, 0x00, 0x00, 0x00, 0x00, 0x00, 0x01, 0xF0, 0x0F, 0xFF, 0xE1, 0xF0, 0x1F, 0xFF, 0xF1, 0xF0,
  0x1F, 0xFF, 0xF1, 0xF0, 0x1F, 0xFF, 0xF1, 0xF0, 0x00, 0x78, 0x01, 0xF0, 0x00, 0x7C, 0x3F, 0xF0,
  0x00, 0xFC, 0x3F, 0xF0, 0x00, 0xFE, 0x3F, 0xF0, 0x01, 0xFF, 0x01, 0xF0, 0x03, 0xEF, 0x81, 0xF0,
  0x0F, 0xE7, 0xF1, 0xF0, 0x3F, 0xC3, 0xF1, 0xF0, 0x1F, 0x81, 0xE1, 0xF0, 0x1E, 0x00, 0x61, 0xE0,
  0x08, 0x00, 0x00, 0x00, 0x00, 0x00, 0x00, 0x00, 0x00, 0xFF, 0xFF, 0xF0, 0x00, 0xFF, 0xFF, 0xF0,
  0x00, 0xFF, 0xFF, 0xF0, 0x00, 0x00, 0x01, 0xF0, 0x00, 0xFF, 0xFF, 0xF0, 0x00, 0xFF, 0xFF, 0xF0,
  0x00, 0xFF, 0xFF, 0xF0, 0x00, 0xF0, 0x00, 0x00, 0x00, 0xF0, 0x00, 0x00, 0x00, 0xFF, 0xFF, 0xF0,
  0x00, 0xFF, 0xFF, 0xF0, 0x00, 0xFF, 0xFF, 0xF0, 0x00, 0xFF, 0xFF, 0xF0, 0x00, 0x00, 0x00, 0x00,
  0x00, 0x00, 0x00, 0x00, 0x00, 0x00, 0x01, 0xE0, 0x00, 0x00, 0x01, 0xE0, 0x1F, 0xFF, 0xE1, 0xE0,
  0x1F, 0xFF, 0xE1, 0xE0, 0x1F, 0xFF, 0xE1, 0xE0, 0x00, 0x78, 0x01, 0xE0, 0x00, 0x7C, 0x01, 0xE0,
  0x00, 0x7C, 0x3F, 0xE0, 0x00, 0xFC, 0x3F, 0xE0, 0x00, 0xFE, 0x3F, 0xE0, 0x01, 0xFF, 0x01, 0xE0,
  0x03, 0xEF, 0x81, 0xE0, 0x07, 0xCF, 0xC1, 0xE0, 0x1F, 0xC7, 0xF1, 0xE0, 0x3F, 0x83, 0xF1, 0xE0,
  0x1F, 0x01, 0xE1, 0xE0, 0x0C, 0x00, 0x41, 0xE0, 0x00, 0x00, 0x00, 0x00, 0x00, 0x00, 0x00, 0x00,
  0x01, 0xFF, 0xFF, 0xE0, 0x01, 0xFF, 0xFF, 0xE0, 0x01, 0xFF, 0xFF, 0xE0, 0x01, 0xE0, 0x01, 0xE0,
  0x01, 0xE0, 0x01, 0xE0, 0x01, 0xE0, 0x01, 0xE0, 0x01, 0xE0, 0x01, 0xE0, 0x01, 0xE0, 0x01, 0xE0,
  0x01, 0xFF, 0xFF, 0xE0, 0x01, 0xFF, 0xFF, 0xE0, 0x01, 0xFF, 0xFF, 0xE0, 0x00, 0x00, 0x00, 0x00,
  0x00, 0x00, 0x00, 0x00, 0x00, 0x00, 0x01, 0xC0, 0x00, 0x00, 0x01, 0xE0, 0x1F, 0xFF, 0xE1, 0xE0,
  0x1F, 0xFF, 0xE1, 0xE0, 0x1F, 0xFF, 0xE1, 0xE0, 0x00, 0x78, 0x01, 0xE0, 0x00, 0x7C, 0x01, 0xE0,
  0x00, 0x7C, 0x01, 0xE0, 0x00, 0x7C, 0x3F, 0xE0, 0x00, 0xFE, 0x3F, 0xE0, 0x00, 0xFE, 0x3F, 0xE0,
  0x01, 0xFF, 0x01, 0xE0, 0x03, 0xEF, 0x81, 0xE0, 0x07, 0xC7, 0xE1, 0xE0, 0x1F, 0xC7, 0xF1, 0xE0,
  0x3F, 0x81, 0xE1, 0xE0, 0x1F, 0x00, 0xE1, 0xE0, 0x0C, 0x00, 0x01, 0xE0, 0x00, 0x0F, 0xFC, 0x00,
  0x00, 0x3F, 0xFF, 0x00, 0x00, 0xFF, 0xFF, 0xC0, 0x00, 0xFC, 0x0F, 0xC0, 0x01, 0xF0, 0x03, 0xE0,
  0x01, 0xE0, 0x01, 0xE0, 0x01, 0xE0, 0x01, 0xE0, 0x01, 0xF0, 0x03, 0xE0, 0x01, 0xFC, 0x0F, 0xC0,
  0x00, 0xFF, 0xFF, 0xC0, 0x00, 0x7F, 0xFF, 0x00, 0x00, 0x0F, 0xFC, 0x00, 0x00, 0x00, 0x00, 0x00,
  0x00, 0x00, 0x00, 0x00, 0x00, 0x00, 0x00, 0x70, 0x00, 0x00, 0x3C, 0xF0, 0x00, 0x00, 0x3C, 0xF0,
  0x1F, 0xFF, 0x3C, 0xF0, 0x1F, 0xFF, 0x3C, 0xF0, 0x1F, 0xFF, 0x3C, 0xF0, 0x1F, 0xFF, 0x3C, 0xF0,
  0x00, 0xF0, 0x3C, 0xF0, 0x00, 0xF0, 0x3C, 0xF0, 0x00, 0xF0, 0x3C, 0xF0, 0x00, 0xF0, 0x3C, 0xF0,
  0x00, 0xF3, 0xFC, 0xF0, 0x01, 0xF3, 0xFC, 0xF0, 0x01, 0xFB, 0xFC, 0xF0, 0x01, 0xF8, 0x3C, 0xF0,
  0x01, 0xF8, 0x3C, 0xF0, 0x03, 0xFC, 0x3C, 0xF0, 0x03, 0xFC, 0x3C, 0xF0, 0x07, 0x9E, 0x3C, 0xF0,
  0x0F, 0x9F, 0x3C, 0xF0, 0x1F, 0x0F, 0xBC, 0xF0, 0x3F, 0x0F, 0xBC, 0xF0, 0x1E, 0x07, 0x3C, 0xF0,
  0x1C, 0x01, 0x3C, 0xF0, 0x00, 0x00, 0x3C, 0xF0, 0x00, 0x00, 0x3C, 0xF0, 0x00, 0x00, 0x3C, 0xF0,
  0x00, 0x00, 0x3C, 0xF0, 0x00, 0x00, 0x3C, 0xF0, 0x00, 0x00, 0x00, 0xF0, 0x00, 0x00, 0x00, 0x00,
  0x00, 0x00, 0x00, 0x00, 0x00, 0x00, 0x01, 0xE0, 0x00, 0x00, 0x01, 0xE0, 0x00, 0x00, 0x01, 0xE0,
  0x1F, 0xFF, 0xE1, 0xE0, 0x1F, 0xFF, 0xE1, 0xE0, 0x1F, 0xFF, 0xE1, 0xE0, 0x00, 0x78, 0x01, 0xE0,
  0x00, 0x78, 0x01, 0xE0, 0x00, 0x78, 0x3F, 0xE0, 0x00, 0x78, 0x3F, 0xE0, 0x00, 0x78, 0x3F, 0xE0,
  0x00, 0x7C, 0x01, 0xE0, 0x00, 0xFC, 0x01, 0xE0, 0x00, 0xFC, 0x01, 0xE0, 0x00, 0xFE, 0x01, 0xE0,
  0x01, 0xFE, 0x3F, 0xE0, 0x01, 0xEF, 0x3F, 0xE0, 0x03, 0xCF, 0xBF, 0xE0, 0x07, 0xC7, 0xC1, 0xE0,
  0x0F, 0x87, 0xE1, 0xE0, 0x1F, 0x83, 0xF1, 0xE0, 0x3F, 0x01, 0xF1, 0xE0, 0x3E, 0x00, 0xE1, 0xE0,
  0x1C, 0x00, 0x61, 0xE0, 0x08, 0x00, 0x01, 0xE0, 0x00, 0x00, 0x01, 0xE0, 0x00, 0x00, 0x01, 0xE0,
  0x00, 0x00, 0x01, 0xE0, 0x00, 0x00, 0x01, 0xE0, 0x00, 0x00, 0x01, 0xE0, 0x00, 0x00, 0x00, 0x00,
  0x00, 0x00, 0x00, 0x00, 0x00, 0x00, 0x00, 0x00, 0x00, 0x00, 0x01, 0xE0, 0x1F, 0xFF, 0xE1, 0xE0,
  0x1F, 0xFF, 0xE1, 0xE0, 0x1F, 0xFF, 0xE1, 0xE0, 0x1F, 0xFF, 0xE1, 0xE0, 0x00, 0x78, 0x3F, 0xE0,
  0x00, 0x78, 0x3F, 0xE0, 0x00, 0x7C, 0x3F, 0xE0, 0x00, 0xFC, 0x01, 0xE0, 0x00, 0xFE, 0x01, 0xE0,
  0x01, 0xFE, 0x3F, 0xE0, 0x03, 0xEF, 0x3F, 0xE0, 0x07, 0xCF, 0xFF, 0xE0, 0x1F, 0x87, 0xF1, 0xE0,
  0x3F, 0x83, 0xF1, 0xE0, 0x1E, 0x01, 0xE1, 0xE0, 0x1C, 0x00, 0x01, 0xE0, 0x00, 0x38, 0x0F, 0x00,
  0x00, 0x78, 0x0F, 0x00, 0x00, 0x78, 0x0F, 0x00, 0x00, 0x78, 0x0F, 0x00, 0x00, 0xFC, 0x1F, 0x80,
  0x00, 0xFC, 0x1F, 0x80, 0x01, 0xFE, 0x3F, 0xC0, 0x03, 0xFF, 0x7F, 0xE0, 0x0F, 0xCF, 0xF9, 0xF8,
  0x0F, 0x87, 0xF0, 0xF8, 0x07, 0x03, 0xE0, 0x78, 0x04, 0x01, 0xC0, 0x10, 0x00, 0x00, 0x00, 0x00,
  0x00, 0x00, 0x00, 0x00, 0x00, 0x00, 0x00, 0x00, 0x00, 0x00, 0x00, 0x00, 0x07, 0xFF, 0xFF, 0xE0,
  0x07, 0xFF, 0xFF, 0xE0, 0x07, 0xFF, 0xFF, 0xE0, 0x07, 0xFF, 0xFF, 0xE0, 0x00, 0x03, 0xC0, 0x00,
  0x00, 0x07, 0xC0, 0x00, 0x00, 0x07, 0xE0, 0x00, 0x00, 0x0F, 0xF0, 0x00, 0x00, 0x1F, 0xF0, 0x00,
  0x00, 0x3E, 0xF8, 0x00, 0x00, 0x7E, 0x7E, 0x00, 0x01, 0xFC, 0x3F, 0x80, 0x0F, 0xF8, 0x1F, 0xF0,
  0x0F, 0xE0, 0x07, 0xF0, 0x0F, 0x83, 0xC1, 0xE0, 0x06, 0x03, 0xC0, 0x20, 0x00, 0x03, 0xC0, 0x00,
  0x00, 0x03, 0xC0, 0x00, 0x00, 0x03, 0xC0, 0x00, 0x00, 0x03, 0xC0, 0x00, 0x00, 0x03, 0xC0, 0x00,
  0x3F, 0xFF, 0xFF, 0xF8, 0x3F, 0xFF, 0xFF, 0xF8, 0x3F, 0xFF, 0xFF, 0xF8, 0x00, 0x00, 0x00, 0x00,
  0x00, 0x00, 0x00, 0x00, 0x00, 0x00, 0x00, 0x00, 0x00, 0x00, 0x00, 0x00, 0x00, 0x00, 0x00, 0x00,
  0x00, 0x00, 0x00, 0x00, 0x07, 0xFF, 0xFF, 0xC0, 0x0F, 0xFF, 0xFF, 0xE0, 0x0F, 0xFF, 0xFF, 0xE0,
  0x0F, 0xFF, 0xFF, 0xE0, 0x00, 0x0F, 0xE0, 0x00, 0x00, 0x1F, 0xF0, 0x00, 0x00, 0x7F, 0xF8, 0x00,
  0x01, 0xFC, 0xFF, 0x00, 0x1F, 0xF8, 0x7F, 0xF0, 0x0F, 0xF3, 0x9F, 0xF0, 0x0F, 0x87, 0x83, 0xE0,
  0x00, 0x07, 0x80, 0x00, 0x00, 0x07, 0x80, 0x00, 0x3F, 0xFF, 0xFF, 0xF8, 0x3F, 0xFF, 0xFF, 0xF8,
  0x3F, 0xFF, 0xFF, 0xF8, 0x3F, 0xFF, 0xFF, 0xF8, 0x00, 0x00, 0x00, 0x00, 0x00, 0x3F, 0xF8, 0x00,
  0x00, 0xFF, 0xFE, 0x00, 0x03, 0xFF, 0xFF, 0x80, 0x03, 0xF0, 0x1F, 0x80, 0x07, 0xC0, 0x07, 0xC0,
  0x07, 0x80, 0x03, 0xC0, 0x07, 0xC0, 0x07, 0xC0, 0x07, 0xE0, 0x0F, 0xC0, 0x03, 0xFF, 0xFF, 0x80,
  0x01, 0xFF, 0xFF, 0x00, 0x00, 0x3F, 0xF8, 0x00, 0x00, 0x00, 0x00, 0x00, 0x00, 0x00, 0x00, 0x00,
  0x00, 0x00, 0x00, 0x00, 0x00, 0x00, 0x00, 0x00, 0x07, 0xFF, 0xFF, 0xE0, 0x07, 0xFF, 0xFF, 0xE0,
  0x07, 0xFF, 0xFF, 0xE0, 0x00, 0x07, 0xE0, 0x00, 0x00, 0x0F, 0xF0, 0x00, 0x00, 0x3F, 0xFC, 0x00,
  0x03, 0xFE, 0x7F, 0xC0, 0x0F, 0xFC, 0x3F, 0xF0, 0x0F, 0xF3, 0xCF, 0xF0, 0x07, 0x03, 0xC1, 0xE0,
  0x00, 0x03, 0xC0, 0x00, 0x3F, 0xFF, 0xFF, 0xFC, 0x3F, 0xFF, 0xFF, 0xFC, 0x3F, 0xFF, 0xFF, 0xF8,
  0x00, 0x00, 0x00, 0x00, 0x00, 0x03, 0xC0, 0x00, 0x00, 0x03, 0xC0, 0x00, 0x07, 0xFF, 0xFF, 0xE0,
  0x07, 0xFF, 0xFF, 0xE0, 0x07, 0xFF, 0xFF, 0xE0, 0x00, 0x00, 0x00, 0x00, 0x00, 0x3F, 0xFC, 0x00,
  0x00, 0xFF, 0xFF, 0x00, 0x01, 0xFF, 0xFF, 0x80, 0x01, 0xE0, 0x07, 0x80, 0x01, 0xE0, 0x07, 0x80,
  0x01, 0xFF, 0xFF, 0x80, 0x00, 0xFF, 0xFF, 0x00, 0x00, 0x3F, 0xFC, 0x00, 0x00, 0x00, 0x00, 0x00,
  0x00, 0x00, 0x00, 0x00, 0x07, 0xFF, 0xFF, 0xE0, 0x07, 0xFF, 0xFF, 0xE0, 0x07, 0xFF, 0xFF, 0xE0,
  0x07, 0xFF, 0xFF, 0xE0, 0x00, 0x07, 0xE0, 0x00, 0x00, 0x0F, 0xF0, 0x00, 0x00, 0x1F, 0xF8, 0x00,
  0x00, 0x3F, 0x7C, 0x00, 0x01, 0xFE, 0x3F, 0x80, 0x0F, 0xFC, 0x1F, 0xF0, 0x0F, 0xF0, 0x0F, 0xF0,
  0x07, 0xFC, 0x3F, 0xE0, 0x00, 0x7C, 0x3C, 0x20, 0x00, 0x7C, 0x3C, 0x00, 0x00, 0x7C, 0x3C, 0x00,
  0x3F, 0xFF, 0xFF, 0xF8, 0x3F, 0xFF, 0xFF, 0xF8, 0x3F, 0xFF, 0xFF, 0xF8, 0x00, 0x00, 0x00, 0x00,
  0x03, 0x80, 0x00, 0x00, 0x03, 0xC0, 0x00, 0x00, 0x03, 0xC0, 0x00, 0x00, 0x03, 0xC0, 0x00, 0x00,
  0x03, 0xC0, 0x00, 0x00, 0x03, 0xC0, 0x00, 0x00, 0x03, 0xFF, 0xFF, 0xE0, 0x03, 0xFF, 0xFF, 0xE0,
  0x03, 0xFF, 0xFF, 0xE0, 0x03, 0xFF, 0xFF, 0xE0, 0x00, 0x00, 0x00, 0x00, 0x00, 0x00, 0x00, 0x00,
  0x00, 0x00, 0x00, 0x00, 0x00, 0x00, 0x00, 0x00, 0x07, 0xFF, 0xFF, 0xE0, 0x07, 0xFF, 0xFF, 0xE0,
  0x07, 0xFF, 0xFF, 0xE0, 0x00, 0x03, 0xE0, 0x00, 0x00, 0x07, 0xE0, 0x00, 0x00, 0x07, 0xF0, 0x00,
  0x00, 0x0F, 0xF0, 0x00, 0x00, 0x1F, 0xFC, 0x00, 0x00, 0x7E, 0x7F, 0x00, 0x03, 0xFC, 0x3F, 0xE0,
  0x0F, 0xF8, 0x0F, 0xF0, 0x07, 0xE0, 0x07, 0xF0, 0x07, 0x80, 0x00, 0xE0, 0x00, 0x00, 0x00, 0x00,
  0x00, 0x00, 0x00, 0x00, 0x1F, 0xFF, 0xFF, 0xFC, 0x1F, 0xFF, 0xFF, 0xFC, 0x1F, 0xFF, 0xFF, 0xFC,
  0x00, 0x03, 0xC0, 0x00, 0x00, 0x03, 0xC0, 0x00, 0x00, 0x03, 0xC0, 0x00, 0x00, 0x03, 0xC0, 0x00,
  0x00, 0x03, 0xC0, 0x00, 0x00, 0x03, 0xC0, 0x00, 0x00, 0x03, 0xC0, 0x00, 0x00, 0x03, 0xC0, 0x00,
  0x00, 0x03, 0xC0, 0x00, 0x00, 0x03, 0xC0, 0x00, 0x00, 0x00, 0x00, 0x00, 0x00, 0x00, 0x00, 0x00,
  0x00, 0x00, 0x00, 0x00, 0x0F, 0xFF, 0xFF, 0xE0, 0x0F, 0xFF, 0xFF, 0xE0, 0x0F, 0xFF, 0xFF, 0xE0,
  0x00, 0x0F, 0xE0, 0x00, 0x00, 0x0F, 0xE0, 0x00, 0x00, 0x0F, 0xE0, 0x00, 0x00, 0x1F, 0xF0, 0x00,
  0x00, 0x7E, 0xFC, 0x00, 0x03, 0xFC, 0x7F, 0x80, 0x1F, 0xF8, 0x3F, 0xF0, 0x0F, 0xF0, 0x0F, 0xE0,
  0x0F, 0x80, 0x03, 0xE0, 0x04, 0x00, 0x00, 0x40, 0x00, 0x00, 0x00, 0x00, 0x3F, 0xFF, 0xFF, 0xF8,
  0x3F, 0xFF, 0xFF, 0xF8, 0x3F, 0xFF, 0xFF, 0xF8, 0x00, 0x03, 0xC0, 0x00, 0x00, 0x03, 0xC0, 0x00,
  0x07, 0x83, 0xC0, 0x00, 0x07, 0x83, 0xC0, 0x00, 0x07, 0x83, 0xC0, 0x00, 0x07, 0x83, 0xC0, 0x00,
  0x07, 0x80, 0x00, 0x00, 0x07, 0x80, 0x00, 0x00, 0x07, 0xFF, 0xFF, 0xC0, 0x07, 0xFF, 0xFF, 0xC0,
  0x07, 0xFF, 0xFF, 0xC0, 0x07, 0xFF, 0xFF, 0xC0, 0x00, 0x00, 0x00, 0x00, 0x00, 0x00, 0x00, 0x00,
  0x00, 0x00, 0x00, 0x00, 0x0F, 0xFF, 0xFF, 0xE0, 0x0F, 0xFF, 0xFF, 0xE0, 0x0F, 0xFF, 0xFF, 0xE0,
  0x00, 0x0F, 0xC0, 0x00, 0x00, 0x1F, 0xE0, 0x00, 0x00, 0x3F, 0xF8, 0x00, 0x01, 0xFC, 0xFF, 0x00,
  0x1F, 0xF8, 0x7F, 0xF0, 0x0F, 0xF0, 0x1F, 0xE0, 0x0F, 0x80, 0x03, 0xE0, 0x00, 0x00, 0x00, 0x00,
  0x3F, 0xFF, 0xFF, 0xF8, 0x3F, 0xFF, 0xFF, 0xF8, 0x3F, 0xFF, 0xFF, 0xF8, 0x00, 0x07, 0x80, 0x00,
  0x00, 0x07, 0x80, 0x00, 0x07, 0xFF, 0xFF, 0xC0, 0x07, 0xFF, 0xFF, 0xC0, 0x07, 0xFF, 0xFF, 0xC0,
  0x00, 0x00, 0x03, 0xC0, 0x00, 0x00, 0x03, 0xC0, 0x07, 0xFF, 0xFF, 0xC0, 0x07, 0xFF, 0xFF, 0xC0,
  0x07, 0xFF, 0xFF, 0xC0, 0x07, 0x80, 0x00, 0x00, 0x07, 0x80, 0x00, 0x00, 0x07, 0xFF, 0xFF, 0xE0,
  0x07, 0xFF, 0xFF, 0xE0, 0x07, 0xFF, 0xFF, 0xE0, 0x00, 0x00, 0x00, 0x00, 0x00, 0x00, 0x00, 0x00,
  0x00, 0x00, 0x00, 0x00, 0x07, 0xFF, 0xFF, 0xC0, 0x0F, 0xFF, 0xFF, 0xE0, 0x0F, 0xFF, 0xFF, 0xE0,
  0x0F, 0xFF, 0xFF, 0xE0, 0x00, 0x0F, 0xE0, 0x00, 0x00, 0x1F, 0xE0, 0x00, 0x00, 0x3F, 0xF8, 0x00,
  0x01, 0xFC, 0xFF, 0x00, 0x1F, 0xF8, 0x7F, 0xF0, 0x1F, 0xF0, 0x1F, 0xF0, 0x0F, 0xC0, 0x07, 0xE0,
  0x04, 0x00, 0x00, 0x40, 0x3F, 0xFF, 0xFF, 0xF8, 0x3F, 0xFF, 0xFF, 0xF8, 0x3F, 0xFF, 0xFF, 0xF8,
  0x3F, 0xFF, 0xFF, 0xF8, 0x00, 0x07, 0x80, 0x00, 0x00, 0x07, 0x80, 0x00, 0x00, 0x3F, 0xF8, 0x00,
  0x00, 0xFF, 0xFF, 0x00, 0x03, 0xFF, 0xFF, 0x80, 0x07, 0xF0, 0x1F, 0xC0, 0x07, 0xC0, 0x07, 0xC0,
  0x07, 0x80, 0x03, 0xC0, 0x07, 0xC0, 0x07, 0xC0, 0x07, 0xF0, 0x1F, 0xC0, 0x03, 0xFF, 0xFF, 0x80,
  0x01, 0xFF, 0xFF, 0x00, 0x00, 0x3F, 0xF8, 0x00, 0x00, 0x00, 0x00, 0x00, 0x00, 0x00, 0x00, 0x00,
  0x00, 0x00, 0x00, 0x00, 0x00, 0x00, 0x01, 0xE0, 0x00, 0x00, 0x01, 0xE0, 0x0F, 0xFF, 0xF1, 0xE0,
  0x0F, 0xFF, 0xF1, 0xE0, 0x0F, 0xFF, 0xF1, 0xE0, 0x00, 0x3C, 0x01, 0xE0, 0x00, 0x7C, 0x01, 0xE0,
  0x00, 0x7E, 0x01, 0xE0, 0x00, 0xFF, 0x01, 0xE0, 0x03, 0xFF, 0xC1, 0xE0, 0x1F, 0xE7, 0xF9, 0xE0,
  0x1F, 0xC3, 0xF1, 0xE0, 0x0F, 0x80, 0xF1, 0xE0, 0x0C, 0x00, 0x21, 0xE0, 0x00, 0x00, 0x01, 0xE0,
  0x00, 0x7F, 0xFD, 0xE0, 0x3F, 0xFF, 0xFD, 0xE0, 0x3F, 0xFF, 0xFD, 0xE0, 0x1F, 0xFF, 0x81, 0xE0,
  0x00, 0x3C, 0x01, 0xE0, 0x00, 0x3C, 0x7F, 0xE0, 0x00, 0x3C, 0x7F, 0xE0, 0x00, 0x3C, 0x7F, 0xE0,
  0x00, 0x3C, 0x01, 0xE0, 0x00, 0x3C, 0x01, 0xE0, 0x00, 0x3C, 0x01, 0xE0, 0x00, 0x3C, 0x01, 0xE0,
  0x00, 0x3C, 0x01, 0xE0, 0x00, 0x3C, 0x01, 0xE0, 0x00, 0x00, 0x01, 0xE0, 0x00, 0x00, 0x00, 0x00,
  0x00, 0x00, 0x00, 0x00, 0x00, 0x00, 0x00, 0x00, 0x07, 0xFF, 0xFF, 0xE0, 0x07, 0xFF, 0xFF, 0xE0,
  0x07, 0xFF, 0xFF, 0xE0, 0x00, 0x07, 0xC0, 0x00, 0x00, 0x07, 0xE0, 0x00, 0x00, 0x07, 0xE0, 0x00,
  0x00, 0x0F, 0xF0, 0x00, 0x00, 0x3F, 0xFC, 0x00, 0x00, 0x7E, 0x7F, 0x00, 0x07, 0xFC, 0x3F, 0xE0,
  0x0F, 0xF8, 0x1F, 0xF0, 0x07, 0xE0, 0x07, 0xE0, 0x07, 0x00, 0x00, 0xE0, 0x00, 0x00, 0x00, 0x00,
  0x1F, 0xFF, 0xFF, 0xF8, 0x3F, 0xFF, 0xFF, 0xFC, 0x3F, 0xFF, 0xFF, 0xFC, 0x1F, 0xFF, 0xFF, 0xF8,
  0x00, 0x78, 0x1E, 0x00, 0x00, 0x78, 0x1E, 0x00, 0x00, 0x78, 0x1E, 0x00, 0x00, 0x78, 0x1E, 0x00,
  0x00, 0x78, 0x1E, 0x00, 0x00, 0x78, 0x1E, 0x00, 0x00, 0x78, 0x1E, 0x00, 0x00, 0x78, 0x1E, 0x00,
  0x00, 0x78, 0x1E, 0x00, 0x00, 0x78, 0x1E, 0x00, 0x00, 0x00, 0x00, 0x00, 0x00, 0x00, 0x00, 0x00,
  0x00, 0x00, 0x00, 0x00, 0x00, 0x00, 0x00, 0x00, 0x07, 0xFF, 0xFF, 0xE0, 0x07, 0xFF, 0xFF, 0xE0,
  0x07, 0xFF, 0xFF, 0xE0, 0x00, 0x07, 0xE0, 0x00, 0x00, 0x0F, 0xF0, 0x00, 0x00, 0x3F, 0xF8, 0x00,
  0x01, 0xFE, 0xFF, 0x80, 0x0F, 0xFC, 0x3F, 0xF0, 0x0F, 0xF0, 0x1F, 0xE0, 0x0F, 0x80, 0x03, 0xE0,
  0x00, 0x00, 0x00, 0x00, 0x3F, 0xFF, 0xFF, 0xF8, 0x3F, 0xFF, 0xFF, 0xF8, 0x3F, 0xFF, 0xFF, 0xF8,
  0x00, 0x00, 0x00, 0x00, 0x00, 0x00, 0x00, 0x00, 0x07, 0xFF, 0xFF, 0xC0, 0x07, 0xFF, 0xFF, 0xC0,
  0x07, 0xFF, 0xFF, 0xC0, 0x00, 0x00, 0x03, 0xC0, 0x00, 0x00, 0x03, 0xC0, 0x07, 0xFF, 0xFF, 0xC0,
  0x07, 0xFF, 0xFF, 0xC0, 0x07, 0xFF, 0xFF, 0xC0, 0x07, 0x80, 0x00, 0x00, 0x07, 0x80, 0x00, 0x00,
  0x07, 0xFF, 0xFF, 0xE0, 0x07, 0xFF, 0xFF, 0xE0, 0x07, 0xFF, 0xFF, 0xE0, 0x00, 0x00, 0x00, 0x00,
  0x00, 0x00, 0x00, 0x00, 0x00, 0x00, 0x01, 0xE0, 0x00, 0x00, 0x01, 0xE0, 0x00, 0x00, 0x01, 0xE0,
  0x0F, 0xFF, 0xF1, 0xE0, 0x1F, 0xFF, 0xF1, 0xE0, 0x1F, 0xFF, 0xF1, 0xE0, 0x0F, 0xFF, 0xF1, 0xE0,
  0x00, 0x3C, 0x01, 0xE0, 0x00, 0x3C, 0x01, 0xE0, 0x00, 0x3C, 0x01, 0xE0, 0x00, 0x3C, 0x01, 0xE0,
  0x00, 0x7C, 0x01, 0xE0, 0x00, 0x7E, 0x01, 0xE0, 0x00, 0x7E, 0x01, 0xE0, 0x00, 0x7E, 0x01, 0xE0,
  0x00, 0xFF, 0x01, 0xE0, 0x00, 0xFF, 0x01, 0xE0, 0x01, 0xE7, 0x81, 0xE0, 0x03, 0xE7, 0xC1, 0xE0,
  0x07, 0xC3, 0xF1, 0xE0, 0x0F, 0xC1, 0xF9, 0xE0, 0x1F, 0x80, 0xF9, 0xE0, 0x1F, 0x00, 0x71, 0xE0,
  0x0E, 0x00, 0x21, 0xE0, 0x00, 0x00, 0x01, 0xE0, 0x00, 0x00, 0x01, 0xE0, 0x00, 0x00, 0x01, 0xE0,
  0x00, 0x00, 0x01, 0xE0, 0x00, 0x00, 0x01, 0xE0, 0x00, 0x00, 0x01, 0xE0, 0x00, 0x00, 0x00, 0x00,
  0x00, 0x00, 0x00, 0x00, 0x00, 0x00, 0x01, 0xE0, 0x00, 0x00, 0x01, 0xE0, 0x1F, 0xFF, 0xF1, 0xE0,
  0x1F, 0xFF, 0xF1, 0xE0, 0x1F, 0xFF, 0xF1, 0xE0, 0x00, 0x3C, 0x01, 0xE0, 0x00, 0x7C, 0x01, 0xE0,
  0x00, 0x7C, 0x01, 0xE0, 0x00, 0x7E, 0x01, 0xE0, 0x00, 0xFE, 0x01, 0xE0, 0x00, 0xFF, 0x01, 0xE0,
  0x01, 0xFF, 0x81, 0xE0, 0x03, 0xE7, 0xE1, 0xE0, 0x0F, 0xC3, 0xF9, 0xE0, 0x1F, 0x81, 0xF1, 0xE0,
  0x1F, 0x00, 0xF1, 0xE0, 0x0C, 0x00, 0x21, 0xE0, 0x00, 0x00, 0x01, 0xE0, 0x00, 0x00, 0x00, 0x00,
  0x01, 0xFF, 0xFF, 0xE0, 0x01, 0xFF, 0xFF, 0xE0, 0x01, 0xFF, 0xFF, 0xE0, 0x00, 0x00, 0x01, 0xE0,
  0x00, 0x00, 0x01, 0xE0, 0x00, 0x00, 0x01, 0xE0, 0x00, 0x00, 0x01, 0xE0, 0x00, 0x00, 0x01, 0xE0,
  0x00, 0x00, 0x01, 0xE0, 0x00, 0x00, 0x01, 0xE0, 0x00, 0x00, 0x01, 0xE0, 0x00, 0x00, 0x00, 0x00,
  0x00, 0x00, 0x00, 0x00, 0x00, 0x00, 0x01, 0xE0, 0x00, 0x00, 0x01, 0xE0, 0x0F, 0xFF, 0xF1, 0xE0,
  0x1F, 0xFF, 0xF1, 0xE0, 0x1F, 0xFF, 0xF1, 0xE0, 0x0F, 0xFF, 0xF1, 0xE0, 0x00, 0x7C, 0x01, 0xE0,
  0x00, 0x7C, 0x01, 0xE0, 0x00, 0x7C, 0x01, 0xE0, 0x00, 0x7E, 0x01, 0xE0, 0x00, 0xFE, 0x01, 0xE0,
  0x00, 0xFF, 0x01, 0xE0, 0x01, 0xEF, 0x81, 0xE0, 0x03, 0xE7, 0xC1, 0xE0, 0x0F, 0xC7, 0xF1, 0xE0,
  0x1F, 0x83, 0xF1, 0xE0, 0x1F, 0x00, 0xF1, 0xE0, 0x0E, 0x00, 0x21, 0xE0, 0x00, 0x00, 0x01, 0xE0,
  0x01, 0xE0, 0x01, 0xE0, 0x01, 0xE0, 0x01, 0xE0, 0x01, 0xE0, 0x01, 0xE0, 0x01, 0xE0, 0x00, 0x00,
  0x01, 0xE0, 0x00, 0x00, 0x01, 0xE0, 0x00, 0x00, 0x01, 0xE0, 0x00, 0x00, 0x01, 0xFF, 0xFF, 0xF0,
  0x01, 0xFF, 0xFF, 0xF0, 0x01, 0xFF, 0xFF, 0xF0, 0x01, 0xFF, 0xFF, 0xF0, 0x00, 0x00, 0x00, 0x00,
  0x00, 0x00, 0x00, 0x00, 0x00, 0x00, 0x01, 0xE0, 0x0F, 0xFF, 0xE1, 0xE0, 0x1F, 0xFF, 0xF1, 0xE0,
  0x1F, 0xFF, 0xF1, 0xE0, 0x0F, 0xFF, 0xF1, 0xE0, 0x00, 0x7C, 0x01, 0xE0, 0x00, 0x7C, 0x01, 0xE0,
  0x00, 0x7E, 0x01, 0xE0, 0x00, 0xFE, 0x01, 0xE0, 0x01, 0xFF, 0x01, 0xE0, 0x03, 0xEF, 0xC1, 0xE0,
  0x07, 0xE7, 0xF1, 0xE0, 0x1F, 0xC3, 0xF9, 0xE0, 0x1F, 0x80, 0xF1, 0xE0, 0x1E, 0x00, 0x21, 0xE0,
  0x08, 0x00, 0x00, 0x00, 0x00, 0x00, 0x00, 0x00, 0x01, 0xFF, 0xFF, 0xE0, 0x01, 0xFF, 0xFF, 0xE0,
  0x01, 0xFF, 0xFF, 0xE0, 0x00, 0x00, 0x01, 0xE0, 0x01, 0xFF, 0xFF, 0xE0, 0x01, 0xFF, 0xFF, 0xE0,
  0x01, 0xFF, 0xFF, 0xE0, 0x01, 0xE0, 0x00, 0x00, 0x01, 0xE0, 0x00, 0x00, 0x01, 0xE0, 0x00, 0x00,
  0x01, 0xFF, 0xFF, 0xF0, 0x01, 0xFF, 0xFF, 0xF0, 0x01, 0xFF, 0xFF, 0xF0, 0x00, 0x00, 0x00, 0x00,
  0x00, 0x00, 0x00, 0x00, 0x00, 0x00, 0x01, 0xE0, 0x00, 0x00, 0x01, 0xE0, 0x1F, 0xFF, 0xF1, 0xE0,
  0x1F, 0xFF, 0xF1, 0xE0, 0x1F, 0xFF, 0xF1, 0xE0, 0x00, 0x7C, 0x01, 0xE0, 0x00, 0x7C, 0x01, 0xE0,
  0x00, 0x7C, 0x01, 0xE0, 0x00, 0xFE, 0x01, 0xE0, 0x00, 0xFF, 0x01, 0xE0, 0x01, 0xFF, 0x81, 0xE0,
  0x03, 0xEF, 0xC1, 0xE0, 0x0F, 0xC7, 0xF1, 0xE0, 0x1F, 0x83, 0xF1, 0xE0, 0x1F, 0x00, 0xF1, 0xE0,
  0x0E, 0x00, 0x21, 0xE0, 0x00, 0x00, 0x00, 0x00, 0x00, 0x00, 0x00, 0x00, 0x01, 0xE0, 0x01, 0xE0,
  0x01, 0xE0, 0x01, 0xE0, 0x01, 0xFF, 0xFF, 0xE0, 0x01, 0xFF, 0xFF, 0xE0, 0x01, 0xFF, 0xFF, 0xE0,
  0x01, 0xE0, 0x01, 0xE0, 0x01, 0xE0, 0x01, 0xE0, 0x01, 0xE0, 0x01, 0xE0, 0x01, 0xE0, 0x01, 0xE0,
  0x01, 0xFF, 0xFF, 0xE0, 0x01, 0xFF, 0xFF, 0xE0, 0x01, 0xFF, 0xFF, 0xE0, 0x00, 0x00, 0x00, 0x00,
  0x00, 0x00, 0x00, 0x00, 0x00, 0x00, 0x01, 0xE0, 0x00, 0x00, 0x01, 0xE0, 0x0F, 0xFF, 0xF1, 0xE0,
  0x1F, 0xFF, 0xF1, 0xE0, 0x1F, 0xFF, 0xF1, 0xE0, 0x0F, 0xFF, 0xF1, 0xE0, 0x00, 0x7C, 0x01, 0xE0,
  0x00, 0x7C, 0x01, 0xE0, 0x00, 0x7E, 0x01, 0xE0, 0x00, 0x7E, 0x01, 0xE0, 0x00, 0xFF, 0x01, 0xE0,
  0x01, 0xFF, 0x81, 0xE0, 0x03, 0xE7, 0xE1, 0xE0, 0x07, 0xC3, 0xF9, 0xE0, 0x1F, 0xC1, 0xF9, 0xE0,
  0x1F, 0x80, 0xF1, 0xE0, 0x0E, 0x00, 0x21, 0xE0, 0x00, 0x00, 0x01, 0xE0, 0x00, 0x01, 0xE1, 0xE0,
  0x00, 0x01, 0xF1, 0xE0, 0x00, 0x01, 0xF0, 0x00, 0x00, 0x03, 0xF0, 0x00, 0x00, 0x03, 0xF8, 0x00,
  0x00, 0x07, 0xFC, 0x00, 0x00, 0x1F, 0xBE, 0x00, 0x00, 0x7F, 0x3F, 0x80, 0x03, 0xFE, 0x0F, 0xF0,
  0x03, 0xF8, 0x07, 0xF0, 0x03, 0xE0, 0x01, 0xF0, 0x01, 0x00, 0x00, 0x20, 0x00, 0x00, 0x00, 0x00,
  0x00, 0x00, 0x00, 0x00, 0x00, 0x00, 0x01, 0xC0, 0x00, 0x00, 0x03, 0xC0, 0x1F, 0xE7, 0xFB, 0xC0,
  0x1F, 0xFF, 0xFB, 0xC0, 0x1F, 0xFF, 0xFB, 0xC0, 0x1F, 0xE7, 0xFB, 0xC0, 0x03, 0xC3, 0xC3, 0xC0,
  0x03, 0xC3, 0xC3, 0xC0, 0x03, 0xC3, 0xC3, 0xF8, 0x07, 0xE7, 0xE3, 0xF8, 0x07, 0xE7, 0xE3, 0xF8,
  0x07, 0xE7, 0xE3, 0xC0, 0x0F, 0xFF, 0xF3, 0xC0, 0x1F, 0xFF, 0xFB, 0xC0, 0x3E, 0x7E, 0x7F, 0xC0,
  0x3C, 0x7E, 0x3F, 0xC0, 0x18, 0x3C, 0x1B, 0xC0, 0x00, 0x18, 0x03, 0xC0, 0x00, 0x00, 0x00, 0x00,
  0x03, 0xFF, 0xFF, 0xC0, 0x03, 0xFF, 0xFF, 0xC0, 0x03, 0xFF, 0xFF, 0xC0, 0x00, 0x00, 0x03, 0xC0,
  0x00, 0x00, 0x03, 0xC0, 0x00, 0x00, 0x03, 0xC0, 0x00, 0x00, 0x03, 0xC0, 0x00, 0x00, 0x03, 0xC0,
  0x00, 0x00, 0x03, 0xC0, 0x00, 0x00, 0x03, 0xC0, 0x00, 0x00, 0x03, 0xC0, 0x00, 0x00, 0x00, 0x00,
  0x00, 0x00, 0x00, 0x00, 0x00, 0x00, 0x03, 0xC0, 0x00, 0x00, 0x03, 0xC0, 0x1F, 0xEF, 0xFB, 0xC0,
  0x1F, 0xEF, 0xFB, 0xC0, 0x1F, 0xEF, 0xFB, 0xC0, 0x03, 0xC3, 0xC3, 0xC0, 0x03, 0xC3, 0xC3, 0xF8,
  0x03, 0xC3, 0xC3, 0xF8, 0x07, 0xC7, 0xC3, 0xF8, 0x07, 0xE7, 0xE3, 0xC0, 0x0F, 0xEF, 0xF3, 0xC0,
  0x1F, 0xFF, 0xFB, 0xC0, 0x3E, 0xFE, 0x7F, 0xC0, 0x3C, 0x7E, 0x7F, 0xC0, 0x18, 0x3C, 0x1B, 0xC0,
  0x00, 0x10, 0x03, 0xC0, 0x00, 0x00, 0x00, 0x00, 0x07, 0xFE, 0x71, 0xC0, 0x07, 0xFE, 0xF3, 0xC0,
  0x07, 0xFE, 0xF3, 0xC0, 0x00, 0x1E, 0xFF, 0xC0, 0x00, 0x1E, 0xFF, 0xC0, 0x07, 0xFE, 0xFF, 0xC0,
  0x07, 0xFE, 0xF3, 0xC0, 0x07, 0xFE, 0xF3, 0xC0, 0x07, 0x80, 0xF3, 0xC0, 0x07, 0x80, 0xF3, 0xC0,
  0x07, 0xFF, 0xFF, 0xC0, 0x07, 0xFF, 0xFF, 0xC0, 0x07, 0xFF, 0xFF, 0xC0, 0x00, 0x00, 0x00, 0x00,
  0x00, 0x00, 0x00, 0x00, 0x00, 0x00, 0x00, 0x00, 0x00, 0x00, 0x00, 0x00, 0x1F, 0xFE, 0x7F, 0xF8,
  0x1F, 0xFE, 0xFF, 0xF8, 0x1F, 0xFE, 0xFF, 0xF8, 0x0F, 0xFE, 0x7F, 0xF0, 0x00, 0xF0, 0x0F, 0x00,
  0x00, 0xF0, 0x0F, 0x00, 0x01, 0xF0, 0x1F, 0x00, 0x01, 0xF8, 0x1F, 0x80, 0x01, 0xF8, 0x3F, 0x80,
  0x03, 0xFC, 0x3F, 0xC0, 0x07, 0x9E, 0xFB, 0xE0, 0x1F, 0x9F, 0xF9, 0xF0, 0x1F, 0x0F, 0xF0, 0xF8,
  0x1E, 0x07, 0xE0, 0x78, 0x0C, 0x01, 0x80, 0x30, 0x00, 0x00, 0x00, 0x00, 0x00, 0x03, 0xC0, 0x00,
  0x00, 0x03, 0xC0, 0x00, 0x00, 0x03, 0xC0, 0x00, 0x00, 0x03, 0xC0, 0x00, 0x00, 0x03, 0xC0, 0x00,
  0x3F, 0xFF, 0xFF, 0xFC, 0x3F, 0xFF, 0xFF, 0xFC, 0x3F, 0xFF, 0xFF, 0xFC, 0x00, 0x00, 0x00, 0x00,
  0x00, 0x00, 0x00, 0x00, 0x00, 0x00, 0x00, 0x00, 0x00, 0x00, 0x00, 0x00, 0x00, 0x00, 0x00, 0x00,
  0x00, 0x00, 0x00, 0x00, 0x00, 0x00, 0x01, 0xE0, 0x00, 0x00, 0x01, 0xE0, 0x00, 0x00, 0x01, 0xE0,
  0x1F, 0xF7, 0xFD, 0xE0, 0x1F, 0xF7, 0xFD, 0xE0, 0x1F, 0xF7, 0xFD, 0xE0, 0x03, 0xC1, 0xE1, 0xE0,
  0x03, 0xC1, 0xE1, 0xE0, 0x03, 0xC1, 0xE1, 0xE0, 0x03, 0xC1, 0xE1, 0xE0, 0x03, 0xC1, 0xE1, 0xE0,
  0x03, 0xC1, 0xE1, 0xE0, 0x03, 0xC1, 0xE1, 0xE0, 0x03, 0xE3, 0xE1, 0xE0, 0x07, 0xE3, 0xF1, 0xE0,
  0x07, 0xE3, 0xF1, 0xE0, 0x07, 0xE3, 0xF1, 0xE0, 0x0F, 0xF7, 0xF9, 0xE0, 0x0F, 0xFF, 0xF9, 0xE0,
  0x1E, 0x7F, 0x3D, 0xE0, 0x3E, 0x7F, 0x3F, 0xE0, 0x3C, 0x3E, 0x1D, 0xE0, 0x1C, 0x1C, 0x1D, 0xE0,
  0x08, 0x08, 0x09, 0xE0, 0x00, 0x00, 0x01, 0xE0, 0x00, 0x00, 0x01, 0xE0, 0x00, 0x00, 0x01, 0xE0,
  0x00, 0x00, 0x01, 0xE0, 0x00, 0x00, 0x01, 0xE0, 0x00, 0x00, 0x01, 0xE0, 0x00, 0x00, 0x00, 0x00,
  0x00, 0x00, 0x00, 0x00, 0x00, 0x00, 0x01, 0xE0, 0x00, 0x00, 0x01, 0xE0, 0x1F, 0xFF, 0xF9, 0xE0,
  0x1F, 0xFF, 0xF9, 0xE0, 0x1F, 0xFF, 0xF9, 0xE0, 0x1F, 0xE7, 0xF9, 0xE0, 0x03, 0xC3, 0xC1, 0xE0,
  0x03, 0xC3, 0xC1, 0xE0, 0x03, 0xC3, 0xE1, 0xE0, 0x07, 0xE3, 0xE1, 0xE0, 0x07, 0xE7, 0xE1, 0xE0,
  0x07, 0xE7, 0xF1, 0xE0, 0x0F, 0xFF, 0xF1, 0xE0, 0x1F, 0xFF, 0x79, 0xE0, 0x3E, 0x7E, 0x7D, 0xE0,
  0x3C, 0x3E, 0x3D, 0xE0, 0x18, 0x1C, 0x19, 0xE0, 0x00, 0x00, 0x01, 0xE0, 0x00, 0x00, 0x00, 0x00,
  0x03, 0xFF, 0xFF, 0xE0, 0x03, 0xFF, 0xFF, 0xE0, 0x03, 0xFF, 0xFF, 0xE0, 0x00, 0x00, 0x01, 0xE0,
  0x00, 0x00, 0x01, 0xE0, 0x00, 0x00, 0x01, 0xE0, 0x00, 0x00, 0x01, 0xE0, 0x00, 0x00, 0x01, 0xE0,
  0x00, 0x00, 0x01, 0xE0, 0x00, 0x00, 0x01, 0xE0, 0x00, 0x00, 0x01, 0xE0, 0x00, 0x00, 0x00, 0x00,
  0x00, 0x00, 0x00, 0x00, 0x00, 0x00, 0x00, 0xF0, 0x1F, 0xE7, 0xF8, 0xF0, 0x1F, 0xFF, 0xF8, 0xF0,
  0x1F, 0xFF, 0xF8, 0xF0, 0x1F, 0xFF, 0xF8, 0xF0, 0x03, 0xC3, 0xC0, 0xF0, 0x03, 0xC3, 0xC0, 0xF0,
  0x03, 0xC3, 0xE0, 0xF0, 0x03, 0xE3, 0xE0, 0xF0, 0x07, 0xE7, 0xE0, 0xF0, 0x0F, 0xF7, 0xF0, 0xF0,
  0x1F, 0xFF, 0xF8, 0xF0, 0x3E, 0x7F, 0x7E, 0xF0, 0x3E, 0x7E, 0x3C, 0xF0, 0x18, 0x3C, 0x18, 0xF0,
  0x00, 0x18, 0x00, 0xF0, 0x00, 0x00, 0x00, 0x00, 0x01, 0xFF, 0xFF, 0xF0, 0x01, 0xFF, 0xFF, 0xF0,
  0x01, 0xFF, 0xFF, 0xF0, 0x00, 0x00, 0x00, 0xF0, 0x00, 0x00, 0x00, 0xF0, 0x01, 0xFF, 0xFF, 0xF0,
  0x01, 0xFF, 0xFF, 0xF0, 0x01, 0xFF, 0xFF, 0xF0, 0x01, 0xE0, 0x00, 0x00, 0x01, 0xE0, 0x00, 0x00,
  0x01, 0xFF, 0xFF, 0xF8, 0x01, 0xFF, 0xFF, 0xF8, 0x01, 0xFF, 0xFF, 0xF8, 0x00, 0x00, 0x00, 0x00,
  0x00, 0x00, 0x00, 0x00, 0x00, 0x00, 0x01, 0xE0, 0x00, 0x00, 0x01, 0xE0, 0x1F, 0xFF, 0xF9, 0xE0,
  0x1F, 0xFF, 0xF9, 0xE0, 0x1F, 0xFF, 0xF9, 0xE0, 0x03, 0xC3, 0xC1, 0xE0, 0x03, 0xC3, 0xC1, 0xE0,
  0x03, 0xC3, 0xE1, 0xE0, 0x07, 0xE3, 0xE1, 0xE0, 0x07, 0xE7, 0xE1, 0xE0, 0x0F, 0xE7, 0xF1, 0xE0,
  0x0F, 0xFF, 0xF9, 0xE0, 0x3E, 0x7F, 0x7D, 0xE0, 0x3E, 0x7E, 0x3D, 0xE0, 0x1C, 0x3C, 0x19, 0xE0,
  0x00, 0x18, 0x09, 0xE0, 0x00, 0x00, 0x00, 0x00, 0x00, 0x00, 0x00, 0x00, 0x01, 0xE0, 0x01, 0xE0,
  0x01, 0xE0, 0x01, 0xE0, 0x01, 0xE0, 0x01, 0xE0, 0x01, 0xFF, 0xFF, 0xE0, 0x01, 0xFF, 0xFF, 0xE0,
  0x01, 0xFF, 0xFF, 0xE0, 0x01, 0xE0, 0x01, 0xE0, 0x01, 0xE0, 0x01, 0xE0, 0x01, 0xE0, 0x01, 0xE0,
  0x01, 0xFF, 0xFF, 0xE0, 0x01, 0xFF, 0xFF, 0xE0, 0x01, 0xFF, 0xFF, 0xE0, 0x00, 0x00, 0x00, 0x00,
  0x00, 0x00, 0x00, 0x00, 0x00, 0x00, 0x07, 0x80, 0x00, 0x78, 0x07, 0x80, 0x00, 0x78, 0x07, 0x80,
  0x00, 0x78, 0x07, 0x80, 0x00, 0x78, 0x07, 0x80, 0x1F, 0xFF, 0xE7, 0x80, 0x1F, 0xFF, 0xE7, 0x80,
  0x1F, 0xFF, 0xE7, 0x80, 0x00, 0x78, 0x07, 0x80, 0x00, 0x78, 0x07, 0x80, 0x00, 0x78, 0x07, 0x80,
  0x00, 0x78, 0x07, 0x80, 0x00, 0xF8, 0x07, 0xFC, 0x00, 0xFC, 0x07, 0xFC, 0x00, 0xFC, 0x07, 0xFC,
  0x01, 0xFE, 0x07, 0x80, 0x01, 0xFE, 0x07, 0x80, 0x03, 0xDF, 0x07, 0x80, 0x07, 0xCF, 0x87, 0x80,
  0x0F, 0x87, 0xC7, 0x80, 0x1F, 0x87, 0xE7, 0x80, 0x3F, 0x03, 0xE7, 0x80, 0x3E, 0x01, 0xE7, 0x80,
  0x1C, 0x00, 0x47, 0x80, 0x00, 0x00, 0x07, 0x80, 0x00, 0x00, 0x07, 0x80, 0x00, 0x00, 0x07, 0x80,
  0x00, 0x00, 0x07, 0x80, 0x00, 0x00, 0x07, 0x80, 0x00, 0x00, 0x07, 0x80, 0x00, 0x00, 0x00, 0x00,
  0x00, 0x00, 0x00, 0x00, 0x00, 0x78, 0x03, 0xC0, 0x00, 0x78, 0x03, 0xC0, 0x00, 0x78, 0x03, 0xC0,
  0x0F, 0xFF, 0xE3, 0xC0, 0x1F, 0xFF, 0xE3, 0xC0, 0x1F, 0xFF, 0xE3, 0xC0, 0x1F, 0xFF, 0xE3, 0xC0,
  0x00, 0x78, 0x03, 0xC0, 0x00, 0x78, 0x03, 0xFC, 0x00, 0xFC, 0x03, 0xFC, 0x00, 0xFC, 0x03, 0xFC,
  0x01, 0xFE, 0x03, 0xC0, 0x01, 0xFF, 0x03, 0xC0, 0x07, 0xEF, 0xC3, 0xC0, 0x1F, 0xC7, 0xF3, 0xC0,
  0x3F, 0x83, 0xF3, 0xC0, 0x1F, 0x01, 0xE3, 0xC0, 0x0C, 0x00, 0x03, 0xC0, 0x00, 0x00, 0x03, 0xC0,
  0x00, 0x00, 0x00, 0x00, 0x03, 0xFF, 0xFF, 0xC0, 0x03, 0xFF, 0xFF, 0xC0, 0x03, 0xFF, 0xFF, 0xC0,
  0x00, 0x00, 0x03, 0xC0, 0x00, 0x00, 0x03, 0xC0, 0x00, 0x00, 0x03, 0xC0, 0x00, 0x00, 0x03, 0xC0,
  0x00, 0x00, 0x03, 0xC0, 0x00, 0x00, 0x03, 0xC0, 0x00, 0x00, 0x03, 0xC0, 0x00, 0x00, 0x00, 0x00,
  0x00, 0x00, 0x00, 0x00, 0x00, 0x70, 0x00, 0x00, 0x00, 0x78, 0x07, 0x80, 0x00, 0x78, 0x07, 0x80,
  0x00, 0x78, 0x07, 0x80, 0x1F, 0xFF, 0xE7, 0x80, 0x1F, 0xFF, 0xE7, 0x80, 0x0F, 0xFF, 0xC7, 0x80,
  0x00, 0x78, 0x07, 0xF8, 0x00, 0xF8, 0x07, 0xF8, 0x00, 0xFC, 0x07, 0xF8, 0x01, 0xFE, 0x07, 0x80,
  0x03, 0xFF, 0x07, 0x80, 0x07, 0xFF, 0x87, 0x80, 0x1F, 0xCF, 0xF7, 0x80, 0x3F, 0x87, 0xE7, 0x80,
  0x1F, 0x01, 0xE7, 0x80, 0x1C, 0x00, 0x07, 0x80, 0x00, 0x00, 0x03, 0x80, 0x00, 0x00, 0x00, 0x00,
  0x03, 0xFF, 0xFF, 0x80, 0x03, 0xFF, 0xFF, 0x80, 0x03, 0xFF, 0xFF, 0x80, 0x03, 0xC0, 0x07, 0x80,
  0x03, 0xC0, 0x07, 0x80, 0x03, 0xC0, 0x07, 0x80, 0x03, 0xC0, 0x07, 0x80, 0x03, 0xC0, 0x07, 0x80,
  0x03, 0xFF, 0xFF, 0x80, 0x03, 0xFF, 0xFF, 0x80, 0x03, 0xFF, 0xFF, 0x80, 0x00, 0x00, 0x00, 0x00,
  0x00, 0x00, 0x00, 0x00, 0x00, 0x38, 0x00, 0x00, 0x00, 0x78, 0x07, 0x80, 0x00, 0x78, 0x07, 0x80,
  0x00, 0x78, 0x07, 0x80, 0x1F, 0xFF, 0xE7, 0x80, 0x1F, 0xFF, 0xE7, 0x80, 0x00, 0x7C, 0x07, 0x80,
  0x00, 0x78, 0x07, 0xF8, 0x00, 0x7C, 0x07, 0xF8, 0x00, 0xFC, 0x07, 0xF8, 0x00, 0xFE, 0x07, 0x80,
  0x01, 0xFF, 0x07, 0x80, 0x07, 0xEF, 0x87, 0x80, 0x1F, 0xC7, 0xE7, 0x80, 0x3F, 0x83, 0xE7, 0x80,
  0x1F, 0x01, 0xE7, 0x80, 0x0C, 0x00, 0x07, 0x80, 0x00, 0x00, 0x00, 0x00, 0x00, 0x78, 0x1E, 0x00,
  0x00, 0x78, 0x1E, 0x00, 0x00, 0xF8, 0x1E, 0x00, 0x00, 0xF8, 0x1F, 0x00, 0x00, 0xF8, 0x3F, 0x00,
  0x01, 0xFC, 0x3F, 0x80, 0x03, 0xFE, 0x7F, 0xC0, 0x0F, 0xDF, 0xFB, 0xE0, 0x1F, 0x8F, 0xF1, 0xF0,
  0x0F, 0x07, 0xE0, 0xF0, 0x06, 0x03, 0xC0, 0x60, 0x00, 0x00, 0x00, 0x00, 0x00, 0x00, 0x00, 0x00,
  0x00, 0x00, 0x00, 0x00, 0x00, 0x78, 0x07, 0x80, 0x00, 0x78, 0x07, 0x80, 0x00, 0x78, 0x07, 0x80,
  0x1F, 0xFF, 0xE7, 0x80, 0x1F, 0xFF, 0xE7, 0x80, 0x1F, 0xFF, 0xE7, 0x80, 0x00, 0x78, 0x07, 0x80,
  0x00, 0x78, 0x07, 0xF8, 0x00, 0x7C, 0x07, 0xF8, 0x00, 0xFC, 0x07, 0xF8, 0x01, 0xFE, 0x07, 0x80,
  0x01, 0xFF, 0x07, 0x80, 0x07, 0xEF, 0xC7, 0x80, 0x1F, 0xC7, 0xF7, 0x80, 0x3F, 0x83, 0xE7, 0x80,
  0x1F, 0x01, 0xE7, 0x80, 0x1C, 0x00, 0x07, 0x80, 0x00, 0x00, 0x00, 0x00, 0x01, 0xFF, 0xFF, 0x80,
  0x03, 0xFF, 0xFF, 0xC0, 0x03, 0xFF, 0xFF, 0xC0, 0x03, 0xFF, 0xFF, 0xC0, 0x00, 0x07, 0xE0, 0x00,
  0x00, 0x07, 0xE0, 0x00, 0x00, 0x0F, 0xF8, 0x00, 0x00, 0x3F, 0xFC, 0x00, 0x01, 0xFE, 0x7F, 0x80,
  0x07, 0xFC, 0x1F, 0xE0, 0x03, 0xF0, 0x0F, 0xE0, 0x03, 0x80, 0x01, 0xC0, 0x00, 0x00, 0x00, 0x00,
  0x00, 0x00, 0x00, 0x00, 0x00, 0x00, 0x1C, 0x78, 0x00, 0xF0, 0x3C, 0x78, 0x00, 0xF0, 0x3C, 0x78,
  0x00, 0xF0, 0x3C, 0x78, 0x00, 0xF0, 0x3C, 0x78, 0x1F, 0xFF, 0xBC, 0x78, 0x1F, 0xFF, 0xBC, 0x78,
  0x1F, 0xFF, 0xBC, 0x78, 0x1F, 0xFF, 0xBC, 0x78, 0x00, 0xF0, 0x3C, 0x78, 0x00, 0xF0, 0x3C, 0x78,
  0x00, 0xF0, 0x3C, 0x78, 0x01, 0xF0, 0x3F, 0xF8, 0x01, 0xF0, 0x3F, 0xF8, 0x01, 0xF8, 0x3F, 0xF8,
  0x01, 0xF8, 0x3C, 0x78, 0x03, 0xFC, 0x3C, 0x78, 0x03, 0xFC, 0x3C, 0x78, 0x07, 0x9E, 0x3C, 0x78,
  0x0F, 0x9F, 0x3C, 0x78, 0x1F, 0x0F, 0xFC, 0x78, 0x3F, 0x07, 0xBC, 0x78, 0x1E, 0x03, 0x3C, 0x78,
  0x0C, 0x00, 0x3C, 0x78, 0x00, 0x00, 0x3C, 0x78, 0x00, 0x00, 0x3C, 0x78, 0x00, 0x00, 0x3C, 0x78,
  0x00, 0x00, 0x3C, 0x78, 0x00, 0x00, 0x3C, 0x78, 0x00, 0x00, 0x00, 0x78, 0x00, 0x00, 0x00, 0x00,
  0x00, 0x00, 0x00, 0x00, 0x00, 0xE0, 0x00, 0xF0, 0x00, 0xF0, 0x78, 0xF0, 0x00, 0xF0, 0x78, 0xF0,
  0x00, 0xF0, 0x78, 0xF0, 0x1F, 0xFF, 0x78, 0xF0, 0x1F, 0xFF, 0x78, 0xF0, 0x1F, 0xFF, 0x78, 0xF0,
  0x00, 0xF0, 0x78, 0xF0, 0x00, 0xF0, 0x7F, 0xF0, 0x01, 0xF0, 0x7F, 0xF0, 0x01, 0xF8, 0x7F, 0xF0,
  0x01, 0xF8, 0x78, 0xF0, 0x03, 0xFC, 0x78, 0xF0, 0x07, 0xBF, 0x78, 0xF0, 0x1F, 0x9F, 0xF8, 0xF0,
  0x1F, 0x0F, 0xF8, 0xF0, 0x1E, 0x07, 0x78, 0xF0, 0x08, 0x00, 0x78, 0xF0, 0x00, 0x00, 0x38, 0xF0,
  0x00, 0x00, 0x00, 0x00, 0x01, 0xFF, 0xFF, 0xF0, 0x01, 0xFF, 0xFF, 0xF0, 0x01, 0xFF, 0xFF, 0xF0,
  0x00, 0x00, 0x00, 0xF0, 0x00, 0x00, 0x00, 0xF0, 0x00, 0x00, 0x00, 0xF0, 0x00, 0x00, 0x00, 0xF0,
  0x00, 0x00, 0x00, 0xF0, 0x00, 0x00, 0x00, 0xF0, 0x00, 0x00, 0x00, 0xF0, 0x00, 0x00, 0x00, 0x00,
  0x00, 0x00, 0x00, 0x00, 0x00, 0x00, 0x00, 0xE0, 0x01, 0xE0, 0x79, 0xE0, 0x01, 0xE0, 0x79, 0xE0,
  0x01, 0xF0, 0x79, 0xE0, 0x1F, 0xFF, 0x79, 0xE0, 0x1F, 0xFF, 0x79, 0xE0, 0x1F, 0xFF, 0x79, 0xE0,
  0x01, 0xF0, 0x79, 0xE0, 0x01, 0xF0, 0x7F, 0xE0, 0x01, 0xF0, 0x7F, 0xE0, 0x01, 0xF0, 0x7F, 0xE0,
  0x03, 0xF8, 0x79, 0xE0, 0x03, 0xFC, 0x79, 0xE0, 0x07, 0xBE, 0x79, 0xE0, 0x1F, 0x9F, 0xF9, 0xE0,
  0x3F, 0x0F, 0xF9, 0xE0, 0x1E, 0x07, 0x79, 0xE0, 0x08, 0x00, 0x79, 0xE0, 0x00, 0x00, 0x01, 0xE0,
  0x00, 0x0F, 0xFE, 0x00, 0x00, 0x7F, 0xFF, 0x80, 0x00, 0xFF, 0xFF, 0xC0, 0x00, 0xFC, 0x07, 0xE0,
  0x01, 0xF0, 0x01, 0xE0, 0x01, 0xE0, 0x01, 0xE0, 0x01, 0xF0, 0x01, 0xE0, 0x00, 0xFC, 0x07, 0xE0,
  0x00, 0xFF, 0xFF, 0xC0, 0x00, 0x7F, 0xFF, 0x80, 0x00, 0x0F, 0xFE, 0x00, 0x00, 0x00, 0x00, 0x00,
  0x00, 0x00, 0x00, 0x00, 0x00, 0x00, 0x01, 0xE0, 0x00, 0x78, 0x01, 0xE0, 0x00, 0x78, 0x01, 0xE0,
  0x00, 0x78, 0x01, 0xE0, 0x00, 0x78, 0x01, 0xE0, 0x1F, 0xFF, 0xE1, 0xE0, 0x1F, 0xFF, 0xE1, 0xE0,
  0x1F, 0xFF, 0xE1, 0xE0, 0x00, 0x78, 0x01, 0xE0, 0x00, 0x78, 0x01, 0xE0, 0x00, 0x78, 0x01, 0xE0,
  0x00, 0x78, 0x01, 0xE0, 0x00, 0x7C, 0x7F, 0xE0, 0x00, 0xFC, 0x7F, 0xE0, 0x00, 0xFC, 0x7F, 0xE0,
  0x00, 0xFE, 0x01, 0xE0, 0x01, 0xFE, 0x01, 0xE0, 0x03, 0xEF, 0x01, 0xE0, 0x03, 0xCF, 0x81, 0xE0,
  0x07, 0xC7, 0xC1, 0xE0, 0x1F, 0x83, 0xF1, 0xE0, 0x3F, 0x03, 0xF1, 0xE0, 0x1E, 0x00, 0xE1, 0xE0,
  0x1C, 0x00, 0x61, 0xE0, 0x00, 0x00, 0x01, 0xE0, 0x00, 0x00, 0x01, 0xE0, 0x00, 0x00, 0x01, 0xE0,
  0x00, 0x00, 0x01, 0xE0, 0x00, 0x00, 0x01, 0xE0, 0x00, 0x00, 0x01, 0xE0, 0x00, 0x00, 0x00, 0x00,
  0x00, 0x00, 0x00, 0x00, 0x00, 0x38, 0x01, 0xE0, 0x00, 0x78, 0x01, 0xE0, 0x00, 0x78, 0x01, 0xE0,
  0x00, 0x7C, 0x01, 0xE0, 0x1F, 0xFF, 0xE1, 0xE0, 0x1F, 0xFF, 0xE1, 0xE0, 0x1F, 0xFF, 0xE1, 0xE0,
  0x00, 0x7C, 0x01, 0xE0, 0x00, 0x7C, 0x01, 0xE0, 0x00, 0x7C, 0x3F, 0xE0, 0x00, 0x7C, 0x3F, 0xE0,
  0x00, 0xFE, 0x3F, 0xE0, 0x01, 0xFF, 0x01, 0xE0, 0x03, 0xEF, 0x81, 0xE0, 0x07, 0xEF, 0xC1, 0xE0,
  0x1F, 0xC7, 0xF1, 0xE0, 0x3F, 0x83, 0xF1, 0xE0, 0x1F, 0x00, 0xE1, 0xE0, 0x0C, 0x00, 0x01, 0xE0,
  0x00, 0x00, 0x01, 0xE0, 0x00, 0xF0, 0x01, 0xE0, 0x00, 0xF0, 0x01, 0xE0, 0x00, 0xF0, 0x00, 0x00,
  0x00, 0xF0, 0x00, 0x00, 0x00, 0xF0, 0x00, 0x00, 0x00, 0xF0, 0x00, 0x00, 0x00, 0xFF, 0xFF, 0xF0,
  0x00, 0xFF, 0xFF, 0xF0, 0x00, 0xFF, 0xFF, 0xF0, 0x00, 0xFF, 0xFF, 0xF0, 0x00, 0x00, 0x00, 0x00,
  0x00, 0x00, 0x00, 0x00, 0x00, 0x7C, 0x01, 0xE0, 0x00, 0x7C, 0x01, 0xF0, 0x00, 0x7C, 0x01, 0xF0,
  0x1F, 0xFF, 0xE1, 0xF0, 0x1F, 0xFF, 0xE1, 0xF0, 0x1F, 0xFF, 0xE1, 0xF0, 0x00, 0x7C, 0x01, 0xF0,
  0x00, 0x7C, 0x3F, 0xF0, 0x00, 0x7C, 0x3F, 0xF0, 0x00, 0xFE, 0x3F, 0xF0, 0x01, 0xFF, 0x01, 0xF0,
  0x07, 0xEF, 0xC1, 0xF0, 0x1F, 0xC7, 0xF1, 0xF0, 0x3F, 0x83, 0xF1, 0xF0, 0x1F, 0x00, 0xE1, 0xF0,
  0x1C, 0x00, 0x00, 0xE0, 0x00, 0x00, 0x00, 0x00, 0x00, 0xFF, 0xFF, 0xF0, 0x00, 0xFF, 0xFF, 0xF0,
  0x00, 0xFF, 0xFF, 0xF0, 0x00, 0x00, 0x01, 0xF0, 0x00, 0x00, 0x01, 0xF0, 0x00, 0xFF, 0xFF, 0xF0,
  0x00, 0xFF, 0xFF, 0xF0, 0x00, 0xFF, 0xFF, 0xE0, 0x00, 0xF0, 0x00, 0x00, 0x00, 0xFF, 0xFF, 0xF0,
  0x00, 0xFF, 0xFF, 0xF0, 0x00, 0xFF, 0xFF, 0xF0, 0x00, 0xFF, 0xFF, 0xF0, 0x00, 0x00, 0x00, 0x00,
  0x00, 0x00, 0x00, 0x00, 0x00, 0x78, 0x01, 0xE0, 0x00, 0x78, 0x01, 0xE0, 0x00, 0x78, 0x01, 0xE0,
  0x1F, 0xFF, 0xE1, 0xE0, 0x1F, 0xFF, 0xE1, 0xE0, 0x1F, 0xFF, 0xE1, 0xE0, 0x00, 0x78, 0x01, 0xE0,
  0x00, 0x78, 0x01, 0xE0, 0x00, 0x7C, 0x3F, 0xE0, 0x00, 0xFC, 0x3F, 0xE0, 0x00, 0xFE, 0x3F, 0xE0,
  0x01, 0xFF, 0x01, 0xE0, 0x03, 0xEF, 0x81, 0xE0, 0x07, 0xCF, 0xE1, 0xE0, 0x1F, 0x87, 0xF1, 0xE0,
  0x3F, 0x01, 0xE1, 0xE0, 0x1E, 0x00, 0xE1, 0xE0, 0x08, 0x00, 0x01, 0xE0, 0x00, 0x01, 0xE1, 0xE0,
  0x00, 0x01, 0xF1, 0xE0, 0x00, 0x01, 0xF0, 0x00, 0x00, 0x03, 0xF0, 0x00, 0x00, 0x03, 0xF8, 0x00,
  0x00, 0x07, 0xFC, 0x00, 0x00, 0x1F, 0xBE, 0x00, 0x00, 0x7F, 0x1F, 0xC0, 0x03, 0xFE, 0x0F, 0xF0,
  0x03, 0xF8, 0x07, 0xF0, 0x01, 0xE0, 0x01, 0xF0, 0x00, 0x00, 0x00, 0x00, 0x00, 0x00, 0x00, 0x00,
  0x00, 0x00, 0x00, 0x00, 0x00, 0x78, 0x01, 0xE0, 0x00, 0x78, 0x01, 0xE0, 0x00, 0x78, 0x01, 0xE0,
  0x1F, 0xFF, 0xE1, 0xE0, 0x1F, 0xFF, 0xE1, 0xE0, 0x1F, 0xFF, 0xE1, 0xE0, 0x00, 0x78, 0x01, 0xE0,
  0x00, 0x78, 0x01, 0xE0, 0x00, 0x7C, 0x3F, 0xE0, 0x00, 0xFC, 0x3F, 0xE0, 0x00, 0xFE, 0x3F, 0xE0,
  0x01, 0xFF, 0x01, 0xE0, 0x03, 0xEF, 0x81, 0xE0, 0x0F, 0xCF, 0xF1, 0xE0, 0x3F, 0x87, 0xF1, 0xE0,
  0x1F, 0x01, 0xE1, 0xE0, 0x1E, 0x00, 0x61, 0xE0, 0x08, 0x00, 0x01, 0xE0, 0x00, 0x00, 0x00, 0x00,
  0x00, 0x0F, 0xFC, 0x00, 0x00, 0x7F, 0xFF, 0x80, 0x00, 0xFF, 0xFF, 0xC0, 0x01, 0xF8, 0x0F, 0xE0,
  0x01, 0xE0, 0x01, 0xE0, 0x01, 0xE0, 0x01, 0xE0, 0x01, 0xE0, 0x01, 0xE0, 0x01, 0xF8, 0x07, 0xE0,
  0x00, 0xFF, 0xFF, 0xC0, 0x00, 0x7F, 0xFF, 0x80, 0x00, 0x1F, 0xFC, 0x00, 0x00, 0x00, 0x00, 0x00,
  0x00, 0x00, 0x00, 0x00, 0x00, 0x00, 0x00, 0xE0, 0x00, 0xF0, 0x3C, 0xF0, 0x00, 0xF0, 0x3C, 0xF0,
  0x00, 0xF0, 0x3C, 0xF0, 0x00, 0xF0, 0x3C, 0xF0, 0x1F, 0xFF, 0xBC, 0xF0, 0x1F, 0xFF, 0xBC, 0xF0,
  0x1F, 0xFF, 0xBC, 0xF0, 0x1F, 0xFF, 0xBC, 0xF0, 0x00, 0xF0, 0x3C, 0xF0, 0x00, 0xF0, 0x3C, 0xF0,
  0x00, 0xF0, 0x3C, 0xF0, 0x01, 0xF3, 0xFC, 0xF0, 0x01, 0xF3, 0xFC, 0xF0, 0x01, 0xFB, 0xFC, 0xF0,
  0x01, 0xF8, 0x3C, 0xF0, 0x03, 0xFC, 0x3C, 0xF0, 0x03, 0xFC, 0x3C, 0xF0, 0x07, 0xBE, 0x3C, 0xF0,
  0x0F, 0x9F, 0x3C, 0xF0, 0x1F, 0x0F, 0xBC, 0xF0, 0x3F, 0x0F, 0xBC, 0xF0, 0x1E, 0x07, 0x3C, 0xF0,
  0x1C, 0x01, 0x3C, 0xF0, 0x00, 0x00, 0x3C, 0xF0, 0x00, 0x00, 0x3C, 0xF0, 0x00, 0x00, 0x3C, 0xF0,
  0x00, 0x00, 0x3C, 0xF0, 0x00, 0x00, 0x3C, 0xF0, 0x00, 0x00, 0x00, 0xF0, 0x00, 0x00, 0x00, 0x00,
  0x00, 0x00, 0x00, 0x00, 0x00, 0x78, 0x01, 0xE0, 0x00, 0x78, 0x01, 0xE0, 0x00, 0x78, 0x01, 0xE0,
  0x1F, 0xFF, 0xE1, 0xE0, 0x1F, 0xFF, 0xE1, 0xE0, 0x1F, 0xFF, 0xE1, 0xE0, 0x1F, 0xFF, 0xFF, 0xE0,
  0x00, 0x78, 0x1F, 0xE0, 0x00, 0xF8, 0x1F, 0xE0, 0x00, 0xFC, 0x1F, 0xE0, 0x01, 0xFE, 0x01, 0xE0,
  0x01, 0xFF, 0x1F, 0xE0, 0x07, 0xCF, 0x9F, 0xE0, 0x0F, 0xCF, 0xFF, 0xE0, 0x3F, 0x87, 0xF1, 0xE0,
  0x1F, 0x01, 0xE1, 0xE0, 0x1C, 0x00, 0x61, 0xE0, 0x00, 0x00, 0x01, 0xE0, 0x00, 0x78, 0x0F, 0x00,
  0x00, 0x78, 0x0F, 0x00, 0x00, 0x78, 0x0F, 0x00, 0x00, 0x7C, 0x1F, 0x00, 0x00, 0xFC, 0x1F, 0x80,
  0x00, 0xFE, 0x1F, 0xC0, 0x01, 0xFE, 0x3F, 0xC0, 0x07, 0xEF, 0xF9, 0xF0, 0x0F, 0xCF, 0xF9, 0xFC,
  0x0F, 0x87, 0xF0, 0xF8, 0x06, 0x01, 0xE0, 0x30, 0x00, 0x00, 0x80, 0x00, 0x00, 0x00, 0x00, 0x00,
  0x00, 0x00, 0x00, 0x00, 0x00, 0x00, 0x00, 0x00, 0x00, 0x00, 0x00, 0x00, 0x00, 0x03, 0xC0, 0x00,
  0x00, 0x03, 0xC0, 0x00, 0x00, 0x03, 0xC0, 0x00, 0x07, 0xFF, 0xFF, 0xE0, 0x07, 0xFF, 0xFF, 0xE0,
  0x07, 0xFF, 0xFF, 0xE0, 0x00, 0x03, 0xC0, 0x00, 0x00, 0x07, 0xC0, 0x00, 0x00, 0x07, 0xE0, 0x00,
  0x00, 0x0F, 0xE0, 0x00, 0x00, 0x0F, 0xF0, 0x00, 0x00, 0x3F, 0xFC, 0x00, 0x00, 0xFE, 0x7E, 0x00,
  0x07, 0xFC, 0x3F, 0xE0, 0x0F, 0xF8, 0x1F, 0xF0, 0x0F, 0xE0, 0x07, 0xF0, 0x07, 0x03, 0xC1, 0xE0,
  0x00, 0x03, 0xC0, 0x00, 0x00, 0x03, 0xC0, 0x00, 0x00, 0x03, 0xC0, 0x00, 0x00, 0x03, 0xC0, 0x00,
  0x00, 0x03, 0xC0, 0x00, 0x3F, 0xFF, 0xFF, 0xF8, 0x3F, 0xFF, 0xFF, 0xF8, 0x3F, 0xFF, 0xFF, 0xF8,
  0x00, 0x00, 0x00, 0x00, 0x00, 0x00, 0x00, 0x00, 0x00, 0x00, 0x00, 0x00, 0x00, 0x00, 0x00, 0x00,
  0x00, 0x00, 0x00, 0x00, 0x00, 0x07, 0x80, 0x00, 0x00, 0x07, 0x80, 0x00, 0x00, 0x07, 0x80, 0x00,
  0x0F, 0xFF, 0xFF, 0xC0, 0x0F, 0xFF, 0xFF, 0xC0, 0x0F, 0xFF, 0xFF, 0xC0, 0x00, 0x0F, 0xC0, 0x00,
  0x00, 0x0F, 0xE0, 0x00, 0x00, 0x3F, 0xF0, 0x00, 0x03, 0xFF, 0xFF, 0x00, 0x1F, 0xF8, 0x7F, 0xE0,
  0x1F, 0xF7, 0xBF, 0xE0, 0x0F, 0x87, 0x83, 0xC0, 0x00, 0x07, 0x80, 0x00, 0x3F, 0xFF, 0xFF, 0xF0,
  0x3F, 0xFF, 0xFF, 0xF8, 0x3F, 0xFF, 0xFF, 0xF8, 0x3F, 0xFF, 0xFF, 0xF0, 0x00, 0x00, 0x00, 0x00,
  0x07, 0x80, 0x07, 0x80, 0x07, 0x80, 0x07, 0x80, 0x07, 0xFF, 0xFF, 0x80, 0x07, 0xFF, 0xFF, 0x80,
  0x07, 0xFF, 0xFF, 0x80, 0x07, 0x80, 0x07, 0x80, 0x07, 0x80, 0x07, 0x80, 0x07, 0x80, 0x07, 0x80,
  0x07, 0xFF, 0xFF, 0x80, 0x07, 0xFF, 0xFF, 0x80, 0x07, 0xFF, 0xFF, 0x80, 0x00, 0x00, 0x00, 0x00,
  0x00, 0x00, 0x00, 0x00, 0x00, 0x07, 0x80, 0x00, 0x00, 0x07, 0x80, 0x00, 0x00, 0x07, 0x80, 0x00,
  0x0F, 0xFF, 0xFF, 0xC0, 0x0F, 0xFF, 0xFF, 0xC0, 0x0F, 0xFF, 0xFF, 0xC0, 0x00, 0x0F, 0xC0, 0x00,
  0x00, 0x0F, 0xC0, 0x00, 0x00, 0x3F, 0xF0, 0x00, 0x00, 0xFF, 0xFC, 0x00, 0x1F, 0xFC, 0xFF, 0xE0,
  0x1F, 0xF0, 0x3F, 0xE0, 0x0F, 0xC7, 0x8F, 0xE0, 0x00, 0x07, 0x80, 0x40, 0x00, 0x07, 0x80, 0x00,
  0x3F, 0xFF, 0xFF, 0xF8, 0x3F, 0xFF, 0xFF, 0xF8, 0x3F, 0xFF, 0xFF, 0xF8, 0x00, 0x00, 0x00, 0x00,
  0x00, 0x00, 0x00, 0x00, 0x00, 0x3F, 0xFC, 0x00, 0x01, 0xFF, 0xFF, 0x00, 0x03, 0xFF, 0xFF, 0x80,
  0x07, 0xE0, 0x0F, 0xC0, 0x07, 0x80, 0x03, 0xC0, 0x07, 0x80, 0x03, 0xC0, 0x07, 0xE0, 0x0F, 0xC0,
  0x03, 0xFF, 0xFF, 0x80, 0x01, 0xFF, 0xFF, 0x00, 0x00, 0x7F, 0xFC, 0x00, 0x00, 0x00, 0x00, 0x00,
  0x00, 0x00, 0x00, 0x00, 0x00, 0x3C, 0x01, 0xE0, 0x00, 0x3C, 0x01, 0xE0, 0x00, 0x3C, 0x01, 0xE0,
  0x00, 0x3C, 0x01, 0xE0, 0x0F, 0xFF, 0xF1, 0xE0, 0x0F, 0xFF, 0xF1, 0xE0, 0x0F, 0xFF, 0xF1, 0xE0,
  0x00, 0x3C, 0x01, 0xE0, 0x00, 0x3E, 0x01, 0xE0, 0x00, 0x7E, 0x01, 0xE0, 0x00, 0x7F, 0x01, 0xE0,
  0x00, 0xFF, 0x81, 0xE0, 0x01, 0xF7, 0xC1, 0xE0, 0x07, 0xE7, 0xF1, 0xE0, 0x1F, 0xC3, 0xF9, 0xE0,
  0x0F, 0x80, 0xF1, 0xE0, 0x0E, 0x3C, 0x71, 0xE0, 0x00, 0x3C, 0x01, 0xE0, 0x00, 0x3C, 0x01, 0xE0,
  0x00, 0x3C, 0x01, 0xE0, 0x00, 0x3C, 0x79, 0xE0, 0x3F, 0xFF, 0xFD, 0xE0, 0x1F, 0xFF, 0xFD, 0xE0,
  0x1F, 0xFF, 0xF1, 0xE0, 0x1F, 0x80, 0x01, 0xE0, 0x00, 0x00, 0x01, 0xE0, 0x00, 0x00, 0x01, 0xE0,
  0x00, 0x00, 0x01, 0xE0, 0x00, 0x00, 0x01, 0xE0, 0x00, 0x00, 0x01, 0xE0, 0x00, 0x00, 0x00, 0x00,
  0x00, 0x00, 0x00, 0x00, 0x00, 0x00, 0x00, 0x00, 0x00, 0x00, 0x00, 0x00, 0x00, 0x03, 0xC0, 0x00,
  0x00, 0x03, 0xC0, 0x00, 0x00, 0x03, 0xC0, 0x00, 0x07, 0xFF, 0xFF, 0xE0, 0x0F, 0xFF, 0xFF, 0xE0,
  0x0F, 0xFF, 0xFF, 0xE0, 0x00, 0x07, 0xC0, 0x00, 0x00, 0x07, 0xC0, 0x00, 0x00, 0x07, 0xE0, 0x00,
  0x00, 0x0F, 0xE0, 0x00, 0x00, 0x1F, 0xF0, 0x00, 0x00, 0x7E, 0xFC, 0x00, 0x01, 0xFC, 0x7F, 0x00,
  0x0F, 0xF8, 0x3F, 0xF0, 0x0F, 0xF0, 0x0F, 0xF0, 0x0F, 0xC0, 0x03, 0xE0, 0x04, 0x00, 0x00, 0x60,
  0x00, 0x78, 0x3C, 0x00, 0x00, 0x78, 0x3C, 0x00, 0x00, 0x78, 0x3C, 0x00, 0x00, 0x78, 0x3C, 0x00,
  0x00, 0x78, 0x3C, 0x00, 0x3F, 0xFF, 0xFF, 0xF8, 0x3F, 0xFF, 0xFF, 0xF8, 0x3F, 0xFF, 0xFF, 0xF8,
  0x00, 0x00, 0x00, 0x00, 0x00, 0x00, 0x00, 0x00, 0x00, 0x00, 0x00, 0x00, 0x00, 0x00, 0x00, 0x00,
  0x00, 0x00, 0x00, 0x00, 0x00, 0x03, 0xC0, 0x00, 0x00, 0x03, 0xC0, 0x00, 0x00, 0x03, 0xC0, 0x00,
  0x00, 0x03, 0xC0, 0x00, 0x07, 0xFF, 0xFF, 0xE0, 0x07, 0xFF, 0xFF, 0xE0, 0x07, 0xFF, 0xFF, 0xE0,
  0x00, 0x03, 0xC0, 0x00, 0x00, 0x07, 0xE0, 0x00, 0x00, 0x0F, 0xE0, 0x00, 0x00, 0x1F, 0xF0, 0x00,
  0x00, 0x3F, 0xFC, 0x00, 0x01, 0xFE, 0x7F, 0x80, 0x0F, 0xFC, 0x3F, 0xF0, 0x0F, 0xF0, 0x0F, 0xE0,
  0x07, 0xC0, 0x03, 0xE0, 0x00, 0x00, 0x00, 0x00, 0x00, 0x00, 0x00, 0x00, 0x3F, 0xFF, 0xFF, 0xF8,
  0x3F, 0xFF, 0xFF, 0xF8, 0x3F, 0xFF, 0xFF, 0xF8, 0x00, 0x03, 0xC0, 0x00, 0x00, 0x03, 0xC0, 0x00,
  0x00, 0x03, 0xC0, 0x00, 0x00, 0x03, 0xC0, 0x00, 0x00, 0x03, 0xC0, 0x00, 0x00, 0x03, 0xC0, 0x00,
  0x00, 0x03, 0xC0, 0x00, 0x00, 0x03, 0xC0, 0x00, 0x00, 0x03, 0xC0, 0x00, 0x00, 0x00, 0x00, 0x00,
  0x00, 0x00, 0x00, 0x00, 0x00, 0x07, 0x80, 0x00, 0x00, 0x07, 0x80, 0x00, 0x07, 0xFF, 0xFF, 0xC0,
  0x0F, 0xFF, 0xFF, 0xE0, 0x0F, 0xFF, 0xFF, 0xE0, 0x07, 0xFF, 0xFF, 0xC0, 0x00, 0x0F, 0xC0, 0x00,
  0x00, 0x3F, 0xF0, 0x00, 0x01, 0xFF, 0xFE, 0x00, 0x1F, 0xFC, 0x7F, 0xE0, 0x1F, 0xF0, 0x3F, 0xE0,
  0x0F, 0x80, 0x07, 0xE0, 0x00, 0x00, 0x00, 0x00, 0x3F, 0xFF, 0xFF, 0xF8, 0x3F, 0xFF, 0xFF, 0xF8,
  0x3F, 0xFF, 0xFF, 0xF8, 0x00, 0x07, 0x80, 0x00, 0x00, 0x07, 0x80, 0x00, 0x07, 0xFF, 0xFF, 0xC0,
  0x07, 0xFF, 0xFF, 0xC0, 0x07, 0xFF, 0xFF, 0xC0, 0x00, 0x00, 0x03, 0xC0, 0x07, 0xFF, 0xFF, 0xC0,
  0x07, 0xFF, 0xFF, 0xC0, 0x07, 0xFF, 0xFF, 0xC0, 0x07, 0x80, 0x00, 0x00, 0x07, 0x80, 0x00, 0x00,
  0x07, 0xFF, 0xFF, 0xE0, 0x07, 0xFF, 0xFF, 0xE0, 0x07, 0xFF, 0xFF, 0xE0, 0x00, 0x00, 0x00, 0x00,
  0x00, 0x00, 0x00, 0x00, 0x00, 0x07, 0x80, 0x00, 0x00, 0x07, 0x80, 0x00, 0x00, 0x07, 0x80, 0x00,
  0x0F, 0xFF, 0xFF, 0xC0, 0x0F, 0xFF, 0xFF, 0xC0, 0x0F, 0xFF, 0xFF, 0xC0, 0x00, 0x07, 0xC0, 0x00,
  0x00, 0x0F, 0xC0, 0x00, 0x00, 0x1F, 0xE0, 0x00, 0x00, 0x7F, 0xF8, 0x00, 0x07, 0xFC, 0xFF, 0x80,
  0x1F, 0xF8, 0x7F, 0xE0, 0x1F, 0xE0, 0x1F, 0xE0, 0x0F, 0x00, 0x03, 0xC0, 0x00, 0x00, 0x00, 0x00,
  0x3F, 0xFF, 0xFF, 0xF8, 0x3F, 0xFF, 0xFF, 0xF8, 0x3F, 0xFF, 0xFF, 0xF8, 0x00, 0x07, 0x80, 0x00,
  0x00, 0x07, 0x80, 0x00, 0x00, 0x3F, 0xFC, 0x00, 0x01, 0xFF, 0xFF, 0x00, 0x03, 0xFF, 0xFF, 0x80,
  0x07, 0xE0, 0x0F, 0xC0, 0x07, 0x80, 0x03, 0xC0, 0x07, 0x80, 0x03, 0xC0, 0x07, 0xE0, 0x0F, 0xC0,
  0x03, 0xFF, 0xFF, 0x80, 0x01, 0xFF, 0xFF, 0x00, 0x00, 0x7F, 0xFC, 0x00, 0x00, 0x00, 0x00, 0x00,
  0x00, 0x00, 0x00, 0x00, 0x00, 0x3C, 0x01, 0xE0, 0x00, 0x3C, 0x01, 0xE0, 0x00, 0x3C, 0x01, 0xE0,
  0x0F, 0xFF, 0xF1, 0xE0, 0x0F, 0xFF, 0xF1, 0xE0, 0x0F, 0xFF, 0xF1, 0xE0, 0x0F, 0xFF, 0xF1, 0xE0,
  0x00, 0x3C, 0x01, 0xE0, 0x00, 0x7E, 0x01, 0xE0, 0x00, 0x7F, 0x01, 0xE0, 0x00, 0xFF, 0x81, 0xE0,
  0x03, 0xF7, 0xE1, 0xE0, 0x0F, 0xE3, 0xF1, 0xE0, 0x0F, 0xC1, 0xF1, 0xE0, 0x0F, 0x00, 0x61, 0xE0,
  0x00, 0x00, 0x01, 0xE0, 0x1F, 0xFF, 0xFD, 0xE0, 0x3F, 0xFF, 0xFD, 0xE0, 0x3F, 0xFF, 0xF9, 0xE0,
  0x1F, 0xFE, 0x01, 0xE0, 0x00, 0x3C, 0x01, 0xE0, 0x00, 0x3C, 0x01, 0xE0, 0x00, 0x3C, 0x01, 0xE0,
  0x00, 0x3C, 0x01, 0xE0, 0x00, 0x3C, 0x01, 0xE0, 0x00, 0x3C, 0x01, 0xE0, 0x00, 0x3C, 0x01, 0xE0,
  0x00, 0x3C, 0x01, 0xE0, 0x00, 0x3C, 0x01, 0xE0, 0x00, 0x00, 0x01, 0xE0, 0x00, 0x00, 0x00, 0x00,
  0x00, 0x00, 0x00, 0x00, 0x00, 0x03, 0xC0, 0x00, 0x00, 0x03, 0xC0, 0x00, 0x00, 0x03, 0xC0, 0x00,
  0x07, 0xFF, 0xFF, 0xE0, 0x07, 0xFF, 0xFF, 0xE0, 0x07, 0xFF, 0xFF, 0xE0, 0x07, 0xFF, 0xFF, 0xE0,
  0x00, 0x07, 0xE0, 0x00, 0x00, 0x07, 0xE0, 0x00, 0x00, 0x0F, 0xF0, 0x00, 0x00, 0x1F, 0xF8, 0x00,
  0x00, 0x7E, 0x7E, 0x00, 0x07, 0xFC, 0x3F, 0xE0, 0x0F, 0xF8, 0x1F, 0xF0, 0x07, 0xE0, 0x07, 0xE0,
  0x07, 0x80, 0x01, 0xE0, 0x00, 0x00, 0x00, 0x00, 0x00, 0x00, 0x00, 0x00, 0x3F, 0xFF, 0xFF, 0xFC,
  0x3F, 0xFF, 0xFF, 0xFC, 0x1F, 0xFF, 0xFF, 0xFC, 0x00, 0x78, 0x1E, 0x00, 0x00, 0x78, 0x1E, 0x00,
  0x00, 0x78, 0x1E, 0x00, 0x00, 0x78, 0x1E, 0x00, 0x00, 0x78, 0x1E, 0x00, 0x00, 0x78, 0x1E, 0x00,
  0x00, 0x78, 0x1E, 0x00, 0x00, 0x78, 0x1E, 0x00, 0x00, 0x78, 0x1E, 0x00, 0x00, 0x00, 0x00, 0x00,
  0x00, 0x00, 0x00, 0x00, 0x00, 0x00, 0x00, 0x00, 0x00, 0x00, 0x00, 0x00, 0x00, 0x03, 0xC0, 0x00,
  0x00, 0x03, 0xC0, 0x00, 0x00, 0x03, 0xC0, 0x00, 0x00, 0x07, 0xC0, 0x00, 0x0F, 0xFF, 0xFF, 0xE0,
  0x0F, 0xFF, 0xFF, 0xE0, 0x0F, 0xFF, 0xFF, 0xE0, 0x00, 0x07, 0xC0, 0x00, 0x00, 0x07, 0xC0, 0x00,
  0x00, 0x07, 0xE0, 0x00, 0x00, 0x0F, 0xE0, 0x00, 0x00, 0x1F, 0xF0, 0x00, 0x00, 0x3E, 0xF8, 0x00,
  0x00, 0xFE, 0x7E, 0x00, 0x07, 0xFC, 0x3F, 0xC0, 0x1F, 0xF0, 0x1F, 0xF0, 0x0F, 0xE0, 0x07, 0xE0,
  0x0F, 0x00, 0x01, 0xE0, 0x00, 0x00, 0x00, 0x00, 0x00, 0x00, 0x00, 0x00, 0x00, 0x00, 0x00, 0x00,
  0x00, 0x00, 0x00, 0x00, 0x3F, 0xFF, 0xFF, 0xF8, 0x3F, 0xFF, 0xFF, 0xF8, 0x3F, 0xFF, 0xFF, 0xF8,
  0x00, 0x00, 0x00, 0x00, 0x00, 0x00, 0x00, 0x00, 0x00, 0x00, 0x00, 0x00, 0x00, 0x00, 0x00, 0x00,
  0x00, 0x00, 0x00, 0x00, 0x00, 0x00, 0x01, 0xE0, 0x00, 0x3C, 0x01, 0xE0, 0x00, 0x3C, 0x01, 0xE0,
  0x00, 0x3C, 0x01, 0xE0, 0x00, 0x3C, 0x01, 0xE0, 0x1F, 0xFF, 0xF1, 0xE0, 0x1F, 0xFF, 0xF1, 0xE0,
  0x1F, 0xFF, 0xF1, 0xE0, 0x00, 0x3C, 0x01, 0xE0, 0x00, 0x3C, 0x01, 0xE0, 0x00, 0x3C, 0x01, 0xE0,
  0x00, 0x3C, 0x01, 0xE0, 0x00, 0x7C, 0x01, 0xE0, 0x00, 0x7E, 0x01, 0xE0, 0x00, 0x7E, 0x01, 0xE0,
  0x00, 0xFF, 0x01, 0xE0, 0x00, 0xFF, 0x01, 0xE0, 0x01, 0xE7, 0x81, 0xE0, 0x03, 0xE7, 0xC1, 0xE0,
  0x07, 0xC3, 0xE1, 0xE0, 0x0F, 0xC3, 0xF9, 0xE0, 0x1F, 0x81, 0xF9, 0xE0, 0x1F, 0x00, 0x71, 0xE0,
  0x0E, 0x00, 0x31, 0xE0, 0x00, 0x00, 0x01, 0xE0, 0x00, 0x00, 0x01, 0xE0, 0x00, 0x00, 0x01, 0xE0,
  0x00, 0x00, 0x01, 0xE0, 0x00, 0x00, 0x01, 0xE0, 0x00, 0x00, 0x01, 0xE0, 0x00, 0x00, 0x00, 0x00,
  0x00, 0x00, 0x00, 0x00, 0x00, 0x38, 0x01, 0xE0, 0x00, 0x7C, 0x01, 0xE0, 0x00, 0x7C, 0x01, 0xE0,
  0x00, 0x7C, 0x01, 0xE0, 0x1F, 0xFF, 0xF1, 0xE0, 0x1F, 0xFF, 0xF1, 0xE0, 0x1F, 0xFF, 0xF1, 0xE0,
  0x00, 0x7C, 0x01, 0xE0, 0x00, 0x7C, 0x01, 0xE0, 0x00, 0x7C, 0x01, 0xE0, 0x00, 0x7E, 0x01, 0xE0,
  0x00, 0xFE, 0x01, 0xE0, 0x01, 0xFF, 0x01, 0xE0, 0x03, 0xEF, 0x81, 0xE0, 0x07, 0xE7, 0xE1, 0xE0,
  0x1F, 0xC3, 0xF9, 0xE0, 0x1F, 0x81, 0xF1, 0xE0, 0x0F, 0x00, 0x71, 0xE0, 0x0C, 0x00, 0x01, 0xE0,
  0x00, 0x00, 0x01, 0xE0, 0x01, 0xE0, 0x01, 0xE0, 0x01, 0xE0, 0x01, 0xE0, 0x01, 0xE0, 0x00, 0x00,
  0x01, 0xE0, 0x00, 0x00, 0x01, 0xE0, 0x00, 0x00, 0x01, 0xE0, 0x00, 0x00, 0x01, 0xFF, 0xFF, 0xF0,
  0x01, 0xFF, 0xFF, 0xF0, 0x01, 0xFF, 0xFF, 0xF0, 0x01, 0xFF, 0xFF, 0xF0, 0x00, 0x00, 0x00, 0x00,
  0x00, 0x00, 0x00, 0x00, 0x00, 0x7C, 0x01, 0xE0, 0x00, 0x7C, 0x01, 0xE0, 0x00, 0x7C, 0x01, 0xE0,
  0x1F, 0xFF, 0xF1, 0xE0, 0x1F, 0xFF, 0xF1, 0xE0, 0x1F, 0xFF, 0xF1, 0xE0, 0x00, 0x7C, 0x01, 0xE0,
  0x00, 0x7C, 0x01, 0xE0, 0x00, 0x7C, 0x01, 0xE0, 0x00, 0x7E, 0x01, 0xE0, 0x00, 0xFF, 0x01, 0xE0,
  0x01, 0xFF, 0x81, 0xE0, 0x03, 0xEF, 0xC1, 0xE0, 0x0F, 0xC7, 0xF1, 0xE0, 0x1F, 0xC3, 0xF1, 0xE0,
  0x1F, 0x00, 0xF1, 0xE0, 0x0E, 0x00, 0x21, 0xE0, 0x00, 0x00, 0x01, 0xE0, 0x00, 0x00, 0x00, 0x00,
  0x01, 0xFF, 0xFF, 0xE0, 0x01, 0xFF, 0xFF, 0xE0, 0x01, 0xFF, 0xFF, 0xE0, 0x01, 0xE0, 0x01, 0xE0,
  0x01, 0xE0, 0x01, 0xE0, 0x01, 0xE0, 0x01, 0xE0, 0x01, 0xE0, 0x01, 0xE0, 0x01, 0xE0, 0x01, 0xE0,
  0x01, 0xFF, 0xFF, 0xE0, 0x01, 0xFF, 0xFF, 0xE0, 0x01, 0xFF, 0xFF, 0xE0, 0x00, 0x00, 0x00, 0x00,
  0x00, 0x00, 0x00, 0x00, 0x00, 0x00, 0x07, 0x80, 0x00, 0x00, 0x07, 0x80, 0x00, 0x00, 0x07, 0x80,
  0x0F, 0xFF, 0xC7, 0x80, 0x0F, 0xFF, 0xC7, 0x80, 0x0F, 0xFF, 0xC7, 0x80, 0x00, 0x03, 0xC7, 0x80,
  0x00, 0x07, 0x87, 0x80, 0x00, 0x07, 0x87, 0x80, 0x00, 0x07, 0x87, 0x80, 0x00, 0x1F, 0x87, 0x80,
  0x1F, 0xFF, 0x87, 0x80, 0x1F, 0xFF, 0x07, 0xF8, 0x1F, 0xFF, 0x07, 0xF8, 0x1C, 0x1F, 0x07, 0xF8,
  0x00, 0x1E, 0x07, 0x80, 0x00, 0x3E, 0x07, 0x80, 0x00, 0x7C, 0x07, 0x80, 0x00, 0xF8, 0x07, 0x80,
  0x01, 0xF8, 0x07, 0x80, 0x03, 0xF0, 0x07, 0x80, 0x0F, 0xE0, 0x07, 0x80, 0x3F, 0x80, 0x07, 0x80,
  0x1F, 0x00, 0x07, 0x80, 0x0E, 0x00, 0x07, 0x80, 0x00, 0x00, 0x07, 0x80, 0x00, 0x00, 0x07, 0x80,
  0x00, 0x00, 0x07, 0x80, 0x00, 0x00, 0x07, 0x80, 0x00, 0x00, 0x07, 0x80, 0x00, 0x00, 0x00, 0x00,
  0x00, 0x00, 0x00, 0x00, 0x00, 0x00, 0x00, 0xF0, 0x00, 0x00, 0x78, 0xF0, 0x00, 0x00, 0x78, 0xF0,
  0x00, 0x00, 0x78, 0xF0, 0x0F, 0xFF, 0x78, 0xF0, 0x0F, 0xFF, 0x78, 0xF0, 0x0F, 0xFF, 0x78, 0xF0,
  0x00, 0x0E, 0x78, 0xF0, 0x00, 0x1E, 0x78, 0xF0, 0x00, 0x1E, 0x78, 0xF0, 0x00, 0x3E, 0x78, 0xF0,
  0x3F, 0xFE, 0x78, 0xF0, 0x1F, 0xFE, 0x7F, 0xF0, 0x1F, 0xFC, 0x7F, 0xF0, 0x10, 0x3C, 0x7F, 0xF0,
  0x00, 0x78, 0x78, 0xF0, 0x00, 0xF8, 0x78, 0xF0, 0x01, 0xF0, 0x78, 0xF0, 0x03, 0xE0, 0x78, 0xF0,
  0x07, 0xE0, 0x78, 0xF0, 0x0F, 0xC0, 0x78, 0xF0, 0x1F, 0x80, 0x78, 0xF0, 0x1F, 0x00, 0x78, 0xF0,
  0x0C, 0x00, 0x78, 0xF0, 0x00, 0x00, 0x78, 0xF0, 0x00, 0x00, 0x78, 0xF0, 0x00, 0x00, 0x78, 0xF0,
  0x00, 0x00, 0x78, 0xF0, 0x00, 0x00, 0x78, 0xF0, 0x00, 0x00, 0x00, 0xF0, 0x00, 0x00, 0x00, 0x00,
  0x00, 0x00, 0x00, 0x00, 0x00, 0x00, 0x00, 0xF0, 0x00, 0x00, 0x78, 0xF0, 0x00, 0x00, 0x78, 0xF0,
  0x0F, 0xFF, 0x78, 0xF0, 0x0F, 0xFE, 0x78, 0xF0, 0x0F, 0xFE, 0x78, 0xF0, 0x00, 0x0E, 0x78, 0xF0,
  0x00, 0x1E, 0x78, 0xF0, 0x07, 0xFE, 0x78, 0xF0, 0x3F, 0xFE, 0x7F, 0xF0, 0x1F, 0xFC, 0x7F, 0xF0,
  0x1F, 0xFC, 0x7F, 0xF0, 0x00, 0x78, 0x78, 0xF0, 0x00, 0xF0, 0x78, 0xF0, 0x03, 0xF0, 0x78, 0xF0,
  0x0F, 0xE0, 0x78, 0xF0, 0x3F, 0x80, 0x78, 0xF0, 0x1F, 0x00, 0x78, 0xF0, 0x1C, 0x00, 0x78, 0xF0,
  0x00, 0x00, 0x78, 0xF0, 0x00, 0xF0, 0x78, 0xF0, 0x00, 0xF0, 0x38, 0xF0, 0x00, 0xF0, 0x00, 0xE0,
  0x00, 0xF0, 0x00, 0x00, 0x00, 0xF0, 0x00, 0x00, 0x00, 0xF0, 0x00, 0x00, 0x00, 0xFF, 0xFF, 0xF8,
  0x00, 0xFF, 0xFF, 0xF8, 0x00, 0xFF, 0xFF, 0xF8, 0x00, 0xFF, 0xFF, 0xF8, 0x00, 0x00, 0x00, 0x00,
  0x00, 0x00, 0x00, 0x00, 0x00, 0x00, 0x00, 0xE0, 0x00, 0x00, 0x78, 0xF0, 0x00, 0x00, 0x78, 0xF0,
  0x0F, 0xFF, 0x78, 0xF0, 0x0F, 0xFF, 0x78, 0xF0, 0x0F, 0xFE, 0x78, 0xF0, 0x00, 0x1E, 0x78, 0xF0,
  0x00, 0x1E, 0x78, 0xF0, 0x1F, 0xFE, 0x7F, 0xF0, 0x3F, 0xFC, 0x7F, 0xF0, 0x1F, 0xFC, 0x7F, 0xF0,
  0x1F, 0x78, 0x78, 0xF0, 0x00, 0xF8, 0x78, 0xF0, 0x01, 0xF0, 0x78, 0xF0, 0x03, 0xE0, 0x78, 0xF0,
  0x0F, 0xC0, 0x78, 0xF0, 0x3F, 0x00, 0x78, 0xF0, 0x1C, 0x00, 0x78, 0xF0, 0x00, 0x0F, 0xFE, 0xE0,
  0x00, 0x3F, 0xFF, 0x80, 0x00, 0x7F, 0xFF, 0xC0, 0x00, 0xFC, 0x07, 0xE0, 0x01, 0xF0, 0x01, 0xF0,
  0x01, 0xE0, 0x00, 0xF0, 0x01, 0xE0, 0x00, 0xF0, 0x01, 0xF0, 0x01, 0xF0, 0x00, 0xFC, 0x07, 0xE0,
  0x00, 0x7F, 0xFF, 0xC0, 0x00, 0x3F, 0xFF, 0x80, 0x00, 0x0F, 0xFE, 0x00, 0x00, 0x00, 0x00, 0x00,
  0x00, 0x00, 0x00, 0x00, 0x00, 0x00, 0x01, 0xE0, 0x00, 0x00, 0x01, 0xE0, 0x00, 0x00, 0x01, 0xE0,
  0x0F, 0xFF, 0xC1, 0xE0, 0x0F, 0xFF, 0xC1, 0xE0, 0x0F, 0xFF, 0x81, 0xE0, 0x00, 0x07, 0x81, 0xE0,
  0x00, 0x07, 0x81, 0xE0, 0x00, 0x07, 0x81, 0xE0, 0x00, 0x07, 0x81, 0xE0, 0x00, 0x1F, 0x81, 0xE0,
  0x3F, 0xFF, 0x81, 0xE0, 0x1F, 0xFF, 0x7F, 0xE0, 0x1F, 0xFF, 0x7F, 0xE0, 0x18, 0x1E, 0x7F, 0xE0,
  0x00, 0x3E, 0x01, 0xE0, 0x00, 0x3E, 0x01, 0xE0, 0x00, 0x7C, 0x01, 0xE0, 0x00, 0xF8, 0x01, 0xE0,
  0x01, 0xF0, 0x01, 0xE0, 0x07, 0xF0, 0x01, 0xE0, 0x0F, 0xC0, 0x01, 0xE0, 0x3F, 0x80, 0x01, 0xE0,
  0x1F, 0x00, 0x01, 0xE0, 0x0C, 0x00, 0x01, 0xE0, 0x00, 0x00, 0x01, 0xE0, 0x00, 0x00, 0x01, 0xE0,
  0x00, 0x00, 0x01, 0xE0, 0x00, 0x00, 0x01, 0xE0, 0x00, 0x00, 0x01, 0xE0, 0x00, 0x00, 0x00, 0x00,
  0x00, 0x00, 0x00, 0x00, 0x00, 0x00, 0x01, 0xE0, 0x00, 0x00, 0x01, 0xE0, 0x07, 0xFF, 0xC1, 0xE0,
  0x07, 0xFF, 0xC1, 0xE0, 0x07, 0xFF, 0xC1, 0xE0, 0x00, 0x03, 0xC1, 0xE0, 0x00, 0x07, 0xC1, 0xE0,
  0x1F, 0xFF, 0xBF, 0xE0, 0x1F, 0xFF, 0xBF, 0xE0, 0x0F, 0xFF, 0x3F, 0xE0, 0x00, 0x3F, 0x01, 0xE0,
  0x00, 0x7E, 0x01, 0xE0, 0x01, 0xF8, 0x01, 0xE0, 0x0F, 0xF0, 0x01, 0xE0, 0x0F, 0xC0, 0x01, 0xE0,
  0x0E, 0x00, 0x01, 0xE0, 0x00, 0xFF, 0xFF, 0xE0, 0x00, 0xFF, 0xFF, 0xE0, 0x00, 0xFF, 0xFF, 0xE0,
  0x00, 0x00, 0x01, 0xE0, 0x00, 0x00, 0x01, 0xE0, 0x00, 0xFF, 0xFF, 0xE0, 0x00, 0xFF, 0xFF, 0xE0,
  0x00, 0xFF, 0xFF, 0xE0, 0x00, 0xF0, 0x00, 0x00, 0x00, 0xF0, 0x00, 0x00, 0x00, 0xFF, 0xFF, 0xF0,
  0x00, 0xFF, 0xFF, 0xF0, 0x00, 0xFF, 0xFF, 0xF0, 0x00, 0xFF, 0xFF, 0xF0, 0x00, 0x00, 0x00, 0x00,
  0x00, 0x00, 0x00, 0x00, 0x00, 0x00, 0x00, 0xE0, 0x00, 0x00, 0x3C, 0xF0, 0x00, 0x00, 0x3C, 0xF0,
  0x00, 0x00, 0x3C, 0xF0, 0x0F, 0xFF, 0x3C, 0xF0, 0x0F, 0xFF, 0x3C, 0xF0, 0x0F, 0xFE, 0x3C, 0xF0,
  0x00, 0x1E, 0x3C, 0xF0, 0x00, 0x1E, 0x3C, 0xF0, 0x00, 0x1E, 0x3C, 0xF0, 0x00, 0x1E, 0x3C, 0xF0,
  0x3F, 0xFE, 0x3C, 0xF0, 0x3F, 0xFF, 0xFC, 0xF0, 0x1F, 0xFF, 0xFC, 0xF0, 0x1C, 0x7F, 0xFC, 0xF0,
  0x00, 0x78, 0x3C, 0xF0, 0x00, 0xF8, 0x3C, 0xF0, 0x01, 0xF0, 0x3C, 0xF0, 0x03, 0xE0, 0x3C, 0xF0,
  0x07, 0xE0, 0x3C, 0xF0, 0x0F, 0xC0, 0x3C, 0xF0, 0x1F, 0x80, 0x3C, 0xF0, 0x1E, 0x00, 0x3C, 0xF0,
  0x0C, 0x00, 0x3C, 0xF0, 0x00, 0x00, 0x3C, 0xF0, 0x00, 0x00, 0x3C, 0xF0, 0x00, 0x00, 0x3C, 0xF0,
  0x00, 0x00, 0x3C, 0xF0, 0x00, 0x00, 0x38, 0xF0, 0x00, 0x00, 0x00, 0xF0, 0x00, 0x00, 0x00, 0x00,
  0x00, 0x00, 0x00, 0x00, 0x00, 0x00, 0x00, 0xF0, 0x00, 0x00, 0x3C, 0xF0, 0x0F, 0xFE, 0x3C, 0xF0,
  0x0F, 0xFF, 0x3C, 0xF0, 0x0F, 0xFE, 0x3C, 0xF0, 0x0F, 0xFE, 0x3C, 0xF0, 0x00, 0x1E, 0x3C, 0xF0,
  0x00, 0x1E, 0x3C, 0xF0, 0x1F, 0xFE, 0x3C, 0xF0, 0x3F, 0xFF, 0xFC, 0xF0, 0x1F, 0xFF, 0xFC, 0xF0,
  0x1E, 0x7F, 0xFC, 0xF0, 0x00, 0xF8, 0x3C, 0xF0, 0x01, 0xF0, 0x3C, 0xF0, 0x03, 0xE0, 0x3C, 0xF0,
  0x0F, 0xC0, 0x3C, 0xF0, 0x3F, 0x80, 0x3C, 0xF0, 0x1F, 0x00, 0x3C, 0xF0, 0x1C, 0x00, 0x3C, 0xF0,
  0x00, 0xF0, 0x3C, 0xF0, 0x00, 0xF0, 0x3C, 0xF0, 0x00, 0xF0, 0x00, 0xF0, 0x00, 0xF0, 0x00, 0x00,
  0x00, 0xF0, 0x00, 0x00, 0x00, 0xF0, 0x00, 0x00, 0x00, 0xF0, 0x00, 0x00, 0x00, 0xFF, 0xFF, 0xF8,
  0x00, 0xFF, 0xFF, 0xF8, 0x00, 0xFF, 0xFF, 0xF8, 0x00, 0xFF, 0xFF, 0xF8, 0x00, 0x00, 0x00, 0x00,
  0x00, 0x00, 0x00, 0x00, 0x00, 0x00, 0x00, 0xF0, 0x00, 0x00, 0x3C, 0xF0, 0x0F, 0xFE, 0x3C, 0xF0,
  0x0F, 0xFF, 0x3C, 0xF0, 0x0F, 0xFF, 0x3C, 0xF0, 0x0F, 0xFE, 0x3C, 0xF0, 0x00, 0x1E, 0x3C, 0xF0,
  0x00, 0x1E, 0x3C, 0xF0, 0x1F, 0xFF, 0xFC, 0xF0, 0x1F, 0xFF, 0xFC, 0xF0, 0x1F, 0xFF, 0xFC, 0xF0,
  0x1E, 0x7F, 0xFC, 0xF0, 0x00, 0x78, 0x3C, 0xF0, 0x00, 0xF0, 0x3C, 0xF0, 0x03, 0xF0, 0x3C, 0xF0,
  0x07, 0xE0, 0x3C, 0xF0, 0x1F, 0xC0, 0x3C, 0xF0, 0x1F, 0x00, 0x38, 0xF0, 0x1E, 0x00, 0xF0, 0xF0,
  0x00, 0x01, 0xF0, 0xF0, 0x00, 0x01, 0xF0, 0x00, 0x00, 0x01, 0xF0, 0x00, 0x00, 0x03, 0xF8, 0x00,
  0x00, 0x07, 0xFC, 0x00, 0x00, 0x0F, 0xBE, 0x00, 0x00, 0x3F, 0x1F, 0x80, 0x03, 0xFE, 0x0F, 0xF8,
  0x03, 0xFC, 0x07, 0xF8, 0x01, 0xF0, 0x01, 0xF0, 0x01, 0x80, 0x00, 0x30, 0x00, 0x00, 0x00, 0x00,
  0x00, 0x00, 0x00, 0x00, 0x00, 0x00, 0x01, 0xE0, 0x00, 0x00, 0x01, 0xE0, 0x0F, 0xFF, 0xC1, 0xE0,
  0x0F, 0xFF, 0xC1, 0xE0, 0x0F, 0xFF, 0xC1, 0xE0, 0x00, 0x03, 0xFF, 0xE0, 0x00, 0x07, 0xFF, 0xE0,
  0x01, 0xFF, 0xFF, 0xE0, 0x1F, 0xFF, 0x81, 0xE0, 0x1F, 0xFF, 0x81, 0xE0, 0x1F, 0xDF, 0x01, 0xE0,
  0x00, 0x3E, 0xFF, 0xE0, 0x00, 0x7E, 0xFF, 0xE0, 0x01, 0xFC, 0xFF, 0xE0, 0x0F, 0xF0, 0x01, 0xE0,
  0x1F, 0xE0, 0x01, 0xE0, 0x1F, 0x80, 0x01, 0xE0, 0x0E, 0x00, 0x01, 0xE0, 0x00, 0x00, 0x00, 0x00,
  0x00, 0xFF, 0xFF, 0xE0, 0x00, 0xFF, 0xFF, 0xE0, 0x00, 0xFF, 0xFF, 0xE0, 0x00, 0xF0, 0x01, 0xE0,
  0x00, 0xF0, 0x01, 0xE0, 0x00, 0xF0, 0x01, 0xE0, 0x00, 0xF0, 0x01, 0xE0, 0x00, 0xF0, 0x01, 0xE0,
  0x00, 0xFF, 0xFF, 0xE0, 0x00, 0xFF, 0xFF, 0xE0, 0x00, 0xFF, 0xFF, 0xE0, 0x00, 0x00, 0x00, 0x00,
  0x00, 0x00, 0x00, 0x00, 0x00, 0x00, 0x00, 0x00, 0x00, 0x00, 0x00, 0x00, 0x00, 0x00, 0x00, 0x00,
  0x07, 0xFF, 0xFF, 0xC0, 0x07, 0xFF, 0xFF, 0xC0, 0x07, 0xFF, 0xFF, 0xC0, 0x00, 0x00, 0x03, 0xC0,
  0x00, 0x00, 0x03, 0xC0, 0x00, 0x00, 0x03, 0xC0, 0x00, 0x00, 0x03, 0xC0, 0x0F, 0xFF, 0xFF, 0xC0,
  0x0F, 0xFF, 0xFF, 0xC0, 0x07, 0xFF, 0xFF, 0xC0, 0x07, 0xC0, 0x03, 0xC0, 0x00, 0x00, 0x03, 0xC0,
  0x00, 0x00, 0x07, 0xC0, 0x00, 0x0F, 0x07, 0xC0, 0x00, 0x0F, 0x07, 0x80, 0x00, 0x0F, 0x07, 0x80,
  0x00, 0x0F, 0x00, 0x00, 0x00, 0x0F, 0x00, 0x00, 0x00, 0x0F, 0x00, 0x00, 0x00, 0x0F, 0x00, 0x00,
  0x3F, 0xFF, 0xFF, 0xF8, 0x3F, 0xFF, 0xFF, 0xF8, 0x3F, 0xFF, 0xFF, 0xF8, 0x00, 0x00, 0x00, 0x00,
  0x00, 0x00, 0x00, 0x00, 0x00, 0x00, 0x00, 0x00, 0x00, 0x00, 0x00, 0x00, 0x00, 0x00, 0x00, 0x00,
  0x00, 0x00, 0x00, 0x00, 0x00, 0x00, 0x00, 0x00, 0x07, 0xFF, 0xFF, 0xC0, 0x07, 0xFF, 0xFF, 0xC0,
  0x07, 0xFF, 0xFF, 0xC0, 0x00, 0x00, 0x03, 0xC0, 0x00, 0x00, 0x07, 0xC0, 0x0F, 0xFF, 0xFF, 0xC0,
  0x0F, 0xFF, 0xFF, 0xC0, 0x0F, 0xFF, 0xFF, 0xC0, 0x06, 0x00, 0x07, 0xC0, 0x00, 0x0F, 0x07, 0x80,
  0x00, 0x0F, 0x07, 0x80, 0x00, 0x0F, 0x03, 0x80, 0x00, 0x0F, 0x00, 0x00, 0x3F, 0xFF, 0xFF, 0xF8,
  0x3F, 0xFF, 0xFF, 0xF8, 0x3F, 0xFF, 0xFF, 0xF8, 0x00, 0x00, 0x00, 0x00, 0x00, 0x00, 0x00, 0x00,
  0x07, 0x80, 0x00, 0x00, 0x07, 0x80, 0x00, 0x00, 0x07, 0x80, 0x00, 0x00, 0x07, 0x80, 0x00, 0x00,
  0x07, 0x80, 0x00, 0x00, 0x07, 0x80, 0x00, 0x00, 0x07, 0xFF, 0xFF, 0xC0, 0x07, 0xFF, 0xFF, 0xC0,
  0x07, 0xFF, 0xFF, 0xC0, 0x07, 0xFF, 0xFF, 0xC0, 0x00, 0x00, 0x00, 0x00, 0x00, 0x00, 0x00, 0x00,
  0x00, 0x00, 0x00, 0x00, 0x00, 0x00, 0x00, 0x00, 0x03, 0xFF, 0xFF, 0xC0, 0x03, 0xFF, 0xFF, 0xC0,
  0x03, 0xFF, 0xFF, 0xC0, 0x00, 0x00, 0x03, 0xC0, 0x00, 0x00, 0x03, 0xC0, 0x00, 0x00, 0x03, 0xC0,
  0x00, 0x00, 0x03, 0xC0, 0x07, 0xFF, 0xFF, 0xC0, 0x07, 0xFF, 0xFF, 0xC0, 0x07, 0xFF, 0xFF, 0xC0,
  0x07, 0x80, 0x07, 0xC0, 0x00, 0x00, 0x07, 0x80, 0x00, 0x00, 0x07, 0x80, 0x00, 0x00, 0x07, 0x80,
  0x3F, 0xFF, 0xFF, 0xF8, 0x3F, 0xFF, 0xFF, 0xF8, 0x3F, 0xFF, 0xFF, 0xF8, 0x00, 0x03, 0xC0, 0x00,
  0x00, 0x03, 0xC0, 0x00, 0x00, 0x03, 0xC0, 0x00, 0x00, 0x03, 0xC0, 0x00, 0x00, 0x03, 0xC0, 0x00,
  0x00, 0x03, 0xC0, 0x00, 0x00, 0x03, 0xC0, 0x00, 0x00, 0x03, 0xC0, 0x00, 0x00, 0x03, 0xC0, 0x00,
  0x00, 0x03, 0xC0, 0x00, 0x00, 0x03, 0xC0, 0x00, 0x00, 0x00, 0x00, 0x00, 0x00, 0x00, 0x00, 0x00,
  0x00, 0x00, 0x00, 0x00, 0x00, 0x00, 0x00, 0xF0, 0x00, 0x00, 0x00, 0xF0, 0x07, 0xFF, 0xF0, 0xF0,
  0x07, 0xFF, 0xF0, 0xF0, 0x07, 0xFF, 0xF0, 0xF0, 0x00, 0x00, 0xF0, 0xF0, 0x00, 0x00, 0xF0, 0xF0,
  0x00, 0x00, 0xF0, 0xF0, 0x0F, 0xFF, 0xF0, 0xF0, 0x0F, 0xFF, 0xF0, 0xF0, 0x0F, 0xFF, 0xF0, 0xF0,
  0x07, 0xE1, 0xF0, 0xF0, 0x00, 0x01, 0xF0, 0xF0, 0x00, 0x01, 0xE0, 0xF0, 0x00, 0x03, 0xFC, 0xF0,
  0x3F, 0xFF, 0xFE, 0xF0, 0x3F, 0xFF, 0xFE, 0xF0, 0x1F, 0xFF, 0xE0, 0xF0, 0x00, 0x3C, 0x00, 0xF0,
  0x00, 0x3C, 0x00, 0xF0, 0x00, 0x3C, 0x00, 0xF0, 0x00, 0x3C, 0x00, 0xF0, 0x00, 0x3C, 0x00, 0xF0,
  0x00, 0x3C, 0x00, 0xF0, 0x00, 0x3C, 0x00, 0xF0, 0x00, 0x3C, 0x00, 0xF0, 0x00, 0x3C, 0x00, 0xF0,
  0x00, 0x3C, 0x00, 0xF0, 0x00, 0x00, 0x00, 0xF0, 0x00, 0x00, 0x00, 0xF0, 0x00, 0x00, 0x00, 0x00,
  0x00, 0x00, 0x00, 0x00, 0x00, 0x00, 0x01, 0xE0, 0x00, 0x01, 0x81, 0xE0, 0x0F, 0xFF, 0xE1, 0xE0,
  0x0F, 0xFF, 0xE1, 0xE0, 0x0F, 0xFF, 0xE1, 0xE0, 0x00, 0x01, 0xE1, 0xE0, 0x00, 0x01, 0xE1, 0xE0,
  0x03, 0xFF, 0xE1, 0xE0, 0x0F, 0xFF, 0xE1, 0xE0, 0x0F, 0xFF, 0xE1, 0xE0, 0x0F, 0xFB, 0xE1, 0xE0,
  0x00, 0x03, 0xE1, 0xE0, 0x00, 0x03, 0xC1, 0xE0, 0x00, 0x7F, 0xF9, 0xE0, 0x3F, 0xFF, 0xFD, 0xE0,
  0x3F, 0xFF, 0xFD, 0xE0, 0x3F, 0xFF, 0x81, 0xE0, 0x00, 0x3C, 0x01, 0xE0, 0x00, 0x3C, 0x01, 0xE0,
  0x00, 0x3C, 0x01, 0xE0, 0x03, 0xFC, 0x01, 0xE0, 0x03, 0xDC, 0x01, 0xE0, 0x03, 0xC0, 0x00, 0x00,
  0x03, 0xC0, 0x00, 0x00, 0x03, 0xC0, 0x00, 0x00, 0x03, 0xC0, 0x00, 0x00, 0x03, 0xFF, 0xFF, 0xF0,
  0x03, 0xFF, 0xFF, 0xF0, 0x03, 0xFF, 0xFF, 0xF0, 0x03, 0xFF, 0xFF, 0xF0, 0x00, 0x00, 0x00, 0x00,
  0x00, 0x00, 0x00, 0x00, 0x00, 0x00, 0x00, 0x00, 0x00, 0x00, 0x00, 0x00, 0x00, 0x00, 0x00, 0x00,
  0x07, 0xFF, 0xFF, 0xC0, 0x07, 0xFF, 0xFF, 0xC0, 0x07, 0xFF, 0xFF, 0xC0, 0x00, 0x00, 0x03, 0xC0,
  0x00, 0x00, 0x03, 0xC0, 0x00, 0x00, 0x03, 0xC0, 0x00, 0x00, 0x03, 0xC0, 0x00, 0x00, 0x03, 0xC0,
  0x07, 0xFF, 0xFF, 0xC0, 0x07, 0xFF, 0xFF, 0xC0, 0x07, 0xFF, 0xFF, 0xC0, 0x07, 0x00, 0x03, 0xC0,
  0x00, 0x00, 0x03, 0xC0, 0x00, 0x00, 0x03, 0xC0, 0x00, 0x00, 0x07, 0xC0, 0x00, 0x00, 0x07, 0xC0,
  0x00, 0x00, 0x07, 0x80, 0x00, 0x00, 0x07, 0x80, 0x00, 0x00, 0x00, 0x00, 0x00, 0x00, 0x00, 0x00,
  0x3F, 0xFF, 0xFF, 0xF8, 0x3F, 0xFF, 0xFF, 0xF8, 0x3F, 0xFF, 0xFF, 0xF8, 0x00, 0x00, 0x00, 0x00,
  0x00, 0x00, 0x00, 0x00, 0x00, 0x00, 0x00, 0x00, 0x00, 0x00, 0x00, 0x00, 0x00, 0x00, 0x00, 0x00,
  0x00, 0x00, 0x00, 0x00, 0x00, 0x00, 0x00, 0x00, 0x07, 0xFF, 0xFF, 0xC0, 0x07, 0xFF, 0xFF, 0xC0,
  0x07, 0xFF, 0xFF, 0xC0, 0x00, 0x00, 0x03, 0xC0, 0x00, 0x00, 0x03, 0xC0, 0x00, 0x00, 0x03, 0xC0,
  0x07, 0xFF, 0xFF, 0xC0, 0x07, 0xFF, 0xFF, 0xC0, 0x07, 0xFF, 0xFF, 0xC0, 0x00, 0x00, 0x03, 0xC0,
  0x00, 0x00, 0x07, 0xC0, 0x00, 0x00, 0x07, 0xC0, 0x00, 0x00, 0x07, 0x80, 0x3F, 0xFF, 0xFF, 0xF8,
  0x3F, 0xFF, 0xFF, 0xF8, 0x3F, 0xFF, 0xFF, 0xF8, 0x00, 0x00, 0x00, 0x00, 0x00, 0x00, 0x00, 0x00,
  0x07, 0xC0, 0x00, 0x00, 0x07, 0xC0, 0x00, 0x00, 0x07, 0xC0, 0x00, 0x00, 0x07, 0xC0, 0x00, 0x00,
  0x07, 0xC0, 0x00, 0x00, 0x07, 0xC0, 0x00, 0x00, 0x07, 0xFF, 0xFF, 0xC0, 0x07, 0xFF, 0xFF, 0xE0,
  0x07, 0xFF, 0xFF, 0xE0, 0x07, 0xFF, 0xFF, 0xE0, 0x00, 0x00, 0x00, 0x00, 0x00, 0x00, 0x00, 0x00,
  0x00, 0x00, 0x00, 0x00, 0x03, 0xFF, 0xFF, 0xC0, 0x03, 0xFF, 0xFF, 0xC0, 0x03, 0xFF, 0xFF, 0xC0,
  0x00, 0x00, 0x03, 0xC0, 0x00, 0x00, 0x03, 0xC0, 0x07, 0xFF, 0xFF, 0xC0, 0x07, 0xFF, 0xFF, 0xC0,
  0x07, 0xFF, 0xFF, 0xC0, 0x02, 0x00, 0x03, 0xC0, 0x00, 0x00, 0x07, 0xC0, 0x00, 0x00, 0x07, 0xC0,
  0x3F, 0xFF, 0xFF, 0xF8, 0x3F, 0xFF, 0xFF, 0xF8, 0x3F, 0xFF, 0xFF, 0xF8, 0x00, 0x00, 0x00, 0x00,
  0x00, 0x00, 0x00, 0x00, 0x07, 0xFF, 0xFF, 0xC0, 0x07, 0xFF, 0xFF, 0xC0, 0x07, 0xFF, 0xFF, 0xC0,
  0x00, 0x00, 0x03, 0xC0, 0x00, 0x00, 0x03, 0xC0, 0x07, 0xFF, 0xFF, 0xC0, 0x07, 0xFF, 0xFF, 0xC0,
  0x07, 0xFF, 0xFF, 0xC0, 0x07, 0x80, 0x00, 0x00, 0x07, 0xC0, 0x00, 0x00, 0x07, 0xFF, 0xFF, 0xE0,
  0x07, 0xFF, 0xFF, 0xE0, 0x07, 0xFF, 0xFF, 0xE0, 0x00, 0x00, 0x00, 0x00, 0x00, 0x00, 0x00, 0x00,
  0x00, 0x00, 0x00, 0x00, 0x07, 0xFF, 0xFF, 0xC0, 0x07, 0xFF, 0xFF, 0xC0, 0x07, 0xFF, 0xFF, 0xC0,
  0x00, 0x00, 0x03, 0xC0, 0x00, 0x00, 0x03, 0xC0, 0x00, 0x00, 0x03, 0xC0, 0x07, 0xFF, 0xFF, 0xC0,
  0x07, 0xFF, 0xFF, 0xC0, 0x07, 0xFF, 0xFF, 0xC0, 0x03, 0x00, 0x03, 0xC0, 0x00, 0x00, 0x07, 0xC0,
  0x00, 0x00, 0x07, 0xC0, 0x00, 0x00, 0x07, 0x80, 0x3F, 0xFF, 0xFF, 0xF8, 0x3F, 0xFF, 0xFF, 0xF8,
  0x3F, 0xFF, 0xFF, 0xF8, 0x00, 0x00, 0x00, 0x00, 0x00, 0x00, 0x00, 0x00, 0x07, 0xFF, 0xFF, 0xC0,
  0x07, 0xFF, 0xFF, 0xC0, 0x07, 0xFF, 0xFF, 0xC0, 0x07, 0x80, 0x03, 0xC0, 0x07, 0x80, 0x03, 0xC0,
  0x07, 0x80, 0x03, 0xC0, 0x07, 0x80, 0x03, 0xC0, 0x07, 0x80, 0x03, 0xC0, 0x07, 0xFF, 0xFF, 0xC0,
  0x07, 0xFF, 0xFF, 0xC0, 0x07, 0xFF, 0xFF, 0xC0, 0x00, 0x00, 0x00, 0x00, 0x00, 0x00, 0x00, 0x00,
  0x00, 0x00, 0x00, 0x00, 0x00, 0x00, 0x01, 0xE0, 0x00, 0x00, 0x01, 0xE0, 0x00, 0x00, 0x01, 0xE0,
  0x07, 0xFF, 0xE1, 0xE0, 0x07, 0xFF, 0xE1, 0xE0, 0x07, 0xFF, 0xE1, 0xE0, 0x00, 0x01, 0xE1, 0xE0,
  0x00, 0x03, 0xE1, 0xE0, 0x00, 0x03, 0xC1, 0xE0, 0x00, 0x03, 0xC1, 0xE0, 0x00, 0xFF, 0xC1, 0xE0,
  0x1F, 0xFF, 0xC1, 0xE0, 0x1F, 0xFF, 0xC1, 0xE0, 0x0F, 0xFF, 0x81, 0xE0, 0x08, 0x0F, 0x81, 0xE0,
  0x00, 0x1F, 0x01, 0xE0, 0x00, 0x1F, 0x01, 0xE0, 0x00, 0x3E, 0x01, 0xE0, 0x00, 0x7C, 0x01, 0xE0,
  0x00, 0xF8, 0x01, 0xE0, 0x03, 0xF8, 0x01, 0xE0, 0x07, 0xE0, 0x01, 0xE0, 0x1F, 0xC0, 0x01, 0xE0,
  0x0F, 0x80, 0x01, 0xE0, 0x0E, 0x00, 0x01, 0xE0, 0x00, 0x00, 0x01, 0xE0, 0x00, 0x00, 0x01, 0xE0,
  0x00, 0x00, 0x01, 0xE0, 0x00, 0x00, 0x01, 0xE0, 0x00, 0x00, 0x01, 0xE0, 0x00, 0x00, 0x00, 0x00,
  0x00, 0x00, 0x00, 0x00, 0x00, 0x00, 0x01, 0xE0, 0x00, 0x00, 0x01, 0xE0, 0x0F, 0xFF, 0xC1, 0xE0,
  0x0F, 0xFF, 0xC1, 0xE0, 0x0F, 0xFF, 0xC1, 0xE0, 0x00, 0x03, 0xC1, 0xE0, 0x00, 0x07, 0xC1, 0xE0,
  0x00, 0x07, 0x81, 0xE0, 0x1F, 0xFF, 0x81, 0xE0, 0x1F, 0xFF, 0x81, 0xE0, 0x1F, 0xFF, 0x01, 0xE0,
  0x00, 0x3E, 0x01, 0xE0, 0x00, 0x7E, 0x01, 0xE0, 0x01, 0xFC, 0x01, 0xE0, 0x07, 0xF0, 0x01, 0xE0,
  0x1F, 0xE0, 0x01, 0xE0, 0x1F, 0x80, 0x01, 0xE0, 0x0E, 0x00, 0x01, 0xE0, 0x00, 0x0F, 0xFC, 0x00,
  0x00, 0x3F, 0xFF, 0x00, 0x00, 0xFF, 0xFF, 0xC0, 0x01, 0xFC, 0x0F, 0xC0, 0x01, 0xF0, 0x03, 0xE0,
  0x01, 0xE0, 0x01, 0xE0, 0x01, 0xE0, 0x01, 0xE0, 0x01, 0xF0, 0x03, 0xE0, 0x01, 0xFC, 0x0F, 0xC0,
  0x00, 0xFF, 0xFF, 0xC0, 0x00, 0x7F, 0xFF, 0x00, 0x00, 0x0F, 0xFC, 0x00, 0x00, 0x00, 0x00, 0x00,
  0x00, 0x00, 0x00, 0x00, 0x00, 0x00, 0x07, 0x80, 0x00, 0x00, 0x07, 0x80, 0x00, 0x00, 0x07, 0x80,
  0x1F, 0xFF, 0x87, 0x80, 0x1F, 0xFF, 0x87, 0x80, 0x1F, 0xFF, 0x87, 0x80, 0x1E, 0x00, 0x07, 0x80,
  0x1E, 0x00, 0x07, 0x80, 0x1E, 0x00, 0x07, 0x80, 0x1E, 0x00, 0x07, 0x80, 0x1E, 0x00, 0x07, 0x80,
  0x1F, 0xFF, 0x87, 0x80, 0x1F, 0xFF, 0x87, 0xFC, 0x1F, 0xFF, 0x87, 0xFC, 0x1E, 0x00, 0x07, 0xFC,
  0x1E, 0x00, 0x07, 0x80, 0x1E, 0x00, 0x07, 0x80, 0x1E, 0x00, 0x07, 0x80, 0x1E, 0x00, 0x07, 0x80,
  0x1E, 0x03, 0xE7, 0x80, 0x1F, 0xFF, 0xE7, 0x80, 0x1F, 0xFF, 0xE7, 0x80, 0x1F, 0xFF, 0xE7, 0x80,
  0x00, 0x00, 0x07, 0x80, 0x00, 0x00, 0x07, 0x80, 0x00, 0x00, 0x07, 0x80, 0x00, 0x00, 0x07, 0x80,
  0x00, 0x00, 0x07, 0x80, 0x00, 0x00, 0x07, 0x80, 0x00, 0x00, 0x07, 0x80, 0x00, 0x00, 0x00, 0x00,
  0x00, 0x00, 0x00, 0x00, 0x00, 0x00, 0x07, 0x80, 0x00, 0x00, 0x07, 0x80, 0x00, 0x00, 0x07, 0x80,
  0x1F, 0xFF, 0x87, 0x80, 0x1F, 0xFF, 0x87, 0x80, 0x1F, 0xFF, 0x87, 0x80, 0x1E, 0x00, 0x07, 0x80,
  0x1E, 0x00, 0x07, 0x80, 0x1F, 0xFF, 0x07, 0x80, 0x1F, 0xFF, 0x87, 0xF8, 0x1F, 0xFF, 0x87, 0xF8,
  0x1F, 0xFF, 0x07, 0xF8, 0x1E, 0x00, 0x07, 0x80, 0x1E, 0x00, 0x07, 0x80, 0x1E, 0x01, 0xE7, 0x80,
  0x1F, 0xFF, 0xE7, 0x80, 0x1F, 0xFF, 0xE7, 0x80, 0x1F, 0xFF, 0xC7, 0x80, 0x00, 0x00, 0x07, 0x80,
  0x00, 0x00, 0x07, 0x80, 0x03, 0xC0, 0x07, 0x80, 0x03, 0xE0, 0x07, 0x80, 0x03, 0xE0, 0x00, 0x00,
  0x03, 0xE0, 0x00, 0x00, 0x03, 0xE0, 0x00, 0x00, 0x03, 0xE0, 0x00, 0x00, 0x03, 0xFF, 0xFF, 0xC0,
  0x03, 0xFF, 0xFF, 0xC0, 0x03, 0xFF, 0xFF, 0xC0, 0x03, 0xFF, 0xFF, 0xC0, 0x00, 0x00, 0x00, 0x00,
  0x00, 0x00, 0x00, 0x00, 0x00, 0x00, 0x07, 0x80, 0x00, 0x00, 0x07, 0x80, 0x1F, 0xFF, 0x87, 0x80,
  0x1F, 0xFF, 0x87, 0x80, 0x1F, 0xFF, 0x87, 0x80, 0x1E, 0x00, 0x07, 0x80, 0x1E, 0x00, 0x07, 0xF8,
  0x1F, 0xFF, 0x87, 0xF8, 0x1F, 0xFF, 0x87, 0xF8, 0x1F, 0xFF, 0x87, 0xF8, 0x1E, 0x00, 0x07, 0x80,
  0x1E, 0x00, 0xE7, 0x80, 0x1F, 0xFF, 0xE7, 0x80, 0x1F, 0xFF, 0xE7, 0x80, 0x1F, 0xFF, 0xE7, 0x80,
  0x00, 0x00, 0x07, 0x80, 0x00, 0x00, 0x00, 0x00, 0x03, 0xFF, 0xFF, 0x80, 0x03, 0xFF, 0xFF, 0x80,
  0x03, 0xFF, 0xFF, 0x80, 0x00, 0x00, 0x07, 0x80, 0x00, 0x00, 0x07, 0x80, 0x03, 0xFF, 0xFF, 0x80,
  0x03, 0xFF, 0xFF, 0x80, 0x03, 0xFF, 0xFF, 0x80, 0x03, 0xC0, 0x00, 0x00, 0x03, 0xFF, 0xFF, 0xC0,
  0x03, 0xFF, 0xFF, 0xC0, 0x03, 0xFF, 0xFF, 0xC0, 0x03, 0xFF, 0xFF, 0xC0, 0x00, 0x00, 0x00, 0x00,
  0x00, 0x00, 0x00, 0x00, 0x00, 0x00, 0x07, 0x80, 0x00, 0x00, 0x07, 0x80, 0x1F, 0xFF, 0x87, 0x80,
  0x1F, 0xFF, 0x87, 0x80, 0x1F, 0xFF, 0x87, 0x80, 0x1E, 0x00, 0x07, 0x80, 0x1E, 0x00, 0x07, 0x80,
  0x1E, 0x00, 0x07, 0xF8, 0x1F, 0xFF, 0x87, 0xF8, 0x1F, 0xFF, 0x87, 0xF8, 0x1F, 0xFF, 0x87, 0xF8,
  0x1E, 0x00, 0x07, 0x80, 0x1E, 0x00, 0x07, 0x80, 0x1F, 0x07, 0xE7, 0x80, 0x1F, 0xFF, 0xE7, 0x80,
  0x1F, 0xFF, 0xE7, 0x80, 0x1F, 0xFF, 0x87, 0x80, 0x00, 0x00, 0x07, 0x80, 0x00, 0x00, 0x00, 0x00,
  0x03, 0xFF, 0xFF, 0x80, 0x03, 0xFF, 0xFF, 0x80, 0x03, 0xFF, 0xFF, 0x80, 0x03, 0xC0, 0x07, 0x80,
  0x03, 0xC0, 0x07, 0x80, 0x03, 0xC0, 0x07, 0x80, 0x03, 0xC0, 0x07, 0x80, 0x03, 0xC0, 0x07, 0x80,
  0x03, 0xFF, 0xFF, 0x80, 0x03, 0xFF, 0xFF, 0x80, 0x03, 0xFF, 0xFF, 0x80, 0x00, 0x00, 0x00, 0x00,
  0x00, 0x00, 0x00, 0x00, 0x00, 0x00, 0x03, 0x80, 0x00, 0x00, 0x07, 0xC0, 0x1F, 0xFF, 0x87, 0xC0,
  0x1F, 0xFF, 0x87, 0xC0, 0x1F, 0xFF, 0x87, 0xC0, 0x1F, 0x00, 0x07, 0xC0, 0x1F, 0x00, 0x07, 0xC0,
  0x1F, 0x00, 0x07, 0xF8, 0x1F, 0xFF, 0x87, 0xFC, 0x1F, 0xFF, 0x87, 0xFC, 0x1F, 0xFF, 0x87, 0xF8,
  0x1F, 0x00, 0x07, 0xC0, 0x1F, 0x00, 0x07, 0xC0, 0x1F, 0x03, 0xE7, 0xC0, 0x1F, 0xFF, 0xE7, 0xC0,
  0x1F, 0xFF, 0xE7, 0xC0, 0x1F, 0xFF, 0x87, 0xC0, 0x00, 0x00, 0x07, 0xC0, 0x00, 0x00, 0x00, 0x00,
  0x00, 0x3F, 0xF8, 0x00, 0x00, 0xFF, 0xFF, 0x00, 0x01, 0xFF, 0xFF, 0x80, 0x03, 0xF0, 0x0F, 0x80,
  0x03, 0xC0, 0x07, 0xC0, 0x03, 0xC0, 0x03, 0xC0, 0x03, 0xC0, 0x07, 0xC0, 0x03, 0xF0, 0x0F, 0x80,
  0x01, 0xFF, 0xFF, 0x80, 0x00, 0xFF, 0xFF, 0x00, 0x00, 0x3F, 0xF8, 0x00, 0x00, 0x00, 0x00, 0x00,
  0x00, 0x00, 0x00, 0x00, 0x00, 0x00, 0x78, 0xF0, 0x00, 0x00, 0x78, 0xF0, 0x00, 0x00, 0x78, 0xF0,
  0x1F, 0xFE, 0x78, 0xF0, 0x1F, 0xFE, 0x78, 0xF0, 0x1F, 0xFE, 0x78, 0xF0, 0x1E, 0x00, 0x78, 0xF0,
  0x1E, 0x00, 0x78, 0xF0, 0x1E, 0x00, 0x78, 0xF0, 0x1E, 0x00, 0x78, 0xF0, 0x1E, 0x00, 0x78, 0xF0,
  0x1F, 0xFE, 0x78, 0xF0, 0x1F, 0xFE, 0x7F, 0xF0, 0x1F, 0xFE, 0x7F, 0xF0, 0x1E, 0x00, 0x7F, 0xF0,
  0x1E, 0x00, 0x78, 0xF0, 0x1E, 0x00, 0x78, 0xF0, 0x1E, 0x00, 0x78, 0xF0, 0x1E, 0x00, 0x78, 0xF0,
  0x1E, 0x1F, 0x78, 0xF0, 0x1F, 0xFF, 0x78, 0xF0, 0x1F, 0xFF, 0x78, 0xF0, 0x1F, 0xFF, 0x78, 0xF0,
  0x00, 0x00, 0x78, 0xF0, 0x00, 0x00, 0x78, 0xF0, 0x00, 0x00, 0x78, 0xF0, 0x00, 0x00, 0x78, 0xF0,
  0x00, 0x00, 0x78, 0xF0, 0x00, 0x00, 0x78, 0xF0, 0x00, 0x00, 0x00, 0xF0, 0x00, 0x00, 0x00, 0x00,
  0x00, 0x00, 0x00, 0x00, 0x00, 0x00, 0x00, 0xF0, 0x00, 0x00, 0x78, 0xF0, 0x1F, 0xFE, 0x78, 0xF0,
  0x1F, 0xFE, 0x78, 0xF0, 0x1F, 0xFE, 0x78, 0xF0, 0x1E, 0x00, 0x78, 0xF0, 0x1E, 0x00, 0x78, 0xF0,
  0x1E, 0x00, 0x7F, 0xF0, 0x1F, 0xFE, 0x7F, 0xF0, 0x1F, 0xFE, 0x7F, 0xF0, 0x1F, 0xFE, 0x7F, 0xF0,
  0x1E, 0x00, 0x78, 0xF0, 0x1E, 0x00, 0x78, 0xF0, 0x1E, 0x07, 0x78, 0xF0, 0x1F, 0xFF, 0x78, 0xF0,
  0x1F, 0xFF, 0x78, 0xF0, 0x1F, 0xFF, 0x78, 0xF0, 0x00, 0x00, 0x78, 0xF0, 0x00, 0x00, 0x00, 0x00,
  0x00, 0x00, 0x00, 0x00, 0x01, 0xFF, 0xFF, 0xF0, 0x01, 0xFF, 0xFF, 0xF0, 0x01, 0xFF, 0xFF, 0xF0,
  0x00, 0x00, 0x00, 0xF0, 0x00, 0x00, 0x00, 0xF0, 0x00, 0x00, 0x00, 0xF0, 0x00, 0x00, 0x00, 0xF0,
  0x00, 0x00, 0x00, 0xF0, 0x00, 0x00, 0x00, 0xF0, 0x00, 0x00, 0x00, 0xF0, 0x00, 0x00, 0x00, 0x00,
  0x00, 0x00, 0x00, 0x00, 0x00, 0x00, 0x01, 0xE0, 0x00, 0x00, 0x01, 0xF0, 0x00, 0x00, 0x01, 0xF0,
  0x0F, 0xFF, 0xC1, 0xF0, 0x0F, 0xFF, 0xC1, 0xF0, 0x0F, 0xFF, 0xC1, 0xF0, 0x0F, 0x00, 0x01, 0xF0,
  0x0F, 0x00, 0x01, 0xF0, 0x0F, 0x00, 0x01, 0xF0, 0x0F, 0x00, 0x01, 0xF0, 0x0F, 0x00, 0x01, 0xF0,
  0x0F, 0xFF, 0xBF, 0xF0, 0x0F, 0xFF, 0xBF, 0xF0, 0x0F, 0xFF, 0xBF, 0xF0, 0x0F, 0x00, 0x01, 0xF0,
  0x0F, 0x00, 0x01, 0xF0, 0x0F, 0x00, 0x01, 0xF0, 0x0F, 0x00, 0x01, 0xF0, 0x0F, 0x00, 0x01, 0xF0,
  0x0F, 0x01, 0xE1, 0xF0, 0x0F, 0xFF, 0xE1, 0xF0, 0x0F, 0xFF, 0xE1, 0xF0, 0x0F, 0xFF, 0xE1, 0xF0,
  0x00, 0x00, 0x01, 0xF0, 0x00, 0x00, 0x01, 0xF0, 0x00, 0x00, 0x01, 0xF0, 0x00, 0x00, 0x01, 0xF0,
  0x00, 0x00, 0x01, 0xF0, 0x00, 0x00, 0x01, 0xF0, 0x00, 0x00, 0x01, 0xF0, 0x00, 0x00, 0x00, 0x00,
  0x00, 0x00, 0x00, 0x00, 0x00, 0x00, 0x03, 0xC0, 0x00, 0x00, 0x03, 0xE0, 0x1F, 0xFF, 0x83, 0xE0,
  0x1F, 0xFF, 0x83, 0xE0, 0x1F, 0xFF, 0x83, 0xE0, 0x1E, 0x00, 0x03, 0xE0, 0x1E, 0x00, 0x03, 0xE0,
  0x1E, 0x00, 0x3F, 0xE0, 0x1F, 0xFF, 0x7F, 0xE0, 0x1F, 0xFF, 0x7F, 0xE0, 0x1F, 0xFF, 0x7F, 0xE0,
  0x1E, 0x00, 0x03, 0xE0, 0x1E, 0x00, 0x03, 0xE0, 0x1E, 0x07, 0xC3, 0xE0, 0x1F, 0xFF, 0xC3, 0xE0,
  0x1F, 0xFF, 0xC3, 0xE0, 0x1F, 0xFF, 0x83, 0xE0, 0x00, 0x00, 0x03, 0xC0, 0x00, 0x00, 0x00, 0x00,
  0x01, 0xFF, 0xFF, 0xE0, 0x01, 0xFF, 0xFF, 0xE0, 0x01, 0xFF, 0xFF, 0xE0, 0x01, 0xE0, 0x03, 0xE0,
  0x01, 0xE0, 0x03, 0xE0, 0x01, 0xE0, 0x03, 0xE0, 0x01, 0xE0, 0x03, 0xE0, 0x01, 0xE0, 0x03, 0xE0,
  0x01, 0xFF, 0xFF, 0xE0, 0x01, 0xFF, 0xFF, 0xE0, 0x01, 0xFF, 0xFF, 0xE0, 0x00, 0x00, 0x00, 0x00,
  0x00, 0x00, 0x00, 0x00, 0x00, 0x00, 0x03, 0xC0, 0x00, 0x00, 0x03, 0xE0, 0x1F, 0xFF, 0x83, 0xE0,
  0x1F, 0xFF, 0x83, 0xE0, 0x1F, 0xFF, 0x83, 0xE0, 0x1E, 0x00, 0x03, 0xE0, 0x1E, 0x00, 0x03, 0xE0,
  0x1E, 0x00, 0x03, 0xE0, 0x1F, 0xFF, 0x7F, 0xE0, 0x1F, 0xFF, 0x7F, 0xE0, 0x1F, 0xFF, 0x7F, 0xE0,
  0x1E, 0x00, 0x03, 0xE0, 0x1E, 0x00, 0x03, 0xE0, 0x1E, 0x07, 0xC3, 0xE0, 0x1F, 0xFF, 0xC3, 0xE0,
  0x1F, 0xFF, 0xC3, 0xE0, 0x1F, 0xFF, 0x83, 0xE0, 0x00, 0x00, 0x03, 0xE0, 0x00, 0x00, 0x00, 0x00,
  0x00, 0x1F, 0xFC, 0x00, 0x00, 0x7F, 0xFF, 0x00, 0x00, 0xFF, 0xFF, 0x80, 0x01, 0xF8, 0x0F, 0xC0,
  0x01, 0xE0, 0x03, 0xC0, 0x03, 0xE0, 0x03, 0xE0, 0x01, 0xE0, 0x03, 0xC0, 0x01, 0xF8, 0x0F, 0xC0,
  0x00, 0xFF, 0xFF, 0x80, 0x00, 0x7F, 0xFF, 0x00, 0x00, 0x1F, 0xFC, 0x00, 0x00, 0x00, 0x00, 0x00,
  0x00, 0x00, 0x00, 0x00, 0x00, 0x00, 0x00, 0xE0, 0x00, 0x00, 0x3C, 0xF0, 0x00, 0x00, 0x3C, 0xF0,
  0x00, 0x00, 0x3C, 0xF0, 0x1F, 0xFE, 0x3C, 0xF0, 0x1F, 0xFE, 0x3C, 0xF0, 0x1F, 0xFE, 0x3C, 0xF0,
  0x1E, 0x00, 0x3C, 0xF0, 0x1E, 0x00, 0x3C, 0xF0, 0x1E, 0x00, 0x3C, 0xF0, 0x1E, 0x00, 0x3C, 0xF0,
  0x1E, 0x01, 0xFC, 0xF0, 0x1F, 0xFB, 0xFC, 0xF0, 0x1F, 0xFB, 0xFC, 0xF0, 0x1F, 0xFB, 0xFC, 0xF0,
  0x1E, 0x00, 0x3C, 0xF0, 0x1E, 0x00, 0x3C, 0xF0, 0x1E, 0x00, 0x3C, 0xF0, 0x1E, 0x00, 0x3C, 0xF0,
  0x1E, 0x07, 0x3C, 0xF0, 0x1F, 0xFF, 0x3C, 0xF0, 0x1F, 0xFF, 0x3C, 0xF0, 0x1F, 0xFF, 0x3C, 0xF0,
  0x00, 0x00, 0x3C, 0xF0, 0x00, 0x00, 0x3C, 0xF0, 0x00, 0x00, 0x3C, 0xF0, 0x00, 0x00, 0x3C, 0xF0,
  0x00, 0x00, 0x3C, 0xF0, 0x00, 0x00, 0x3C, 0xF0, 0x00, 0x00, 0x00, 0xF0, 0x00, 0x00, 0x00, 0x00,
  0x00, 0x00, 0x00, 0x00, 0x00, 0x00, 0x01, 0xE0, 0x00, 0x00, 0x3D, 0xE0, 0x1F, 0xFE, 0x3D, 0xE0,
  0x1F, 0xFE, 0x3D, 0xE0, 0x1F, 0xFE, 0x3D, 0xE0, 0x1E, 0x00, 0x3D, 0xE0, 0x1E, 0x00, 0x3D, 0xE0,
  0x1F, 0x01, 0xFD, 0xE0, 0x1F, 0xFD, 0xFD, 0xE0, 0x1F, 0xFD, 0xFD, 0xE0, 0x1F, 0xFD, 0xFD, 0xE0,
  0x1E, 0x00, 0x3D, 0xE0, 0x1E, 0x00, 0x3D, 0xE0, 0x1F, 0xFF, 0x3D, 0xE0, 0x1F, 0xFF, 0x3D, 0xE0,
  0x1F, 0xFF, 0x3D, 0xE0, 0x1F, 0xF8, 0x3D, 0xE0, 0x00, 0x00, 0x3D, 0xE0, 0x00, 0x00, 0x00, 0x00,
  0x01, 0xFF, 0xFF, 0xE0, 0x01, 0xFF, 0xFF, 0xE0, 0x01, 0xFF, 0xFF, 0xE0, 0x01, 0xE0, 0x01, 0xE0,
  0x01, 0xE0, 0x01, 0xE0, 0x01, 0xE0, 0x01, 0xE0, 0x01, 0xE0, 0x01, 0xE0, 0x01, 0xE0, 0x01, 0xE0,
  0x01, 0xFF, 0xFF, 0xE0, 0x01, 0xFF, 0xFF, 0xE0, 0x01, 0xFF, 0xFF, 0xE0, 0x00, 0x00, 0x00, 0x00,
  0x00, 0x00, 0x00, 0x00, 0x00, 0x00, 0x00, 0x00, 0x00, 0x00, 0x00, 0x00, 0x07, 0xFF, 0xFF, 0xC0,
  0x07, 0xFF, 0xFF, 0xC0, 0x07, 0xFF, 0xFF, 0xC0, 0x07, 0x80, 0x00, 0x00, 0x07, 0x80, 0x00, 0x00,
  0x07, 0x80, 0x00, 0x00, 0x07, 0x80, 0x00, 0x00, 0x07, 0xFF, 0xFF, 0x80, 0x07, 0xFF, 0xFF, 0x80,
  0x07, 0xFF, 0xFF, 0x80, 0x07, 0x80, 0x00, 0x00, 0x07, 0x80, 0x00, 0x00, 0x07, 0x80, 0x00, 0x00,
  0x07, 0xFF, 0xFF, 0xC0, 0x07, 0xFF, 0xFF, 0xC0, 0x07, 0xFF, 0xFF, 0xC0, 0x00, 0x07, 0x80, 0x00,
  0x00, 0x07, 0x80, 0x00, 0x00, 0x07, 0x80, 0x00, 0x00, 0x07, 0x80, 0x00, 0x00, 0x07, 0x80, 0x00,
  0x3F, 0xFF, 0xFF, 0xF8, 0x3F, 0xFF, 0xFF, 0xF8, 0x3F, 0xFF, 0xFF, 0xF8, 0x00, 0x00, 0x00, 0x00,
  0x00, 0x00, 0x00, 0x00, 0x00, 0x00, 0x00, 0x00, 0x00, 0x00, 0x00, 0x00, 0x00, 0x00, 0x00, 0x00,
  0x00, 0x00, 0x00, 0x00, 0x03, 0xFF, 0xFF, 0xC0, 0x03, 0xFF, 0xFF, 0xC0, 0x03, 0xFF, 0xFF, 0xC0,
  0x03, 0xC0, 0x00, 0x00, 0x03, 0xC0, 0x00, 0x00, 0x03, 0xFF, 0xFF, 0x80, 0x03, 0xFF, 0xFF, 0x80,
  0x03, 0xFF, 0xFF, 0x80, 0x03, 0xC0, 0x00, 0x00, 0x03, 0xC0, 0x00, 0x00, 0x03, 0xFF, 0xFF, 0xE0,
  0x03, 0xFF, 0xFF, 0xE0, 0x03, 0xFF, 0xFF, 0xE0, 0x00, 0x03, 0xC0, 0x00, 0x00, 0x03, 0xC0, 0x00,
  0x00, 0x03, 0xC0, 0x00, 0x1F, 0xFF, 0xFF, 0xFC, 0x1F, 0xFF, 0xFF, 0xFC, 0x1F, 0xFF, 0xFF, 0xFC,
  0x00, 0x00, 0x00, 0x00, 0x03, 0xC0, 0x00, 0x00, 0x03, 0xC0, 0x00, 0x00, 0x03, 0xC0, 0x00, 0x00,
  0x03, 0xC0, 0x00, 0x00, 0x03, 0xC0, 0x00, 0x00, 0x03, 0xFF, 0xFF, 0xE0, 0x03, 0xFF, 0xFF, 0xE0,
  0x03, 0xFF, 0xFF, 0xE0, 0x03, 0xFF, 0xFF, 0xE0, 0x00, 0x00, 0x00, 0x00, 0x00, 0x00, 0x00, 0x00,
  0x00, 0x00, 0x00, 0x00, 0x03, 0xFF, 0xFF, 0xC0, 0x03, 0xFF, 0xFF, 0xC0, 0x03, 0xFF, 0xFF, 0xC0,
  0x03, 0x80, 0x00, 0x00, 0x03, 0x80, 0x00, 0x00, 0x03, 0xFF, 0xFF, 0x80, 0x03, 0xFF, 0xFF, 0x80,
  0x03, 0xFF, 0xFF, 0x80, 0x03, 0x80, 0x00, 0x00, 0x07, 0xFF, 0xFF, 0x80, 0x07, 0xFF, 0xFF, 0xC0,
  0x03, 0xFF, 0xFF, 0xC0, 0x00, 0x07, 0x80, 0x00, 0x00, 0x07, 0x80, 0x00, 0x00, 0x07, 0x80, 0x00,
  0x3F, 0xFF, 0xFF, 0xF8, 0x3F, 0xFF, 0xFF, 0xF8, 0x3F, 0xFF, 0xFF, 0xF8, 0x00, 0x00, 0x00, 0x00,
  0x00, 0x3F, 0xF8, 0x00, 0x01, 0xFF, 0xFF, 0x00, 0x03, 0xFF, 0xFF, 0x80, 0x07, 0xF0, 0x1F, 0xC0,
  0x07, 0x80, 0x03, 0xC0, 0x07, 0x80, 0x03, 0xC0, 0x07, 0xE0, 0x0F, 0xC0, 0x03, 0xFF, 0xFF, 0x80,
  0x01, 0xFF, 0xFF, 0x00, 0x00, 0x7F, 0xFC, 0x00, 0x00, 0x00, 0x00, 0x00, 0x00, 0x00, 0x00, 0x00,
  0x00, 0x00, 0x00, 0x00, 0x00, 0x00, 0x00, 0x00, 0x07, 0xFF, 0xFF, 0xC0, 0x07, 0xFF, 0xFF, 0xC0,
  0x07, 0xFF, 0xFF, 0xC0, 0x07, 0x80, 0x00, 0x00, 0x07, 0x80, 0x00, 0x00, 0x07, 0xFF, 0xFF, 0x80,
  0x07, 0xFF, 0xFF, 0x80, 0x07, 0xFF, 0xFF, 0x80, 0x07, 0x80, 0x00, 0x00, 0x07, 0x80, 0x00, 0x00,
  0x07, 0xFF, 0xFF, 0xC0, 0x07, 0xFF, 0xFF, 0xC0, 0x07, 0xFF, 0xFF, 0xC0, 0x03, 0xFF, 0xFF, 0x80,
  0x00, 0x00, 0x00, 0x00, 0x00, 0x00, 0x00, 0x00, 0x3F, 0xFF, 0xFF, 0xF8, 0x3F, 0xFF, 0xFF, 0xF8,
  0x3F, 0xFF, 0xFF, 0xF8, 0x00, 0x07, 0x80, 0x00, 0x00, 0x07, 0x80, 0x00, 0x00, 0x07, 0x80, 0x00,
  0x00, 0x07, 0x80, 0x00, 0x00, 0x07, 0x80, 0x00, 0x00, 0x07, 0x80, 0x00, 0x00, 0x07, 0x80, 0x00,
  0x00, 0x07, 0x80, 0x00, 0x00, 0x07, 0x80, 0x00, 0x00, 0x00, 0x00, 0x00, 0x00, 0x00, 0x00, 0x00,
  0x00, 0x00, 0x00, 0x00, 0x00, 0x00, 0x00, 0x00, 0x00, 0x00, 0x00, 0x00, 0x00, 0x00, 0x00, 0x00,
  0x07, 0xFF, 0xFF, 0xC0, 0x07, 0xFF, 0xFF, 0xC0, 0x07, 0xFF, 0xFF, 0xC0, 0x07, 0xC0, 0x00, 0x00,
  0x07, 0xC0, 0x00, 0x00, 0x07, 0xC0, 0x00, 0x00, 0x07, 0xFF, 0xFF, 0x80, 0x07, 0xFF, 0xFF, 0x80,
  0x07, 0xFF, 0xFF, 0x80, 0x07, 0xC0, 0x00, 0x00, 0x07, 0xC0, 0x00, 0x00, 0x07, 0xC0, 0x00, 0x00,
  0x07, 0xC0, 0x00, 0x00, 0x07, 0xFF, 0xFF, 0xC0, 0x07, 0xFF, 0xFF, 0xC0, 0x07, 0xFF, 0xFF, 0xC0,
  0x00, 0x00, 0x00, 0x00, 0x00, 0x00, 0x00, 0x00, 0x00, 0x00, 0x00, 0x00, 0x00, 0x00, 0x00, 0x00,
  0x3F, 0xFF, 0xFF, 0xF8, 0x3F, 0xFF, 0xFF, 0xF8, 0x3F, 0xFF, 0xFF, 0xF8, 0x00, 0x00, 0x00, 0x00,
  0x00, 0x00, 0x00, 0x00, 0x00, 0x00, 0x00, 0x00, 0x00, 0x00, 0x00, 0x00, 0x00, 0x00, 0x00, 0x00,
  0x00, 0x00, 0x00, 0x00, 0x03, 0xFF, 0xFF, 0xC0, 0x03, 0xFF, 0xFF, 0xC0, 0x03, 0xFF, 0xFF, 0xC0,
  0x03, 0xC0, 0x00, 0x00, 0x03, 0xC0, 0x00, 0x00, 0x03, 0xFF, 0xFF, 0x80, 0x03, 0xFF, 0xFF, 0x80,
  0x03, 0xFF, 0xFF, 0x80, 0x03, 0xC0, 0x00, 0x00, 0x07, 0xFF, 0xFF, 0xC0, 0x07, 0xFF, 0xFF, 0xC0,
  0x07, 0xFF, 0xFF, 0xC0, 0x03, 0xFF, 0xFF, 0xC0, 0x00, 0x00, 0x00, 0x00, 0x00, 0x00, 0x00, 0x00,
  0x3F, 0xFF, 0xFF, 0xF8, 0x3F, 0xFF, 0xFF, 0xF8, 0x3F, 0xFF, 0xFF, 0xF8, 0x00, 0x00, 0x00, 0x00,
  0x00, 0x00, 0x00, 0x00, 0x07, 0xFF, 0xFF, 0xC0, 0x07, 0xFF, 0xFF, 0xC0, 0x07, 0xFF, 0xFF, 0xC0,
  0x00, 0x00, 0x03, 0xC0, 0x00, 0x00, 0x03, 0xC0, 0x00, 0x00, 0x03, 0xC0, 0x00, 0x00, 0x03, 0xC0,
  0x00, 0x00, 0x03, 0xC0, 0x00, 0x00, 0x03, 0xC0, 0x00, 0x00, 0x00, 0x00, 0x00, 0x00, 0x00, 0x00,
  0x00, 0x00, 0x00, 0x00, 0x03, 0xFF, 0xFF, 0xC0, 0x03, 0xFF, 0xFF, 0xC0, 0x03, 0xFF, 0xFF, 0xC0,
  0x03, 0xC0, 0x00, 0x00, 0x03, 0xC0, 0x00, 0x00, 0x03, 0xFF, 0xFF, 0x80, 0x03, 0xFF, 0xFF, 0x80,
  0x03, 0xFF, 0xFF, 0x80, 0x03, 0xC0, 0x00, 0x00, 0x03, 0xC0, 0x00, 0x00, 0x03, 0xC0, 0x00, 0x00,
  0x07, 0xFF, 0xFF, 0xC0, 0x03, 0xFF, 0xFF, 0xC0, 0x03, 0xFF, 0xFF, 0xC0, 0x00, 0x00, 0x00, 0x00,
  0x3F, 0xFF, 0xFF, 0xF8, 0x3F, 0xFF, 0xFF, 0xF8, 0x3F, 0xFF, 0xFF, 0xF8, 0x00, 0x00, 0x00, 0x00,
  0x00, 0x00, 0x00, 0x00, 0x07, 0xC0, 0x00, 0x00, 0x07, 0xC0, 0x00, 0x00, 0x07, 0xC0, 0x00, 0x00,
  0x07, 0xC0, 0x00, 0x00, 0x07, 0xC0, 0x00, 0x00, 0x07, 0xFF, 0xFF, 0xE0, 0x07, 0xFF, 0xFF, 0xE0,
  0x07, 0xFF, 0xFF, 0xE0, 0x07, 0xFF, 0xFF, 0xE0, 0x00, 0x00, 0x00, 0x00, 0x00, 0x00, 0x00, 0x00,
  0x00, 0x00, 0x00, 0x00, 0x03, 0xFF, 0xFF, 0xC0, 0x03, 0xFF, 0xFF, 0xC0, 0x03, 0xFF, 0xFF, 0xC0,
  0x03, 0xC0, 0x00, 0x00, 0x03, 0xFF, 0xFF, 0x80, 0x03, 0xFF, 0xFF, 0x80, 0x03, 0xFF, 0xFF, 0x80,
  0x03, 0xC0, 0x00, 0x00, 0x07, 0xC0, 0x00, 0x00, 0x07, 0xFF, 0xFF, 0xC0, 0x03, 0xFF, 0xFF, 0xC0,
  0x03, 0xFF, 0xFF, 0xC0, 0x3F, 0xFF, 0xFF, 0xF8, 0x3F, 0xFF, 0xFF, 0xF8, 0x3F, 0xFF, 0xFF, 0xF8,
  0x00, 0x00, 0x00, 0x00, 0x00, 0x00, 0x00, 0x00, 0x07, 0xFF, 0xFF, 0xC0, 0x07, 0xFF, 0xFF, 0xC0,
  0x07, 0xFF, 0xFF, 0xC0, 0x00, 0x00, 0x03, 0xC0, 0x03, 0xFF, 0xFF, 0xC0, 0x07, 0xFF, 0xFF, 0xC0,
  0x07, 0xFF, 0xFF, 0xC0, 0x07, 0x80, 0x00, 0x00, 0x07, 0xC0, 0x00, 0x00, 0x07, 0xFF, 0xFF, 0xE0,
  0x07, 0xFF, 0xFF, 0xE0, 0x07, 0xFF, 0xFF, 0xE0, 0x00, 0x00, 0x00, 0x00, 0x00, 0x00, 0x00, 0x00,
  0x00, 0x00, 0x00, 0x00, 0x00, 0x00, 0x07, 0x80, 0x00, 0x00, 0x07, 0x80, 0x00, 0x00, 0x07, 0x80,
  0x3F, 0xFF, 0xE7, 0x80, 0x3F, 0xFF, 0xE7, 0x80, 0x3F, 0xFF, 0xE7, 0x80, 0x07, 0x8F, 0x07, 0x80,
  0x07, 0x8F, 0x07, 0x80, 0x07, 0x8F, 0x07, 0x80, 0x07, 0x8F, 0x07, 0x80, 0x07, 0x8F, 0x07, 0x80,
  0x07, 0x8F, 0x07, 0x80, 0x07, 0x8F, 0x07, 0xFC, 0x07, 0x8F, 0x07, 0xFC, 0x07, 0x8F, 0x07, 0xFC,
  0x07, 0x8F, 0x07, 0x80, 0x07, 0x8F, 0x07, 0x80, 0x07, 0x8F, 0x07, 0x80, 0x07, 0x8F, 0x07, 0x80,
  0x07, 0x8F, 0xF7, 0x80, 0x3F, 0xFF, 0xF7, 0x80, 0x3F, 0xFF, 0xF7, 0x80, 0x3F, 0xFF, 0xE7, 0x80,
  0x1C, 0x00, 0x07, 0x80, 0x00, 0x00, 0x07, 0x80, 0x00, 0x00, 0x07, 0x80, 0x00, 0x00, 0x07, 0x80,
  0x00, 0x00, 0x07, 0x80, 0x00, 0x00, 0x07, 0x80, 0x00, 0x00, 0x07, 0x80, 0x00, 0x00, 0x00, 0x00,
  0x00, 0x00, 0x00, 0x00, 0x00, 0x00, 0x07, 0x80, 0x00, 0x00, 0x07, 0x80, 0x00, 0x00, 0x07, 0x80,
  0x1F, 0xFF, 0xE7, 0x80, 0x1F, 0xFF, 0xE7, 0x80, 0x1F, 0xFF, 0xE7, 0x80, 0x07, 0x8F, 0x07, 0x80,
  0x07, 0x8F, 0x07, 0x80, 0x07, 0x8F, 0x07, 0x80, 0x07, 0x8F, 0x07, 0xF8, 0x07, 0x8F, 0x07, 0xF8,
  0x07, 0x8F, 0x07, 0xF8, 0x07, 0x8F, 0x07, 0x80, 0x07, 0x8F, 0x07, 0x80, 0x07, 0x8F, 0x77, 0x80,
  0x3F, 0xFF, 0xF7, 0x80, 0x3F, 0xFF, 0xF7, 0x80, 0x3F, 0xFF, 0xE7, 0x80, 0x1E, 0x00, 0x07, 0x80,
  0x00, 0x00, 0x07, 0x80, 0x03, 0xC0, 0x07, 0x80, 0x03, 0xC0, 0x07, 0x80, 0x03, 0xC0, 0x00, 0x00,
  0x03, 0xC0, 0x00, 0x00, 0x03, 0xC0, 0x00, 0x00, 0x03, 0xC0, 0x00, 0x00, 0x03, 0xFF, 0xFF, 0xC0,
  0x03, 0xFF, 0xFF, 0xC0, 0x03, 0xFF, 0xFF, 0xC0, 0x03, 0xFF, 0xFF, 0xC0, 0x00, 0x00, 0x00, 0x00,
  0x00, 0x00, 0x00, 0x00, 0x00, 0x00, 0x00, 0x00, 0x00, 0x00, 0x07, 0xC0, 0x1F, 0xFF, 0xC7, 0xC0,
  0x1F, 0xFF, 0xE7, 0xC0, 0x1F, 0xFF, 0xE7, 0xC0, 0x1F, 0xFF, 0xE7, 0xC0, 0x07, 0x8F, 0x07, 0xC0,
  0x07, 0x8F, 0x07, 0xC0, 0x07, 0x8F, 0x07, 0xFC, 0x07, 0x8F, 0x07, 0xFC, 0x07, 0x8F, 0x07, 0xFC,
  0x07, 0x8F, 0x07, 0xC0, 0x07, 0x8F, 0x07, 0xC0, 0x07, 0xFF, 0xF7, 0xC0, 0x3F, 0xFF, 0xF7, 0xC0,
  0x3F, 0xFF, 0xF7, 0xC0, 0x3F, 0xFF, 0x07, 0xC0, 0x00, 0x00, 0x07, 0xC0, 0x00, 0x00, 0x03, 0x80,
  0x00, 0x3F, 0xF8, 0x00, 0x00, 0xFF, 0xFF, 0x00, 0x01, 0xFF, 0xFF, 0x80, 0x03, 0xF0, 0x1F, 0x80,
  0x03, 0xC0, 0x07, 0xC0, 0x03, 0xC0, 0x03, 0xC0, 0x03, 0xC0, 0x07, 0xC0, 0x03, 0xF0, 0x1F, 0x80,
  0x01, 0xFF, 0xFF, 0x80, 0x00, 0xFF, 0xFE, 0x00, 0x00, 0x3F, 0xF8, 0x00, 0x00, 0x00, 0x00, 0x00,
  0x00, 0x00, 0x00, 0x00, 0x00, 0x00, 0x00, 0xE0, 0x00, 0x00, 0x78, 0xF0, 0x00, 0x00, 0x78, 0xF0,
  0x00, 0x00, 0x78, 0xF0, 0x3F, 0xFF, 0x78, 0xF0, 0x3F, 0xFF, 0x78, 0xF0, 0x3F, 0xFF, 0x78, 0xF0,
  0x0F, 0x3C, 0x78, 0xF0, 0x0F, 0x3C, 0x78, 0xF0, 0x0F, 0x3C, 0x78, 0xF0, 0x0F, 0x3C, 0x78, 0xF0,
  0x0F, 0x3C, 0x78, 0xF0, 0x0F, 0x3C, 0x7F, 0xF0, 0x0F, 0x3C, 0x7F, 0xF0, 0x0F, 0x3C, 0x7F, 0xF0,
  0x0F, 0x3C, 0x78, 0xF0, 0x0F, 0x3C, 0x78, 0xF0, 0x0F, 0x3C, 0x78, 0xF0, 0x0F, 0x3C, 0x78, 0xF0,
  0x0F, 0x3F, 0x78, 0xF0, 0x3F, 0xFF, 0xF8, 0xF0, 0x3F, 0xFF, 0xF8, 0xF0, 0x3F, 0xFF, 0x78, 0xF0,
  0x18, 0x00, 0x78, 0xF0, 0x00, 0x00, 0x78, 0xF0, 0x00, 0x00, 0x78, 0xF0, 0x00, 0x00, 0x78, 0xF0,
  0x00, 0x00, 0x78, 0xF0, 0x00, 0x00, 0x38, 0xF0, 0x00, 0x00, 0x00, 0xF0, 0x00, 0x00, 0x00, 0x00,
  0x00, 0x00, 0x00, 0x00, 0x00, 0x00, 0x00, 0xF0, 0x00, 0x00, 0x3C, 0xF0, 0x00, 0x00, 0x3C, 0xF0,
  0x3F, 0xFF, 0x3C, 0xF0, 0x3F, 0xFF, 0x3C, 0xF0, 0x3F, 0xFF, 0x3C, 0xF0, 0x0F, 0x1C, 0x3C, 0xF0,
  0x0F, 0x1C, 0x3C, 0xF0, 0x0F, 0x1C, 0x3C, 0xF0, 0x0F, 0x1C, 0x3F, 0xF0, 0x0F, 0x1C, 0x3F, 0xF0,
  0x0F, 0x1C, 0x3F, 0xF0, 0x0F, 0x1C, 0x3C, 0xF0, 0x0F, 0x1C, 0x3C, 0xF0, 0x0F, 0x3F, 0xBC, 0xF0,
  0x3F, 0xFF, 0xBC, 0xF0, 0x3F, 0xFF, 0xBC, 0xF0, 0x3F, 0xFF, 0x3C, 0xF0, 0x00, 0x00, 0x3C, 0xF0,
  0x00, 0x00, 0x3C, 0xF0, 0x01, 0xF0, 0x3C, 0xF0, 0x01, 0xF0, 0x38, 0xF0, 0x01, 0xF0, 0x00, 0xF0,
  0x01, 0xF0, 0x00, 0x00, 0x01, 0xF0, 0x00, 0x00, 0x01, 0xF0, 0x00, 0x00, 0x01, 0xFF, 0xFF, 0xF8,
  0x01, 0xFF, 0xFF, 0xF8, 0x01, 0xFF, 0xFF, 0xF8, 0x01, 0xFF, 0xFF, 0xF8, 0x00, 0x00, 0x00, 0x00,
  0x00, 0x00, 0x00, 0x00, 0x00, 0x00, 0x01, 0xE0, 0x00, 0x00, 0x01, 0xE0, 0x00, 0x00, 0x01, 0xE0,
  0x1F, 0xFF, 0xE1, 0xE0, 0x1F, 0xFF, 0xE1, 0xE0, 0x1F, 0xFF, 0xE1, 0xE0, 0x07, 0x8F, 0x01, 0xE0,
  0x07, 0x8F, 0x01, 0xE0, 0x07, 0x8F, 0x01, 0xE0, 0x07, 0x8F, 0x01, 0xE0, 0x07, 0x8F, 0x01, 0xE0,
  0x07, 0x8F, 0x3F, 0xE0, 0x07, 0x8F, 0x3F, 0xE0, 0x07, 0x8F, 0x3F, 0xE0, 0x07, 0x8F, 0x01, 0xE0,
  0x07, 0x8F, 0x01, 0xE0, 0x07, 0x8F, 0x01, 0xE0, 0x07, 0x8F, 0x01, 0xE0, 0x07, 0x8F, 0x01, 0xE0,
  0x07, 0x8F, 0xF1, 0xE0, 0x3F, 0xFF, 0xF1, 0xE0, 0x3F, 0xFF, 0xF1, 0xE0, 0x3F, 0xFF, 0xE1, 0xE0,
  0x1F, 0x00, 0x01, 0xE0, 0x00, 0x00, 0x01, 0xE0, 0x00, 0x00, 0x01, 0xE0, 0x00, 0x00, 0x01, 0xE0,
  0x00, 0x00, 0x01, 0xE0, 0x00, 0x00, 0x01, 0xE0, 0x00, 0x00, 0x01, 0xE0, 0x00, 0x00, 0x00, 0x00,
  0x00, 0x00, 0x00, 0x00, 0x00, 0x00, 0x01, 0xE0, 0x00, 0x00, 0x01, 0xE0, 0x1F, 0xFF, 0xC1, 0xE0,
  0x1F, 0xFF, 0xE1, 0xE0, 0x1F, 0xFF, 0xE1, 0xE0, 0x1F, 0xFF, 0xE1, 0xE0, 0x07, 0x8F, 0x01, 0xE0,
  0x07, 0x8F, 0x01, 0xE0, 0x07, 0x8F, 0x3F, 0xE0, 0x07, 0x8F, 0x3F, 0xE0, 0x07, 0x8F, 0x3F, 0xE0,
  0x07, 0x8F, 0x01, 0xE0, 0x07, 0x8F, 0x01, 0xE0, 0x07, 0x8F, 0x71, 0xE0, 0x3F, 0xFF, 0xF1, 0xE0,
  0x3F, 0xFF, 0xF1, 0xE0, 0x3F, 0xFF, 0xF1, 0xE0, 0x18, 0x00, 0x01, 0xE0, 0x00, 0x00, 0x01, 0xE0,
  0x00, 0x00, 0x00, 0x00, 0x03, 0xFF, 0xFF, 0xE0, 0x03, 0xFF, 0xFF, 0xE0, 0x03, 0xFF, 0xFF, 0xE0,
  0x00, 0x00, 0x01, 0xE0, 0x00, 0x00, 0x01, 0xE0, 0x00, 0x00, 0x01, 0xE0, 0x00, 0x00, 0x01, 0xE0,
  0x00, 0x00, 0x01, 0xE0, 0x00, 0x00, 0x01, 0xE0, 0x00, 0x00, 0x01, 0xE0, 0x00, 0x00, 0x00, 0x00,
  0x00, 0x00, 0x00, 0x00, 0x00, 0x00, 0x01, 0xE0, 0x00, 0x00, 0x01, 0xE0, 0x1F, 0xFF, 0xC1, 0xE0,
  0x1F, 0xFF, 0xE1, 0xE0, 0x1F, 0xFF, 0xE1, 0xE0, 0x1F, 0xFF, 0xE1, 0xE0, 0x07, 0x8F, 0x01, 0xE0,
  0x07, 0x8F, 0x01, 0xE0, 0x07, 0x8F, 0x3F, 0xE0, 0x07, 0x8F, 0x3F, 0xE0, 0x07, 0x8F, 0x3F, 0xE0,
  0x07, 0x8F, 0x01, 0xE0, 0x07, 0x8F, 0x01, 0xE0, 0x07, 0x8F, 0x01, 0xE0, 0x3F, 0xFF, 0xF1, 0xE0,
  0x3F, 0xFF, 0xF1, 0xE0, 0x3F, 0xFF, 0xF1, 0xE0, 0x3F, 0xF0, 0x01, 0xE0, 0x00, 0x00, 0x01, 0xE0,
  0x00, 0x00, 0x01, 0xE0, 0x01, 0xE0, 0x01, 0xE0, 0x01, 0xE0, 0x01, 0xE0, 0x01, 0xE0, 0x00, 0x00,
  0x01, 0xE0, 0x00, 0x00, 0x01, 0xE0, 0x00, 0x00, 0x01, 0xE0, 0x00, 0x00, 0x01, 0xFF, 0xFF, 0xF0,
  0x01, 0xFF, 0xFF, 0xF0, 0x01, 0xFF, 0xFF, 0xF0, 0x01, 0xFF, 0xFF, 0xF0, 0x00, 0x00, 0x00, 0x00,
  0x00, 0x00, 0x00, 0x00, 0x00, 0x00, 0x00, 0x00, 0x00, 0x00, 0x01, 0xE0, 0x1F, 0xFF, 0xE1, 0xE0,
  0x1F, 0xFF, 0xE1, 0xE0, 0x1F, 0xFF, 0xE1, 0xE0, 0x07, 0x8F, 0x01, 0xE0, 0x07, 0x8F, 0x01, 0xE0,
  0x07, 0x8F, 0x01, 0xE0, 0x07, 0x8F, 0x3F, 0xE0, 0x07, 0x8F, 0x3F, 0xE0, 0x07, 0x8F, 0x3F, 0xE0,
  0x07, 0x8F, 0x01, 0xE0, 0x07, 0x8F, 0x21, 0xE0, 0x3F, 0xFF, 0xF1, 0xE0, 0x3F, 0xFF, 0xF1, 0xE0,
  0x3F, 0xFF, 0xE1, 0xE0, 0x18, 0x00, 0x01, 0xE0, 0x00, 0x00, 0x01, 0xE0, 0x00, 0x00, 0x00, 0x00,
  0x01, 0xFF, 0xFF, 0xE0, 0x01, 0xFF, 0xFF, 0xE0, 0x01, 0xFF, 0xFF, 0xE0, 0x01, 0xE0, 0x01, 0xE0,
  0x01, 0xE0, 0x01, 0xE0, 0x01, 0xE0, 0x01, 0xE0, 0x01, 0xE0, 0x01, 0xE0, 0x01, 0xE0, 0x01, 0xE0,
  0x01, 0xFF, 0xFF, 0xE0, 0x01, 0xFF, 0xFF, 0xE0, 0x01, 0xFF, 0xFF, 0xE0, 0x00, 0x00, 0x00, 0x00,
  0x00, 0x00, 0x00, 0x00, 0x00, 0x00, 0x00, 0x70, 0x00, 0x00, 0x3C, 0xF0, 0x00, 0x00, 0x3C, 0xF0,
  0x00, 0x00, 0x3C, 0xF0, 0x3F, 0xFF, 0x3C, 0xF0, 0x3F, 0xFF, 0x3C, 0xF0, 0x3F, 0xFF, 0x3C, 0xF0,
  0x0F, 0x3C, 0x3C, 0xF0, 0x0F, 0x3C, 0x3C, 0xF0, 0x0F, 0x3C, 0x3C, 0xF0, 0x0F, 0x3C, 0x3C, 0xF0,
  0x0F, 0x3D, 0xFC, 0xF0, 0x0F, 0x3D, 0xFC, 0xF0, 0x0F, 0x3D, 0xFC, 0xF0, 0x0F, 0x3D, 0xFC, 0xF0,
  0x0F, 0x3C, 0x3C, 0xF0, 0x0F, 0x3C, 0x3C, 0xF0, 0x0F, 0x3C, 0x3C, 0xF0, 0x0F, 0x3C, 0x3C, 0xF0,
  0x0F, 0x3F, 0x3C, 0xF0, 0x3F, 0xFF, 0xBC, 0xF0, 0x3F, 0xFF, 0xBC, 0xF0, 0x3F, 0xFF, 0x3C, 0xF0,
  0x18, 0x00, 0x3C, 0xF0, 0x00, 0x00, 0x3C, 0xF0, 0x00, 0x00, 0x3C, 0xF0, 0x00, 0x00, 0x3C, 0xF0,
  0x00, 0x00, 0x3C, 0xF0, 0x00, 0x00, 0x3C, 0xF0, 0x00, 0x00, 0x00, 0xF0, 0x00, 0x00, 0x00, 0x00,
  0x00, 0x00, 0x00, 0x00, 0x00, 0x00, 0x01, 0xC0, 0x00, 0x00, 0x01, 0xE0, 0x1F, 0xFF, 0xC1, 0xE0,
  0x1F, 0xFF, 0xE1, 0xE0, 0x1F, 0xFF, 0xE1, 0xE0, 0x1F, 0xFF, 0xE1, 0xE0, 0x07, 0x8F, 0x1F, 0xE0,
  0x07, 0x8F, 0x1F, 0xE0, 0x07, 0x8F, 0x1F, 0xE0, 0x07, 0x8F, 0x01, 0xE0, 0x07, 0x8F, 0x01, 0xE0,
  0x07, 0x8F, 0x1F, 0xE0, 0x07, 0x8F, 0x1F, 0xE0, 0x07, 0x8F, 0x1F, 0xE0, 0x07, 0x8F, 0x7F, 0xE0,
  0x3F, 0xFF, 0xE1, 0xE0, 0x3F, 0xFF, 0xE1, 0xE0, 0x3F, 0xFF, 0xE1, 0xE0, 0x1F, 0xE0, 0x01, 0xE0,
  0x00, 0x00, 0x01, 0xE0, 0x01, 0xE0, 0x01, 0xE0, 0x01, 0xE0, 0x01, 0xE0, 0x01, 0xE0, 0x00, 0x00,
  0x01, 0xE0, 0x00, 0x00, 0x01, 0xE0, 0x00, 0x00, 0x01, 0xE0, 0x00, 0x00, 0x01, 0xFF, 0xFF, 0xF0,
  0x01, 0xFF, 0xFF, 0xF0, 0x01, 0xFF, 0xFF, 0xF0, 0x01, 0xFF, 0xFF, 0xF0, 0x00, 0x00, 0x00, 0x00,
  0x00, 0x00, 0x00, 0x00, 0x00, 0x00, 0x01, 0xE0, 0x00, 0x00, 0x01, 0xE0, 0x1F, 0xFF, 0xE1, 0xE0,
  0x1F, 0xFF, 0xE1, 0xE0, 0x1F, 0xFF, 0xE1, 0xE0, 0x07, 0x8F, 0x1F, 0xE0, 0x07, 0x8F, 0x1F, 0xE0,
  0x07, 0x8F, 0x1F, 0xE0, 0x07, 0x8F, 0x01, 0xE0, 0x07, 0x8F, 0x01, 0xE0, 0x07, 0x8F, 0x1F, 0xE0,
  0x07, 0x8F, 0x1F, 0xE0, 0x07, 0x8F, 0x1F, 0xE0, 0x07, 0x8F, 0xFF, 0xE0, 0x3F, 0xFF, 0xE1, 0xE0,
  0x3F, 0xFF, 0xE1, 0xE0, 0x3F, 0xFF, 0x81, 0xE0, 0x00, 0x00, 0x01, 0xE0, 0x00, 0x00, 0x01, 0xC0,
  0x00, 0x1F, 0xFC, 0x00, 0x00, 0x7F, 0xFF, 0x80, 0x00, 0xFF, 0xFF, 0xC0, 0x01, 0xF8, 0x0F, 0xC0,
  0x01, 0xE0, 0x03, 0xE0, 0x01, 0xE0, 0x01, 0xE0, 0x01, 0xE0, 0x03, 0xE0, 0x01, 0xF8, 0x07, 0xC0,
  0x00, 0xFF, 0xFF, 0xC0, 0x00, 0x7F, 0xFF, 0x00, 0x00, 0x1F, 0xFC, 0x00, 0x00, 0x00, 0x00, 0x00,
  0x00, 0x00, 0x00, 0x00, 0x00, 0x00, 0x00, 0x00, 0x00, 0x00, 0x00, 0x00, 0x07, 0xFF, 0xFF, 0xE0,
  0x07, 0xFF, 0xFF, 0xE0, 0x07, 0xFF, 0xFF, 0xE0, 0x07, 0xFF, 0xFF, 0xE0, 0x00, 0x78, 0x1E, 0x00,
  0x00, 0x78, 0x1E, 0x00, 0x00, 0x78, 0x1E, 0x00, 0x00, 0x78, 0x1E, 0x00, 0x00, 0x78, 0x1E, 0x00,
  0x00, 0x78, 0x1E, 0x00, 0x00, 0x78, 0x1E, 0x00, 0x00, 0x78, 0x1E, 0x00, 0x07, 0xFF, 0xFF, 0xE0,
  0x07, 0xFF, 0xFF, 0xE0, 0x07, 0xFF, 0xFF, 0xE0, 0x00, 0x03, 0xC0, 0x00, 0x00, 0x03, 0xC0, 0x00,
  0x00, 0x03, 0xC0, 0x00, 0x00, 0x03, 0xC0, 0x00, 0x00, 0x03, 0xC0, 0x00, 0x00, 0x03, 0xC0, 0x00,
  0x3F, 0xFF, 0xFF, 0xFC, 0x3F, 0xFF, 0xFF, 0xFC, 0x3F, 0xFF, 0xFF, 0xFC, 0x00, 0x00, 0x00, 0x00,
  0x00, 0x00, 0x00, 0x00, 0x00, 0x00, 0x00, 0x00, 0x00, 0x00, 0x00, 0x00, 0x00, 0x00, 0x00, 0x00,
  0x00, 0x00, 0x00, 0x00, 0x00, 0x00, 0x00, 0x00, 0x07, 0xFF, 0xFF, 0xE0, 0x07, 0xFF, 0xFF, 0xE0,
  0x07, 0xFF, 0xFF, 0xE0, 0x00, 0x78, 0x1E, 0x00, 0x00, 0x78, 0x1E, 0x00, 0x00, 0x78, 0x1E, 0x00,
  0x00, 0x78, 0x1E, 0x00, 0x00, 0x78, 0x1E, 0x00, 0x07, 0xFF, 0xFF, 0xE0, 0x07, 0xFF, 0xFF, 0xE0,
  0x07, 0xFF, 0xFF, 0xE0, 0x07, 0xFF, 0xFF, 0xE0, 0x00, 0x03, 0xC0, 0x00, 0x00, 0x03, 0xC0, 0x00,
  0x3F, 0xFF, 0xFF, 0xFC, 0x3F, 0xFF, 0xFF, 0xFC, 0x3F, 0xFF, 0xFF, 0xFC, 0x00, 0x00, 0x00, 0x00,
  0x00, 0x00, 0x00, 0x00, 0x00, 0x00, 0x00, 0x00, 0x07, 0xFF, 0xFF, 0xC0, 0x07, 0xFF, 0xFF, 0xC0,
  0x07, 0xFF, 0xFF, 0xC0, 0x00, 0x00, 0x03, 0xC0, 0x00, 0x00, 0x03, 0xC0, 0x00, 0x00, 0x03, 0xC0,
  0x00, 0x00, 0x03, 0xC0, 0x00, 0x00, 0x03, 0xC0, 0x00, 0x00, 0x03, 0xC0, 0x00, 0x00, 0x00, 0x00,
  0x00, 0x00, 0x00, 0x00, 0x00, 0x00, 0x00, 0x00, 0x07, 0xFF, 0xFF, 0xE0, 0x07, 0xFF, 0xFF, 0xE0,
  0x07, 0xFF, 0xFF, 0xE0, 0x00, 0x78, 0x1E, 0x00, 0x00, 0x78, 0x1E, 0x00, 0x00, 0x78, 0x1E, 0x00,
  0x00, 0x78, 0x1E, 0x00, 0x00, 0x78, 0x1E, 0x00, 0x07, 0xFF, 0xFF, 0xE0, 0x07, 0xFF, 0xFF, 0xE0,
  0x07, 0xFF, 0xFF, 0xE0, 0x00, 0x03, 0xC0, 0x00, 0x00, 0x03, 0xC0, 0x00, 0x00, 0x03, 0xC0, 0x00,
  0x3F, 0xFF, 0xFF, 0xFC, 0x3F, 0xFF, 0xFF, 0xFC, 0x3F, 0xFF, 0xFF, 0xFC, 0x00, 0x00, 0x00, 0x00,
  0x00, 0x00, 0x00, 0x00, 0x03, 0xC0, 0x00, 0x00, 0x03, 0xC0, 0x00, 0x00, 0x03, 0xC0, 0x00, 0x00,
  0x03, 0xC0, 0x00, 0x00, 0x03, 0xC0, 0x00, 0x00, 0x03, 0xFF, 0xFF, 0xE0, 0x03, 0xFF, 0xFF, 0xE0,
  0x03, 0xFF, 0xFF, 0xE0, 0x03, 0xFF, 0xFF, 0xE0, 0x00, 0x00, 0x00, 0x00, 0x00, 0x00, 0x00, 0x00,
  0x00, 0x00, 0x00, 0x00, 0x00, 0x00, 0x00, 0x00, 0x07, 0xFF, 0xFF, 0xC0, 0x07, 0xFF, 0xFF, 0xC0,
  0x07, 0xFF, 0xFF, 0xC0, 0x00, 0xF0, 0x3C, 0x00, 0x00, 0xF0, 0x3C, 0x00, 0x00, 0xF0, 0x3C, 0x00,
  0x00, 0xF0, 0x3C, 0x00, 0x07, 0xFF, 0xFF, 0xC0, 0x07, 0xFF, 0xFF, 0xC0, 0x07, 0xFF, 0xFF, 0xC0,
  0x00, 0x07, 0x80, 0x00, 0x00, 0x07, 0x80, 0x00, 0x3F, 0xFF, 0xFF, 0xF8, 0x3F, 0xFF, 0xFF, 0xF8,
  0x3F, 0xFF, 0xFF, 0xF8, 0x00, 0x00, 0x00, 0x00, 0x00, 0x00, 0x00, 0x00, 0x07, 0xFF, 0xFF, 0x80,
  0x07, 0xFF, 0xFF, 0x80, 0x07, 0xFF, 0xFF, 0x80, 0x00, 0x00, 0x07, 0x80, 0x07, 0xFF, 0xFF, 0x80,
  0x07, 0xFF, 0xFF, 0x80, 0x07, 0xFF, 0xFF, 0x80, 0x07, 0x80, 0x00, 0x00, 0x07, 0x80, 0x00, 0x00,
  0x07, 0xFF, 0xFF, 0xC0, 0x07, 0xFF, 0xFF, 0xC0, 0x07, 0xFF, 0xFF, 0xC0, 0x00, 0x00, 0x00, 0x00,
  0x00, 0x00, 0x00, 0x00, 0x00, 0x00, 0x00, 0x00, 0x00, 0x00, 0x00, 0x00, 0x07, 0xFF, 0xFF, 0xE0,
  0x07, 0xFF, 0xFF, 0xE0, 0x07, 0xFF, 0xFF, 0xE0, 0x07, 0xFF, 0xFF, 0xE0, 0x00, 0x78, 0x1E, 0x00,
  0x00, 0x78, 0x1E, 0x00, 0x00, 0x78, 0x1E, 0x00, 0x00, 0x78, 0x1E, 0x00, 0x00, 0x78, 0x1E, 0x00,
  0x00, 0x78, 0x1E, 0x00, 0x00, 0x78, 0x1E, 0x00, 0x00, 0x78, 0x1E, 0x00, 0x07, 0xFF, 0xFF, 0xE0,
  0x07, 0xFF, 0xFF, 0xE0, 0x07, 0xFF, 0xFF, 0xE0, 0x00, 0x7C, 0x1E, 0x00, 0x00, 0x7C, 0x1E, 0x00,
  0x00, 0x7C, 0x1E, 0x00, 0x00, 0x7C, 0x1E, 0x00, 0x00, 0x7C, 0x1E, 0x00, 0x00, 0x7C, 0x1E, 0x00,
  0x3F, 0xFF, 0xFF, 0xFC, 0x3F, 0xFF, 0xFF, 0xFC, 0x3F, 0xFF, 0xFF, 0xFC, 0x00, 0x00, 0x00, 0x00,
  0x00, 0x00, 0x00, 0x00, 0x00, 0x00, 0x00, 0x00, 0x00, 0x00, 0x00, 0x00, 0x00, 0x00, 0x00, 0x00,
  0x00, 0x00, 0x00, 0x00, 0x07, 0xFF, 0xFF, 0xE0, 0x07, 0xFF, 0xFF, 0xE0, 0x07, 0xFF, 0xFF, 0xE0,
  0x07, 0xFF, 0xFF, 0xE0, 0x00, 0x78, 0x1E, 0x00, 0x00, 0x78, 0x1E, 0x00, 0x00, 0x78, 0x1E, 0x00,
  0x00, 0x78, 0x1E, 0x00, 0x00, 0x78, 0x1E, 0x00, 0x00, 0x78, 0x1E, 0x00, 0x00, 0x78, 0x1E, 0x00,
  0x07, 0xFF, 0xFF, 0xE0, 0x07, 0xFF, 0xFF, 0xE0, 0x07, 0xFF, 0xFF, 0xE0, 0x00, 0x00, 0x00, 0x00,
  0x00, 0x00, 0x00, 0x00, 0x1F, 0xFF, 0xFF, 0xF8, 0x3F, 0xFF, 0xFF, 0xFC, 0x3F, 0xFF, 0xFF, 0xFC,
  0x3F, 0xFF, 0xFF, 0xF8, 0x00, 0x03, 0xC0, 0x00, 0x00, 0x03, 0xC0, 0x00, 0x00, 0x03, 0xC0, 0x00,
  0x00, 0x03, 0xC0, 0x00, 0x00, 0x03, 0xC0, 0x00, 0x00, 0x03, 0xC0, 0x00, 0x00, 0x03, 0xC0, 0x00,
  0x00, 0x03, 0xC0, 0x00, 0x00, 0x03, 0xC0, 0x00, 0x00, 0x00, 0x00, 0x00, 0x00, 0x00, 0x00, 0x00,
  0x00, 0x00, 0x00, 0x00, 0x00, 0x00, 0x00, 0x00, 0x07, 0xFF, 0xFF, 0xC0, 0x07, 0xFF, 0xFF, 0xC0,
  0x07, 0xFF, 0xFF, 0xC0, 0x00, 0xF0, 0x3C, 0x00, 0x00, 0xF0, 0x3C, 0x00, 0x00, 0xF0, 0x3C, 0x00,
  0x00, 0xF0, 0x3C, 0x00, 0x07, 0xFF, 0xFF, 0xC0, 0x07, 0xFF, 0xFF, 0xC0, 0x07, 0xFF, 0xFF, 0xC0,
  0x00, 0x00, 0x00, 0x00, 0x00, 0x00, 0x00, 0x00, 0x3F, 0xFF, 0xFF, 0xF8, 0x3F, 0xFF, 0xFF, 0xF8,
  0x3F, 0xFF, 0xFF, 0xF8, 0x00, 0x07, 0x80, 0x00, 0x00, 0x07, 0x80, 0x00, 0x07, 0xFF, 0xFF, 0x80,
  0x07, 0xFF, 0xFF, 0x80, 0x07, 0xFF, 0xFF, 0x80, 0x00, 0x00, 0x07, 0x80, 0x07, 0xFF, 0xFF, 0x80,
  0x07, 0xFF, 0xFF, 0x80, 0x07, 0xFF, 0xFF, 0x80, 0x07, 0x80, 0x00, 0x00, 0x07, 0x80, 0x00, 0x00,
  0x07, 0xFF, 0xFF, 0xC0, 0x07, 0xFF, 0xFF, 0xC0, 0x07, 0xFF, 0xFF, 0xC0, 0x00, 0x00, 0x00, 0x00,
  0x00, 0x00, 0x00, 0x00, 0x00, 0x00, 0x00, 0x00, 0x07, 0xFF, 0xFF, 0xC0, 0x07, 0xFF, 0xFF, 0xC0,
  0x07, 0xFF, 0xFF, 0xC0, 0x00, 0xF0, 0x3C, 0x00, 0x00, 0xF0, 0x3C, 0x00, 0x00, 0xF0, 0x3C, 0x00,
  0x00, 0xF0, 0x3C, 0x00, 0x00, 0xF0, 0x3C, 0x00, 0x07, 0xFF, 0xFF, 0xC0, 0x07, 0xFF, 0xFF, 0xC0,
  0x07, 0xFF, 0xFF, 0xC0, 0x00, 0x00, 0x00, 0x00, 0x00, 0x00, 0x00, 0x00, 0x3F, 0xFF, 0xFF, 0xF8,
  0x3F, 0xFF, 0xFF, 0xF8, 0x3F, 0xFF, 0xFF, 0xF8, 0x00, 0x07, 0x80, 0x00, 0x00, 0x07, 0x80, 0x00,
  0x00, 0x07, 0x80, 0x00, 0x07, 0xFF, 0xFF, 0x80, 0x07, 0xFF, 0xFF, 0x80, 0x07, 0xFF, 0xFF, 0x80,
  0x07, 0x80, 0x07, 0x80, 0x07, 0x80, 0x07, 0x80, 0x07, 0x80, 0x07, 0x80, 0x07, 0x80, 0x07, 0x80,
  0x07, 0xFF, 0xFF, 0x80, 0x07, 0xFF, 0xFF, 0x80, 0x07, 0xFF, 0xFF, 0x80, 0x00, 0x00, 0x00, 0x00,
  0x00, 0x00, 0x00, 0x00, 0x07, 0xFF, 0xFF, 0xC0, 0x07, 0xFF, 0xFF, 0xC0, 0x07, 0xFF, 0xFF, 0xC0,
  0x00, 0xF0, 0x3C, 0x00, 0x00, 0xF0, 0x3C, 0x00, 0x00, 0xF0, 0x3C, 0x00, 0x00, 0xF0, 0x3C, 0x00,
  0x00, 0xF0, 0x3C, 0x00, 0x07, 0xFF, 0xFF, 0xC0, 0x07, 0xFF, 0xFF, 0xC0, 0x07, 0xFF, 0xFF, 0xC0,
  0x00, 0x00, 0x00, 0x00, 0x00, 0x00, 0x00, 0x00, 0x3F, 0xFF, 0xFF, 0xF0, 0x3F, 0xFF, 0xFF, 0xF8,
  0x3F, 0xFF, 0xFF, 0xF8, 0x1F, 0xFF, 0xFF, 0xF0, 0x00, 0x07, 0x80, 0x00, 0x00, 0x3F, 0xF0, 0x00,
  0x01, 0xFF, 0xFE, 0x00, 0x03, 0xFF, 0xFF, 0x00, 0x07, 0xF0, 0x1F, 0x80, 0x07, 0xC0, 0x07, 0x80,
  0x07, 0x80, 0x07, 0x80, 0x07, 0xC0, 0x07, 0x80, 0x07, 0xE0, 0x1F, 0x80, 0x03, 0xFF, 0xFF, 0x00,
  0x01, 0xFF, 0xFE, 0x00, 0x00, 0x3F, 0xF8, 0x00, 0x00, 0x00, 0x00, 0x00, 0x00, 0x00, 0x00, 0x00,
  0x00, 0x00, 0x00, 0x00, 0x00, 0x00, 0x00, 0x00, 0x00, 0x00, 0x00, 0x00, 0x0F, 0xFF, 0xFF, 0xE0,
  0x0F, 0xFF, 0xFF, 0xE0, 0x0F, 0xFF, 0xFF, 0xE0, 0x0F, 0xFF, 0xFF, 0xE0, 0x00, 0xF8, 0x1E, 0x00,
  0x00, 0xF8, 0x1E, 0x00, 0x00, 0xF8, 0x1E, 0x00, 0x00, 0xF8, 0x1E, 0x00, 0x00, 0xF8, 0x1E, 0x00,
  0x00, 0xF8, 0x1E, 0x00, 0x00, 0xF8, 0x1E, 0x00, 0x00, 0xF8, 0x1E, 0x00, 0x00, 0xF8, 0x1E, 0x00,
  0x0F, 0xFF, 0xFF, 0xE0, 0x0F, 0xFF, 0xFF, 0xE0, 0x0F, 0xFF, 0xFF, 0xE0, 0x07, 0xFF, 0xFF, 0xE0,
  0x00, 0x00, 0x00, 0x00, 0x00, 0x00, 0x00, 0x00, 0x00, 0x00, 0x00, 0x00, 0x00, 0x00, 0x00, 0x00,
  0x3F, 0xFF, 0xFF, 0xF8, 0x3F, 0xFF, 0xFF, 0xF8, 0x3F, 0xFF, 0xFF, 0xF8, 0x00, 0x00, 0x00, 0x00,
  0x00, 0x00, 0x00, 0x00, 0x00, 0x00, 0x00, 0x00, 0x00, 0x00, 0x00, 0x00, 0x00, 0x00, 0x00, 0x00,
  0x00, 0x00, 0x00, 0x00, 0x00, 0x00, 0x00, 0x00, 0x07, 0xFF, 0xFF, 0xE0, 0x07, 0xFF, 0xFF, 0xE0,
  0x07, 0xFF, 0xFF, 0xE0, 0x00, 0xF8, 0x1E, 0x00, 0x00, 0xF8, 0x1E, 0x00, 0x00, 0xF8, 0x1E, 0x00,
  0x00, 0xF8, 0x1E, 0x00, 0x00, 0xF8, 0x1E, 0x00, 0x07, 0xFF, 0xFF, 0xE0, 0x07, 0xFF, 0xFF, 0xE0,
  0x07, 0xFF, 0xFF, 0xE0, 0x00, 0x00, 0x00, 0x00, 0x00, 0x00, 0x00, 0x00, 0x00, 0x00, 0x00, 0x00,
  0x3F, 0xFF, 0xFF, 0xF8, 0x3F, 0xFF, 0xFF, 0xF8, 0x3F, 0xFF, 0xFF, 0xF8, 0x00, 0x00, 0x00, 0x00,
  0x03, 0x80, 0x00, 0x00, 0x07, 0xC0, 0x00, 0x00, 0x07, 0xC0, 0x00, 0x00, 0x07, 0xC0, 0x00, 0x00,
  0x07, 0xC0, 0x00, 0x00, 0x07, 0xC0, 0x00, 0x00, 0x07, 0xFF, 0xFF, 0xC0, 0x07, 0xFF, 0xFF, 0xC0,
  0x07, 0xFF, 0xFF, 0xC0, 0x07, 0xFF, 0xFF, 0xC0, 0x00, 0x00, 0x00, 0x00, 0x00, 0x00, 0x00, 0x00,
  0x00, 0x00, 0x00, 0x00, 0x07, 0xFF, 0xFF, 0xE0, 0x07, 0xFF, 0xFF, 0xE0, 0x07, 0xFF, 0xFF, 0xE0,
  0x00, 0xF8, 0x1E, 0x00, 0x00, 0xF8, 0x1E, 0x00, 0x00, 0xF8, 0x1E, 0x00, 0x00, 0xF8, 0x1E, 0x00,
  0x07, 0xFF, 0xFF, 0xE0, 0x07, 0xFF, 0xFF, 0xE0, 0x07, 0xFF, 0xFF, 0xE0, 0x00, 0x00, 0x00, 0x00,
  0x00, 0x00, 0x00, 0x00, 0x3F, 0xFF, 0xFF, 0xF8, 0x3F, 0xFF, 0xFF, 0xF8, 0x3F, 0xFF, 0xFF, 0xF8,
  0x00, 0x00, 0x00, 0x00, 0x00, 0x00, 0x00, 0x00, 0x07, 0xFF, 0xFF, 0xC0, 0x07, 0xFF, 0xFF, 0xC0,
  0x07, 0xFF, 0xFF, 0xC0, 0x00, 0x00, 0x03, 0xC0, 0x03, 0xFF, 0xFF, 0xC0, 0x07, 0xFF, 0xFF, 0xC0,
  0x07, 0xFF, 0xFF, 0xC0, 0x07, 0x80, 0x00, 0x00, 0x07, 0xC0, 0x00, 0x00, 0x07, 0xFF, 0xFF, 0xE0,
  0x07, 0xFF, 0xFF, 0xE0, 0x07, 0xFF, 0xFF, 0xE0, 0x00, 0x00, 0x00, 0x00, 0x00, 0x00, 0x00, 0x00,
  0x00, 0x00, 0x00, 0x00, 0x00, 0x00, 0x01, 0xE0, 0x00, 0x00, 0x01, 0xE0, 0x00, 0x00, 0x01, 0xE0,
  0x1F, 0xFF, 0xF1, 0xE0, 0x1F, 0xFF, 0xF1, 0xE0, 0x1F, 0xFF, 0xF1, 0xE0, 0x03, 0xC7, 0x81, 0xE0,
  0x03, 0xC7, 0x81, 0xE0, 0x03, 0xC7, 0x81, 0xE0, 0x03, 0xC7, 0x81, 0xE0, 0x03, 0xC7, 0x81, 0xE0,
  0x03, 0xC7, 0x81, 0xE0, 0x03, 0xC7, 0x81, 0xE0, 0x03, 0xC7, 0x81, 0xE0, 0x03, 0xC7, 0x81, 0xE0,
  0x03, 0xC7, 0x81, 0xE0, 0x03, 0xC7, 0x81, 0xE0, 0x03, 0xC7, 0x81, 0xE0, 0x03, 0xC7, 0x81, 0xE0,
  0x03, 0xC7, 0xF9, 0xE0, 0x3F, 0xFF, 0xF9, 0xE0, 0x3F, 0xFF, 0xF9, 0xE0, 0x1F, 0xFF, 0xF1, 0xE0,
  0x18, 0x00, 0x01, 0xE0, 0x00, 0x00, 0x01, 0xE0, 0x00, 0x00, 0x01, 0xE0, 0x00, 0x00, 0x01, 0xE0,
  0x00, 0x00, 0x01, 0xE0, 0x00, 0x00, 0x01, 0xE0, 0x00, 0x00, 0x01, 0xE0, 0x00, 0x00, 0x00, 0x00,
  0x00, 0x00, 0x00, 0x00, 0x00, 0x00, 0x01, 0xE0, 0x00, 0x00, 0x01, 0xE0, 0x0F, 0xFF, 0xE1, 0xE0,
  0x1F, 0xFF, 0xF1, 0xE0, 0x1F, 0xFF, 0xF1, 0xE0, 0x1F, 0xFF, 0xE1, 0xE0, 0x03, 0xC7, 0x81, 0xE0,
  0x03, 0xC7, 0x81, 0xE0, 0x03, 0xC7, 0x81, 0xE0, 0x03, 0xC7, 0x81, 0xE0, 0x03, 0xC7, 0x81, 0xE0,
  0x03, 0xC7, 0x81, 0xE0, 0x03, 0xC7, 0x81, 0xE0, 0x03, 0xCF, 0xF9, 0xE0, 0x1F, 0xFF, 0xF9, 0xE0,
  0x1F, 0xFF, 0xF9, 0xE0, 0x1F, 0xFF, 0xC1, 0xE0, 0x00, 0x00, 0x01, 0xE0, 0x00, 0x00, 0x00, 0x00,
  0x00, 0x00, 0x00, 0x00, 0x03, 0xFF, 0xFF, 0xE0, 0x03, 0xFF, 0xFF, 0xE0, 0x03, 0xFF, 0xFF, 0xE0,
  0x00, 0x00, 0x01, 0xE0, 0x00, 0x00, 0x01, 0xE0, 0x00, 0x00, 0x01, 0xE0, 0x00, 0x00, 0x01, 0xE0,
  0x00, 0x00, 0x01, 0xE0, 0x00, 0x00, 0x01, 0xE0, 0x00, 0x00, 0x01, 0xE0, 0x00, 0x00, 0x00, 0x00,
  0x00, 0x00, 0x00, 0x00, 0x00, 0x00, 0x01, 0xE0, 0x00, 0x00, 0x01, 0xE0, 0x1F, 0xFF, 0xF1, 0xE0,
  0x1F, 0xFF, 0xF1, 0xE0, 0x1F, 0xFF, 0xF1, 0xE0, 0x03, 0xC7, 0x81, 0xE0, 0x03, 0xC7, 0x81, 0xE0,
  0x03, 0xC7, 0x81, 0xE0, 0x03, 0xC7, 0x81, 0xE0, 0x03, 0xC7, 0x81, 0xE0, 0x03, 0xC7, 0x81, 0xE0,
  0x07, 0xFF, 0xF9, 0xE0, 0x1F, 0xFF, 0xF9, 0xE0, 0x1F, 0xFF, 0xF9, 0xE0, 0x1F, 0xFF, 0x01, 0xE0,
  0x00, 0x00, 0x00, 0x00, 0x00, 0x00, 0x00, 0x00, 0x01, 0xFF, 0xFF, 0xE0, 0x01, 0xFF, 0xFF, 0xE0,
  0x01, 0xFF, 0xFF, 0xE0, 0x00, 0x00, 0x01, 0xE0, 0x01, 0xFF, 0xFF, 0xE0, 0x01, 0xFF, 0xFF, 0xE0,
  0x01, 0xFF, 0xFF, 0xE0, 0x01, 0xE0, 0x00, 0x00, 0x01, 0xE0, 0x00, 0x00, 0x01, 0xFF, 0xFF, 0xF0,
  0x01, 0xFF, 0xFF, 0xF0, 0x01, 0xFF, 0xFF, 0xF0, 0x01, 0xFF, 0xFF, 0xF0, 0x00, 0x00, 0x00, 0x00,
  0x00, 0x00, 0x00, 0x00, 0x00, 0x00, 0x07, 0x80, 0x00, 0x78, 0x07, 0x80, 0x00, 0x78, 0x07, 0x80,
  0x00, 0x78, 0x07, 0x80, 0x00, 0x78, 0x07, 0x80, 0x3F, 0xFF, 0xF7, 0x80, 0x3F, 0xFF, 0xF7, 0x80,
  0x3F, 0xFF, 0xF7, 0x80, 0x00, 0x00, 0x07, 0x80, 0x00, 0x00, 0x07, 0x80, 0x01, 0xFE, 0x07, 0x80,
  0x07, 0xFF, 0x07, 0x80, 0x07, 0xFF, 0x87, 0xFC, 0x0F, 0x87, 0x87, 0xFC, 0x0F, 0x03, 0xC7, 0xFC,
  0x1E, 0x03, 0xC7, 0x80, 0x1E, 0x03, 0xC7, 0x80, 0x1E, 0x03, 0xC7, 0x80, 0x1F, 0x03, 0xC7, 0x80,
  0x0F, 0x07, 0xC7, 0x80, 0x0F, 0xCF, 0x87, 0x80, 0x07, 0xFF, 0x87, 0x80, 0x03, 0xFF, 0x07, 0x80,
  0x01, 0xFC, 0x07, 0x80, 0x00, 0x00, 0x07, 0x80, 0x00, 0x00, 0x07, 0x80, 0x00, 0x00, 0x07, 0x80,
  0x00, 0x00, 0x07, 0x80, 0x00, 0x00, 0x07, 0x80, 0x00, 0x00, 0x07, 0x80, 0x00, 0x00, 0x00, 0x00,
  0x00, 0x00, 0x00, 0x00, 0x00, 0x78, 0x03, 0xC0, 0x00, 0x78, 0x03, 0xC0, 0x00, 0x78, 0x03, 0xC0,
  0x3F, 0xFF, 0xF3, 0xC0, 0x3F, 0xFF, 0xF3, 0xC0, 0x3F, 0xFF, 0xF3, 0xC0, 0x3F, 0xFF, 0xF3, 0xC0,
  0x00, 0x00, 0x03, 0xC0, 0x01, 0xFE, 0x03, 0xC0, 0x03, 0xFF, 0x83, 0xC0, 0x07, 0xFF, 0xC3, 0xFC,
  0x0F, 0xC7, 0xC3, 0xFC, 0x0F, 0x03, 0xE3, 0xFC, 0x0F, 0x01, 0xE3, 0xC0, 0x0F, 0x01, 0xE3, 0xC0,
  0x0F, 0x87, 0xC3, 0xC0, 0x07, 0xFF, 0xC3, 0xC0, 0x03, 0xFF, 0x83, 0xC0, 0x00, 0xFE, 0x03, 0xC0,
  0x00, 0x00, 0x03, 0xC0, 0x01, 0xC0, 0x03, 0xC0, 0x01, 0xE0, 0x03, 0xC0, 0x01, 0xE0, 0x00, 0x00,
  0x01, 0xE0, 0x00, 0x00, 0x01, 0xE0, 0x00, 0x00, 0x01, 0xE0, 0x00, 0x00, 0x03, 0xFF, 0xFF, 0xE0,
  0x01, 0xFF, 0xFF, 0xE0, 0x01, 0xFF, 0xFF, 0xE0, 0x01, 0xFF, 0xFF, 0xE0, 0x00, 0x00, 0x00, 0x00,
  0x00, 0x00, 0x00, 0x00, 0x00, 0x78, 0x03, 0xC0, 0x00, 0x78, 0x03, 0xC0, 0x00, 0x78, 0x03, 0xC0,
  0x3F, 0xFF, 0xF3, 0xC0, 0x3F, 0xFF, 0xF3, 0xC0, 0x3F, 0xFF, 0xF3, 0xC0, 0x00, 0x78, 0x03, 0xC0,
  0x03, 0xFF, 0x03, 0xFC, 0x07, 0xFF, 0xC3, 0xFC, 0x0F, 0xCF, 0xC3, 0xFC, 0x0F, 0x01, 0xE3, 0xC0,
  0x0F, 0x01, 0xE3, 0xC0, 0x0F, 0x83, 0xE3, 0xC0, 0x0F, 0xFF, 0xC3, 0xC0, 0x07, 0xFF, 0x83, 0xC0,
  0x01, 0xFF, 0x03, 0xC0, 0x00, 0x00, 0x03, 0xC0, 0x03, 0xFF, 0xFF, 0xC0, 0x03, 0xFF, 0xFF, 0xC0,
  0x03, 0xFF, 0xFF, 0xC0, 0x00, 0x00, 0x03, 0xC0, 0x00, 0x00, 0x03, 0xC0, 0x03, 0xFF, 0xFF, 0xC0,
  0x03, 0xFF, 0xFF, 0xC0, 0x03, 0xFF, 0xFF, 0xC0, 0x03, 0xC0, 0x00, 0x00, 0x03, 0xC0, 0x00, 0x00,
  0x03, 0xFF, 0xFF, 0xE0, 0x03, 0xFF, 0xFF, 0xE0, 0x03, 0xFF, 0xFF, 0xE0, 0x00, 0x00, 0x00, 0x00,
  0x00, 0x00, 0x00, 0x00, 0x00, 0x78, 0x03, 0x80, 0x00, 0x78, 0x07, 0xC0, 0x00, 0x78, 0x07, 0xC0,
  0x3F, 0xFF, 0xF7, 0xC0, 0x3F, 0xFF, 0xF7, 0xC0, 0x3F, 0xFF, 0xF7, 0xC0, 0x00, 0x78, 0x07, 0xC0,
  0x03, 0xFF, 0x07, 0xFC, 0x07, 0xFF, 0xC7, 0xFC, 0x0F, 0xC7, 0xC7, 0xFC, 0x0F, 0x03, 0xE7, 0xC0,
  0x0F, 0x01, 0xE7, 0xC0, 0x0F, 0x01, 0xE7, 0xC0, 0x0F, 0xC7, 0xC7, 0xC0, 0x07, 0xFF, 0xC7, 0xC0,
  0x03, 0xFF, 0x87, 0xC0, 0x00, 0xFE, 0x07, 0xC0, 0x00, 0x00, 0x00, 0x00, 0x07, 0xFE, 0xFF, 0xC0,
  0x07, 0xFE, 0xFF, 0xC0, 0x07, 0xFE, 0xFF, 0xC0, 0x00, 0x1E, 0xF0, 0x00, 0x07, 0xFE, 0xFF, 0x80,
  0x07, 0xFE, 0xFF, 0xC0, 0x07, 0xFE, 0xFF, 0xC0, 0x07, 0x80, 0xF0, 0x00, 0x07, 0xFF, 0xFF, 0xC0,
  0x07, 0xFF, 0xFF, 0xC0, 0x07, 0xFF, 0xFF, 0xC0, 0x07, 0xFF, 0xFF, 0xC0, 0x00, 0x00, 0x00, 0x00,
  0x00, 0x00, 0x00, 0x00, 0x00, 0x78, 0x03, 0xC0, 0x00, 0x78, 0x03, 0xC0, 0x00, 0x78, 0x03, 0xC0,
  0x3F, 0xFF, 0xF3, 0xC0, 0x3F, 0xFF, 0xF3, 0xC0, 0x3F, 0xFF, 0xF3, 0xC0, 0x00, 0x00, 0x03, 0xC0,
  0x00, 0xFE, 0x03, 0xC0, 0x03, 0xFF, 0x83, 0xFC, 0x07, 0xFF, 0xC3, 0xFC, 0x0F, 0xC7, 0xC3, 0xFC,
  0x0F, 0x03, 0xE3, 0xC0, 0x0F, 0x01, 0xE3, 0xC0, 0x0F, 0x01, 0xE3, 0xC0, 0x0F, 0xC7, 0xC3, 0xC0,
  0x07, 0xFF, 0xC3, 0xC0, 0x03, 0xFF, 0x83, 0xC0, 0x00, 0xFE, 0x03, 0xC0, 0x00, 0x00, 0x00, 0x00,
  0x03, 0xFF, 0xFF, 0xC0, 0x03, 0xFF, 0xFF, 0xC0, 0x03, 0xFF, 0xFF, 0xC0, 0x03, 0xE0, 0x03, 0xC0,
  0x03, 0xE0, 0x03, 0xC0, 0x03, 0xE0, 0x03, 0xC0, 0x03, 0xE0, 0x03, 0xC0, 0x03, 0xE0, 0x03, 0xC0,
  0x03, 0xFF, 0xFF, 0xC0, 0x03, 0xFF, 0xFF, 0xC0, 0x03, 0xFF, 0xFF, 0xC0, 0x00, 0x00, 0x00, 0x00,
  0x00, 0x00, 0x00, 0x00, 0x00, 0x00, 0x00, 0xF0, 0x01, 0xE0, 0x78, 0xF0, 0x01, 0xE0, 0x78, 0xF0,
  0x01, 0xE0, 0x78, 0xF0, 0x01, 0xE0, 0x78, 0xF0, 0x3F, 0xFF, 0x78, 0xF0, 0x3F, 0xFF, 0x78, 0xF0,
  0x3F, 0xFF, 0x78, 0xF0, 0x00, 0x00, 0x78, 0xF0, 0x01, 0xF0, 0x78, 0xF0, 0x03, 0xF8, 0x78, 0xF0,
  0x0F, 0xFE, 0x78, 0xF0, 0x0F, 0xBE, 0x7F, 0xF0, 0x1E, 0x0F, 0x7F, 0xF0, 0x1E, 0x0F, 0x7F, 0xF0,
  0x1E, 0x0F, 0x78, 0xF0, 0x1E, 0x0F, 0x78, 0xF0, 0x1E, 0x0F, 0x78, 0xF0, 0x1E, 0x0F, 0x78, 0xF0,
  0x1F, 0x1F, 0x78, 0xF0, 0x0F, 0xFE, 0x78, 0xF0, 0x07, 0xFC, 0x78, 0xF0, 0x03, 0xF8, 0x78, 0xF0,
  0x00, 0x00, 0x78, 0xF0, 0x00, 0x00, 0x78, 0xF0, 0x00, 0x00, 0x78, 0xF0, 0x00, 0x00, 0x78, 0xF0,
  0x00, 0x00, 0x78, 0xF0, 0x00, 0x00, 0x38, 0xF0, 0x00, 0x00, 0x00, 0xF0, 0x00, 0x00, 0x00, 0x00,
  0x00, 0x00, 0x00, 0x00, 0x01, 0xE0, 0x00, 0xF0, 0x01, 0xE0, 0x78, 0xF0, 0x01, 0xE0, 0x78, 0xF0,
  0x3F, 0xFF, 0xF8, 0xF0, 0x3F, 0xFF, 0xF8, 0xF0, 0x3F, 0xFF, 0xF8, 0xF0, 0x00, 0x00, 0x78, 0xF0,
  0x03, 0xF0, 0x78, 0xF0, 0x07, 0xFC, 0x7F, 0xF0, 0x0F, 0xFE, 0x7F, 0xF0, 0x1F, 0x3E, 0x7F, 0xF0,
  0x1E, 0x0E, 0x78, 0xF0, 0x1E, 0x0F, 0x78, 0xF0, 0x1E, 0x0E, 0x78, 0xF0, 0x1F, 0x1E, 0x78, 0xF0,
  0x0F, 0xFE, 0x78, 0xF0, 0x07, 0xFC, 0x78, 0xF0, 0x03, 0xF0, 0x78, 0xF0, 0x00, 0x00, 0x00, 0xF0,
  0x00, 0x38, 0x0F, 0x00, 0x00, 0x7C, 0x0F, 0x00, 0x00, 0x7C, 0x0F, 0x80, 0x00, 0x7C, 0x0F, 0x80,
  0x00, 0xFC, 0x1F, 0x80, 0x01, 0xFE, 0x3F, 0xC0, 0x03, 0xEF, 0x7F, 0xF0, 0x0F, 0xCF, 0xF9, 0xFC,
  0x0F, 0x87, 0xF0, 0xFC, 0x07, 0x03, 0xE0, 0x38, 0x00, 0x00, 0x80, 0x00, 0x00, 0x00, 0x00, 0x00,
  0x00, 0x00, 0x00, 0x00, 0x01, 0xE0, 0x01, 0xE0, 0x01, 0xE0, 0x79, 0xE0, 0x01, 0xE0, 0x79, 0xE0,
  0x3F, 0xFF, 0xF9, 0xE0, 0x3F, 0xFF, 0xF9, 0xE0, 0x3F, 0xFF, 0xF9, 0xE0, 0x00, 0x00, 0x79, 0xE0,
  0x00, 0xE0, 0x79, 0xE0, 0x07, 0xF8, 0x7F, 0xE0, 0x0F, 0xFC, 0x7F, 0xE0, 0x1F, 0xFE, 0x7F, 0xE0,
  0x1E, 0x1E, 0x79, 0xE0, 0x1E, 0x0F, 0x79, 0xE0, 0x1E, 0x0E, 0x79, 0xE0, 0x1F, 0x1E, 0x79, 0xE0,
  0x0F, 0xFE, 0x79, 0xE0, 0x07, 0xFC, 0x79, 0xE0, 0x01, 0xF0, 0x79, 0xE0, 0x00, 0x00, 0x01, 0xE0,
  0x00, 0x0F, 0xFC, 0x00, 0x00, 0x3F, 0xFF, 0x80, 0x00, 0xFF, 0xFF, 0xC0, 0x01, 0xFC, 0x0F, 0xE0,
  0x01, 0xE0, 0x01, 0xE0, 0x01, 0xE0, 0x01, 0xE0, 0x01, 0xE0, 0x01, 0xE0, 0x01, 0xF8, 0x07, 0xE0,
  0x00, 0xFF, 0xFF, 0xC0, 0x00, 0x7F, 0xFF, 0x80, 0x00, 0x1F, 0xFE, 0x00, 0x00, 0x00, 0x00, 0x00,
  0x00, 0x00, 0x00, 0x00, 0x00, 0x78, 0x01, 0xE0, 0x00, 0x78, 0x01, 0xE0, 0x00, 0x78, 0x01, 0xE0,
  0x3F, 0xFF, 0xF1, 0xE0, 0x3F, 0xFF, 0xF1, 0xE0, 0x3F, 0xFF, 0xF1, 0xE0, 0x00, 0x00, 0x01, 0xE0,
  0x00, 0xFC, 0x01, 0xE0, 0x03, 0xFF, 0x01, 0xE0, 0x07, 0xFF, 0x9F, 0xE0, 0x0F, 0x87, 0xDF, 0xE0,
  0x0F, 0x03, 0xDF, 0xE0, 0x0F, 0x03, 0xC1, 0xE0, 0x0F, 0x03, 0xC1, 0xE0, 0x0F, 0x87, 0xC1, 0xE0,
  0x07, 0xFF, 0x81, 0xE0, 0x03, 0xFF, 0x01, 0xE0, 0x00, 0xFC, 0x01, 0xE0, 0x00, 0x00, 0x00, 0x00,
  0x01, 0xFF, 0xFF, 0xE0, 0x01, 0xFF, 0xFF, 0xE0, 0x01, 0xFF, 0xFF, 0xE0, 0x01, 0xE0, 0x01, 0xE0,
  0x01, 0xE0, 0x01, 0xE0, 0x01, 0xE0, 0x01, 0xE0, 0x01, 0xE0, 0x01, 0xE0, 0x01, 0xE0, 0x01, 0xE0,
  0x01, 0xFF, 0xFF, 0xE0, 0x01, 0xFF, 0xFF, 0xE0, 0x01, 0xFF, 0xFF, 0xE0, 0x00, 0x00, 0x00, 0x00,
  0x00, 0x00, 0x00, 0x00, 0x00, 0x00, 0x00, 0xE0, 0x01, 0xE0, 0x3C, 0xF0, 0x01, 0xE0, 0x3C, 0xF0,
  0x01, 0xE0, 0x3C, 0xF0, 0x01, 0xE0, 0x3C, 0xF0, 0x3F, 0xFF, 0x3C, 0xF0, 0x3F, 0xFF, 0x3C, 0xF0,
  0x3F, 0xFF, 0x3C, 0xF0, 0x00, 0x00, 0x3C, 0xF0, 0x01, 0xE0, 0x3C, 0xF0, 0x07, 0xF8, 0x3C, 0xF0,
  0x0F, 0xFD, 0xFC, 0xF0, 0x0F, 0xFF, 0xFC, 0xF0, 0x1E, 0x1F, 0xFC, 0xF0, 0x1E, 0x0E, 0x3C, 0xF0,
  0x1E, 0x0E, 0x3C, 0xF0, 0x1E, 0x0F, 0x3C, 0xF0, 0x1E, 0x0E, 0x3C, 0xF0, 0x1E, 0x1E, 0x3C, 0xF0,
  0x1F, 0x3E, 0x3C, 0xF0, 0x0F, 0xFC, 0x3C, 0xF0, 0x07, 0xFC, 0x3C, 0xF0, 0x03, 0xF0, 0x3C, 0xF0,
  0x00, 0x00, 0x3C, 0xF0, 0x00, 0x00, 0x3C, 0xF0, 0x00, 0x00, 0x3C, 0xF0, 0x00, 0x00, 0x3C, 0xF0,
  0x00, 0x00, 0x3C, 0xF0, 0x00, 0x00, 0x3C, 0xF0, 0x00, 0x00, 0x00, 0xF0, 0x00, 0x00, 0x00, 0x00,
  0x00, 0x00, 0x00, 0x00, 0x00, 0x78, 0x01, 0xE0, 0x00, 0x78, 0x01, 0xE0, 0x1F, 0xFF, 0xE1, 0xE0,
  0x3F, 0xFF, 0xE1, 0xE0, 0x3F, 0xFF, 0xE1, 0xE0, 0x1F, 0xFF, 0xE1, 0xE0, 0x00, 0xFC, 0x1F, 0xE0,
  0x03, 0xFF, 0x1F, 0xE0, 0x07, 0xFF, 0x9F, 0xE0, 0x0F, 0x87, 0x81, 0xE0, 0x0F, 0x03, 0xC1, 0xE0,
  0x0F, 0x03, 0xDF, 0xE0, 0x0F, 0x87, 0xDF, 0xE0, 0x07, 0xFF, 0x9F, 0xE0, 0x07, 0xFF, 0x01, 0xE0,
  0x01, 0xFE, 0x01, 0xE0, 0x00, 0x00, 0x00, 0x00, 0x00, 0x00, 0x00, 0x00, 0x01, 0xFF, 0xFF, 0xE0,
  0x01, 0xFF, 0xFF, 0xE0, 0x00, 0xFF, 0xFF, 0xE0, 0x00, 0x00, 0x01, 0xE0, 0x00, 0xFF, 0xFF, 0xE0,
  0x01, 0xFF, 0xFF, 0xE0, 0x01, 0xFF, 0xFF, 0xE0, 0x01, 0xF0, 0x00, 0x00, 0x01, 0xF0, 0x00, 0x00,
  0x01, 0xFF, 0xFF, 0xF0, 0x01, 0xFF, 0xFF, 0xF0, 0x01, 0xFF, 0xFF, 0xF0, 0x00, 0x00, 0x00, 0x00,
  0x00, 0x00, 0x00, 0x00, 0x00, 0x78, 0x01, 0xE0, 0x00, 0x78, 0x01, 0xE0, 0x00, 0x78, 0x01, 0xE0,
  0x3F, 0xFF, 0xE1, 0xE0, 0x3F, 0xFF, 0xE1, 0xE0, 0x3F, 0xFF, 0xE1, 0xE0, 0x00, 0x00, 0x01, 0xE0,
  0x00, 0xFC, 0x1F, 0xE0, 0x03, 0xFF, 0x1F, 0xE0, 0x07, 0xFF, 0x9F, 0xE0, 0x0F, 0x8F, 0x81, 0xE0,
  0x0F, 0x07, 0xC1, 0xE0, 0x0F, 0x03, 0xC1, 0xE0, 0x0F, 0x03, 0xDF, 0xE0, 0x0F, 0x07, 0x9F, 0xE0,
  0x07, 0xFF, 0x9F, 0xE0, 0x07, 0xFF, 0x01, 0xE0, 0x01, 0xFE, 0x01, 0xE0, 0x00, 0x78, 0x01, 0xE0,
  0x00, 0x0F, 0xFC, 0xE0, 0x00, 0x3F, 0xFF, 0x80, 0x00, 0xFF, 0xFF, 0xC0, 0x01, 0xFC, 0x0F, 0xE0,
  0x01, 0xF0, 0x03, 0xE0, 0x01, 0xE0, 0x01, 0xE0, 0x01, 0xF0, 0x01, 0xE0, 0x01, 0xF8, 0x07, 0xE0,
  0x00, 0xFF, 0xFF, 0xC0, 0x00, 0x7F, 0xFF, 0x80, 0x00, 0x0F, 0xFE, 0x00, 0x00, 0x00, 0x00, 0x00,
  0x00, 0x00, 0x00, 0x00, 0x00, 0x00, 0x00, 0x00, 0x00, 0x03, 0xC0, 0x00, 0x00, 0x03, 0xC0, 0x00,
  0x00, 0x03, 0xC0, 0x00, 0x00, 0x03, 0xC0, 0x00, 0x0F, 0xFF, 0xFF, 0xF0, 0x0F, 0xFF, 0xFF, 0xF0,
  0x0F, 0xFF, 0xFF, 0xF0, 0x00, 0x00, 0x00, 0x00, 0x00, 0x00, 0x00, 0x00, 0x00, 0x1F, 0xF8, 0x00,
  0x00, 0xFF, 0xFF, 0x00, 0x01, 0xFF, 0xFF, 0x80, 0x03, 0xF8, 0x1F, 0xC0, 0x03, 0xC0, 0x07, 0xC0,
  0x03, 0xC0, 0x03, 0xC0, 0x03, 0xE0, 0x07, 0xC0, 0x03, 0xFC, 0x3F, 0xC0, 0x01, 0xFF, 0xFF, 0x80,
  0x00, 0xFF, 0xFF, 0x00, 0x00, 0x3F, 0xF8, 0x00, 0x00, 0x03, 0xC0, 0x00, 0x00, 0x03, 0xC0, 0x00,
  0x00, 0x03, 0xC0, 0x00, 0x00, 0x03, 0xC0, 0x00, 0x3F, 0xFF, 0xFF, 0xFC, 0x3F, 0xFF, 0xFF, 0xFC,
  0x3F, 0xFF, 0xFF, 0xF8, 0x00, 0x00, 0x00, 0x00, 0x00, 0x00, 0x00, 0x00, 0x00, 0x00, 0x00, 0x00,
  0x00, 0x00, 0x00, 0x00, 0x00, 0x03, 0xC0, 0x00, 0x00, 0x03, 0xC0, 0x00, 0x00, 0x03, 0xC0, 0x00,
  0x0F, 0xFF, 0xFF, 0xF0, 0x0F, 0xFF, 0xFF, 0xF0, 0x0F, 0xFF, 0xFF, 0xF0, 0x00, 0x1F, 0xF8, 0x00,
  0x00, 0xFF, 0xFF, 0x00, 0x01, 0xFF, 0xFF, 0x80, 0x03, 0xF8, 0x0F, 0xC0, 0x03, 0xE0, 0x03, 0xC0,
  0x03, 0xC0, 0x03, 0xC0, 0x03, 0xE0, 0x07, 0xC0, 0x01, 0xFF, 0xFF, 0x80, 0x00, 0xFF, 0xFF, 0x00,
  0x00, 0x3F, 0xFC, 0x00, 0x00, 0x03, 0xC0, 0x00, 0x00, 0x03, 0xC0, 0x00, 0x1F, 0xFF, 0xFF, 0xFC,
  0x1F, 0xFF, 0xFF, 0xFC, 0x1F, 0xFF, 0xFF, 0xFC, 0x00, 0x00, 0x00, 0x00, 0x03, 0xC0, 0x00, 0x00,
  0x03, 0xC0, 0x00, 0x00, 0x03, 0xC0, 0x00, 0x00, 0x03, 0xC0, 0x00, 0x00, 0x03, 0xFF, 0xFF, 0xE0,
  0x03, 0xFF, 0xFF, 0xE0, 0x03, 0xFF, 0xFF, 0xE0, 0x03, 0xFF, 0xFF, 0xE0, 0x00, 0x00, 0x00, 0x00,
  0x00, 0x07, 0x80, 0x00, 0x00, 0x07, 0x80, 0x00, 0x00, 0x07, 0x80, 0x00, 0x1F, 0xFF, 0xFF, 0xE0,
  0x1F, 0xFF, 0xFF, 0xE0, 0x1F, 0xFF, 0xFF, 0xE0, 0x00, 0x00, 0x00, 0x00, 0x00, 0x1F, 0xF0, 0x00,
  0x00, 0xFF, 0xFE, 0x00, 0x03, 0xFF, 0xFF, 0x00, 0x03, 0xF0, 0x1F, 0x80, 0x07, 0xC0, 0x07, 0x80,
  0x03, 0xC0, 0x0F, 0x80, 0x03, 0xFF, 0xFF, 0x80, 0x01, 0xFF, 0xFF, 0x00, 0x00, 0x7F, 0xF8, 0x00,
  0x00, 0x07, 0x80, 0x00, 0x3F, 0xFF, 0xFF, 0xF8, 0x3F, 0xFF, 0xFF, 0xF8, 0x3F, 0xFF, 0xFF, 0xF8,
  0x00, 0x00, 0x00, 0x00, 0x00, 0x00, 0x00, 0x00, 0x00, 0x7F, 0xFC, 0x00, 0x01, 0xFF, 0xFF, 0x00,
  0x03, 0xFF, 0xFF, 0x80, 0x07, 0xE0, 0x0F, 0x80, 0x07, 0x80, 0x07, 0xC0, 0x07, 0xC0, 0x0F, 0x80,
  0x03, 0xFF, 0xFF, 0x80, 0x01, 0xFF, 0xFF, 0x00, 0x00, 0x7F, 0xFC, 0x00, 0x00, 0x00, 0x00, 0x00,
  0x00, 0x00, 0x00, 0x00, 0x00, 0x3C, 0x03, 0xC0, 0x00, 0x3C, 0x03, 0xC0, 0x00, 0x3C, 0x03, 0xC0,
  0x00, 0x3C, 0x03, 0xC0, 0x1F, 0xFF, 0xFB, 0xC0, 0x1F, 0xFF, 0xFB, 0xC0, 0x1F, 0xFF, 0xFB, 0xC0,
  0x00, 0x00, 0x03, 0xC0, 0x00, 0xFE, 0x03, 0xC0, 0x03, 0xFF, 0x83, 0xC0, 0x07, 0xFF, 0xC3, 0xC0,
  0x07, 0xC7, 0xC3, 0xC0, 0x0F, 0x83, 0xE3, 0xFC, 0x0F, 0x01, 0xE3, 0xFC, 0x0F, 0x01, 0xE3, 0xFC,
  0x07, 0x87, 0xC3, 0xC0, 0x07, 0xFF, 0xC3, 0xC0, 0x03, 0xFF, 0x83, 0xC0, 0x00, 0xFE, 0x03, 0xC0,
  0x00, 0x3C, 0x03, 0xC0, 0x00, 0x3C, 0x3B, 0xC0, 0x1F, 0xFF, 0xFB, 0xC0, 0x1F, 0xFF, 0xFB, 0xC0,
  0x1F, 0xFF, 0xF3, 0xC0, 0x0C, 0x00, 0x03, 0xC0, 0x00, 0x00, 0x03, 0xC0, 0x00, 0x00, 0x03, 0xC0,
  0x00, 0x00, 0x03, 0xC0, 0x00, 0x00, 0x03, 0xC0, 0x00, 0x00, 0x03, 0xC0, 0x00, 0x00, 0x00, 0x00,
  0x00, 0x00, 0x00, 0x00, 0x00, 0x78, 0x03, 0xC0, 0x00, 0x78, 0x03, 0xC0, 0x00, 0x78, 0x03, 0xC0,
  0x3F, 0xFF, 0xF3, 0xC0, 0x3F, 0xFF, 0xF3, 0xC0, 0x1F, 0xFF, 0xE3, 0xC0, 0x00, 0xFC, 0x03, 0xC0,
  0x03, 0xFF, 0x03, 0xC0, 0x07, 0xFF, 0x83, 0xC0, 0x0F, 0x03, 0xC3, 0xFC, 0x0F, 0x03, 0xC3, 0xFC,
  0x0F, 0x03, 0xC3, 0xFC, 0x0F, 0xFF, 0xC3, 0xC0, 0x07, 0xFF, 0x83, 0xC0, 0x01, 0xFE, 0x03, 0xC0,
  0x00, 0x78, 0x03, 0xC0, 0x3F, 0xFF, 0xFB, 0xC0, 0x3F, 0xFF, 0xFB, 0xC0, 0x3F, 0xFF, 0xFB, 0xC0,
  0x3F, 0xFE, 0x03, 0xC0, 0x00, 0x00, 0x03, 0x80, 0x07, 0xFF, 0xFF, 0xC0, 0x07, 0xFF, 0xFF, 0xC0,
  0x07, 0xFF, 0xFF, 0xC0, 0x00, 0x00, 0x03, 0xC0, 0x00, 0x00, 0x03, 0xC0, 0x00, 0x00, 0x03, 0xC0,
  0x00, 0x00, 0x03, 0xC0, 0x00, 0x00, 0x03, 0xC0, 0x00, 0x00, 0x03, 0xC0, 0x00, 0x00, 0x00, 0x00,
  0x00, 0x00, 0x00, 0x00, 0x00, 0x78, 0x07, 0x80, 0x00, 0x78, 0x07, 0xC0, 0x00, 0x78, 0x07, 0xC0,
  0x3F, 0xFF, 0xF7, 0xC0, 0x3F, 0xFF, 0xF7, 0xC0, 0x1F, 0xFF, 0xE7, 0xC0, 0x00, 0xFC, 0x07, 0xC0,
  0x03, 0xFF, 0x07, 0xC0, 0x07, 0xFF, 0x87, 0xC0, 0x0F, 0x87, 0xC7, 0xC0, 0x0F, 0x03, 0xC7, 0xF8,
  0x0F, 0x03, 0xC7, 0xF8, 0x0F, 0x03, 0xC7, 0xF8, 0x0F, 0xFF, 0xC7, 0xC0, 0x07, 0xFF, 0x87, 0xC0,
  0x01, 0xFE, 0x07, 0xC0, 0x00, 0x78, 0x77, 0xC0, 0x3F, 0xFF, 0xFF, 0xC0, 0x3F, 0xFF, 0xFF, 0xC0,
  0x3F, 0xFF, 0xE7, 0xC0, 0x1F, 0x00, 0x07, 0xC0, 0x00, 0x00, 0x07, 0xC0, 0x03, 0xC0, 0x07, 0xC0,
  0x03, 0xC0, 0x03, 0x80, 0x03, 0xC0, 0x00, 0x00, 0x03, 0xC0, 0x00, 0x00, 0x03, 0xFF, 0xFF, 0xE0,
  0x03, 0xFF, 0xFF, 0xE0, 0x03, 0xFF, 0xFF, 0xE0, 0x03, 0xFF, 0xFF, 0xE0, 0x00, 0x00, 0x00, 0x00,
  0x00, 0x00, 0x00, 0x00, 0x00, 0x78, 0x03, 0xC0, 0x00, 0x78, 0x03, 0xC0, 0x00, 0x78, 0x03, 0xC0,
  0x3F, 0xFF, 0xF3, 0xC0, 0x3F, 0xFF, 0xF3, 0xC0, 0x1F, 0xFF, 0xE3, 0xC0, 0x00, 0xFC, 0x03, 0xC0,
  0x07, 0xFF, 0x83, 0xC0, 0x0F, 0xFF, 0xC3, 0xC0, 0x0F, 0x03, 0xC3, 0xFC, 0x0F, 0x03, 0xC3, 0xFC,
  0x0F, 0xFF, 0xC3, 0xFC, 0x07, 0xFF, 0x83, 0xC0, 0x03, 0xFF, 0x03, 0xC0, 0x00, 0x78, 0x03, 0xC0,
  0x00, 0x78, 0x7B, 0xC0, 0x3F, 0xFF, 0xFB, 0xC0, 0x3F, 0xFF, 0xFB, 0xC0, 0x3F, 0xFF, 0xC3, 0xC0,
  0x00, 0x00, 0x03, 0xC0, 0x00, 0x1F, 0xF8, 0x00, 0x00, 0xFF, 0xFF, 0x00, 0x01, 0xFF, 0xFF, 0x80,
  0x03, 0xF0, 0x0F, 0xC0, 0x03, 0xC0, 0x03, 0xC0, 0x03, 0xC0, 0x03, 0xC0, 0x03, 0xF0, 0x0F, 0xC0,
  0x01, 0xFF, 0xFF, 0x80, 0x00, 0xFF, 0xFF, 0x00, 0x00, 0x3F, 0xFC, 0x00, 0x00, 0x00, 0x00, 0x00,
  0x00, 0x00, 0x00, 0x00, 0x00, 0x3C, 0x01, 0xE0, 0x00, 0x3C, 0x01, 0xE0, 0x00, 0x3C, 0x01, 0xE0,
  0x1F, 0xFF, 0xF9, 0xE0, 0x1F, 0xFF, 0xF9, 0xE0, 0x1F, 0xFF, 0xF9, 0xE0, 0x0F, 0xFF, 0xF9, 0xE0,
  0x00, 0x00, 0x01, 0xE0, 0x00, 0x7F, 0x01, 0xE0, 0x01, 0xFF, 0xC1, 0xE0, 0x03, 0xFF, 0xE1, 0xE0,
  0x07, 0xC3, 0xE1, 0xE0, 0x07, 0x80, 0xF1, 0xE0, 0x07, 0x80, 0xF1, 0xE0, 0x07, 0x80, 0xF1, 0xE0,
  0x07, 0xC3, 0xE1, 0xE0, 0x03, 0xFF, 0xE1, 0xE0, 0x01, 0xFF, 0xC1, 0xE0, 0x00, 0x7F, 0x01, 0xE0,
  0x00, 0x3C, 0x01, 0xE0, 0x00, 0x3C, 0x01, 0xE0, 0x1F, 0xFF, 0xFD, 0xE0, 0x1F, 0xFF, 0xFD, 0xE0,
  0x1F, 0xFF, 0xFD, 0xE0, 0x1F, 0xFF, 0x01, 0xE0, 0x00, 0x00, 0x01, 0xE0, 0x00, 0x00, 0x01, 0xE0,
  0x00, 0x00, 0x01, 0xE0, 0x00, 0x00, 0x01, 0xE0, 0x00, 0x00, 0x01, 0xE0, 0x00, 0x00, 0x00, 0x00,
  0x00, 0x00, 0x00, 0x00, 0x00, 0x3C, 0x01, 0xE0, 0x00, 0x3C, 0x01, 0xE0, 0x0F, 0xFF, 0xF9, 0xE0,
  0x1F, 0xFF, 0xF9, 0xE0, 0x1F, 0xFF, 0xF9, 0xE0, 0x0F, 0xFF, 0xF1, 0xE0, 0x00, 0xFF, 0x01, 0xE0,
  0x03, 0xFF, 0xC1, 0xE0, 0x07, 0xFF, 0xE1, 0xE0, 0x07, 0x81, 0xF1, 0xE0, 0x07, 0x80, 0xF1, 0xE0,
  0x07, 0x81, 0xF1, 0xE0, 0x07, 0xFF, 0xE1, 0xE0, 0x03, 0xFF, 0xC1, 0xE0, 0x00, 0xFF, 0x81, 0xE0,
  0x00, 0x3C, 0x01, 0xE0, 0x00, 0x3C, 0xF9, 0xE0, 0x3F, 0xFF, 0xFD, 0xE0, 0x1F, 0xFF, 0xFD, 0xE0,
  0x1F, 0xFF, 0xC1, 0xE0, 0x00, 0x00, 0x00, 0xE0, 0x01, 0xFF, 0xFF, 0xE0, 0x01, 0xFF, 0xFF, 0xE0,
  0x01, 0xFF, 0xFF, 0xE0, 0x00, 0x00, 0x01, 0xE0, 0x00, 0x00, 0x01, 0xE0, 0x00, 0x00, 0x01, 0xE0,
  0x00, 0x00, 0x01, 0xE0, 0x00, 0x00, 0x01, 0xE0, 0x00, 0x00, 0x01, 0xE0, 0x00, 0x00, 0x00, 0x00,
  0x00, 0x00, 0x00, 0x00, 0x00, 0x00, 0x00, 0x00, 0x00, 0x03, 0xC0, 0x00, 0x00, 0x03, 0xC0, 0x00,
  0x00, 0x03, 0xC0, 0x00, 0x00, 0x03, 0xC0, 0x00, 0x0F, 0xFF, 0xFF, 0xF0, 0x0F, 0xFF, 0xFF, 0xF0,
  0x0F, 0xFF, 0xFF, 0xF0, 0x00, 0x00, 0x00, 0x00, 0x00, 0x00, 0x00, 0x00, 0x00, 0x1F, 0xF8, 0x00,
  0x00, 0xFF, 0xFF, 0x00, 0x01, 0xFF, 0xFF, 0x80, 0x03, 0xF8, 0x1F, 0xC0, 0x03, 0xE0, 0x07, 0xC0,
  0x03, 0xC0, 0x03, 0xC0, 0x03, 0xC0, 0x07, 0xC0, 0x03, 0xF0, 0x0F, 0xC0, 0x01, 0xFF, 0xFF, 0x80,
  0x00, 0xFF, 0xFF, 0x00, 0x00, 0x7F, 0xFE, 0x00, 0x00, 0x78, 0x1E, 0x00, 0x00, 0x78, 0x1E, 0x00,
  0x00, 0x78, 0x1E, 0x00, 0x00, 0x78, 0x1E, 0x00, 0x3F, 0xFF, 0xFF, 0xF8, 0x3F, 0xFF, 0xFF, 0xF8,
  0x3F, 0xFF, 0xFF, 0xF8, 0x00, 0x00, 0x00, 0x00, 0x00, 0x00, 0x00, 0x00, 0x00, 0x00, 0x00, 0x00,
  0x00, 0x00, 0x00, 0x00, 0x00, 0x03, 0xC0, 0x00, 0x00, 0x03, 0xC0, 0x00, 0x00, 0x03, 0xC0, 0x00,
  0x0F, 0xFF, 0xFF, 0xF0, 0x0F, 0xFF, 0xFF, 0xF0, 0x0F, 0xFF, 0xFF, 0xF0, 0x00, 0x00, 0x00, 0x00,
  0x00, 0x00, 0x00, 0x00, 0x00, 0x3F, 0xFC, 0x00, 0x00, 0xFF, 0xFF, 0x00, 0x01, 0xFF, 0xFF, 0x80,
  0x03, 0xF0, 0x0F, 0xC0, 0x03, 0xC0, 0x03, 0xC0, 0x03, 0xC0, 0x03, 0xC0, 0x03, 0xF0, 0x0F, 0xC0,
  0x01, 0xFF, 0xFF, 0x80, 0x00, 0xFF, 0xFF, 0x00, 0x00, 0x1F, 0xF8, 0x00, 0x00, 0x00, 0x00, 0x00,
  0x1F, 0xFF, 0xFF, 0xF8, 0x3F, 0xFF, 0xFF, 0xFC, 0x3F, 0xFF, 0xFF, 0xFC, 0x1F, 0xFF, 0xFF, 0xF8,
  0x00, 0x03, 0xC0, 0x00, 0x00, 0x03, 0xC0, 0x00, 0x00, 0x03, 0xC0, 0x00, 0x00, 0x03, 0xC0, 0x00,
  0x00, 0x03, 0xC0, 0x00, 0x00, 0x03, 0xC0, 0x00, 0x00, 0x03, 0xC0, 0x00, 0x00, 0x00, 0x00, 0x00,
  0x00, 0x00, 0x00, 0x00, 0x00, 0x07, 0x80, 0x00, 0x00, 0x07, 0x80, 0x00, 0x00, 0x07, 0x80, 0x00,
  0x1F, 0xFF, 0xFF, 0xE0, 0x1F, 0xFF, 0xFF, 0xE0, 0x1F, 0xFF, 0xFF, 0xE0, 0x00, 0x3F, 0xF0, 0x00,
  0x00, 0xFF, 0xFE, 0x00, 0x03, 0xFF, 0xFF, 0x00, 0x03, 0xF0, 0x1F, 0x80, 0x07, 0xC0, 0x07, 0x80,
  0x07, 0xC0, 0x07, 0x80, 0x03, 0xF0, 0x1F, 0x80, 0x03, 0xFF, 0xFF, 0x00, 0x00, 0xFF, 0xFE, 0x00,
  0x00, 0x3F, 0xF0, 0x00, 0x00, 0x00, 0x00, 0x00, 0x3F, 0xFF, 0xFF, 0xF8, 0x3F, 0xFF, 0xFF, 0xF8,
  0x3F, 0xFF, 0xFF, 0xF8, 0x00, 0x07, 0xC0, 0x00, 0x00, 0x07, 0xC0, 0x00, 0x07, 0x87, 0xC0, 0x00,
  0x07, 0x87, 0x80, 0x00, 0x07, 0x80, 0x00, 0x00, 0x07, 0x80, 0x00, 0x00, 0x07, 0xFF, 0xFF, 0xC0,
  0x07, 0xFF, 0xFF, 0xC0, 0x07, 0xFF, 0xFF, 0xC0, 0x07, 0xFF, 0xFF, 0xC0, 0x00, 0x00, 0x00, 0x00,
  0x00, 0x00, 0x00, 0x00, 0x00, 0x3C, 0x01, 0xE0, 0x00, 0x3C, 0x01, 0xE0, 0x0F, 0xFF, 0xF9, 0xE0,
  0x1F, 0xFF, 0xF9, 0xE0, 0x1F, 0xFF, 0xF9, 0xE0, 0x00, 0x00, 0x01, 0xE0, 0x01, 0xFF, 0x81, 0xE0,
  0x03, 0xFF, 0xC1, 0xE0, 0x07, 0xFF, 0xE1, 0xE0, 0x07, 0x81, 0xE1, 0xE0, 0x07, 0x81, 0xE1, 0xE0,
  0x07, 0xFF, 0xE1, 0xE0, 0x03, 0xFF, 0xC1, 0xE0, 0x00, 0xFF, 0x01, 0xE0, 0x00, 0x01, 0xFD, 0xE0,
  0x3F, 0xFF, 0xFD, 0xE0, 0x3F, 0xFF, 0xFD, 0xE0, 0x1F, 0xFF, 0xE1, 0xE0, 0x00, 0x3E, 0x01, 0xE0,
  0x00, 0x3E, 0x00, 0x00, 0x01, 0xFC, 0x01, 0xE0, 0x01, 0xE0, 0x01, 0xE0, 0x01, 0xFF, 0xFF, 0xE0,
  0x01, 0xFF, 0xFF, 0xE0, 0x01, 0xFF, 0xFF, 0xE0, 0x01, 0xE0, 0x01, 0xE0, 0x01, 0xE0, 0x01, 0xE0,
  0x01, 0xFF, 0xFF, 0xE0, 0x01, 0xFF, 0xFF, 0xE0, 0x01, 0xFF, 0xFF, 0xE0, 0x00, 0x00, 0x00, 0x00,
  0x00, 0x03, 0x80, 0x00, 0x00, 0x03, 0xC0, 0x00, 0x00, 0x03, 0xC0, 0x00, 0x1F, 0xFF, 0xFF, 0xF0,
  0x1F, 0xFF, 0xFF, 0xF0, 0x0F, 0xFF, 0xFF, 0xF0, 0x00, 0x00, 0x00, 0x00, 0x00, 0x7F, 0xFC, 0x00,
  0x01, 0xFF, 0xFF, 0x00, 0x03, 0xFF, 0xFF, 0x80, 0x03, 0xE0, 0x07, 0xC0, 0x03, 0xE0, 0x07, 0xC0,
  0x03, 0xFF, 0xFF, 0x80, 0x01, 0xFF, 0xFF, 0x00, 0x00, 0x7F, 0xFC, 0x00, 0x00, 0x00, 0x00, 0x00,
  0x00, 0x00, 0x00, 0x00, 0x3F, 0xFF, 0xFF, 0xF8, 0x3F, 0xFF, 0xFF, 0xF8, 0x3F, 0xFF, 0xFF, 0xF8,
  0x00, 0x00, 0x00, 0x00, 0x03, 0x80, 0x03, 0xC0, 0x07, 0xC0, 0x03, 0xC0, 0x07, 0xFF, 0xFF, 0xC0,
  0x07, 0xFF, 0xFF, 0xC0, 0x07, 0xFF, 0xFF, 0xC0, 0x07, 0xC0, 0x03, 0xC0, 0x07, 0xC0, 0x03, 0xC0,
  0x07, 0xFF, 0xFF, 0xC0, 0x07, 0xFF, 0xFF, 0xC0, 0x07, 0xFF, 0xFF, 0xC0, 0x00, 0x00, 0x00, 0x00,
  0x00, 0x00, 0x00, 0x00, 0x00, 0x1C, 0x01, 0xE0, 0x00, 0x3C, 0x01, 0xE0, 0x00, 0x3C, 0x01, 0xE0,
  0x00, 0x3C, 0x01, 0xE0, 0x1F, 0xFF, 0xF9, 0xE0, 0x1F, 0xFF, 0xF9, 0xE0, 0x1F, 0xFF, 0xF9, 0xE0,
  0x00, 0x00, 0x01, 0xE0, 0x00, 0x7F, 0x01, 0xE0, 0x01, 0xFF, 0xC1, 0xE0, 0x03, 0xFF, 0xE1, 0xE0,
  0x07, 0xE3, 0xE1, 0xE0, 0x07, 0x81, 0xF1, 0xE0, 0x07, 0x80, 0xF1, 0xE0, 0x07, 0x80, 0xF1, 0xE0,
  0x07, 0xC3, 0xE1, 0xE0, 0x03, 0xFF, 0xE1, 0xE0, 0x01, 0xFF, 0xC1, 0xE0, 0x00, 0xFF, 0x01, 0xE0,
  0x00, 0x00, 0x01, 0xE0, 0x00, 0x00, 0x3D, 0xE0, 0x1F, 0xFF, 0xFD, 0xE0, 0x1F, 0xFF, 0xFD, 0xE0,
  0x1F, 0xFF, 0xF9, 0xE0, 0x1F, 0x80, 0x01, 0xE0, 0x00, 0x00, 0x01, 0xE0, 0x00, 0x00, 0x01, 0xE0,
  0x00, 0x00, 0x01, 0xE0, 0x00, 0x00, 0x01, 0xE0, 0x00, 0x00, 0x01, 0xE0, 0x00, 0x00, 0x00, 0x00,
  0x00, 0x00, 0x00, 0x00, 0x00, 0x00, 0x01, 0xE0, 0x00, 0x3C, 0x01, 0xE0, 0x00, 0x3C, 0x01, 0xE0,
  0x00, 0x3C, 0x01, 0xE0, 0x00, 0x3C, 0x01, 0xE0, 0x1F, 0xFF, 0xF9, 0xE0, 0x1F, 0xFF, 0xF9, 0xE0,
  0x1F, 0xFF, 0xF9, 0xE0, 0x00, 0x00, 0x01, 0xE0, 0x00, 0x00, 0x01, 0xE0, 0x00, 0xFE, 0x01, 0xE0,
  0x01, 0xFF, 0x81, 0xE0, 0x03, 0xFF, 0xC1, 0xE0, 0x07, 0xC7, 0xC1, 0xE0, 0x07, 0x83, 0xE1, 0xE0,
  0x0F, 0x01, 0xE1, 0xE0, 0x0F, 0x01, 0xE1, 0xE0, 0x0F, 0x01, 0xE1, 0xE0, 0x0F, 0x81, 0xE1, 0xE0,
  0x07, 0x83, 0xE1, 0xE0, 0x07, 0xE7, 0xC1, 0xE0, 0x03, 0xFF, 0xC1, 0xE0, 0x01, 0xFF, 0x81, 0xE0,
  0x00, 0xFE, 0x01, 0xE0, 0x00, 0x00, 0x01, 0xE0, 0x00, 0x00, 0x01, 0xE0, 0x00, 0x00, 0x01, 0xE0,
  0x00, 0x00, 0x01, 0xE0, 0x00, 0x00, 0x01, 0xE0, 0x00, 0x00, 0x01, 0xE0, 0x00, 0x00, 0x00, 0x00,
  0x00, 0x00, 0x00, 0x00, 0x00, 0x3C, 0x01, 0xE0, 0x00, 0x3C, 0x01, 0xE0, 0x00, 0x3C, 0x01, 0xE0,
  0x1F, 0xFF, 0xF9, 0xE0, 0x1F, 0xFF, 0xF9, 0xE0, 0x1F, 0xFF, 0xF9, 0xE0, 0x1F, 0xFF, 0xF9, 0xE0,
  0x00, 0x00, 0x01, 0xE0, 0x01, 0xFF, 0x01, 0xE0, 0x03, 0xFF, 0x81, 0xE0, 0x07, 0xFF, 0xC1, 0xE0,
  0x07, 0x83, 0xE1, 0xE0, 0x0F, 0x01, 0xE1, 0xE0, 0x0F, 0x01, 0xE1, 0xE0, 0x0F, 0x81, 0xE1, 0xE0,
  0x07, 0xC7, 0xE1, 0xE0, 0x07, 0xFF, 0xC1, 0xE0, 0x03, 0xFF, 0x81, 0xE0, 0x00, 0xFE, 0x01, 0xE0,
  0x00, 0x00, 0x01, 0xE0, 0x00, 0xE0, 0x01, 0xE0, 0x01, 0xF0, 0x01, 0xE0, 0x01, 0xF0, 0x00, 0x00,
  0x01, 0xF0, 0x00, 0x00, 0x01, 0xF0, 0x00, 0x00, 0x01, 0xF0, 0x00, 0x00, 0x01, 0xFF, 0xFF, 0xF0,
  0x01, 0xFF, 0xFF, 0xF0, 0x01, 0xFF, 0xFF, 0xF0, 0x01, 0xFF, 0xFF, 0xF0, 0x00, 0x00, 0x00, 0x00,
  0x00, 0x00, 0x00, 0x00, 0x00, 0x3C, 0x01, 0xE0, 0x00, 0x3C, 0x01, 0xE0, 0x00, 0x3C, 0x01, 0xE0,
  0x1F, 0xFF, 0xF9, 0xE0, 0x1F, 0xFF, 0xF9, 0xE0, 0x1F, 0xFF, 0xF9, 0xE0, 0x00, 0x00, 0x01, 0xE0,
  0x00, 0xFE, 0x01, 0xE0, 0x03, 0xFF, 0x81, 0xE0, 0x07, 0xFF, 0xC1, 0xE0, 0x07, 0xC7, 0xE1, 0xE0,
  0x0F, 0x81, 0xE1, 0xE0, 0x0F, 0x01, 0xE1, 0xE0, 0x0F, 0x81, 0xE1, 0xE0, 0x07, 0xC3, 0xE1, 0xE0,
  0x07, 0xFF, 0xC1, 0xE0, 0x03, 0xFF, 0x81, 0xE0, 0x00, 0xFE, 0x01, 0xE0, 0x00, 0x00, 0x00, 0x00,
  0x01, 0xFF, 0xFF, 0xE0, 0x01, 0xFF, 0xFF, 0xE0, 0x01, 0xFF, 0xFF, 0xE0, 0x01, 0xF0, 0x01, 0xE0,
  0x01, 0xF0, 0x01, 0xE0, 0x01, 0xF0, 0x01, 0xE0, 0x01, 0xF0, 0x01, 0xE0, 0x01, 0xF0, 0x01, 0xE0,
  0x01, 0xFF, 0xFF, 0xE0, 0x01, 0xFF, 0xFF, 0xE0, 0x01, 0xFF, 0xFF, 0xE0, 0x00, 0x00, 0x00, 0x00,
};
